file	area	ncx	ncy	w	h	conf	W	H
nte_00501.jpg	0.071235	0.5051	0.6297	166.5	130.1	0.8374	854	356
nte_00502.jpg	0.068609	0.5004	0.6119	164.5	126.8	0.8638	854	356
nte_00503.jpg	0.075165	0.4969	0.6222	160.0	142.9	0.7754	854	356
nte_00504.jpg	0.068302	0.4977	0.6269	157.8	131.6	0.7109	854	356
nte_00504.jpg	0.011671	0.5285	0.4948	76.0	46.7	0.3552	854	356
nte_00505.jpg	0.069946	0.4984	0.6391	164.3	129.4	0.6787	854	356
nte_00505.jpg	0.002601	0.2475	0.4648	39.1	20.2	0.5166	854	356
nte_00506.jpg	0.063427	0.4973	0.6700	165.6	116.4	0.7427	854	356
nte_00506.jpg	0.010703	0.5199	0.5013	74.9	43.5	0.2664	854	356
nte_00507.jpg	0.076785	0.4953	0.6428	165.6	140.9	0.7290	854	356
nte_00507.jpg	0.000466	0.5703	0.5547	13.8	10.2	0.2659	854	356
nte_00508.jpg	0.063287	0.5047	0.6869	163.0	118.0	0.8799	854	356
nte_00509.jpg	0.066567	0.5012	0.6831	162.2	124.8	0.7075	854	356
nte_00509.jpg	0.000295	0.5656	0.5519	11.3	7.9	0.4790	854	356
nte_00510.jpg	0.001248	0.5531	0.4882	25.1	15.1	0.3958	854	356
nte_00510.jpg	0.069860	0.4836	0.6831	163.5	129.9	0.3157	854	356
nte_00510.jpg	0.000461	0.5684	0.4835	12.2	11.5	0.2742	854	356
nte_00511.jpg	0.001810	0.5500	0.4648	26.6	20.7	0.7603	854	356
nte_00511.jpg	0.006339	0.6090	0.4891	50.6	38.1	0.5713	854	356
nte_00511.jpg	0.071477	0.4848	0.6925	163.9	132.6	0.3823	854	356
nte_00512.jpg	0.003428	0.4859	0.4442	34.4	30.3	0.7939	854	356
nte_00512.jpg	0.053610	0.4906	0.6606	154.4	105.6	0.5449	854	356
nte_00512.jpg	0.000635	0.5199	0.4357	15.5	12.4	0.4861	854	356
nte_00512.jpg	0.002150	0.5535	0.4966	32.5	20.1	0.4172	854	356
nte_00512.jpg	0.000375	0.5402	0.4264	12.0	9.5	0.2654	854	356
nte_00513.jpg	0.008984	0.4051	0.4676	59.2	46.2	0.8535	854	356
nte_00513.jpg	0.001214	0.4645	0.4507	21.5	17.2	0.6113	854	356
nte_00513.jpg	0.068711	0.4969	0.6447	154.0	135.7	0.5195	854	356
nte_00513.jpg	0.000431	0.4895	0.4292	13.4	9.8	0.2996	854	356
nte_00514.jpg	0.145927	0.1706	0.5894	290.1	153.0	0.8945	854	356
nte_00514.jpg	0.003240	0.4402	0.4723	40.7	24.2	0.6958	854	356
nte_00514.jpg	0.063675	0.5016	0.6325	162.2	119.3	0.6807	854	356
nte_00514.jpg	0.000577	0.4801	0.4395	14.7	11.9	0.2595	854	356
nte_00515.jpg	0.009882	0.3936	0.5051	74.4	40.4	0.7720	854	356
nte_00515.jpg	0.053191	0.5043	0.6541	158.3	102.2	0.7100	854	356
nte_00515.jpg	0.000612	0.4762	0.4507	14.7	12.7	0.3596	854	356
nte_00515.jpg	0.001904	0.3590	0.5126	20.0	29.0	0.2876	854	356
nte_00516.jpg	0.142527	0.1502	0.7571	256.2	169.1	0.9214	854	356
nte_00516.jpg	0.001623	0.4613	0.4582	26.6	18.6	0.5469	854	356
nte_00517.jpg	0.005048	0.4250	0.4920	46.8	32.8	0.7983	854	356
nte_00517.jpg	0.000396	0.4840	0.4329	12.9	9.3	0.4370	854	356
nte_00518.jpg	0.032485	0.3195	0.5604	131.4	75.1	0.8677	854	356
nte_00518.jpg	0.070381	0.4953	0.6166	163.6	130.8	0.6055	854	356
nte_00519.jpg	0.061467	0.4980	0.6381	152.5	122.5	0.5322	854	356
nte_00519.jpg	0.000530	0.4719	0.4489	14.2	11.3	0.4170	854	356
nte_00520.jpg	0.065446	0.4988	0.6456	154.6	128.7	0.7690	854	356
nte_00520.jpg	0.000840	0.4688	0.4507	17.4	14.7	0.6543	854	356
nte_00521.jpg	0.001508	0.4625	0.4592	23.1	19.8	0.7627	854	356
nte_00521.jpg	0.062149	0.4996	0.6428	156.8	120.5	0.5459	854	356
nte_00522.jpg	0.002664	0.4477	0.4723	31.4	25.8	0.7622	854	356
nte_00522.jpg	0.060353	0.5012	0.6766	154.3	118.9	0.7588	854	356
nte_00522.jpg	0.000711	0.4664	0.4657	12.8	16.9	0.3047	854	356
nte_00523.jpg	0.052712	0.5023	0.6653	151.8	105.6	0.8750	854	356
nte_00523.jpg	0.004897	0.4117	0.4938	42.7	34.9	0.8213	854	356
nte_00523.jpg	0.001115	0.4434	0.4863	18.6	18.3	0.6699	854	356
nte_00524.jpg	0.047319	0.2838	0.5482	145.4	98.9	0.8770	854	356
nte_00524.jpg	0.052283	0.5043	0.6737	151.9	104.7	0.8062	854	356
nte_00524.jpg	0.004897	0.4051	0.5313	45.5	32.7	0.4426	854	356
nte_00524.jpg	0.008890	0.5652	0.5744	60.5	44.7	0.4131	854	356
nte_00525.jpg	0.012732	0.3525	0.5641	78.3	49.5	0.8633	854	356
nte_00525.jpg	0.051325	0.5039	0.6569	154.1	101.2	0.4321	854	356
nte_00526.jpg	0.121647	0.1184	0.6756	202.5	182.6	0.8599	854	356
nte_00526.jpg	0.111963	0.4930	0.5135	170.6	199.5	0.5991	854	356
nte_00526.jpg	0.015027	0.3330	0.5669	92.0	49.7	0.3279	854	356
nte_00527.jpg	0.125533	0.5043	0.4657	210.5	181.3	0.6660	854	356
nte_00528.jpg	0.227391	0.4914	0.4526	291.1	237.5	0.4146	854	356
nte_00529.jpg	0.077900	0.4992	0.5707	162.5	145.8	0.3901	854	356
nte_00530.jpg	0.079426	0.4965	0.5716	159.8	151.1	0.7949	854	356
nte_00531.jpg	0.094575	0.4984	0.5397	162.6	176.8	0.7490	854	356
nte_00532.jpg	0.109458	0.4984	0.5088	167.8	198.3	0.5571	854	356
nte_00534.jpg	0.074929	0.4988	0.5894	156.6	145.4	0.8086	854	356
nte_00534.jpg	0.010390	0.9516	0.4470	77.8	40.6	0.3843	854	356
nte_00535.jpg	0.083003	0.4996	0.5622	163.3	154.5	0.8579	854	356
nte_00536.jpg	0.108124	0.5008	0.5266	180.6	182.0	0.6289	854	356
nte_00537.jpg	0.130061	0.4961	0.4723	180.1	219.5	0.6992	854	356
nte_00538.jpg	0.074315	0.4965	0.5829	160.2	141.0	0.7559	854	356
nte_00539.jpg	0.082397	0.4949	0.5707	162.6	154.0	0.8931	854	356
nte_00540.jpg	0.097175	0.4973	0.5454	172.6	171.1	0.8354	854	356
nte_00541.jpg	0.076949	0.4988	0.5960	162.0	144.4	0.8013	854	356
nte_00541.jpg	0.003462	0.3670	0.5369	47.5	22.1	0.3264	854	356
nte_00542.jpg	0.052020	0.4977	0.6475	159.6	99.1	0.6982	854	356
nte_00543.jpg	0.055660	0.4965	0.6400	161.3	104.9	0.6675	854	356
nte_00544.jpg	0.089508	0.5031	0.5735	161.3	168.7	0.6646	854	356
nte_00546.jpg	0.120092	0.5172	0.5051	180.3	202.5	0.4490	854	356
nte_00547.jpg	0.063691	0.5035	0.6222	160.1	120.9	0.6377	854	356
nte_00548.jpg	0.086100	0.5027	0.5679	162.5	161.1	0.8740	854	356
nte_00549.jpg	0.098975	0.4992	0.5444	172.6	174.3	0.8232	854	356
nte_00550.jpg	0.114742	0.4949	0.5098	172.1	202.7	0.6460	854	356
nte_00551.jpg	0.072761	0.4977	0.5988	162.6	136.0	0.5127	854	356
nte_00551.jpg	0.002041	0.2434	0.5472	45.3	13.7	0.4578	854	356
nte_00551.jpg	0.157370	0.4836	0.4414	197.8	241.9	0.2791	854	356
nte_00551.jpg	0.000979	0.2744	0.5416	22.1	13.4	0.2581	854	356
nte_00552.jpg	0.066318	0.4988	0.6428	170.1	118.5	0.5991	854	356
nte_00553.jpg	0.069367	0.5004	0.6363	174.6	120.8	0.7202	854	356
nte_00554.jpg	0.069552	0.5016	0.6597	178.8	118.3	0.6479	854	356
nte_00555.jpg	0.071624	0.5016	0.6663	177.1	122.9	0.6626	854	356
nte_00555.jpg	0.000650	0.4695	0.4798	15.6	12.7	0.2566	854	356
nte_00556.jpg	0.070024	0.4992	0.6653	175.8	121.1	0.7832	854	356
nte_00556.jpg	0.000901	0.4629	0.4695	17.7	15.5	0.6660	854	356
nte_00557.jpg	0.001278	0.4535	0.4648	21.3	18.3	0.7446	854	356
nte_00557.jpg	0.076577	0.4984	0.6653	187.5	124.2	0.6104	854	356
nte_00558.jpg	0.089789	0.5020	0.6606	183.5	148.8	0.8286	854	356
nte_00558.jpg	0.002607	0.4340	0.4592	31.1	25.5	0.7881	854	356
nte_00559.jpg	0.009952	0.3824	0.4732	62.5	48.4	0.8765	854	356
nte_00559.jpg	0.090771	0.5043	0.6597	187.5	147.2	0.4949	854	356
nte_00559.jpg	0.000315	0.4668	0.3879	10.4	9.2	0.3752	854	356
nte_00560.jpg	0.171641	0.1420	0.6409	242.5	215.2	0.5259	854	356
nte_00560.jpg	0.091359	0.5020	0.6653	187.3	148.3	0.3962	854	356
nte_00560.jpg	0.000427	0.4641	0.3730	12.6	10.3	0.3962	854	356
nte_00561.jpg	0.000618	0.4594	0.3720	14.6	12.9	0.7114	854	356
nte_00562.jpg	0.000843	0.4531	0.3739	17.0	15.1	0.7061	854	356
nte_00563.jpg	0.001223	0.4449	0.3795	21.2	17.6	0.7324	854	356
nte_00564.jpg	0.002185	0.4305	0.3908	28.7	23.1	0.7749	854	356
nte_00564.jpg	0.024895	0.9359	0.4123	108.8	69.6	0.3867	854	356
nte_00565.jpg	0.005630	0.3908	0.4217	50.7	33.8	0.7490	854	356
nte_00565.jpg	0.000412	0.4633	0.3495	12.2	10.2	0.3425	854	356
nte_00566.jpg	0.000390	0.4582	0.3523	11.6	10.3	0.4221	854	356
nte_00567.jpg	0.000663	0.4531	0.3514	15.4	13.1	0.2869	854	356
nte_00567.jpg	0.001797	0.6938	0.3701	31.2	17.5	0.2654	854	356
nte_00568.jpg	0.007377	0.7715	0.3983	62.0	36.2	0.4143	854	356
nte_00568.jpg	0.000782	0.4480	0.3551	17.2	13.8	0.3000	854	356
nte_00569.jpg	0.001065	0.4371	0.3636	20.1	16.1	0.6372	854	356
nte_00570.jpg	0.001851	0.4242	0.3748	26.9	20.9	0.7832	854	356
nte_00571.jpg	0.004525	0.3916	0.3973	43.2	31.8	0.8096	854	356
nte_00572.jpg	0.051850	0.2236	0.5032	168.5	93.6	0.3054	854	356
nte_00576.jpg	0.001791	0.5352	0.3392	26.4	20.7	0.3647	854	356
nte_00578.jpg	0.144820	0.5035	0.6653	210.2	209.5	0.6440	854	356
nte_00582.jpg	0.148153	0.5070	0.6578	215.0	209.5	0.5649	854	356
nte_00582.jpg	0.000568	0.4145	0.3514	15.8	10.9	0.3013	854	356
nte_00582.jpg	0.004023	0.1530	0.3683	50.8	24.1	0.2798	854	356
nte_00582.jpg	0.002371	0.6852	0.3120	36.8	19.6	0.2576	854	356
nte_00584.jpg	0.000811	0.4254	0.3514	18.5	13.3	0.3821	854	356
nte_00584.jpg	0.000806	0.4016	0.3486	17.5	14.0	0.3057	854	356
nte_00585.jpg	0.000661	0.4227	0.3589	15.5	13.0	0.6860	854	356
nte_00586.jpg	0.000867	0.4168	0.3664	18.9	13.9	0.5171	854	356
nte_00587.jpg	0.001748	0.4082	0.3795	26.1	20.3	0.7705	854	356
nte_00588.jpg	0.004898	0.3740	0.4151	45.5	32.7	0.8584	854	356
nte_00588.jpg	0.001576	0.4031	0.3720	22.4	21.4	0.5205	854	356
nte_00589.jpg	0.030970	0.2631	0.5088	127.9	73.6	0.8843	854	356
nte_00589.jpg	0.002796	0.3848	0.3861	30.4	28.0	0.7661	854	356
nte_00589.jpg	0.120223	0.5105	0.6916	209.5	174.5	0.3450	854	356
nte_00590.jpg	0.006136	0.3621	0.4095	47.4	39.3	0.8921	854	356
nte_00591.jpg	0.032278	0.2871	0.4854	122.8	79.9	0.8799	854	356
nte_00591.jpg	0.000634	0.4285	0.3673	18.4	10.5	0.4878	854	356
nte_00592.jpg	0.000809	0.4402	0.3730	19.1	12.9	0.7202	854	356
nte_00593.jpg	0.001179	0.4371	0.3786	24.0	14.9	0.7520	854	356
nte_00594.jpg	0.002307	0.4129	0.3889	34.2	20.5	0.7910	854	356
nte_00595.jpg	0.005271	0.3727	0.4104	53.4	30.0	0.8530	854	356
nte_00596.jpg	0.054502	0.1826	0.5210	200.5	82.6	0.9033	854	356
nte_00604.jpg	0.105046	0.4965	0.7440	205.7	155.3	0.6479	854	356
nte_00605.jpg	0.109274	0.4949	0.7300	204.5	162.5	0.2861	854	356
nte_00606.jpg	0.118274	0.4844	0.7450	206.5	174.1	0.2954	854	356
nte_00607.jpg	0.120435	0.4875	0.7084	200.7	182.5	0.4724	854	356
nte_00608.jpg	0.104675	0.4980	0.7094	195.0	163.2	0.4856	854	356
nte_00608.jpg	0.000961	0.4977	0.3402	18.9	15.5	0.3184	854	356
nte_00609.jpg	0.001839	0.4879	0.3570	28.0	20.0	0.6494	854	356
nte_00610.jpg	0.003717	0.4656	0.3851	39.4	28.6	0.6636	854	356
nte_00611.jpg	0.009116	0.3857	0.4713	68.8	40.3	0.4688	854	356
nte_00611.jpg	0.089498	0.4844	0.7122	188.5	144.4	0.3059	854	356
nte_00614.jpg	0.091707	0.4906	0.6372	170.1	163.9	0.6558	854	356
nte_00615.jpg	0.077195	0.4941	0.6878	171.0	137.3	0.3621	854	356
nte_00616.jpg	0.078845	0.5023	0.6869	178.0	134.7	0.5605	854	356
nte_00617.jpg	0.078744	0.4996	0.6569	166.8	143.5	0.3450	854	356
nte_00617.jpg	0.000319	0.4844	0.3983	11.6	8.4	0.2708	854	356
nte_00618.jpg	0.073930	0.5012	0.6700	165.5	135.8	0.3413	854	356
nte_00618.jpg	0.000429	0.4348	0.4273	13.4	9.7	0.3108	854	356
nte_00619.jpg	0.067459	0.4988	0.6869	160.6	127.7	0.7974	854	356
nte_00620.jpg	0.065285	0.4965	0.6578	158.9	124.9	0.6948	854	356
nte_00621.jpg	0.057582	0.4965	0.6569	154.1	113.6	0.7817	854	356
nte_00621.jpg	0.001456	0.3803	0.4535	28.4	15.6	0.4556	854	356
nte_00622.jpg	0.002652	0.3383	0.4563	38.0	21.2	0.8018	854	356
nte_00622.jpg	0.062450	0.4969	0.6400	156.8	121.1	0.7466	854	356
nte_00622.jpg	0.000605	0.4137	0.4460	16.9	10.9	0.2959	854	356
nte_00623.jpg	0.007470	0.2455	0.4760	69.6	32.7	0.7876	854	356
nte_00623.jpg	0.063598	0.4961	0.6700	156.1	123.8	0.7158	854	356
nte_00624.jpg	0.002283	0.3506	0.4573	38.0	18.3	0.6982	854	356
nte_00624.jpg	0.001151	0.4051	0.4414	20.8	16.8	0.6675	854	356
nte_00624.jpg	0.058657	0.4984	0.6588	156.5	113.9	0.6572	854	356
nte_00624.jpg	0.000293	0.4789	0.4329	11.7	7.6	0.2507	854	356
nte_00625.jpg	0.004557	0.3002	0.4667	55.4	25.0	0.7959	854	356
nte_00625.jpg	0.001756	0.3861	0.4414	28.8	18.6	0.7256	854	356
nte_00625.jpg	0.000294	0.4715	0.4301	11.3	7.9	0.2986	854	356
nte_00626.jpg	0.021262	0.1306	0.5051	145.7	44.4	0.8320	854	356
nte_00626.jpg	0.002626	0.3479	0.4479	35.3	22.6	0.8071	854	356
nte_00626.jpg	0.060383	0.4984	0.6531	157.5	116.6	0.7236	854	356
nte_00627.jpg	0.006574	0.2840	0.4573	61.2	32.7	0.8159	854	356
nte_00627.jpg	0.066811	0.5012	0.6691	165.8	122.5	0.6426	854	356
nte_00628.jpg	0.021092	0.1444	0.4751	124.0	51.7	0.8291	854	356
nte_00628.jpg	0.070249	0.5004	0.6616	159.5	133.9	0.5586	854	356
nte_00629.jpg	0.064460	0.5004	0.6691	167.1	117.3	0.6094	854	356
nte_00629.jpg	0.000659	0.4402	0.4498	16.6	12.1	0.2764	854	356
nte_00630.jpg	0.000650	0.4469	0.4367	16.6	11.9	0.4041	854	356
nte_00630.jpg	0.000817	0.4195	0.4498	18.8	13.2	0.2520	854	356
nte_00631.jpg	0.078527	0.4992	0.6841	177.8	134.3	0.7183	854	356
nte_00631.jpg	0.000879	0.4316	0.4432	18.0	14.8	0.4570	854	356
nte_00631.jpg	0.001791	0.3705	0.4676	31.1	17.5	0.2925	854	356
nte_00632.jpg	0.007682	0.2641	0.5004	60.9	38.4	0.5850	854	356
nte_00632.jpg	0.001078	0.4051	0.4507	22.0	14.9	0.3237	854	356
nte_00632.jpg	0.083682	0.4980	0.6737	181.5	140.2	0.3193	854	356
nte_00632.jpg	0.000846	0.4277	0.4367	21.5	12.0	0.2852	854	356
nte_00633.jpg	0.004130	0.3512	0.4657	57.5	21.9	0.4358	854	356
nte_00633.jpg	0.078051	0.4973	0.6784	181.8	130.5	0.3589	854	356
nte_00634.jpg	0.001166	0.3758	0.4442	22.9	15.5	0.5889	854	356
nte_00634.jpg	0.002314	0.2781	0.4742	42.4	16.6	0.3215	854	356
nte_00634.jpg	0.088313	0.4984	0.6953	192.3	139.6	0.3201	854	356
nte_00634.jpg	0.000372	0.4828	0.4310	12.7	8.9	0.3069	854	356
nte_00635.jpg	0.000540	0.4801	0.4329	15.2	10.8	0.4556	854	356
nte_00636.jpg	0.007092	0.2539	0.4563	63.7	33.9	0.6489	854	356
nte_00636.jpg	0.001723	0.3490	0.4554	32.3	16.2	0.4744	854	356
nte_00636.jpg	0.000667	0.4797	0.4357	17.2	11.8	0.2944	854	356
nte_00637.jpg	0.026727	0.0833	0.4835	142.0	57.2	0.3513	854	356
nte_00637.jpg	0.001363	0.2857	0.4601	26.7	15.5	0.2874	854	356
nte_00638.jpg	0.089863	0.4984	0.7197	184.1	148.4	0.6221	854	356
nte_00639.jpg	0.106581	0.5055	0.6756	208.3	155.5	0.6216	854	356
nte_00639.jpg	0.001481	0.4684	0.4460	26.2	17.2	0.3103	854	356
nte_00640.jpg	0.104018	0.5070	0.6803	199.2	158.8	0.6011	854	356
nte_00640.jpg	0.000465	0.4555	0.4357	12.6	11.2	0.2971	854	356
nte_00641.jpg	0.105426	0.4988	0.6794	198.8	161.2	0.7026	854	356
nte_00641.jpg	0.000515	0.4449	0.4376	13.4	11.7	0.2788	854	356
nte_00641.jpg	0.001734	0.4645	0.4460	29.5	17.9	0.2615	854	356
nte_00642.jpg	0.099835	0.5016	0.6672	193.5	156.9	0.7510	854	356
nte_00642.jpg	0.000424	0.4328	0.4357	12.7	10.2	0.4209	854	356
nte_00642.jpg	0.000872	0.4473	0.4395	19.1	13.9	0.3904	854	356
nte_00643.jpg	0.116269	0.5043	0.6691	207.2	170.6	0.6304	854	356
nte_00643.jpg	0.000366	0.4426	0.4348	12.2	9.2	0.3184	854	356
nte_00643.jpg	0.000686	0.4195	0.4404	19.2	10.8	0.2620	854	356
nte_00644.jpg	0.112228	0.4992	0.6737	200.2	170.5	0.7861	854	356
nte_00644.jpg	0.001171	0.3994	0.4460	24.1	14.8	0.4407	854	356
nte_00644.jpg	0.000538	0.4313	0.4385	15.4	10.6	0.3862	854	356
nte_00644.jpg	0.000293	0.4434	0.4348	9.9	9.0	0.2815	854	356
nte_00644.jpg	0.000335	0.4539	0.4310	11.4	8.9	0.2805	854	356
nte_00645.jpg	0.115972	0.5035	0.6644	205.8	171.3	0.7515	854	356
nte_00645.jpg	0.002515	0.3596	0.4545	41.9	18.2	0.7295	854	356
nte_00645.jpg	0.000817	0.4145	0.4442	20.6	12.1	0.3655	854	356
nte_00646.jpg	0.008035	0.2900	0.4760	77.6	31.5	0.7622	854	356
nte_00646.jpg	0.001484	0.3920	0.4479	28.7	15.7	0.7231	854	356
nte_00646.jpg	0.119874	0.5086	0.6700	210.5	173.1	0.6797	854	356
nte_00647.jpg	0.115799	0.4961	0.6728	204.3	172.3	0.7886	854	356
nte_00647.jpg	0.003262	0.3500	0.4601	47.1	21.1	0.7559	854	356
nte_00647.jpg	0.029260	0.0942	0.5266	161.1	55.2	0.4563	854	356
nte_00648.jpg	0.082725	0.4762	0.7103	188.5	133.4	0.7803	854	356
nte_00648.jpg	0.012666	0.2863	0.4835	105.4	36.5	0.6831	854	356
nte_00649.jpg	0.098978	0.4781	0.7047	249.5	120.6	0.8218	854	356
nte_00649.jpg	0.000639	0.6520	0.4301	18.2	10.6	0.5581	854	356
nte_00649.jpg	0.020791	0.2133	0.5004	162.1	39.0	0.4998	854	356
nte_00650.jpg	0.107629	0.5105	0.6990	285.6	114.6	0.8745	854	356
nte_00650.jpg	0.001298	0.8531	0.4329	33.9	11.6	0.4678	854	356
nte_00650.jpg	0.005762	0.4051	0.6007	79.2	22.1	0.3579	854	356
nte_00650.jpg	0.002568	0.3625	0.5829	39.2	19.9	0.2563	854	356
nte_00651.jpg	0.109885	0.5344	0.6859	315.9	105.7	0.9062	854	356
nte_00652.jpg	0.109834	0.5426	0.6841	323.4	103.2	0.9014	854	356
nte_00652.jpg	0.008481	0.4242	0.5772	86.5	29.8	0.3450	854	356
nte_00653.jpg	0.109096	0.5484	0.6812	324.9	102.1	0.9028	854	356
nte_00654.jpg	0.111649	0.5535	0.6831	325.1	104.4	0.9009	854	356
nte_00654.jpg	0.006088	0.6781	0.4713	73.3	25.2	0.7397	854	356
nte_00654.jpg	0.006040	0.4371	0.5932	74.6	24.6	0.3040	854	356
nte_00656.jpg	0.072341	0.4859	0.6494	171.5	128.3	0.7847	854	356
nte_00656.jpg	0.000952	0.5063	0.4264	22.1	13.1	0.3535	854	356
nte_00656.jpg	0.000458	0.4902	0.4236	13.8	10.1	0.2820	854	356
nte_00657.jpg	0.066708	0.4871	0.6653	172.5	117.6	0.8325	854	356
nte_00657.jpg	0.000942	0.4707	0.4357	21.1	13.6	0.5703	854	356
nte_00657.jpg	0.000619	0.4910	0.4282	14.5	13.0	0.4612	854	356
nte_00658.jpg	0.001316	0.4637	0.4507	27.1	14.8	0.6899	854	356
nte_00658.jpg	0.064466	0.4879	0.6719	178.3	109.9	0.5991	854	356
nte_00658.jpg	0.000758	0.5172	0.4339	17.4	13.2	0.3779	854	356
nte_00658.jpg	0.000522	0.5031	0.4339	14.8	10.7	0.3250	854	356
nte_00659.jpg	0.003055	0.4133	0.4695	46.1	20.1	0.6978	854	356
nte_00659.jpg	0.065261	0.4879	0.6634	177.8	111.6	0.6284	854	356
nte_00659.jpg	0.000445	0.5008	0.4367	13.7	9.9	0.4082	854	356
nte_00660.jpg	0.075697	0.4891	0.6419	183.5	125.4	0.6875	854	356
nte_00660.jpg	0.008162	0.3139	0.4938	90.2	27.5	0.6470	854	356
nte_00660.jpg	0.000692	0.4895	0.4479	17.6	11.9	0.3845	854	356
nte_00661.jpg	0.000772	0.4656	0.4517	20.2	11.6	0.3545	854	356
nte_00661.jpg	0.079151	0.4941	0.6344	193.7	124.3	0.2632	854	356
nte_00662.jpg	0.001044	0.4313	0.4582	26.4	12.0	0.3335	854	356
nte_00663.jpg	0.067247	0.4926	0.6484	178.8	114.3	0.6445	854	356
nte_00663.jpg	0.000479	0.4727	0.4535	15.1	9.6	0.4690	854	356
nte_00663.jpg	0.002161	0.3703	0.4742	40.8	16.1	0.3987	854	356
nte_00663.jpg	0.000908	0.3451	0.4835	23.6	11.7	0.2922	854	356
nte_00664.jpg	0.064863	0.4887	0.6438	171.5	115.0	0.6279	854	356
nte_00664.jpg	0.000575	0.4496	0.4610	18.9	9.2	0.4526	854	356
nte_00664.jpg	0.003702	0.5941	0.5360	35.2	32.0	0.2820	854	356
nte_00665.jpg	0.063546	0.4891	0.6541	173.1	111.6	0.4302	854	356
nte_00665.jpg	0.000979	0.4152	0.4273	33.7	8.8	0.2527	854	356
nte_00666.jpg	0.053022	0.4906	0.6634	161.2	100.0	0.7769	854	356
nte_00666.jpg	0.001658	0.3625	0.4807	34.4	14.7	0.4109	854	356
nte_00667.jpg	0.053619	0.4918	0.6634	160.9	101.3	0.7769	854	356
nte_00667.jpg	0.001313	0.3918	0.4901	31.9	12.5	0.6040	854	356
nte_00667.jpg	0.000459	0.4691	0.4835	14.4	9.7	0.4102	854	356
nte_00668.jpg	0.052098	0.4883	0.6634	157.9	100.3	0.8667	854	356
nte_00668.jpg	0.002369	0.3469	0.4976	46.5	15.5	0.6318	854	356
nte_00668.jpg	0.000471	0.4684	0.4854	15.6	9.2	0.3337	854	356
nte_00669.jpg	0.097631	0.4887	0.5660	176.8	167.9	0.7832	854	356
nte_00669.jpg	0.005955	0.2471	0.5126	80.4	22.5	0.4995	854	356
nte_00670.jpg	0.057882	0.4895	0.6616	164.5	107.0	0.6665	854	356
nte_00671.jpg	0.053513	0.4883	0.6616	162.3	100.2	0.8516	854	356
nte_00671.jpg	0.000843	0.4410	0.4920	20.0	12.8	0.6279	854	356
nte_00672.jpg	0.050712	0.4875	0.6588	159.0	97.0	0.8491	854	356
nte_00672.jpg	0.001446	0.4176	0.4929	28.7	15.3	0.6655	854	356
nte_00673.jpg	0.050665	0.4914	0.6588	156.8	98.2	0.8315	854	356
nte_00673.jpg	0.001758	0.3900	0.4920	32.4	16.5	0.2781	854	356
nte_00673.jpg	0.000915	0.3805	0.4526	27.9	10.0	0.2676	854	356
nte_00674.jpg	0.051929	0.4887	0.6578	154.8	102.0	0.8599	854	356
nte_00674.jpg	0.002390	0.3586	0.4863	35.3	20.6	0.7227	854	356
nte_00675.jpg	0.052167	0.4902	0.6569	159.5	99.4	0.8428	854	356
nte_00675.jpg	0.004085	0.2840	0.4920	48.0	25.9	0.7139	854	356
nte_00676.jpg	0.060119	0.4922	0.6438	158.1	115.6	0.6802	854	356
nte_00676.jpg	0.009546	0.1690	0.4995	80.6	36.0	0.3643	854	356
nte_00677.jpg	0.067258	0.4906	0.6850	159.6	128.1	0.6797	854	356
nte_00677.jpg	0.003849	0.4727	0.4620	41.4	28.2	0.4219	854	356
nte_00678.jpg	0.071286	0.4945	0.6841	161.2	134.4	0.8081	854	356
nte_00678.jpg	0.000859	0.4406	0.4957	18.6	14.0	0.4805	854	356
nte_00679.jpg	0.058420	0.4941	0.6541	158.5	112.1	0.8145	854	356
nte_00679.jpg	0.001807	0.4270	0.5079	27.6	19.9	0.4773	854	356
nte_00679.jpg	0.005972	0.4691	0.4723	49.5	36.7	0.4668	854	356
nte_00680.jpg	0.061412	0.4945	0.6484	161.3	115.8	0.8569	854	356
nte_00680.jpg	0.001547	0.3986	0.4995	30.9	15.2	0.4668	854	356
nte_00681.jpg	0.063375	0.4930	0.6559	158.5	121.6	0.8457	854	356
nte_00681.jpg	0.002510	0.3613	0.5070	42.4	18.0	0.2888	854	356
nte_00681.jpg	0.001807	0.6023	0.5463	26.4	20.8	0.2529	854	356
nte_00682.jpg	0.060352	0.4977	0.6494	160.7	114.2	0.8252	854	356
nte_00682.jpg	0.007053	0.2840	0.5182	79.9	26.9	0.5850	854	356
nte_00683.jpg	0.068455	0.4977	0.6719	164.0	126.9	0.7656	854	356
nte_00684.jpg	0.059439	0.4965	0.6606	158.6	113.9	0.7983	854	356
nte_00684.jpg	0.000826	0.4555	0.4826	20.6	12.2	0.2952	854	356
nte_00685.jpg	0.059208	0.4949	0.6597	159.3	113.0	0.6768	854	356
nte_00685.jpg	0.000515	0.4684	0.4873	14.0	11.2	0.3848	854	356
nte_00686.jpg	0.057547	0.4957	0.6606	161.1	108.6	0.7783	854	356
nte_00686.jpg	0.000626	0.4629	0.4891	15.2	12.5	0.4116	854	356
nte_00687.jpg	0.062545	0.5016	0.6775	162.6	116.9	0.7207	854	356
nte_00687.jpg	0.000621	0.4590	0.4882	15.7	12.0	0.6230	854	356
nte_00688.jpg	0.060745	0.5012	0.6700	159.5	115.8	0.7969	854	356
nte_00688.jpg	0.000952	0.4543	0.4920	20.0	14.5	0.3992	854	356
nte_00688.jpg	0.000396	0.4238	0.4957	13.2	9.1	0.2842	854	356
nte_00689.jpg	0.058873	0.5008	0.6578	158.6	112.8	0.7808	854	356
nte_00689.jpg	0.000703	0.4461	0.4938	16.0	13.3	0.5269	854	356
nte_00689.jpg	0.000481	0.4590	0.4882	12.5	11.7	0.4912	854	356
nte_00689.jpg	0.000473	0.4125	0.4938	14.7	9.8	0.4287	854	356
nte_00690.jpg	0.065124	0.4992	0.6709	160.6	123.3	0.7666	854	356
nte_00690.jpg	0.001142	0.4297	0.5004	23.2	14.9	0.5562	854	356
nte_00690.jpg	0.000823	0.4539	0.4854	17.2	14.6	0.5503	854	356
nte_00691.jpg	0.059389	0.4914	0.6438	162.3	111.3	0.8491	854	356
nte_00691.jpg	0.001164	0.4484	0.4845	21.0	16.9	0.7690	854	356
nte_00691.jpg	0.002986	0.3963	0.5144	39.9	22.7	0.6230	854	356
nte_00692.jpg	0.060602	0.4918	0.6616	159.6	115.4	0.8232	854	356
nte_00692.jpg	0.010682	0.3264	0.5323	82.0	39.6	0.7803	854	356
nte_00692.jpg	0.002038	0.4406	0.4854	27.9	22.2	0.7773	854	356
nte_00693.jpg	0.003885	0.4305	0.4816	40.3	29.3	0.8374	854	356
nte_00693.jpg	0.044387	0.0828	0.6316	141.4	95.4	0.8257	854	356
nte_00693.jpg	0.052729	0.4852	0.6578	159.1	100.7	0.8062	854	356
nte_00693.jpg	0.015453	0.2051	0.5238	111.0	42.3	0.7476	854	356
nte_00694.jpg	0.067433	0.5027	0.6681	203.2	100.9	0.8804	854	356
nte_00694.jpg	0.010336	0.4484	0.5032	72.8	43.2	0.8071	854	356
nte_00694.jpg	0.020998	0.4324	0.5501	98.3	64.9	0.2546	854	356
nte_00695.jpg	0.036214	0.2680	0.5323	152.6	72.1	0.8970	854	356
nte_00695.jpg	0.067150	0.5020	0.6644	204.0	100.1	0.8467	854	356
nte_00696.jpg	0.068315	0.5008	0.6634	201.3	103.2	0.8228	854	356
nte_00697.jpg	0.067646	0.4945	0.6175	164.0	125.4	0.4531	854	356
nte_00698.jpg	0.063036	0.5000	0.6728	165.8	115.6	0.7041	854	356
nte_00699.jpg	0.070605	0.5004	0.6541	165.6	129.6	0.3149	854	356
nte_00700.jpg	0.060016	0.4957	0.6325	158.5	115.1	0.5229	854	356
nte_00701.jpg	0.066223	0.4906	0.6203	156.5	128.7	0.5000	854	356
nte_00702.jpg	0.062627	0.4910	0.6335	156.4	121.8	0.3367	854	356
nte_00703.jpg	0.056515	0.4945	0.6531	156.8	109.6	0.5059	854	356
nte_00704.jpg	0.059465	0.4977	0.6550	156.0	115.9	0.5200	854	356
nte_00705.jpg	0.063062	0.5000	0.6644	154.3	124.3	0.4919	854	356
nte_00706.jpg	0.059940	0.4969	0.6381	154.2	118.2	0.6348	854	356
nte_00707.jpg	0.073596	0.4984	0.6372	159.8	140.0	0.4902	854	356
nte_00708.jpg	0.067909	0.4930	0.6297	154.0	134.1	0.3501	854	356
nte_00710.jpg	0.066332	0.4969	0.6260	155.7	129.5	0.4675	854	356
nte_00711.jpg	0.065947	0.4961	0.6288	157.5	127.3	0.7896	854	356
nte_00711.jpg	0.000437	0.4277	0.4442	14.2	9.4	0.3152	854	356
nte_00712.jpg	0.069219	0.4914	0.6335	162.4	129.6	0.6997	854	356
nte_00712.jpg	0.001034	0.4156	0.4507	21.8	14.4	0.4414	854	356
nte_00713.jpg	0.066279	0.4926	0.6288	161.3	124.9	0.5913	854	356
nte_00713.jpg	0.002780	0.3834	0.4620	41.7	20.3	0.4229	854	356
nte_00713.jpg	0.001441	0.3951	0.4545	26.8	16.3	0.3042	854	356
nte_00714.jpg	0.014009	0.2682	0.4966	105.1	40.5	0.7832	854	356
nte_00714.jpg	0.062668	0.4965	0.6335	155.6	122.4	0.7554	854	356
nte_00715.jpg	0.061721	0.4965	0.6494	159.1	117.9	0.4902	854	356
nte_00716.jpg	0.059835	0.4938	0.6363	153.3	118.7	0.3477	854	356
nte_00717.jpg	0.057411	0.4926	0.6466	157.1	111.1	0.4810	854	356
nte_00717.jpg	0.000402	0.4066	0.4582	13.5	9.1	0.2822	854	356
nte_00718.jpg	0.058356	0.4938	0.6400	155.6	114.0	0.7920	854	356
nte_00718.jpg	0.000586	0.4039	0.4573	17.6	10.1	0.3586	854	356
nte_00719.jpg	0.055496	0.4969	0.6597	156.7	107.7	0.5752	854	356
nte_00719.jpg	0.000541	0.3906	0.4657	15.8	10.4	0.3652	854	356
nte_00720.jpg	0.050862	0.4965	0.6597	155.3	99.6	0.8276	854	356
nte_00722.jpg	0.001071	0.3070	0.4863	26.3	12.4	0.5015	854	356
nte_00723.jpg	0.005437	0.2408	0.4966	60.8	27.2	0.7969	854	356
nte_00723.jpg	0.050472	0.5051	0.6559	156.5	98.1	0.7798	854	356
nte_00724.jpg	0.025435	0.0772	0.5360	132.3	58.5	0.7896	854	356
nte_00724.jpg	0.052645	0.5000	0.6541	152.0	105.3	0.7378	854	356
nte_00725.jpg	0.054995	0.4973	0.6475	154.5	108.3	0.5088	854	356
nte_00727.jpg	0.048849	0.4992	0.6513	150.8	98.5	0.3877	854	356
nte_00727.jpg	0.000454	0.4082	0.4685	15.3	9.0	0.3572	854	356
nte_00728.jpg	0.000439	0.3908	0.4704	14.8	9.0	0.4092	854	356
nte_00729.jpg	0.004494	0.3770	0.4470	43.7	31.2	0.3953	854	356
nte_00729.jpg	0.059776	0.5035	0.6325	159.3	114.1	0.3076	854	356
nte_00730.jpg	0.001537	0.3426	0.4779	29.1	16.1	0.6333	854	356
nte_00730.jpg	0.054277	0.5039	0.6494	153.6	107.4	0.5996	854	356
nte_00730.jpg	0.000636	0.3803	0.4704	18.5	10.5	0.4080	854	356
nte_00731.jpg	0.003713	0.2863	0.4882	47.2	23.9	0.8345	854	356
nte_00731.jpg	0.001338	0.3555	0.4713	25.5	16.0	0.6753	854	356
nte_00731.jpg	0.000344	0.4465	0.4320	11.6	9.0	0.4006	854	356
nte_00731.jpg	0.052647	0.5027	0.6484	156.3	102.4	0.3655	854	356
nte_00731.jpg	0.000316	0.4582	0.4301	10.5	9.2	0.3042	854	356
nte_00731.jpg	0.000359	0.4332	0.4310	12.8	8.5	0.2573	854	356
nte_00732.jpg	0.010870	0.1790	0.5088	93.4	35.4	0.7817	854	356
nte_00732.jpg	0.054968	0.5031	0.6400	155.5	107.5	0.7041	854	356
nte_00732.jpg	0.001656	0.3225	0.4807	30.1	16.7	0.5830	854	356
nte_00732.jpg	0.000407	0.4457	0.4310	12.7	9.7	0.2937	854	356
nte_00732.jpg	0.001165	0.2279	0.4929	18.8	18.9	0.2510	854	356
nte_00733.jpg	0.005617	0.2641	0.4901	62.4	27.4	0.5674	854	356
nte_00733.jpg	0.064856	0.5039	0.6278	158.0	124.8	0.5522	854	356
nte_00733.jpg	0.000330	0.4422	0.4329	11.1	9.0	0.3752	854	356
nte_00734.jpg	0.021328	0.1057	0.5229	137.6	47.1	0.7432	854	356
nte_00734.jpg	0.065189	0.5047	0.6175	159.0	124.7	0.4272	854	356
nte_00734.jpg	0.000427	0.4359	0.4348	12.4	10.5	0.3955	854	356
nte_00735.jpg	0.067303	0.5047	0.6194	158.3	129.3	0.7285	854	356
nte_00735.jpg	0.000520	0.4305	0.4329	13.6	11.7	0.6021	854	356
nte_00735.jpg	0.000364	0.4430	0.4301	11.8	9.4	0.3533	854	356
nte_00736.jpg	0.066710	0.5070	0.6194	160.6	126.3	0.6792	854	356
nte_00736.jpg	0.000701	0.4219	0.4310	16.9	12.6	0.5015	854	356
nte_00736.jpg	0.000426	0.4578	0.4264	12.1	10.7	0.4236	854	356
nte_00736.jpg	0.000378	0.4457	0.4282	10.9	10.5	0.2581	854	356
nte_00737.jpg	0.001485	0.4148	0.4310	25.4	17.8	0.6226	854	356
nte_00737.jpg	0.085756	0.5035	0.6503	166.5	156.6	0.5933	854	356
nte_00737.jpg	0.000325	0.4422	0.4273	10.7	9.2	0.3643	854	356
nte_00737.jpg	0.000358	0.4324	0.4301	11.4	9.5	0.3064	854	356
nte_00738.jpg	0.002216	0.3961	0.4367	30.8	21.9	0.6489	854	356
nte_00738.jpg	0.085737	0.5070	0.6241	174.8	149.1	0.4036	854	356
nte_00739.jpg	0.087402	0.5074	0.6231	179.8	147.8	0.8589	854	356
nte_00739.jpg	0.006445	0.3518	0.4489	55.4	35.4	0.8110	854	356
nte_00739.jpg	0.001015	0.4121	0.4367	20.4	15.1	0.4436	854	356
nte_00739.jpg	0.000358	0.4313	0.4310	12.2	8.9	0.3394	854	356
nte_00740.jpg	0.093991	0.5059	0.6288	182.6	156.5	0.8403	854	356
nte_00740.jpg	0.033157	0.2098	0.4920	138.8	72.6	0.5220	854	356
nte_00740.jpg	0.002858	0.3850	0.4526	33.8	25.7	0.3828	854	356
nte_00740.jpg	0.000772	0.4207	0.4339	18.4	12.8	0.3682	854	356
nte_00740.jpg	0.000476	0.4488	0.4236	13.3	10.9	0.2961	854	356
nte_00741.jpg	0.007803	0.3229	0.4723	68.1	34.9	0.7783	854	356
nte_00741.jpg	0.089736	0.5012	0.6559	182.1	149.8	0.5635	854	356
nte_00741.jpg	0.000573	0.4426	0.4236	14.4	12.1	0.5146	854	356
nte_00741.jpg	0.001449	0.3939	0.4432	26.6	16.5	0.4502	854	356
nte_00742.jpg	0.096228	0.5008	0.6438	185.3	157.9	0.7847	854	356
nte_00742.jpg	0.004408	0.3551	0.4638	47.6	28.2	0.5415	854	356
nte_00742.jpg	0.000639	0.4320	0.4264	16.0	12.2	0.4192	854	356
nte_00743.jpg	0.017452	0.2422	0.5070	111.4	47.6	0.8242	854	356
nte_00743.jpg	0.090389	0.5031	0.6428	187.6	146.4	0.6743	854	356
nte_00743.jpg	0.000686	0.4152	0.4282	17.2	12.1	0.3206	854	356
nte_00743.jpg	0.000535	0.4297	0.4236	14.1	11.6	0.2795	854	356
nte_00743.jpg	0.000491	0.4398	0.4207	13.5	11.1	0.2727	854	356
nte_00744.jpg	0.003309	0.3766	0.4451	42.5	23.7	0.5459	854	356
nte_00744.jpg	0.094731	0.5125	0.6409	199.2	144.6	0.3755	854	356
nte_00744.jpg	0.000932	0.4184	0.4189	20.5	13.8	0.3127	854	356
nte_00745.jpg	0.006813	0.3092	0.4685	63.9	32.4	0.7764	854	356
nte_00745.jpg	0.085587	0.5051	0.6344	176.5	147.4	0.4119	854	356
nte_00745.jpg	0.002270	0.3979	0.4226	32.7	21.1	0.2908	854	356
nte_00746.jpg	0.003838	0.3516	0.4367	38.8	30.1	0.7153	854	356
nte_00746.jpg	0.075261	0.5031	0.6597	168.2	136.0	0.6807	854	356
nte_00746.jpg	0.000691	0.3949	0.4245	18.7	11.2	0.3013	854	356
nte_00747.jpg	0.014733	0.2689	0.4629	91.7	48.9	0.8301	854	356
nte_00747.jpg	0.074757	0.5035	0.6653	171.0	132.9	0.6147	854	356
nte_00747.jpg	0.001467	0.3336	0.4376	24.6	18.2	0.3992	854	356
nte_00747.jpg	0.000664	0.3779	0.4254	17.7	11.4	0.3857	854	356
nte_00748.jpg	0.022241	0.0344	0.5594	58.9	114.8	0.6694	854	356
nte_00748.jpg	0.082188	0.5012	0.6363	168.1	148.6	0.6357	854	356
nte_00748.jpg	0.001480	0.3539	0.4310	31.3	14.4	0.4084	854	356
nte_00748.jpg	0.002807	0.2594	0.4535	38.1	22.4	0.3796	854	356
nte_00748.jpg	0.009282	0.4953	0.4742	68.2	41.4	0.3530	854	356
nte_00748.jpg	0.004337	0.2791	0.4385	43.7	30.2	0.2732	854	356
nte_00749.jpg	0.022481	0.1283	0.4723	124.9	54.7	0.6528	854	356
nte_00749.jpg	0.083386	0.5039	0.6316	167.3	151.5	0.6025	854	356
nte_00749.jpg	0.001871	0.3018	0.4442	31.2	18.3	0.3994	854	356
nte_00750.jpg	0.061788	0.5039	0.6728	158.0	118.9	0.7661	854	356
nte_00750.jpg	0.010204	0.4918	0.4835	70.7	43.9	0.3591	854	356
nte_00750.jpg	0.004291	0.1655	0.4798	50.5	25.8	0.3120	854	356
nte_00751.jpg	0.067244	0.5086	0.6747	167.2	122.3	0.6846	854	356
nte_00752.jpg	0.092507	0.5066	0.6325	184.0	152.9	0.6401	854	356
nte_00753.jpg	0.090037	0.5008	0.6325	180.6	151.5	0.3484	854	356
nte_00754.jpg	0.099584	0.5023	0.6522	186.6	162.2	0.3816	854	356
nte_00756.jpg	0.074081	0.5094	0.6887	177.0	127.3	0.5767	854	356
nte_00757.jpg	0.064418	0.5008	0.6794	166.5	117.6	0.7065	854	356
nte_00758.jpg	0.080878	0.4977	0.6456	177.0	138.9	0.7275	854	356
nte_00758.jpg	0.000945	0.5406	0.4207	18.9	15.2	0.2673	854	356
nte_00758.jpg	0.001562	0.4141	0.4489	27.7	17.1	0.2585	854	356
nte_00758.jpg	0.001525	0.5945	0.4189	22.6	20.5	0.2549	854	356
nte_00759.jpg	0.063031	0.5039	0.6747	163.0	117.6	0.7266	854	356
nte_00759.jpg	0.003125	0.6137	0.4207	34.4	27.6	0.5913	854	356
nte_00760.jpg	0.060634	0.5035	0.6719	158.8	116.1	0.7778	854	356
nte_00761.jpg	0.060285	0.4969	0.6691	172.6	106.2	0.2759	854	356
nte_00763.jpg	0.069218	0.5035	0.7037	162.8	129.3	0.7056	854	356
nte_00764.jpg	0.053590	0.4996	0.6644	155.8	104.6	0.7686	854	356
nte_00764.jpg	0.000377	0.4441	0.4198	14.0	8.2	0.3269	854	356
nte_00765.jpg	0.057419	0.4934	0.6634	159.5	109.4	0.6040	854	356
nte_00765.jpg	0.000430	0.4246	0.4217	14.6	8.9	0.4453	854	356
nte_00765.jpg	0.001127	0.3453	0.4376	25.7	13.3	0.2837	854	356
nte_00766.jpg	0.079008	0.4930	0.6035	163.5	146.9	0.6035	854	356
nte_00766.jpg	0.001936	0.3008	0.4451	34.9	16.8	0.4695	854	356
nte_00766.jpg	0.000557	0.4027	0.4245	16.6	10.2	0.4241	854	356
nte_00766.jpg	0.000732	0.4426	0.4217	17.0	13.1	0.4167	854	356
nte_00767.jpg	0.067271	0.5000	0.6756	158.6	128.9	0.3743	854	356
nte_00767.jpg	0.000553	0.3713	0.4273	16.4	10.3	0.3167	854	356
nte_00767.jpg	0.000477	0.4469	0.4067	15.6	9.3	0.2822	854	356
nte_00768.jpg	0.092124	0.5023	0.6681	164.5	170.3	0.4771	854	356
nte_00768.jpg	0.000736	0.4238	0.4039	20.1	11.1	0.4319	854	356
nte_00768.jpg	0.001560	0.3193	0.4310	32.2	14.7	0.3828	854	356
nte_00768.jpg	0.000827	0.3893	0.4142	23.0	10.9	0.2869	854	356
nte_00768.jpg	0.000511	0.3789	0.4170	14.4	10.8	0.2749	854	356
nte_00769.jpg	0.001799	0.2322	0.4432	30.8	17.8	0.6172	854	356
nte_00769.jpg	0.081869	0.4992	0.6381	162.4	153.3	0.5601	854	356
nte_00769.jpg	0.001126	0.3967	0.4067	28.9	11.9	0.4795	854	356
nte_00769.jpg	0.001275	0.3488	0.4207	31.0	12.5	0.3855	854	356
nte_00769.jpg	0.000528	0.3377	0.4189	15.8	10.2	0.3022	854	356
nte_00770.jpg	0.002481	0.3014	0.4217	41.7	18.1	0.5195	854	356
nte_00770.jpg	0.078041	0.4988	0.6278	160.5	147.9	0.3296	854	356
nte_00770.jpg	0.001151	0.3676	0.4086	30.3	11.6	0.2751	854	356
nte_00771.jpg	0.007217	0.2125	0.4395	74.9	29.3	0.7925	854	356
nte_00771.jpg	0.002646	0.3287	0.4142	42.5	18.9	0.5996	854	356
nte_00771.jpg	0.073286	0.5012	0.6513	158.5	140.6	0.4702	854	356
nte_00772.jpg	0.006778	0.2221	0.4348	74.0	27.9	0.7148	854	356
nte_00773.jpg	0.000401	0.4648	0.3898	14.6	8.3	0.4814	854	356
nte_00773.jpg	0.079855	0.5113	0.6306	179.8	135.0	0.4731	854	356
nte_00774.jpg	0.066468	0.4988	0.6559	162.3	124.5	0.4297	854	356
nte_00774.jpg	0.000425	0.4496	0.4011	15.2	8.5	0.3867	854	356
nte_00775.jpg	0.060647	0.4953	0.6691	155.0	118.9	0.8076	854	356
nte_00775.jpg	0.000713	0.4293	0.4067	18.5	11.7	0.3652	854	356
nte_00775.jpg	0.000987	0.5875	0.4057	18.7	16.0	0.3547	854	356
nte_00776.jpg	0.056975	0.4984	0.6588	156.9	110.4	0.5913	854	356
nte_00776.jpg	0.001178	0.5824	0.4095	21.1	17.0	0.5322	854	356
nte_00776.jpg	0.000454	0.5063	0.3973	14.3	9.7	0.3140	854	356
nte_00776.jpg	0.001840	0.3984	0.3655	40.8	13.7	0.2583	854	356
nte_00777.jpg	0.001842	0.5766	0.4198	27.2	20.6	0.7031	854	356
nte_00777.jpg	0.000946	0.3396	0.4254	20.3	14.2	0.3528	854	356
nte_00778.jpg	0.003042	0.2936	0.4320	43.5	21.2	0.6543	854	356
nte_00778.jpg	0.002553	0.5871	0.4292	35.2	22.1	0.6455	854	356
nte_00778.jpg	0.064760	0.5012	0.6447	158.1	124.5	0.3049	854	356
nte_00779.jpg	0.004932	0.6297	0.4563	44.5	33.7	0.7505	854	356
nte_00779.jpg	0.064316	0.4988	0.6306	154.5	126.6	0.7119	854	356
nte_00779.jpg	0.002521	0.5988	0.4264	30.5	25.1	0.5264	854	356
nte_00780.jpg	0.018231	0.7074	0.5004	104.5	53.0	0.7930	854	356
nte_00780.jpg	0.062562	0.4922	0.6728	154.6	123.0	0.6792	854	356
nte_00780.jpg	0.005769	0.6383	0.4507	48.1	36.4	0.5483	854	356
nte_00780.jpg	0.001524	0.6098	0.4376	19.1	24.2	0.2905	854	356
nte_00781.jpg	0.008297	0.6555	0.4657	58.3	43.2	0.8203	854	356
nte_00781.jpg	0.034445	0.7445	0.5257	139.4	75.1	0.8135	854	356
nte_00781.jpg	0.090441	0.8867	0.7037	193.5	142.1	0.7349	854	356
nte_00781.jpg	0.075100	0.4965	0.6391	161.0	141.8	0.6440	854	356
nte_00782.jpg	0.057803	0.7973	0.5810	186.3	94.3	0.9009	854	356
nte_00782.jpg	0.071667	0.4961	0.6513	154.0	141.5	0.6567	854	356
nte_00783.jpg	0.070181	0.4961	0.6278	154.1	138.4	0.5986	854	356
nte_00784.jpg	0.067484	0.4965	0.6325	152.0	135.0	0.6499	854	356
nte_00785.jpg	0.073675	0.4961	0.6213	155.8	143.8	0.5933	854	356
nte_00786.jpg	0.077604	0.4984	0.6185	163.0	144.8	0.5952	854	356
nte_00787.jpg	0.081574	0.4961	0.6372	166.1	149.3	0.5098	854	356
nte_00788.jpg	0.069895	0.4914	0.6494	158.5	134.1	0.5962	854	356
nte_00788.jpg	0.000911	0.4953	0.3992	20.0	13.8	0.5840	854	356
nte_00788.jpg	0.000511	0.4453	0.4039	16.3	9.5	0.2681	854	356
nte_00789.jpg	0.075713	0.4949	0.6353	156.3	147.3	0.7197	854	356
nte_00789.jpg	0.000637	0.4164	0.4114	18.0	10.8	0.3691	854	356
nte_00789.jpg	0.000969	0.4754	0.4076	19.4	15.2	0.2717	854	356
nte_00790.jpg	0.073082	0.4961	0.6297	157.5	141.1	0.6440	854	356
nte_00790.jpg	0.000706	0.4652	0.4029	16.6	13.0	0.2788	854	356
nte_00791.jpg	0.069711	0.4945	0.6250	154.2	137.4	0.6250	854	356
nte_00791.jpg	0.001146	0.5184	0.4039	20.8	16.7	0.2700	854	356
nte_00791.jpg	0.001254	0.3455	0.4170	28.7	13.3	0.2510	854	356
nte_00792.jpg	0.070150	0.4938	0.6231	156.1	136.6	0.7207	854	356
nte_00792.jpg	0.002882	0.2887	0.4236	46.9	18.7	0.6934	854	356
nte_00792.jpg	0.000979	0.4477	0.4039	21.7	13.7	0.4656	854	356
nte_00793.jpg	0.071520	0.4945	0.6260	156.1	139.3	0.7236	854	356
nte_00793.jpg	0.008293	0.1850	0.4404	85.0	29.7	0.7056	854	356
nte_00793.jpg	0.001759	0.4297	0.4029	30.0	17.8	0.4099	854	356
nte_00794.jpg	0.073293	0.4938	0.6306	154.6	144.1	0.7236	854	356
nte_00795.jpg	0.075068	0.4977	0.6250	163.4	139.7	0.5996	854	356
nte_00795.jpg	0.000441	0.4672	0.4236	13.7	9.8	0.2703	854	356
nte_00796.jpg	0.068203	0.4930	0.6222	153.3	135.3	0.7710	854	356
nte_00797.jpg	0.070895	0.4945	0.6250	158.5	136.0	0.7285	854	356
nte_00797.jpg	0.000456	0.4488	0.4273	13.9	10.0	0.3020	854	356
nte_00798.jpg	0.068243	0.4938	0.6409	161.5	128.4	0.7832	854	356
nte_00798.jpg	0.000589	0.4387	0.4282	16.3	11.0	0.3149	854	356
nte_00799.jpg	0.067431	0.4941	0.6288	156.4	131.1	0.6826	854	356
nte_00799.jpg	0.000610	0.4238	0.4367	18.0	10.3	0.5049	854	356
nte_00799.jpg	0.000994	0.4926	0.4273	19.4	15.6	0.2515	854	356
nte_00800.jpg	0.067324	0.4930	0.6241	157.1	130.3	0.8003	854	356
nte_00800.jpg	0.000940	0.4043	0.4348	23.7	12.1	0.4453	854	356
nte_00801.jpg	0.063845	0.4910	0.6372	155.0	125.3	0.7124	854	356
nte_00802.jpg	0.058470	0.4934	0.6466	153.8	115.6	0.6597	854	356
nte_00802.jpg	0.001759	0.3330	0.4414	34.3	15.6	0.3755	854	356
nte_00803.jpg	0.063147	0.4930	0.6391	155.1	123.8	0.7715	854	356
nte_00803.jpg	0.003504	0.2600	0.4423	45.7	23.3	0.6406	854	356
nte_00803.jpg	0.000671	0.5805	0.4517	14.8	13.8	0.3811	854	356
nte_00804.jpg	0.057359	0.4930	0.6691	154.2	113.1	0.7866	854	356
nte_00804.jpg	0.011930	0.1340	0.4610	99.6	36.4	0.6763	854	356
nte_00805.jpg	0.063989	0.4918	0.6625	160.5	121.2	0.6929	854	356
nte_00806.jpg	0.062994	0.4926	0.6569	163.8	116.9	0.6304	854	356
nte_00807.jpg	0.063965	0.4922	0.6466	164.2	118.4	0.6445	854	356
nte_00808.jpg	0.068952	0.4902	0.6344	162.4	129.1	0.7886	854	356
nte_00808.jpg	0.000400	0.6422	0.4132	13.3	9.1	0.2878	854	356
nte_00809.jpg	0.059108	0.4879	0.6616	159.4	112.8	0.7710	854	356
nte_00809.jpg	0.000567	0.6652	0.4039	14.3	12.1	0.4800	854	356
nte_00810.jpg	0.065171	0.4871	0.6644	161.0	123.1	0.7559	854	356
nte_00810.jpg	0.000744	0.6875	0.3992	16.8	13.4	0.3650	854	356
nte_00811.jpg	0.061920	0.4848	0.6569	162.6	115.8	0.7852	854	356
nte_00811.jpg	0.000943	0.7074	0.3983	19.4	14.8	0.2559	854	356
nte_00812.jpg	0.054448	0.4875	0.6644	158.8	104.2	0.7104	854	356
nte_00813.jpg	0.056588	0.4891	0.6672	163.5	105.2	0.8408	854	356
nte_00813.jpg	0.001008	0.1881	0.4601	25.4	12.1	0.4292	854	356
nte_00814.jpg	0.056674	0.4875	0.6597	163.7	105.2	0.5288	854	356
nte_00815.jpg	0.053807	0.4875	0.6681	162.4	100.7	0.8115	854	356
nte_00818.jpg	0.061151	0.5105	0.6737	168.9	110.1	0.6519	854	356
nte_00819.jpg	0.006916	0.0741	0.4863	61.0	34.4	0.7461	854	356
nte_00820.jpg	0.010127	0.1342	0.4966	79.5	38.7	0.8438	854	356
nte_00820.jpg	0.052947	0.5063	0.6634	156.3	103.0	0.7954	854	356
nte_00821.jpg	0.058032	0.5055	0.6728	160.9	109.7	0.7593	854	356
nte_00821.jpg	0.009833	0.0355	0.5144	60.5	49.4	0.4678	854	356
nte_00821.jpg	0.001012	0.0630	0.3027	24.2	12.7	0.3867	854	356
nte_00822.jpg	0.051925	0.5016	0.6634	157.0	100.6	0.8892	854	356
nte_00822.jpg	0.000549	0.1623	0.3570	14.6	11.4	0.2676	854	356
nte_00823.jpg	0.053452	0.5004	0.6653	159.5	101.9	0.8389	854	356
nte_00823.jpg	0.005420	0.3367	0.4385	43.5	37.9	0.6465	854	356
nte_00823.jpg	0.000911	0.2850	0.3645	19.3	14.3	0.2507	854	356
nte_00824.jpg	0.053956	0.5000	0.6672	158.6	103.4	0.8584	854	356
nte_00825.jpg	0.059725	0.4977	0.6634	163.2	111.3	0.4536	854	356
nte_00825.jpg	0.000627	0.2877	0.3608	16.8	11.3	0.2893	854	356
nte_00826.jpg	0.057409	0.5082	0.6597	163.6	106.7	0.5601	854	356
nte_00826.jpg	0.001109	0.2670	0.3355	21.7	15.5	0.4031	854	356
nte_00826.jpg	0.001118	0.2676	0.3514	22.1	15.4	0.2803	854	356
nte_00827.jpg	0.002120	0.2482	0.3383	26.4	24.4	0.6519	854	356
nte_00827.jpg	0.061496	0.5117	0.6541	177.6	105.2	0.6226	854	356
nte_00827.jpg	0.000834	0.0085	0.2942	14.6	17.4	0.2896	854	356
nte_00827.jpg	0.000596	0.0193	0.2867	15.1	12.0	0.2610	854	356
nte_00828.jpg	0.067734	0.5008	0.6588	198.5	103.7	0.6929	854	356
nte_00828.jpg	0.002097	0.2420	0.3336	26.3	24.3	0.6318	854	356
nte_00829.jpg	0.064122	0.5090	0.6625	185.8	104.9	0.7153	854	356
nte_00829.jpg	0.001763	0.3576	0.3533	23.0	23.3	0.6855	854	356
nte_00829.jpg	0.000507	0.2518	0.3364	12.7	12.1	0.2510	854	356
nte_00830.jpg	0.001793	0.3820	0.3561	23.7	23.0	0.6890	854	356
nte_00831.jpg	0.001649	0.4621	0.3608	21.3	23.6	0.5088	854	356
nte_00832.jpg	0.065446	0.5000	0.6466	157.8	126.1	0.6841	854	356
nte_00832.jpg	0.002008	0.5301	0.3720	24.0	25.4	0.6084	854	356
nte_00833.jpg	0.002700	0.5344	0.3720	27.4	30.0	0.6450	854	356
nte_00833.jpg	0.072196	0.4996	0.6325	163.9	133.9	0.5879	854	356
nte_00834.jpg	0.069022	0.5008	0.6335	160.0	131.2	0.8164	854	356
nte_00834.jpg	0.002613	0.5402	0.3711	27.1	29.3	0.5962	854	356
nte_00835.jpg	0.070346	0.5043	0.6391	166.6	128.4	0.5195	854	356
nte_00835.jpg	0.002255	0.5445	0.3617	29.4	23.4	0.4521	854	356
nte_00836.jpg	0.003442	0.5508	0.3645	34.6	30.2	0.3845	854	356
nte_00836.jpg	0.069245	0.5020	0.6363	164.1	128.3	0.3762	854	356
nte_00837.jpg	0.006788	0.5578	0.3851	43.5	47.5	0.7437	854	356
nte_00838.jpg	0.008839	0.5668	0.3767	50.0	53.8	0.7852	854	356
nte_00839.jpg	0.038633	0.6145	0.3917	111.4	105.4	0.8276	854	356
nte_00839.jpg	0.096726	0.5340	0.5632	226.2	130.0	0.5596	854	356
nte_00840.jpg	0.245044	0.7914	0.2999	355.6	209.5	0.5615	854	356
nte_00845.jpg	0.045362	0.1243	0.5313	194.3	71.0	0.5405	854	356
nte_00848.jpg	0.308140	0.6582	0.7721	581.1	161.2	0.6406	854	356
nte_00848.jpg	0.025310	0.1233	0.5369	145.5	52.9	0.5430	854	356
nte_00849.jpg	0.291708	0.6711	0.7759	554.4	160.0	0.5430	854	356
nte_00850.jpg	0.031786	0.2348	0.5360	155.1	62.3	0.4636	854	356
nte_00850.jpg	0.310541	0.6297	0.7796	591.5	159.6	0.4580	854	356
nte_00851.jpg	0.301961	0.6371	0.7796	586.5	156.5	0.7661	854	356
nte_00852.jpg	0.288242	0.6434	0.7806	550.4	159.2	0.6123	854	356
nte_00853.jpg	0.248218	0.6430	0.7956	519.7	145.2	0.2986	854	356
nte_00853.jpg	0.038885	0.2125	0.5782	180.8	65.4	0.2561	854	356
nte_00856.jpg	0.025805	0.2063	0.5604	125.9	62.3	0.4343	854	356
nte_00857.jpg	0.025531	0.2039	0.5594	125.1	62.0	0.6226	854	356
nte_00858.jpg	0.033837	0.2268	0.5529	163.4	63.0	0.6035	854	356
nte_00858.jpg	0.000365	0.5070	0.4198	11.8	9.4	0.5015	854	356
nte_00858.jpg	0.000831	0.4809	0.4189	22.3	11.3	0.2749	854	356
nte_00858.jpg	0.000261	0.5430	0.4535	10.1	7.9	0.2695	854	356
nte_00859.jpg	0.025488	0.2057	0.5472	128.6	60.3	0.4470	854	356
nte_00860.jpg	0.023750	0.2051	0.5454	121.4	59.5	0.3748	854	356
nte_00861.jpg	0.034524	0.2281	0.5126	156.0	67.3	0.3718	854	356
nte_00862.jpg	0.354935	0.6602	0.7431	581.8	185.5	0.5298	854	356
nte_00862.jpg	0.003742	0.5605	0.4835	48.4	23.5	0.3101	854	356
nte_00862.jpg	0.024562	0.2158	0.4957	120.5	62.0	0.3083	854	356
nte_00863.jpg	0.382270	0.6496	0.7403	627.2	185.3	0.5317	854	356
nte_00864.jpg	0.054827	0.4883	0.6691	162.6	102.5	0.8335	854	356
nte_00864.jpg	0.013385	0.1782	0.5182	120.9	33.7	0.5659	854	356
nte_00864.jpg	0.007414	0.5645	0.5266	58.9	38.3	0.3894	854	356
nte_00865.jpg	0.065058	0.4922	0.6756	170.1	116.3	0.7773	854	356
nte_00866.jpg	0.000416	0.5859	0.3448	11.1	11.4	0.3606	854	356
nte_00869.jpg	0.000642	0.5363	0.3149	13.1	14.9	0.2688	854	356
nte_00873.jpg	0.000579	0.4551	0.3748	17.0	10.4	0.2612	854	356
nte_00874.jpg	0.000856	0.4105	0.3954	17.7	14.7	0.3306	854	356
nte_00876.jpg	0.002530	0.3463	0.4236	37.1	20.7	0.3501	854	356
nte_00876.jpg	0.000884	0.4098	0.4151	19.7	13.6	0.2637	854	356
nte_00876.jpg	0.000806	0.3852	0.4104	20.9	11.7	0.2578	854	356
nte_00877.jpg	0.033753	0.5246	0.5491	119.9	85.6	0.6040	854	356
nte_00877.jpg	0.000495	0.5434	0.3926	14.2	10.6	0.3274	854	356
nte_00877.jpg	0.000529	0.4383	0.4086	13.5	11.9	0.2842	854	356
nte_00878.jpg	0.125984	0.5621	0.5772	263.0	145.6	0.5625	854	356
nte_00878.jpg	0.001011	0.3748	0.4114	20.2	15.2	0.3599	854	356
nte_00878.jpg	0.037279	0.6730	0.4189	135.4	83.7	0.3550	854	356
nte_00879.jpg	0.047752	0.1146	0.5622	195.2	74.4	0.7422	854	356
nte_00879.jpg	0.128105	0.1281	0.7065	218.8	178.0	0.2551	854	356
nte_00880.jpg	0.038403	0.0880	0.5613	150.5	77.6	0.3516	854	356
nte_00881.jpg	0.039975	0.0923	0.5622	157.5	77.2	0.6494	854	356
nte_00882.jpg	0.291874	0.6711	0.7656	530.4	167.3	0.5576	854	356
nte_00883.jpg	0.248115	0.7484	0.7562	428.7	176.0	0.2903	854	356
nte_00884.jpg	0.273798	0.7352	0.7431	453.7	183.5	0.5527	854	356
nte_00885.jpg	0.274907	0.7332	0.7431	456.4	183.1	0.7549	854	356
nte_00886.jpg	0.020134	0.2637	0.5388	108.4	56.5	0.7339	854	356
nte_00887.jpg	0.030465	0.2471	0.5416	154.8	59.8	0.5562	854	356
nte_00888.jpg	0.023727	0.2262	0.5407	122.5	58.9	0.7422	854	356
nte_00888.jpg	0.342206	0.6711	0.7422	562.4	185.0	0.4326	854	356
nte_00888.jpg	0.002659	0.0989	0.4995	43.4	18.6	0.3418	854	356
nte_00888.jpg	0.000843	0.5051	0.4826	19.9	12.9	0.2761	854	356
nte_00889.jpg	0.022408	0.2246	0.5379	119.4	57.0	0.5381	854	356
nte_00889.jpg	0.004345	0.6992	0.4910	66.8	19.8	0.4531	854	356
nte_00890.jpg	0.015415	0.7012	0.5023	120.0	39.1	0.7139	854	356
nte_00890.jpg	0.314708	0.6949	0.7506	526.7	181.6	0.2871	854	356
nte_00891.jpg	0.044311	0.7809	0.5013	227.5	59.2	0.7212	854	356
nte_00891.jpg	0.028500	0.1733	0.5323	135.1	64.1	0.5918	854	356
nte_00891.jpg	0.388177	0.6469	0.7300	601.1	196.3	0.3953	854	356
nte_00892.jpg	0.029420	0.1645	0.5472	139.2	64.3	0.5928	854	356
nte_00892.jpg	0.365520	0.6523	0.7403	593.8	187.1	0.5913	854	356
nte_00892.jpg	0.000452	0.5578	0.4920	13.8	9.9	0.4360	854	356
nte_00893.jpg	0.308745	0.6977	0.7431	514.4	182.5	0.5117	854	356
nte_00893.jpg	0.000614	0.5676	0.4929	15.6	12.0	0.4526	854	356
nte_00894.jpg	0.316246	0.6957	0.7422	523.1	183.8	0.4915	854	356
nte_00894.jpg	0.000509	0.5563	0.4901	15.9	9.7	0.4377	854	356
nte_00895.jpg	0.000543	0.5445	0.4929	16.0	10.3	0.4626	854	356
nte_00895.jpg	0.308047	0.7000	0.7487	516.1	181.5	0.3086	854	356
nte_00896.jpg	0.000765	0.5285	0.4929	18.9	12.3	0.5210	854	356
nte_00896.jpg	0.315017	0.6914	0.7468	527.7	181.5	0.4512	854	356
nte_00897.jpg	0.026078	0.2643	0.5397	137.8	57.5	0.4712	854	356
nte_00897.jpg	0.312342	0.6871	0.7543	537.1	176.8	0.4243	854	356
nte_00898.jpg	0.320771	0.6883	0.7478	535.4	182.1	0.3433	854	356
nte_00899.jpg	0.031074	0.2660	0.5454	153.3	61.6	0.4734	854	356
nte_00899.jpg	0.319156	0.6891	0.7431	531.7	182.5	0.4441	854	356
nte_00900.jpg	0.315339	0.6910	0.7478	529.7	181.0	0.5117	854	356
nte_00900.jpg	0.024008	0.2545	0.5435	123.1	59.3	0.2708	854	356
nte_00900.jpg	0.000933	0.5570	0.4948	21.2	13.4	0.2690	854	356
nte_00901.jpg	0.311962	0.6906	0.7525	532.4	178.1	0.3340	854	356
nte_00902.jpg	0.317804	0.6902	0.7459	532.4	181.5	0.7568	854	356
nte_00903.jpg	0.316716	0.6910	0.7468	531.1	181.3	0.7324	854	356
nte_00903.jpg	0.000566	0.5477	0.5051	14.6	11.8	0.3176	854	356
nte_00904.jpg	0.318601	0.6898	0.7459	533.8	181.5	0.7847	854	356
nte_00904.jpg	0.001289	0.5004	0.5079	23.6	16.6	0.3213	854	356
nte_00904.jpg	0.000787	0.5355	0.5079	17.5	13.7	0.2903	854	356
nte_00905.jpg	0.321420	0.6891	0.7431	533.1	183.3	0.7480	854	356
nte_00906.jpg	0.006057	0.0378	0.5079	64.8	28.4	0.5386	854	356
nte_00906.jpg	0.310108	0.6922	0.7506	529.7	178.0	0.4778	854	356
nte_00907.jpg	0.322050	0.6898	0.7412	530.7	184.5	0.6455	854	356
nte_00908.jpg	0.307782	0.6898	0.7525	530.7	176.3	0.2793	854	356
nte_00908.jpg	0.007887	0.3377	0.5144	55.3	43.4	0.2573	854	356
nte_00909.jpg	0.317940	0.6859	0.7478	537.1	180.0	0.5630	854	356
nte_00909.jpg	0.022009	0.2480	0.5454	113.0	59.2	0.3105	854	356
nte_00924.jpg	0.060162	0.1510	0.4816	205.2	89.2	0.3564	854	356
nte_00925.jpg	0.059602	0.0925	0.4086	157.8	114.8	0.2522	854	356
nte_00926.jpg	0.082800	0.1044	0.4442	178.0	141.4	0.3374	854	356
nte_00927.jpg	0.074540	0.1038	0.4245	177.1	127.9	0.5444	854	356
nte_00928.jpg	0.079907	0.1039	0.4367	177.0	137.3	0.5317	854	356
nte_00929.jpg	0.078575	0.1040	0.4329	177.5	134.6	0.5801	854	356
nte_00930.jpg	0.076766	0.1045	0.4254	178.5	130.8	0.5464	854	356
nte_00934.jpg	0.157497	0.8055	0.7974	332.3	144.1	0.5845	854	356
nte_00934.jpg	0.017404	0.5086	0.6466	102.8	51.5	0.4043	854	356
nte_00935.jpg	0.152743	0.8055	0.8049	332.4	139.7	0.4409	854	356
nte_00936.jpg	0.266572	0.7000	0.7740	506.4	160.0	0.4875	854	356
nte_00937.jpg	0.278719	0.6824	0.7815	545.1	155.5	0.7485	854	356
nte_00938.jpg	0.270345	0.6816	0.7881	545.1	150.8	0.7734	854	356
nte_00939.jpg	0.291578	0.6824	0.7721	545.1	162.6	0.7417	854	356
nte_00939.jpg	0.023323	0.2396	0.5885	117.8	60.2	0.3931	854	356
nte_00940.jpg	0.023260	0.2383	0.5913	118.4	59.7	0.7266	854	356
nte_00940.jpg	0.280850	0.6852	0.7740	535.8	159.4	0.5405	854	356
nte_00941.jpg	0.281461	0.6887	0.7740	531.1	161.1	0.6147	854	356
nte_00941.jpg	0.024852	0.2357	0.5950	127.6	59.2	0.5640	854	356
nte_00942.jpg	0.047916	0.1160	0.6260	196.5	74.1	0.3887	854	356
nte_00942.jpg	0.234632	0.6172	0.8077	518.1	137.7	0.2573	854	356
nte_00956.jpg	0.534183	0.5367	0.6934	747.3	217.3	0.4502	854	356
nte_00957.jpg	0.051224	0.1275	0.5632	188.1	82.8	0.3711	854	356
nte_00957.jpg	0.659892	0.6340	0.5454	625.2	320.9	0.3374	854	356
nte_00958.jpg	0.047082	0.2121	0.5397	196.2	73.0	0.5864	854	356
nte_00959.jpg	0.329730	0.6645	0.7468	554.4	180.8	0.2678	854	356
nte_00960.jpg	0.325176	0.6695	0.7506	558.1	177.1	0.4429	854	356
nte_00961.jpg	0.335506	0.6691	0.7468	563.1	181.1	0.4858	854	356
nte_00962.jpg	0.028995	0.1864	0.5426	137.3	64.2	0.5449	854	356
nte_00962.jpg	0.343592	0.6574	0.7496	583.1	179.1	0.4863	854	356
nte_00963.jpg	0.352302	0.6574	0.7459	589.1	181.8	0.6035	854	356
nte_00963.jpg	0.034909	0.2098	0.5444	164.6	64.5	0.5469	854	356
nte_00964.jpg	0.052907	0.4883	0.6569	159.8	100.7	0.8589	854	356
nte_00965.jpg	0.053453	0.4863	0.6569	161.0	100.9	0.8291	854	356
nte_00965.jpg	0.000487	0.5406	0.4732	16.4	9.0	0.2649	854	356
nte_00965.jpg	0.000263	0.5609	0.4723	10.0	8.0	0.2522	854	356
nte_00966.jpg	0.067930	0.4891	0.6222	162.0	127.5	0.5122	854	356
nte_00966.jpg	0.000334	0.5590	0.4310	12.1	8.4	0.2993	854	356
nte_00966.jpg	0.001583	0.4422	0.4264	24.5	19.6	0.2964	854	356
nte_00966.jpg	0.004066	0.8469	0.4517	41.4	29.9	0.2646	854	356
nte_00967.jpg	0.063215	0.4879	0.6297	157.6	121.9	0.3528	854	356
nte_00968.jpg	0.057443	0.4930	0.6616	156.6	111.5	0.7710	854	356
nte_00968.jpg	0.001421	0.3465	0.4142	25.5	16.9	0.6528	854	356
nte_00968.jpg	0.000382	0.5188	0.3992	13.4	8.7	0.3621	854	356
nte_00968.jpg	0.000608	0.5438	0.4273	18.0	10.2	0.2605	854	356
nte_00969.jpg	0.003207	0.2750	0.4189	43.6	22.4	0.6309	854	356
nte_00969.jpg	0.064142	0.5000	0.6494	159.0	122.7	0.5649	854	356
nte_00970.jpg	0.067809	0.4949	0.6363	164.8	125.1	0.6704	854	356
nte_00971.jpg	0.064042	0.4996	0.6325	158.0	123.3	0.6470	854	356
nte_00972.jpg	0.000400	0.4090	0.4039	14.3	8.5	0.5649	854	356
nte_00972.jpg	0.062179	0.5020	0.6419	156.5	120.8	0.4219	854	356
nte_00973.jpg	0.066750	0.4980	0.6278	153.6	132.1	0.8115	854	356
nte_00973.jpg	0.000490	0.3867	0.4123	15.3	9.7	0.4546	854	356
nte_00974.jpg	0.066247	0.5016	0.6288	155.2	129.8	0.7246	854	356
nte_00974.jpg	0.000380	0.4805	0.3898	11.8	9.8	0.2537	854	356
nte_00975.jpg	0.001051	0.3129	0.4226	22.4	14.3	0.4561	854	356
nte_00975.jpg	0.000342	0.4793	0.3908	10.7	9.7	0.3440	854	356
nte_00975.jpg	0.000362	0.4098	0.4020	13.6	8.1	0.3037	854	356
nte_00976.jpg	0.068022	0.4984	0.6409	152.8	135.4	0.5684	854	356
nte_00976.jpg	0.000675	0.3879	0.4114	19.8	10.4	0.3381	854	356
nte_00976.jpg	0.001045	0.6367	0.4020	23.4	13.6	0.2952	854	356
nte_00977.jpg	0.063024	0.4988	0.6344	152.0	126.1	0.8145	854	356
nte_00977.jpg	0.000756	0.3600	0.4179	20.1	11.5	0.3289	854	356
nte_00978.jpg	0.066878	0.4977	0.6288	157.3	129.3	0.6558	854	356
nte_00978.jpg	0.002108	0.3211	0.4273	38.6	16.6	0.4629	854	356
nte_00978.jpg	0.000574	0.4664	0.3964	14.4	12.1	0.3411	854	356
nte_00979.jpg	0.067500	0.5035	0.6297	159.0	129.1	0.8257	854	356
nte_00979.jpg	0.005427	0.2451	0.4376	65.5	25.2	0.6787	854	356
nte_00980.jpg	0.017876	0.0948	0.4732	136.7	39.8	0.7681	854	356
nte_00980.jpg	0.076262	0.5023	0.6325	164.2	141.2	0.5264	854	356
nte_00980.jpg	0.000517	0.5172	0.3936	16.2	9.7	0.4048	854	356
nte_00981.jpg	0.083690	0.4996	0.6203	174.1	146.1	0.4514	854	356
nte_00982.jpg	0.084169	0.5000	0.6335	178.8	143.1	0.5894	854	356
nte_00982.jpg	0.001156	0.5152	0.4189	20.9	16.8	0.2615	854	356
nte_00983.jpg	0.085004	0.5004	0.6475	183.1	141.1	0.4172	854	356
nte_00984.jpg	0.083746	0.4992	0.6606	182.8	139.3	0.5894	854	356
nte_00985.jpg	0.000550	0.4402	0.4151	15.1	11.1	0.3469	854	356
nte_00985.jpg	0.088050	0.4992	0.6634	185.6	144.2	0.2815	854	356
nte_00986.jpg	0.107917	0.5145	0.6475	205.3	159.8	0.6289	854	356
nte_00986.jpg	0.000506	0.4313	0.4217	14.9	10.3	0.3340	854	356
nte_00987.jpg	0.101919	0.5031	0.6484	187.6	165.1	0.5518	854	356
nte_00988.jpg	0.108922	0.5016	0.6531	196.0	169.0	0.5547	854	356
nte_00989.jpg	0.002361	0.3652	0.4385	33.5	21.4	0.4768	854	356
nte_00989.jpg	0.123130	0.5137	0.6503	219.2	170.8	0.3882	854	356
nte_00990.jpg	0.116798	0.5047	0.6541	207.5	171.1	0.7173	854	356
nte_00990.jpg	0.006964	0.2871	0.4554	63.5	33.3	0.3909	854	356
nte_00991.jpg	0.031225	0.0871	0.5004	147.4	64.4	0.8232	854	356
nte_00991.jpg	0.118979	0.4973	0.6494	209.3	172.8	0.6216	854	356
nte_00992.jpg	0.002791	0.4434	0.4161	29.9	28.4	0.5005	854	356
nte_00995.jpg	0.080443	0.4996	0.7159	196.2	124.7	0.7578	854	356
nte_00996.jpg	0.084630	0.5004	0.7047	191.1	134.6	0.5322	854	356
nte_00997.jpg	0.077531	0.4973	0.6906	181.6	129.8	0.5205	854	356
nte_00998.jpg	0.080190	0.5016	0.6756	182.5	133.6	0.4954	854	356
nte_01001.jpg	0.083305	0.4965	0.6466	170.8	148.3	0.6865	854	356
nte_01002.jpg	0.081753	0.5008	0.6484	170.3	145.9	0.5845	854	356
nte_01003.jpg	0.081863	0.5059	0.6484	172.8	144.0	0.7119	854	356
nte_01004.jpg	0.081752	0.5004	0.6428	169.7	146.4	0.4526	854	356
nte_01005.jpg	0.076048	0.5031	0.6447	163.5	141.4	0.5830	854	356
nte_01006.jpg	0.077180	0.5055	0.6353	163.3	143.7	0.6646	854	356
nte_01007.jpg	0.070463	0.5016	0.6503	162.0	132.3	0.6338	854	356
nte_01007.jpg	0.000374	0.4059	0.3655	11.8	9.6	0.2542	854	356
nte_01008.jpg	0.072354	0.5016	0.6503	161.1	136.5	0.6943	854	356
nte_01008.jpg	0.000352	0.4094	0.3664	11.6	9.2	0.5103	854	356
nte_01009.jpg	0.075560	0.4988	0.6353	160.0	143.6	0.6597	854	356
nte_01009.jpg	0.000368	0.4086	0.3701	12.0	9.3	0.4146	854	356
nte_01010.jpg	0.077655	0.5012	0.6325	166.1	142.1	0.7349	854	356
nte_01010.jpg	0.000487	0.4020	0.3730	13.9	10.6	0.6440	854	356
nte_01011.jpg	0.077795	0.4996	0.6381	173.1	136.6	0.7412	854	356
nte_01011.jpg	0.000527	0.3947	0.3767	14.2	11.3	0.7119	854	356
nte_01012.jpg	0.000687	0.3877	0.3795	17.0	12.3	0.6216	854	356
nte_01012.jpg	0.075587	0.5035	0.6409	166.8	137.8	0.6094	854	356
nte_01013.jpg	0.001089	0.3754	0.3833	21.7	15.3	0.7876	854	356
nte_01013.jpg	0.075923	0.5090	0.6306	169.8	135.9	0.6450	854	356
nte_01014.jpg	0.002656	0.3555	0.3814	32.2	25.1	0.7153	854	356
nte_01014.jpg	0.075060	0.5059	0.6260	164.0	139.1	0.6597	854	356
nte_01015.jpg	0.074603	0.5004	0.6353	164.1	138.2	0.7842	854	356
nte_01015.jpg	0.002635	0.3170	0.4067	34.8	23.0	0.4834	854	356
nte_01016.jpg	0.072937	0.5012	0.6325	162.1	136.8	0.7104	854	356
nte_01016.jpg	0.008755	0.2092	0.4339	67.1	39.7	0.6279	854	356
nte_01016.jpg	0.001762	0.2645	0.4039	31.5	17.0	0.4038	854	356
nte_01017.jpg	0.076945	0.5023	0.6335	163.5	143.1	0.7827	854	356
nte_01018.jpg	0.075056	0.5012	0.6297	161.7	141.1	0.7939	854	356
nte_01019.jpg	0.063148	0.5059	0.6597	158.5	121.1	0.7329	854	356
nte_01020.jpg	0.056722	0.5137	0.6634	155.1	111.2	0.8003	854	356
nte_01021.jpg	0.060934	0.5078	0.6513	157.2	117.8	0.7549	854	356
nte_01022.jpg	0.068796	0.4984	0.6260	155.3	134.7	0.8159	854	356
nte_01023.jpg	0.070727	0.4973	0.6269	158.4	135.8	0.7510	854	356
nte_01024.jpg	0.066161	0.4961	0.6428	155.7	129.2	0.7520	854	356
nte_01024.jpg	0.000243	0.4227	0.4329	10.8	6.8	0.3682	854	356
nte_01025.jpg	0.067296	0.4988	0.6316	156.5	130.8	0.7134	854	356
nte_01025.jpg	0.000367	0.4113	0.4339	14.5	7.7	0.3442	854	356
nte_01026.jpg	0.055288	0.4980	0.6606	153.6	109.4	0.8267	854	356
nte_01026.jpg	0.000707	0.3914	0.4479	17.0	12.7	0.3284	854	356
nte_01027.jpg	0.057369	0.5012	0.6541	158.0	110.4	0.7437	854	356
nte_01027.jpg	0.000812	0.3469	0.4489	17.4	14.2	0.4897	854	356
nte_01027.jpg	0.000288	0.3809	0.4348	11.3	7.7	0.4299	854	356
nte_01028.jpg	0.054653	0.5000	0.6644	152.2	109.2	0.8052	854	356
nte_01028.jpg	0.000389	0.3689	0.4367	14.5	8.2	0.3552	854	356
nte_01028.jpg	0.000475	0.3395	0.4385	14.8	9.7	0.3550	854	356
nte_01029.jpg	0.055607	0.5031	0.6653	155.5	108.8	0.7935	854	356
nte_01029.jpg	0.000474	0.3213	0.4451	13.8	10.5	0.5190	854	356
nte_01029.jpg	0.000485	0.3551	0.4395	14.0	10.5	0.4038	854	356
nte_01029.jpg	0.004190	0.4180	0.3954	37.3	34.1	0.2742	854	356
nte_01030.jpg	0.058533	0.5109	0.6766	154.0	115.6	0.8467	854	356
nte_01030.jpg	0.000648	0.3006	0.4507	17.5	11.3	0.5605	854	356
nte_01030.jpg	0.004154	0.4223	0.3973	35.4	35.7	0.4729	854	356
nte_01030.jpg	0.000523	0.3422	0.4460	14.6	10.9	0.4629	854	356
nte_01031.jpg	0.056387	0.5098	0.6719	155.4	110.3	0.8267	854	356
nte_01031.jpg	0.000406	0.3354	0.4498	12.5	9.9	0.6426	854	356
nte_01031.jpg	0.001044	0.3008	0.4554	23.0	13.8	0.6118	854	356
nte_01031.jpg	0.000524	0.3494	0.4507	15.1	10.5	0.5156	854	356
nte_01032.jpg	0.054691	0.5066	0.6597	156.4	106.3	0.8257	854	356
nte_01032.jpg	0.002135	0.2678	0.4648	32.7	19.9	0.7935	854	356
nte_01032.jpg	0.000776	0.3332	0.4563	17.3	13.6	0.7915	854	356
nte_01032.jpg	0.000424	0.3061	0.4517	12.9	10.0	0.3889	854	356
nte_01033.jpg	0.054728	0.5117	0.6644	155.6	106.9	0.8105	854	356
nte_01033.jpg	0.001982	0.1973	0.4891	34.0	17.7	0.5591	854	356
nte_01033.jpg	0.001481	0.3074	0.4685	25.1	17.9	0.5356	854	356
nte_01033.jpg	0.000433	0.2842	0.4554	13.8	9.5	0.5171	854	356
nte_01033.jpg	0.000666	0.3350	0.4601	16.6	12.2	0.4021	854	356
nte_01034.jpg	0.056557	0.5137	0.6728	154.8	111.1	0.8647	854	356
nte_01034.jpg	0.014664	0.2133	0.5173	103.0	43.3	0.7720	854	356
nte_01034.jpg	0.000692	0.3455	0.4667	15.9	13.3	0.5742	854	356
nte_01034.jpg	0.005051	0.4523	0.5360	43.0	35.8	0.4658	854	356
nte_01034.jpg	0.001582	0.2797	0.4863	24.4	19.7	0.4260	854	356
nte_01034.jpg	0.001143	0.3008	0.4779	19.1	18.2	0.4067	854	356
nte_01034.jpg	0.000607	0.3773	0.4638	16.5	11.2	0.3052	854	356
nte_01035.jpg	0.058751	0.5055	0.6775	156.8	113.9	0.8398	854	356
nte_01035.jpg	0.000925	0.3797	0.4601	17.5	16.0	0.6582	854	356
nte_01035.jpg	0.010408	0.5676	0.5903	63.1	50.1	0.3262	854	356
nte_01035.jpg	0.001524	0.3262	0.4845	22.7	20.4	0.3013	854	356
nte_01035.jpg	0.000722	0.4313	0.4920	16.8	13.0	0.2788	854	356
nte_01036.jpg	0.056162	0.5023	0.6691	155.5	109.8	0.8091	854	356
nte_01036.jpg	0.001429	0.3813	0.4638	23.7	18.3	0.7520	854	356
nte_01036.jpg	0.002685	0.3105	0.4882	31.9	25.6	0.6362	854	356
nte_01036.jpg	0.000463	0.3316	0.4676	14.0	10.0	0.3813	854	356
nte_01036.jpg	0.007619	0.4816	0.3804	38.7	59.8	0.3577	854	356
nte_01037.jpg	0.057535	0.5051	0.6812	156.3	111.9	0.8359	854	356
nte_01037.jpg	0.002186	0.3535	0.4667	28.2	23.6	0.6763	854	356
nte_01037.jpg	0.000868	0.3047	0.4751	20.2	13.0	0.5806	854	356
nte_01037.jpg	0.003215	0.2404	0.4910	43.5	22.5	0.4792	854	356
nte_01037.jpg	0.000382	0.3785	0.4601	12.5	9.3	0.4565	854	356
nte_01037.jpg	0.000581	0.4523	0.4901	17.9	9.8	0.3843	854	356
nte_01037.jpg	0.000228	0.4039	0.4535	10.3	6.7	0.3489	854	356
nte_01038.jpg	0.053962	0.5051	0.6700	157.6	104.1	0.8467	854	356
nte_01038.jpg	0.006077	0.2820	0.4807	52.6	35.1	0.7593	854	356
nte_01038.jpg	0.000362	0.3590	0.4629	13.4	8.2	0.4436	854	356
nte_01038.jpg	0.004477	0.2217	0.5416	53.3	25.5	0.4382	854	356
nte_01038.jpg	0.000268	0.3965	0.4535	10.9	7.5	0.3472	854	356
nte_01038.jpg	0.000819	0.2471	0.4816	15.6	15.9	0.3066	854	356
nte_01038.jpg	0.000366	0.3646	0.4638	12.8	8.7	0.2661	854	356
nte_01039.jpg	0.054371	0.5074	0.6700	155.5	106.3	0.8589	854	356
nte_01039.jpg	0.000482	0.3422	0.4676	15.9	9.2	0.4941	854	356
nte_01039.jpg	0.000267	0.5418	0.4620	11.7	7.0	0.2703	854	356
nte_01040.jpg	0.055123	0.5063	0.6578	156.6	107.0	0.8022	854	356
nte_01040.jpg	0.002919	0.2490	0.5023	38.6	23.0	0.5005	854	356
nte_01040.jpg	0.000421	0.4016	0.4554	16.3	7.9	0.3884	854	356
nte_01040.jpg	0.000613	0.3229	0.4760	17.4	10.7	0.3601	854	356
nte_01040.jpg	0.001095	0.6027	0.5341	22.8	14.6	0.2754	854	356
nte_01041.jpg	0.056215	0.5000	0.6672	153.6	111.3	0.8174	854	356
nte_01041.jpg	0.002198	0.3336	0.4798	35.1	19.0	0.5972	854	356
nte_01041.jpg	0.000440	0.4383	0.4573	16.0	8.4	0.4709	854	356
nte_01041.jpg	0.000736	0.2633	0.4863	17.1	13.1	0.3950	854	356
nte_01041.jpg	0.000689	0.5152	0.4901	19.7	10.6	0.3938	854	356
nte_01042.jpg	0.007153	0.2404	0.4948	71.4	30.5	0.8320	854	356
nte_01042.jpg	0.059190	0.5000	0.6616	154.8	116.3	0.7100	854	356
nte_01042.jpg	0.000469	0.4277	0.4620	16.6	8.6	0.4561	854	356
nte_01043.jpg	0.055232	0.5008	0.6672	154.3	108.8	0.8232	854	356
nte_01043.jpg	0.000603	0.4145	0.4610	17.0	10.8	0.3940	854	356
nte_01043.jpg	0.001586	0.5176	0.5032	28.2	17.1	0.3130	854	356
nte_01044.jpg	0.000624	0.3750	0.4620	18.0	10.6	0.5962	854	356
nte_01044.jpg	0.056527	0.5020	0.6588	155.3	110.7	0.5879	854	356
nte_01044.jpg	0.000408	0.4051	0.4582	14.6	8.5	0.3477	854	356
nte_01045.jpg	0.057413	0.5020	0.6653	154.1	113.3	0.7568	854	356
nte_01045.jpg	0.000398	0.3826	0.4592	14.5	8.3	0.5073	854	356
nte_01045.jpg	0.000991	0.3357	0.4667	21.9	13.8	0.4133	854	356
nte_01045.jpg	0.000322	0.5730	0.4254	11.2	8.8	0.2974	854	356
nte_01046.jpg	0.059623	0.5020	0.6484	156.7	115.7	0.7563	854	356
nte_01046.jpg	0.000673	0.5051	0.4788	19.4	10.5	0.3892	854	356
nte_01046.jpg	0.006312	0.2520	0.4788	58.5	32.8	0.3667	854	356
nte_01046.jpg	0.000622	0.4742	0.4835	18.3	10.3	0.2756	854	356
nte_01046.jpg	0.000530	0.5801	0.4189	14.9	10.9	0.2705	854	356
nte_01046.jpg	0.000930	0.3471	0.4638	22.5	12.6	0.2686	854	356
nte_01047.jpg	0.063325	0.4984	0.6381	157.8	122.0	0.6592	854	356
nte_01047.jpg	0.002720	0.3439	0.4507	43.0	19.2	0.6094	854	356
nte_01047.jpg	0.000967	0.5324	0.4770	21.3	13.8	0.3320	854	356
nte_01048.jpg	0.053726	0.4934	0.6616	154.7	105.6	0.8179	854	356
nte_01048.jpg	0.006582	0.2781	0.4685	70.3	28.5	0.7754	854	356
nte_01048.jpg	0.008165	0.5383	0.5144	57.1	43.5	0.5518	854	356
nte_01049.jpg	0.058439	0.4934	0.6559	156.0	113.9	0.6914	854	356
nte_01049.jpg	0.001639	0.5074	0.3917	26.2	19.0	0.3347	854	356
nte_01049.jpg	0.000505	0.7352	0.4236	18.7	8.2	0.2620	854	356
nte_01050.jpg	0.054291	0.4945	0.6616	156.5	105.5	0.7583	854	356
nte_01051.jpg	0.058587	0.4949	0.6569	156.1	114.1	0.7324	854	356
nte_01052.jpg	0.054200	0.4934	0.6597	155.5	106.0	0.7954	854	356
nte_01053.jpg	0.054343	0.4930	0.6588	154.3	107.1	0.8257	854	356
nte_01053.jpg	0.000857	0.4816	0.3954	18.3	14.2	0.3481	854	356
nte_01054.jpg	0.055207	0.4949	0.6597	155.3	108.1	0.8247	854	356
nte_01054.jpg	0.000674	0.4938	0.4292	16.6	12.4	0.3972	854	356
nte_01054.jpg	0.001982	0.5477	0.4807	35.0	17.2	0.2671	854	356
nte_01055.jpg	0.064477	0.4938	0.6438	155.5	126.1	0.7051	854	356
nte_01056.jpg	0.063676	0.4953	0.6625	158.1	122.4	0.7310	854	356
nte_01056.jpg	0.000338	0.4852	0.4179	13.0	7.9	0.3057	854	356
nte_01057.jpg	0.056490	0.4941	0.6644	155.5	110.4	0.7651	854	356
nte_01057.jpg	0.006282	0.5422	0.5229	50.2	38.1	0.2556	854	356
nte_01058.jpg	0.066297	0.4953	0.6353	155.6	129.5	0.7251	854	356
nte_01058.jpg	0.000781	0.4547	0.4029	16.1	14.8	0.2576	854	356
nte_01059.jpg	0.065897	0.4953	0.6325	154.3	129.9	0.8140	854	356
nte_01060.jpg	0.065756	0.4926	0.6381	157.3	127.1	0.6694	854	356
nte_01060.jpg	0.001204	0.2754	0.3542	27.3	13.4	0.2642	854	356
nte_01061.jpg	0.062321	0.4938	0.6409	156.8	120.8	0.7012	854	356
nte_01061.jpg	0.000353	0.4598	0.4114	13.7	7.8	0.4133	854	356
nte_01061.jpg	0.000414	0.7418	0.3917	14.4	8.7	0.2598	854	356
nte_01062.jpg	0.100288	0.5488	0.6859	264.5	115.3	0.8901	854	356
nte_01062.jpg	0.002795	0.7059	0.4189	42.4	20.1	0.4231	854	356
nte_01063.jpg	0.166391	0.5914	0.7000	358.3	141.2	0.8569	854	356
nte_01063.jpg	0.003096	0.5926	0.4873	65.1	14.4	0.4285	854	356
nte_01063.jpg	0.006128	0.4457	0.5763	67.4	27.6	0.4138	854	356
nte_01064.jpg	0.154560	0.5930	0.7122	360.9	130.2	0.8652	854	356
nte_01064.jpg	0.015170	0.8664	0.4770	113.1	40.8	0.6372	854	356
nte_01064.jpg	0.002678	0.3676	0.4788	60.5	13.4	0.4048	854	356
nte_01065.jpg	0.158281	0.5934	0.7065	359.3	133.9	0.8799	854	356
nte_01065.jpg	0.005888	0.4457	0.5754	65.8	27.2	0.2561	854	356
nte_01066.jpg	0.156216	0.5926	0.7112	358.6	132.4	0.8809	854	356
nte_01066.jpg	0.005405	0.4441	0.5782	61.0	26.9	0.4502	854	356
nte_01066.jpg	0.003130	0.4223	0.4695	37.7	25.3	0.2729	854	356
nte_01067.jpg	0.006007	0.3898	0.4179	58.1	31.4	0.4854	854	356
nte_01068.jpg	0.070482	0.4898	0.6278	156.3	137.1	0.3828	854	356
nte_01068.jpg	0.041164	0.0784	0.4142	135.2	92.6	0.3574	854	356
nte_01068.jpg	0.001178	0.3799	0.3973	25.5	14.1	0.3301	854	356
nte_01068.jpg	0.002016	0.5383	0.3617	29.1	21.0	0.3066	854	356
nte_01069.jpg	0.067371	0.4938	0.6475	153.8	133.2	0.7769	854	356
nte_01070.jpg	0.060249	0.4945	0.6588	154.5	118.6	0.7339	854	356
nte_01071.jpg	0.057080	0.4957	0.6503	153.5	113.1	0.7666	854	356
nte_01071.jpg	0.011442	0.1709	0.4657	92.7	37.5	0.5762	854	356
nte_01072.jpg	0.055945	0.4977	0.6541	154.0	110.4	0.7183	854	356
nte_01073.jpg	0.055201	0.4961	0.6644	150.0	111.9	0.8110	854	356
nte_01073.jpg	0.000643	0.3381	0.4104	20.5	9.5	0.2683	854	356
nte_01074.jpg	0.054933	0.4953	0.6559	153.5	108.8	0.7031	854	356
nte_01075.jpg	0.062384	0.4914	0.6400	156.6	121.1	0.4404	854	356
nte_01076.jpg	0.059950	0.4930	0.6391	154.1	118.3	0.5732	854	356
nte_01077.jpg	0.058956	0.4918	0.6438	154.3	116.2	0.2510	854	356
nte_01079.jpg	0.057199	0.4961	0.6447	152.2	114.3	0.6875	854	356
nte_01080.jpg	0.063155	0.4996	0.6278	155.5	123.5	0.6401	854	356
nte_01081.jpg	0.061209	0.4996	0.6288	155.0	120.1	0.3508	854	356
nte_01081.jpg	0.000466	0.4805	0.3683	12.3	11.5	0.2993	854	356
nte_01082.jpg	0.061895	0.4992	0.6353	157.5	119.5	0.7188	854	356
nte_01082.jpg	0.000521	0.4211	0.4086	14.7	10.8	0.4128	854	356
nte_01082.jpg	0.000428	0.4707	0.3673	12.5	10.4	0.3977	854	356
nte_01083.jpg	0.057085	0.5016	0.6456	152.1	114.1	0.7783	854	356
nte_01083.jpg	0.000759	0.4043	0.4123	18.0	12.8	0.5347	854	356
nte_01083.jpg	0.000430	0.4648	0.3636	11.7	11.1	0.3149	854	356
nte_01084.jpg	0.001598	0.3697	0.4179	24.8	19.6	0.7300	854	356
nte_01084.jpg	0.066758	0.5039	0.6260	159.0	127.7	0.6382	854	356
nte_01084.jpg	0.000380	0.4523	0.3645	11.5	10.1	0.2805	854	356
nte_01085.jpg	0.002238	0.3305	0.4329	38.5	17.7	0.7168	854	356
nte_01085.jpg	0.073451	0.5047	0.6110	160.6	139.0	0.5977	854	356
nte_01086.jpg	0.006811	0.2447	0.4470	66.4	31.2	0.7495	854	356
nte_01086.jpg	0.067848	0.5066	0.6297	162.3	127.1	0.6611	854	356
nte_01086.jpg	0.000400	0.4426	0.3664	12.7	9.5	0.3416	854	356
nte_01087.jpg	0.072295	0.5086	0.6222	166.4	132.1	0.5732	854	356
nte_01088.jpg	0.069540	0.5078	0.6260	162.7	129.9	0.6187	854	356
nte_01089.jpg	0.064245	0.5047	0.6391	158.5	123.3	0.7617	854	356
nte_01089.jpg	0.000712	0.4387	0.3589	15.3	14.2	0.4036	854	356
nte_01089.jpg	0.000381	0.5023	0.3673	12.6	9.2	0.2686	854	356
nte_01090.jpg	0.061810	0.5051	0.6503	157.8	119.1	0.7080	854	356
nte_01090.jpg	0.000543	0.5016	0.3636	16.4	10.1	0.3333	854	356
nte_01091.jpg	0.059677	0.5047	0.6513	156.6	115.8	0.7393	854	356
nte_01091.jpg	0.000552	0.3074	0.3664	16.3	10.3	0.3430	854	356
nte_01091.jpg	0.000651	0.4332	0.3570	15.3	12.9	0.2930	854	356
nte_01092.jpg	0.055538	0.5047	0.6578	154.8	109.1	0.8057	854	356
nte_01092.jpg	0.000621	0.4313	0.3580	15.5	12.2	0.4890	854	356
nte_01092.jpg	0.000711	0.2941	0.3664	20.8	10.4	0.3450	854	356
nte_01093.jpg	0.059606	0.5059	0.6578	157.5	115.1	0.7246	854	356
nte_01093.jpg	0.001168	0.4277	0.3476	19.5	18.2	0.4482	854	356
nte_01093.jpg	0.001234	0.5918	0.3402	29.6	12.7	0.2915	854	356
nte_01094.jpg	0.055281	0.5000	0.6494	148.6	113.1	0.8247	854	356
nte_01095.jpg	0.062478	0.4992	0.6363	153.8	123.5	0.8291	854	356
nte_01095.jpg	0.000778	0.4094	0.3542	21.7	10.9	0.2729	854	356
nte_01096.jpg	0.059041	0.4977	0.6428	151.8	118.3	0.6338	854	356
nte_01097.jpg	0.062616	0.4980	0.6288	152.8	124.6	0.7476	854	356
nte_01098.jpg	0.066571	0.4922	0.6353	157.8	128.3	0.7090	854	356
nte_01099.jpg	0.066509	0.4855	0.6363	162.0	124.8	0.3337	854	356
nte_01100.jpg	0.065750	0.4855	0.6344	159.8	125.1	0.6270	854	356
nte_01101.jpg	0.061620	0.4879	0.6447	154.7	121.1	0.3667	854	356
nte_01102.jpg	0.060860	0.4840	0.6494	160.0	115.7	0.6963	854	356
nte_01103.jpg	0.070612	0.4879	0.6288	164.8	130.3	0.5757	854	356
nte_01103.jpg	0.002173	0.4781	0.3092	30.2	21.9	0.3389	854	356
nte_01104.jpg	0.072105	0.4902	0.6466	171.8	127.6	0.5698	854	356
nte_01105.jpg	0.002347	0.5492	0.4076	31.0	23.0	0.6050	854	356
nte_01105.jpg	0.003776	0.5988	0.3992	37.0	31.0	0.5566	854	356
nte_01105.jpg	0.000543	0.4848	0.3430	17.1	9.7	0.2905	854	356
nte_01105.jpg	0.072953	0.4887	0.6372	154.6	143.4	0.2832	854	356
nte_01106.jpg	0.069435	0.4938	0.6438	155.3	135.9	0.7368	854	356
nte_01106.jpg	0.003766	0.5793	0.4095	38.1	30.0	0.6719	854	356
nte_01106.jpg	0.004485	0.5363	0.4142	50.6	26.9	0.3384	854	356
nte_01106.jpg	0.000644	0.5230	0.3327	17.4	11.2	0.3301	854	356
nte_01106.jpg	0.012580	0.2924	0.3139	90.9	42.1	0.2686	854	356
nte_01107.jpg	0.000450	0.4043	0.3645	16.1	8.5	0.5327	854	356
nte_01107.jpg	0.000480	0.5051	0.3327	15.6	9.4	0.3184	854	356
nte_01107.jpg	0.077504	0.4992	0.6241	159.6	147.6	0.3132	854	356
nte_01108.jpg	0.000780	0.3676	0.3776	20.6	11.5	0.4827	854	356
nte_01108.jpg	0.000567	0.4977	0.3355	16.5	10.5	0.4082	854	356
nte_01109.jpg	0.003114	0.3174	0.3964	47.0	20.2	0.4797	854	356
nte_01110.jpg	0.012392	0.1746	0.4376	95.2	39.6	0.3999	854	356
nte_01110.jpg	0.057104	0.0837	0.3673	142.8	121.6	0.3096	854	356
nte_01110.jpg	0.000677	0.6918	0.3327	17.5	11.8	0.2690	854	356
nte_01110.jpg	0.069785	0.4961	0.6344	156.5	135.6	0.2598	854	356
nte_01111.jpg	0.066182	0.4953	0.6344	155.0	129.9	0.5088	854	356
nte_01111.jpg	0.000605	0.4875	0.3495	15.8	11.7	0.2751	854	356
nte_01112.jpg	0.064629	0.4949	0.6363	155.2	126.6	0.6338	854	356
nte_01113.jpg	0.066665	0.4945	0.6288	154.2	131.4	0.7603	854	356
nte_01113.jpg	0.000715	0.3836	0.3936	18.9	11.5	0.5918	854	356
nte_01113.jpg	0.000514	0.3971	0.3983	13.9	11.2	0.2844	854	356
nte_01113.jpg	0.000708	0.4668	0.3458	16.7	12.9	0.2673	854	356
nte_01114.jpg	0.069748	0.4957	0.6241	158.1	134.1	0.6982	854	356
nte_01114.jpg	0.001799	0.3266	0.4170	32.9	16.6	0.3965	854	356
nte_01114.jpg	0.000353	0.5082	0.3608	10.8	9.9	0.3186	854	356
nte_01114.jpg	0.000603	0.7742	0.3711	18.8	9.8	0.2988	854	356
nte_01115.jpg	0.065375	0.4957	0.6325	155.0	128.3	0.8013	854	356
nte_01115.jpg	0.010997	0.1770	0.4535	87.5	38.2	0.7759	854	356
nte_01116.jpg	0.062839	0.4980	0.6372	155.6	122.8	0.7603	854	356
nte_01116.jpg	0.000473	0.5527	0.3626	13.4	10.7	0.4192	854	356
nte_01116.jpg	0.000425	0.4977	0.3683	11.0	11.7	0.2917	854	356
nte_01117.jpg	0.062471	0.4957	0.6363	152.5	124.5	0.6738	854	356
nte_01117.jpg	0.000572	0.5543	0.3655	15.2	11.4	0.5186	854	356
nte_01117.jpg	0.001237	0.4840	0.4489	24.7	15.2	0.2732	854	356
nte_01118.jpg	0.065699	0.4973	0.6316	152.5	131.0	0.4370	854	356
nte_01119.jpg	0.070145	0.4984	0.6194	154.8	137.8	0.6401	854	356
nte_01120.jpg	0.070069	0.4980	0.6194	154.6	137.8	0.5166	854	356
nte_01120.jpg	0.000367	0.4594	0.3617	11.6	9.7	0.2549	854	356
nte_01121.jpg	0.068437	0.4973	0.6231	156.1	133.3	0.4377	854	356
nte_01121.jpg	0.000660	0.5219	0.3739	16.3	12.4	0.3025	854	356
nte_01122.jpg	0.000616	0.4535	0.3711	17.5	10.7	0.3120	854	356
nte_01122.jpg	0.000884	0.5207	0.3776	18.8	14.3	0.2954	854	356
nte_01122.jpg	0.000488	0.4359	0.3692	14.0	10.6	0.2939	854	356
nte_01123.jpg	0.000839	0.4410	0.3786	21.4	11.9	0.2534	854	356
nte_01124.jpg	0.075257	0.4961	0.6335	159.9	143.1	0.7319	854	356
nte_01124.jpg	0.000874	0.4062	0.4095	20.0	13.3	0.4727	854	356
nte_01124.jpg	0.001184	0.3803	0.4554	23.6	15.3	0.2859	854	356
nte_01124.jpg	0.000697	0.3898	0.4011	16.2	13.1	0.2805	854	356
nte_01125.jpg	0.080804	0.4965	0.6466	170.5	144.1	0.6851	854	356
nte_01125.jpg	0.003448	0.3549	0.4339	41.3	25.4	0.5093	854	356
nte_01126.jpg	0.084263	0.4953	0.6484	174.1	147.1	0.5522	854	356
nte_01126.jpg	0.018514	0.1815	0.5126	108.4	51.9	0.3516	854	356
nte_01127.jpg	0.086361	0.4961	0.6588	181.1	144.9	0.7563	854	356
nte_01128.jpg	0.093705	0.4957	0.6503	182.5	156.1	0.4590	854	356
nte_01128.jpg	0.002451	0.2623	0.4807	43.5	17.1	0.3418	854	356
nte_01129.jpg	0.089277	0.4957	0.6616	180.8	150.1	0.6499	854	356
nte_01129.jpg	0.000310	0.4195	0.4264	12.6	7.5	0.4507	854	356
nte_01129.jpg	0.002204	0.3240	0.4704	36.0	18.6	0.3420	854	356
nte_01129.jpg	0.000538	0.3932	0.4470	15.9	10.3	0.2637	854	356
nte_01130.jpg	0.091456	0.4949	0.6681	184.8	150.5	0.6064	854	356
nte_01130.jpg	0.003058	0.3584	0.4573	38.1	24.4	0.3228	854	356
nte_01130.jpg	0.001147	0.1278	0.5229	27.2	12.8	0.2559	854	356
nte_01131.jpg	0.090436	0.4984	0.6700	182.1	151.0	0.7124	854	356
nte_01131.jpg	0.010344	0.2549	0.4873	75.3	41.8	0.5396	854	356
nte_01131.jpg	0.000531	0.3797	0.4404	15.9	10.2	0.2710	854	356
nte_01132.jpg	0.095146	0.5020	0.6700	186.5	155.1	0.5947	854	356
nte_01132.jpg	0.000831	0.3477	0.4451	19.7	12.8	0.4944	854	356
nte_01132.jpg	0.000348	0.4172	0.4292	12.3	8.6	0.3430	854	356
nte_01133.jpg	0.074706	0.5340	0.7009	189.6	119.8	0.6152	854	356
nte_01134.jpg	0.108157	0.4949	0.7019	276.9	118.8	0.8770	854	356
nte_01134.jpg	0.002081	0.3852	0.4207	53.4	11.8	0.4531	854	356
nte_01135.jpg	0.110527	0.4727	0.6916	307.6	109.3	0.8955	854	356
nte_01136.jpg	0.111448	0.4652	0.6906	313.2	108.2	0.9038	854	356
nte_01137.jpg	0.111828	0.4594	0.6869	317.2	107.2	0.8945	854	356
nte_01138.jpg	0.108556	0.4520	0.6831	313.6	105.2	0.9019	854	356
nte_01139.jpg	0.108611	0.4461	0.6812	316.7	104.2	0.8970	854	356
nte_01140.jpg	0.123076	0.4344	0.6850	340.9	109.8	0.8892	854	356
nte_01141.jpg	0.144728	0.4203	0.6962	361.6	121.7	0.8882	854	356
nte_01141.jpg	0.004415	0.5691	0.5754	66.0	20.3	0.3828	854	356
nte_01142.jpg	0.143583	0.4125	0.7037	366.3	119.2	0.8765	854	356
nte_01143.jpg	0.149960	0.4062	0.7094	370.6	123.0	0.9116	854	356
nte_01144.jpg	0.152234	0.4020	0.7075	373.0	124.1	0.9058	854	356
nte_01145.jpg	0.152644	0.4008	0.7075	373.0	124.4	0.9067	854	356
nte_01146.jpg	0.151109	0.4016	0.7112	373.0	123.2	0.9131	854	356
nte_01147.jpg	0.150764	0.4004	0.7112	373.6	122.7	0.8730	854	356
nte_01148.jpg	0.121144	0.4277	0.6756	325.9	113.0	0.8901	854	356
nte_01150.jpg	0.086320	0.5070	0.6709	211.3	124.2	0.5298	854	356
nte_01150.jpg	0.031247	0.4047	0.2661	81.8	116.2	0.5239	854	356
nte_01150.jpg	0.007006	0.3896	0.3833	71.6	29.7	0.3430	854	356
nte_01151.jpg	0.088602	0.5090	0.6728	217.5	123.8	0.2791	854	356
nte_01152.jpg	0.066381	0.4934	0.6484	155.1	130.1	0.5039	854	356
nte_01152.jpg	0.000767	0.5598	0.3786	16.7	13.9	0.2961	854	356
nte_01153.jpg	0.076366	0.5027	0.6138	164.6	141.0	0.4543	854	356
nte_01154.jpg	0.071938	0.5008	0.6175	157.8	138.6	0.5103	854	356
nte_01155.jpg	0.070670	0.5000	0.6166	155.3	138.4	0.6870	854	356
nte_01155.jpg	0.000857	0.5297	0.4076	18.7	14.0	0.4951	854	356
nte_01156.jpg	0.071436	0.5020	0.6222	158.8	136.8	0.7959	854	356
nte_01156.jpg	0.000912	0.5324	0.4132	21.0	13.2	0.5708	854	356
nte_01157.jpg	0.068647	0.4992	0.6278	157.3	132.7	0.7046	854	356
nte_01157.jpg	0.001613	0.5312	0.4104	27.9	17.6	0.4500	854	356
nte_01158.jpg	0.064695	0.4992	0.6419	157.1	125.2	0.6963	854	356
nte_01159.jpg	0.066918	0.4969	0.6335	154.8	131.4	0.6812	854	356
nte_01160.jpg	0.068144	0.4973	0.6325	155.5	133.3	0.7231	854	356
nte_01160.jpg	0.001266	0.5352	0.4264	24.0	16.1	0.5464	854	356
nte_01161.jpg	0.066003	0.4965	0.6353	156.0	128.6	0.6489	854	356
nte_01162.jpg	0.001662	0.5359	0.4339	27.2	18.6	0.7754	854	356
nte_01162.jpg	0.070060	0.4930	0.6335	159.6	133.4	0.7427	854	356
nte_01162.jpg	0.001006	0.4926	0.4339	20.4	15.0	0.3538	854	356
nte_01162.jpg	0.000378	0.5281	0.3945	13.4	8.6	0.2559	854	356
nte_01162.jpg	0.000399	0.5105	0.4039	13.4	9.0	0.2527	854	356
nte_01163.jpg	0.075800	0.4938	0.6372	161.9	142.4	0.7305	854	356
nte_01164.jpg	0.078943	0.4934	0.6456	169.4	141.7	0.8320	854	356
nte_01165.jpg	0.081520	0.4910	0.6447	176.5	140.4	0.7354	854	356
nte_01166.jpg	0.091131	0.4941	0.6419	183.6	150.9	0.4919	854	356
nte_01166.jpg	0.000378	0.4215	0.3730	12.0	9.6	0.2974	854	356
nte_01167.jpg	0.093163	0.4984	0.6475	185.0	153.1	0.4661	854	356
nte_01168.jpg	0.085456	0.5008	0.6625	175.8	147.8	0.6987	854	356
nte_01168.jpg	0.004378	0.4531	0.5276	39.5	33.7	0.4048	854	356
nte_01169.jpg	0.101289	0.5023	0.6325	189.6	162.4	0.4873	854	356
nte_01170.jpg	0.077473	0.4961	0.6719	180.8	130.3	0.5366	854	356
nte_01170.jpg	0.008057	0.5285	0.5182	55.4	44.2	0.3984	854	356
nte_01171.jpg	0.076471	0.4949	0.6541	169.5	137.2	0.6807	854	356
nte_01172.jpg	0.071299	0.4887	0.6653	169.2	128.1	0.6504	854	356
nte_01172.jpg	0.002640	0.5105	0.4845	35.5	22.6	0.2563	854	356
nte_01173.jpg	0.076090	0.4938	0.6447	169.5	136.4	0.5591	854	356
nte_01174.jpg	0.070127	0.4969	0.6494	164.3	129.8	0.7183	854	356
nte_01174.jpg	0.008496	0.2605	0.3861	80.4	32.1	0.4270	854	356
nte_01175.jpg	0.060685	0.4941	0.6644	156.1	118.2	0.7466	854	356
nte_01176.jpg	0.068138	0.4953	0.6456	160.9	128.8	0.5088	854	356
nte_01176.jpg	0.000245	0.3270	0.3954	11.0	6.8	0.4431	854	356
nte_01176.jpg	0.000791	0.4074	0.4517	15.9	15.2	0.2766	854	356
nte_01177.jpg	0.058833	0.4961	0.6709	157.1	113.8	0.8013	854	356
nte_01178.jpg	0.057100	0.4973	0.6691	155.5	111.7	0.8398	854	356
nte_01179.jpg	0.061068	0.5031	0.6700	155.8	119.2	0.8179	854	356
nte_01180.jpg	0.066368	0.5031	0.6447	157.2	128.4	0.7900	854	356
nte_01181.jpg	0.068257	0.5051	0.6503	159.7	129.9	0.7422	854	356
nte_01181.jpg	0.006764	0.4598	0.5163	48.7	42.2	0.5708	854	356
nte_01182.jpg	0.069748	0.5023	0.6456	156.4	135.6	0.8140	854	356
nte_01182.jpg	0.000655	0.2666	0.4592	18.9	10.6	0.3091	854	356
nte_01183.jpg	0.063442	0.5031	0.6606	158.6	121.6	0.8276	854	356
nte_01183.jpg	0.000515	0.2775	0.5276	14.6	10.8	0.3186	854	356
nte_01184.jpg	0.063364	0.5047	0.6634	163.1	118.1	0.8013	854	356
nte_01185.jpg	0.059027	0.4977	0.6625	152.3	117.8	0.8330	854	356
nte_01186.jpg	0.057018	0.5035	0.6653	153.3	113.1	0.8276	854	356
nte_01186.jpg	0.000445	0.2461	0.3936	15.0	9.0	0.3892	854	356
nte_01187.jpg	0.064031	0.5051	0.6531	158.8	122.6	0.7842	854	356
nte_01187.jpg	0.008248	0.5758	0.6194	53.1	47.2	0.3647	854	356
nte_01188.jpg	0.060487	0.5074	0.6606	159.2	115.5	0.8369	854	356
nte_01188.jpg	0.000542	0.4086	0.4891	15.2	10.9	0.2820	854	356
nte_01189.jpg	0.056789	0.5086	0.6588	157.8	109.4	0.8350	854	356
nte_01190.jpg	0.060008	0.5047	0.6559	158.3	115.3	0.8379	854	356
nte_01191.jpg	0.055284	0.5016	0.6578	154.8	108.6	0.8726	854	356
nte_01191.jpg	0.000585	0.4055	0.5369	15.2	11.7	0.2800	854	356
nte_01192.jpg	0.060255	0.5055	0.6700	157.1	116.6	0.7974	854	356
nte_01193.jpg	0.056242	0.5039	0.6663	154.6	110.6	0.8208	854	356
nte_01194.jpg	0.056636	0.5098	0.6719	152.0	113.3	0.8296	854	356
nte_01194.jpg	0.000634	0.4102	0.5444	17.0	11.3	0.3833	854	356
nte_01194.jpg	0.001175	0.3350	0.3177	35.7	10.0	0.2668	854	356
nte_01195.jpg	0.055496	0.5121	0.6616	164.2	102.7	0.8599	854	356
nte_01195.jpg	0.001102	0.3418	0.3158	35.2	9.5	0.2722	854	356
nte_01196.jpg	0.052564	0.5145	0.6625	158.6	100.7	0.8745	854	356
nte_01196.jpg	0.000254	0.2438	0.4245	11.1	7.0	0.3928	854	356
nte_01196.jpg	0.000336	0.2283	0.4236	13.2	7.7	0.2964	854	356
nte_01197.jpg	0.052099	0.5094	0.6625	153.5	103.2	0.7539	854	356
nte_01197.jpg	0.000283	0.3082	0.4217	10.8	8.0	0.2856	854	356
nte_01198.jpg	0.051762	0.5047	0.6578	153.5	102.5	0.7822	854	356
nte_01199.jpg	0.056482	0.5031	0.6672	158.9	108.1	0.8032	854	356
nte_01199.jpg	0.000342	0.3279	0.4207	12.4	8.4	0.3701	854	356
nte_01199.jpg	0.000985	0.4723	0.3130	35.1	8.5	0.3218	854	356
nte_01200.jpg	0.054944	0.5109	0.6653	154.0	108.5	0.8638	854	356
nte_01200.jpg	0.000424	0.3273	0.4217	14.2	9.1	0.4941	854	356
nte_01201.jpg	0.057436	0.5031	0.6494	157.0	111.3	0.7959	854	356
nte_01201.jpg	0.000546	0.3576	0.4245	14.2	11.7	0.6182	854	356
nte_01201.jpg	0.000455	0.3447	0.4198	13.1	10.5	0.3132	854	356
nte_01202.jpg	0.055649	0.4984	0.6484	153.5	110.3	0.7905	854	356
nte_01202.jpg	0.000677	0.3865	0.4310	16.5	12.5	0.5728	854	356
nte_01202.jpg	0.000369	0.3740	0.4273	11.7	9.6	0.2715	854	356
nte_01203.jpg	0.059816	0.5023	0.6466	153.5	118.5	0.7451	854	356
nte_01203.jpg	0.000950	0.3650	0.4348	19.6	14.7	0.6699	854	356
nte_01203.jpg	0.000382	0.3797	0.4273	10.9	10.6	0.5112	854	356
nte_01203.jpg	0.000355	0.4059	0.4329	11.5	9.4	0.4421	854	356
nte_01204.jpg	0.057516	0.5000	0.6597	156.7	111.6	0.8208	854	356
nte_01204.jpg	0.001373	0.3371	0.4385	24.5	17.0	0.5981	854	356
nte_01204.jpg	0.000624	0.3658	0.4273	16.7	11.4	0.4487	854	356
nte_01204.jpg	0.000350	0.4293	0.4301	12.5	8.5	0.3000	854	356
nte_01205.jpg	0.055317	0.5074	0.6625	154.3	109.0	0.8521	854	356
nte_01205.jpg	0.002424	0.2922	0.4479	36.3	20.3	0.7368	854	356
nte_01205.jpg	0.000664	0.3449	0.4329	16.5	12.3	0.6484	854	356
nte_01205.jpg	0.000383	0.3600	0.4273	12.1	9.6	0.4431	854	356
nte_01205.jpg	0.000386	0.3281	0.4339	11.9	9.9	0.3210	854	356
nte_01206.jpg	0.054068	0.5121	0.6569	155.0	106.1	0.8286	854	356
nte_01206.jpg	0.000518	0.3451	0.4264	13.9	11.3	0.5269	854	356
nte_01206.jpg	0.000906	0.3191	0.4376	21.6	12.8	0.3752	854	356
nte_01206.jpg	0.002319	0.1493	0.4385	40.4	17.5	0.2695	854	356
nte_01207.jpg	0.057942	0.5109	0.6456	152.6	115.4	0.6978	854	356
nte_01207.jpg	0.000666	0.3283	0.4282	16.1	12.6	0.5249	854	356
nte_01207.jpg	0.001006	0.2756	0.4535	24.8	12.3	0.4331	854	356
nte_01208.jpg	0.057562	0.5117	0.6522	154.0	113.7	0.6021	854	356
nte_01208.jpg	0.000743	0.3004	0.4292	18.6	12.2	0.3667	854	356
nte_01209.jpg	0.055348	0.5105	0.6606	153.8	109.4	0.7280	854	356
nte_01209.jpg	0.001596	0.2666	0.4376	26.7	18.2	0.2781	854	356
nte_01210.jpg	0.055596	0.5059	0.6634	159.2	106.2	0.6167	854	356
nte_01210.jpg	0.000733	0.3430	0.4685	20.0	11.1	0.2583	854	356
nte_01211.jpg	0.084778	0.4914	0.6260	181.5	142.0	0.5752	854	356
nte_01211.jpg	0.020076	0.3258	0.5697	70.3	86.8	0.3511	854	356
nte_01211.jpg	0.000528	0.2340	0.4217	17.9	9.0	0.2632	854	356
nte_01212.jpg	0.061143	0.5004	0.6391	154.8	120.1	0.7876	854	356
nte_01213.jpg	0.065817	0.4996	0.6400	156.2	128.1	0.6855	854	356
nte_01214.jpg	0.062455	0.4969	0.6419	151.8	125.1	0.7529	854	356
nte_01214.jpg	0.005048	0.1693	0.3055	57.5	26.7	0.3218	854	356
nte_01215.jpg	0.065656	0.4996	0.6372	155.6	128.3	0.6055	854	356
nte_01216.jpg	0.064068	0.4980	0.6269	152.5	127.8	0.7485	854	356
nte_01217.jpg	0.063322	0.5020	0.6391	156.3	123.2	0.5400	854	356
nte_01218.jpg	0.056937	0.4988	0.6597	152.6	113.4	0.7217	854	356
nte_01219.jpg	0.061294	0.4941	0.6709	155.0	120.3	0.5884	854	356
nte_01220.jpg	0.055955	0.4941	0.6653	152.5	111.6	0.7437	854	356
nte_01221.jpg	0.059104	0.4992	0.6522	154.1	116.6	0.7480	854	356
nte_01222.jpg	0.058316	0.4957	0.6597	151.2	117.3	0.7778	854	356
nte_01223.jpg	0.061453	0.4871	0.6728	154.3	121.1	0.6987	854	356
nte_01224.jpg	0.062669	0.4891	0.6475	157.1	121.3	0.6831	854	356
nte_01224.jpg	0.002285	0.4410	0.4292	31.5	22.0	0.5044	854	356
nte_01225.jpg	0.060104	0.4918	0.6541	155.0	117.9	0.7632	854	356
nte_01225.jpg	0.003282	0.4148	0.4310	37.2	26.9	0.6421	854	356
nte_01226.jpg	0.065700	0.4953	0.6297	155.1	128.8	0.7222	854	356
nte_01226.jpg	0.004150	0.3676	0.4339	40.3	31.3	0.7173	854	356
nte_01227.jpg	0.066029	0.4980	0.6288	153.1	131.1	0.8301	854	356
nte_01228.jpg	0.069750	0.5008	0.6550	157.0	135.1	0.7871	854	356
nte_01229.jpg	0.065645	0.5004	0.6381	162.5	122.8	0.6968	854	356
nte_01230.jpg	0.057636	0.5012	0.6578	151.7	115.5	0.7559	854	356
nte_01231.jpg	0.053893	0.4938	0.6709	148.9	110.0	0.8237	854	356
nte_01232.jpg	0.050712	0.4859	0.6616	153.0	100.7	0.6680	854	356
nte_01233.jpg	0.054028	0.4898	0.6616	166.6	98.6	0.7598	854	356
nte_01234.jpg	0.049208	0.4871	0.6578	156.1	95.8	0.7764	854	356
nte_01235.jpg	0.051060	0.4938	0.6644	153.7	101.0	0.8179	854	356
nte_01235.jpg	0.000242	0.5707	0.5529	9.8	7.5	0.2954	854	356
nte_01236.jpg	0.052704	0.4930	0.6700	153.7	104.2	0.8525	854	356
nte_01237.jpg	0.048303	0.4867	0.6588	153.1	95.9	0.7397	854	356
nte_01238.jpg	0.054317	0.4867	0.6737	154.5	106.9	0.7363	854	356
nte_01239.jpg	0.055381	0.4891	0.6822	152.4	110.5	0.6279	854	356
nte_01240.jpg	0.048556	0.4895	0.6616	153.8	96.0	0.5439	854	356
nte_01241.jpg	0.048571	0.4906	0.6625	154.4	95.7	0.5645	854	356
nte_01242.jpg	0.058088	0.4961	0.6335	154.5	114.3	0.7476	854	356
nte_01243.jpg	0.056415	0.4969	0.6541	152.5	112.5	0.5688	854	356
nte_01244.jpg	0.060610	0.4980	0.6484	153.1	120.3	0.6904	854	356
nte_01245.jpg	0.058968	0.4961	0.6775	148.9	120.4	0.6880	854	356
nte_01245.jpg	0.008762	0.4344	0.5922	54.8	48.6	0.3201	854	356
nte_01246.jpg	0.065281	0.5000	0.6241	157.3	126.2	0.7510	854	356
nte_01246.jpg	0.000340	0.4926	0.4264	12.1	8.5	0.2898	854	356
nte_01247.jpg	0.067305	0.4996	0.6175	155.3	131.8	0.7520	854	356
nte_01247.jpg	0.006899	0.5703	0.6082	48.8	43.0	0.3918	854	356
nte_01247.jpg	0.000443	0.4477	0.3739	13.1	10.3	0.3752	854	356
nte_01248.jpg	0.068998	0.5035	0.6391	154.8	135.5	0.7021	854	356
nte_01248.jpg	0.009664	0.5719	0.5932	57.4	51.2	0.2698	854	356
nte_01249.jpg	0.065058	0.5082	0.6719	153.7	128.7	0.5195	854	356
nte_01250.jpg	0.069131	0.5117	0.6887	155.4	135.3	0.3535	854	356
nte_01251.jpg	0.064482	0.5078	0.6691	173.0	113.3	0.3711	854	356
nte_01253.jpg	0.071665	0.5027	0.6794	185.8	117.3	0.6631	854	356
nte_01254.jpg	0.091428	0.5059	0.5988	171.8	161.8	0.4089	854	356
nte_01255.jpg	0.081362	0.4980	0.6072	161.5	153.2	0.4924	854	356
nte_01260.jpg	0.004625	0.5871	0.2254	65.2	21.6	0.2678	854	356
nte_01262.jpg	0.063168	0.4977	0.6428	153.6	125.0	0.6030	854	356
nte_01263.jpg	0.065062	0.4977	0.6381	156.0	126.8	0.3750	854	356
nte_01270.jpg	0.064909	0.4883	0.6344	154.5	127.8	0.4353	854	356
nte_01270.jpg	0.000455	0.5816	0.5360	12.9	10.7	0.3147	854	356
nte_01279.jpg	0.000872	0.4023	0.3111	16.6	15.9	0.7119	854	356
nte_01280.jpg	0.000638	0.3967	0.3308	15.5	12.5	0.3911	854	356
nte_01281.jpg	0.000777	0.3881	0.3327	17.1	13.8	0.5454	854	356
nte_01282.jpg	0.000999	0.3775	0.3355	18.3	16.6	0.4150	854	356
nte_01282.jpg	0.000833	0.3773	0.3149	17.4	14.6	0.3894	854	356
nte_01282.jpg	0.091335	0.4930	0.6016	163.3	170.0	0.3015	854	356
nte_01283.jpg	0.001119	0.3645	0.3214	19.8	17.1	0.7544	854	356
nte_01283.jpg	0.085879	0.4918	0.6063	162.0	161.2	0.4136	854	356
nte_01284.jpg	0.001626	0.3502	0.3308	24.3	20.3	0.8047	854	356
nte_01284.jpg	0.088580	0.4965	0.6035	158.3	170.1	0.3484	854	356
nte_01285.jpg	0.002336	0.3314	0.3411	30.9	23.0	0.7896	854	356
nte_01285.jpg	0.023239	0.9430	0.4610	97.8	72.2	0.4221	854	356
nte_01286.jpg	0.003883	0.3059	0.3533	41.2	28.6	0.8022	854	356
nte_01287.jpg	0.007371	0.2674	0.3786	59.4	37.7	0.8398	854	356
nte_01287.jpg	0.066724	0.5000	0.6531	156.1	129.9	0.6943	854	356
nte_01287.jpg	0.020588	0.9477	0.4620	88.4	70.8	0.2515	854	356
nte_01288.jpg	0.064989	0.5031	0.6597	155.5	127.1	0.8276	854	356
nte_01288.jpg	0.013231	0.2105	0.4057	89.6	44.9	0.7085	854	356
nte_01289.jpg	0.039623	0.0938	0.4704	160.0	75.3	0.4446	854	356
nte_01289.jpg	0.015428	0.9531	0.4479	79.1	59.3	0.2620	854	356
nte_01290.jpg	0.071432	0.5074	0.6644	163.9	132.5	0.6074	854	356
nte_01290.jpg	0.016085	0.9547	0.4526	77.1	63.4	0.3594	854	356
nte_01291.jpg	0.070595	0.5105	0.6803	163.3	131.4	0.7100	854	356
nte_01291.jpg	0.015568	0.9586	0.4573	70.8	66.9	0.3679	854	356
nte_01292.jpg	0.076779	0.5156	0.6887	169.6	137.6	0.6099	854	356
nte_01292.jpg	0.015952	0.9602	0.4620	68.1	71.3	0.3145	854	356
nte_01293.jpg	0.073986	0.5145	0.6906	165.0	136.4	0.7886	854	356
nte_01294.jpg	0.078934	0.5176	0.7028	169.0	142.0	0.8481	854	356
nte_01295.jpg	0.082752	0.5207	0.7065	177.1	142.0	0.7896	854	356
nte_01295.jpg	0.000526	0.2297	0.3345	15.1	10.6	0.5161	854	356
nte_01296.jpg	0.081501	0.5219	0.7094	175.8	140.9	0.8276	854	356
nte_01296.jpg	0.000625	0.2229	0.3392	15.4	12.3	0.5034	854	356
nte_01297.jpg	0.089452	0.5238	0.7131	189.1	143.8	0.7324	854	356
nte_01297.jpg	0.000407	0.1223	0.2811	13.3	9.3	0.4304	854	356
nte_01297.jpg	0.000766	0.1779	0.3392	18.3	12.7	0.3906	854	356
nte_01297.jpg	0.000308	0.1663	0.3074	11.4	8.2	0.3882	854	356
nte_01298.jpg	0.116657	0.5105	0.7112	249.9	141.9	0.8628	854	356
nte_01299.jpg	0.117986	0.4914	0.7075	263.9	135.9	0.8848	854	356
nte_01299.jpg	0.057510	0.5637	0.6494	168.8	103.6	0.2571	854	356
nte_01300.jpg	0.124126	0.4891	0.7047	290.1	130.1	0.9019	854	356
nte_01301.jpg	0.126445	0.4980	0.7084	299.9	128.2	0.8828	854	356
nte_01302.jpg	0.131853	0.5129	0.7140	308.9	129.8	0.9009	854	356
nte_01303.jpg	0.134534	0.5188	0.7169	312.6	130.9	0.9004	854	356
nte_01303.jpg	0.011171	0.6223	0.6363	88.8	38.2	0.3345	854	356
nte_01304.jpg	0.134133	0.5172	0.7150	312.2	130.6	0.9038	854	356
nte_01304.jpg	0.010880	0.6289	0.6344	84.5	39.1	0.3899	854	356
nte_01305.jpg	0.116966	0.5043	0.6878	314.9	112.9	0.9004	854	356
nte_01305.jpg	0.008818	0.6031	0.5922	82.9	32.3	0.3518	854	356
nte_01305.jpg	0.021786	0.6309	0.6063	126.3	52.5	0.2749	854	356
nte_01315.jpg	0.001322	0.3012	0.5248	20.1	20.0	0.6826	854	356
nte_01315.jpg	0.000914	0.3791	0.5576	20.9	13.3	0.4785	854	356
nte_01316.jpg	0.001331	0.2979	0.5126	21.8	18.5	0.6572	854	356
nte_01317.jpg	0.001176	0.3016	0.5107	19.7	18.2	0.6675	854	356
nte_01317.jpg	0.205976	0.7430	0.7721	392.3	159.6	0.5928	854	356
nte_01318.jpg	0.001352	0.3020	0.5107	21.7	19.0	0.6748	854	356
nte_01318.jpg	0.213065	0.7699	0.7637	388.0	167.0	0.4189	854	356
nte_01319.jpg	0.001791	0.3014	0.5135	24.7	22.0	0.7261	854	356
nte_01319.jpg	0.219428	0.7805	0.7496	377.0	177.0	0.6743	854	356
nte_01320.jpg	0.230182	0.7773	0.7365	377.0	185.6	0.7173	854	356
nte_01320.jpg	0.001744	0.3020	0.5126	24.4	21.8	0.6802	854	356
nte_01321.jpg	0.244990	0.7742	0.7253	383.6	194.2	0.7163	854	356
nte_01321.jpg	0.001969	0.3014	0.5135	25.8	23.2	0.7109	854	356
nte_01322.jpg	0.002353	0.3004	0.5154	28.1	25.4	0.7480	854	356
nte_01322.jpg	0.265249	0.7680	0.7122	395.6	203.8	0.5596	854	356
nte_01323.jpg	0.266540	0.7727	0.7019	385.0	210.5	0.7949	854	356
nte_01323.jpg	0.002581	0.2992	0.5154	30.2	26.0	0.7349	854	356
nte_01324.jpg	0.278702	0.7711	0.6925	389.0	217.8	0.8584	854	356
nte_01324.jpg	0.002609	0.2969	0.5126	32.9	24.1	0.7275	854	356
nte_01325.jpg	0.284708	0.7703	0.6850	389.3	222.3	0.8765	854	356
nte_01325.jpg	0.002864	0.2947	0.5107	36.0	24.2	0.7334	854	356
nte_01326.jpg	0.290937	0.7719	0.6784	389.6	227.0	0.7993	854	356
nte_01326.jpg	0.003140	0.2734	0.5060	39.2	24.4	0.7290	854	356
nte_01327.jpg	0.257490	0.7285	0.6644	367.0	213.3	0.8979	854	356
nte_01327.jpg	0.007562	0.0942	0.4620	63.3	36.3	0.7056	854	356
nte_01327.jpg	0.004236	0.0222	0.4704	38.0	33.9	0.3320	854	356
nte_01328.jpg	0.191977	0.6781	0.6353	298.6	195.5	0.4724	854	356
nte_01329.jpg	0.141384	0.6547	0.6082	241.5	178.0	0.7583	854	356
nte_01330.jpg	0.157862	0.5488	0.6138	336.9	142.4	0.7275	854	356
nte_01331.jpg	0.152182	0.5336	0.6063	339.9	136.1	0.8145	854	356
nte_01331.jpg	0.007146	0.6734	0.5229	82.4	26.4	0.3174	854	356
nte_01332.jpg	0.149051	0.5281	0.6063	339.6	133.4	0.8491	854	356
nte_01332.jpg	0.021408	0.6773	0.5697	100.2	64.9	0.2583	854	356
nte_01333.jpg	0.148971	0.5281	0.6063	340.3	133.1	0.8472	854	356
nte_01334.jpg	0.147374	0.5281	0.6082	339.6	131.9	0.8608	854	356
nte_01334.jpg	0.020782	0.6770	0.5679	100.1	63.1	0.2556	854	356
nte_01335.jpg	0.147240	0.5281	0.6082	339.9	131.7	0.8613	854	356
nte_01336.jpg	0.147205	0.5285	0.6082	340.9	131.3	0.8555	854	356
nte_01337.jpg	0.146824	0.5277	0.6091	340.3	131.2	0.8516	854	356
nte_01338.jpg	0.148502	0.5094	0.5960	343.9	131.3	0.8696	854	356
nte_01338.jpg	0.018700	0.6645	0.5407	109.3	52.0	0.3354	854	356
nte_01339.jpg	0.139431	0.4742	0.5754	355.9	119.1	0.8667	854	356
nte_01339.jpg	0.017896	0.6316	0.5173	110.7	49.2	0.2600	854	356
nte_01340.jpg	0.143516	0.4480	0.5697	369.0	118.3	0.8906	854	356
nte_01340.jpg	0.007383	0.5906	0.4966	74.1	30.3	0.2742	854	356
nte_01341.jpg	0.142515	0.4402	0.5754	371.6	116.6	0.8921	854	356
nte_01341.jpg	0.121457	0.1710	0.5641	292.1	126.4	0.3176	854	356
nte_01341.jpg	0.008600	0.5863	0.4948	83.6	31.3	0.2803	854	356
nte_01342.jpg	0.142260	0.4398	0.5763	372.3	116.2	0.8931	854	356
nte_01342.jpg	0.008998	0.5844	0.4948	86.3	31.7	0.2690	854	356
nte_01343.jpg	0.141697	0.4402	0.5772	373.0	115.5	0.8950	854	356
nte_01343.jpg	0.009637	0.5820	0.4948	92.6	31.6	0.2947	854	356
nte_01344.jpg	0.141545	0.4402	0.5763	372.3	115.6	0.8965	854	356
nte_01344.jpg	0.017021	0.5875	0.5051	112.9	45.8	0.3015	854	356
nte_01345.jpg	0.141443	0.4398	0.5763	372.3	115.5	0.8955	854	356
nte_01345.jpg	0.017846	0.5863	0.5060	115.8	46.9	0.3066	854	356
nte_01346.jpg	0.140933	0.4398	0.5772	372.3	115.1	0.8994	854	356
nte_01346.jpg	0.016911	0.5848	0.5041	114.6	44.9	0.3125	854	356
nte_01347.jpg	0.140218	0.4402	0.5754	372.3	114.5	0.8955	854	356
nte_01347.jpg	0.016581	0.5863	0.5060	117.3	43.0	0.3254	854	356
nte_01348.jpg	0.141161	0.4398	0.5763	372.6	115.2	0.8936	854	356
nte_01348.jpg	0.016867	0.5855	0.5051	115.3	44.5	0.3535	854	356
nte_01349.jpg	0.141750	0.4398	0.5763	372.3	115.8	0.8936	854	356
nte_01349.jpg	0.009126	0.5727	0.4920	88.1	31.5	0.2800	854	356
nte_01350.jpg	0.141540	0.4418	0.5763	373.6	115.2	0.8872	854	356
nte_01350.jpg	0.010805	0.5781	0.4948	102.6	32.0	0.3083	854	356
nte_01351.jpg	0.138276	0.4563	0.5782	369.3	113.8	0.9067	854	356
nte_01352.jpg	0.142814	0.4758	0.5800	375.6	115.6	0.9033	854	356
nte_01352.jpg	0.008352	0.6254	0.4966	73.7	34.4	0.3252	854	356
nte_01353.jpg	0.139715	0.4891	0.5829	371.0	114.5	0.9097	854	356
nte_01353.jpg	0.019262	0.6504	0.5126	117.4	49.9	0.3657	854	356
nte_01354.jpg	0.132274	0.5031	0.5810	362.3	111.0	0.8955	854	356
nte_01354.jpg	0.021916	0.6516	0.5116	133.9	49.7	0.3279	854	356
nte_01354.jpg	0.007347	0.6492	0.4948	67.6	33.1	0.2617	854	356
nte_01355.jpg	0.137572	0.5383	0.5857	360.3	116.1	0.8770	854	356
nte_01355.jpg	0.021799	0.6555	0.5191	137.6	48.2	0.3647	854	356
nte_01355.jpg	0.007630	0.6809	0.5070	75.2	30.8	0.3252	854	356
nte_01356.jpg	0.280943	0.7398	0.7197	437.7	195.2	0.8745	854	356
nte_01357.jpg	0.275074	0.7480	0.7243	430.0	194.5	0.9077	854	356
nte_01357.jpg	0.024440	0.8766	0.6344	138.0	53.8	0.2527	854	356
nte_01358.jpg	0.273273	0.7461	0.7281	432.0	192.3	0.8369	854	356
nte_01359.jpg	0.261679	0.7563	0.7318	417.7	190.5	0.8799	854	356
nte_01360.jpg	0.250878	0.7633	0.7328	404.3	188.6	0.9238	854	356
nte_01361.jpg	0.235936	0.7703	0.7412	391.3	183.3	0.8809	854	356
nte_01362.jpg	0.230717	0.7719	0.7440	388.3	180.6	0.8169	854	356
nte_01363.jpg	0.226315	0.7730	0.7478	387.0	177.8	0.7261	854	356
nte_01364.jpg	0.227077	0.7727	0.7468	388.6	177.6	0.5474	854	356
nte_01365.jpg	0.222259	0.7734	0.7515	383.6	176.1	0.6045	854	356
nte_01367.jpg	0.205568	0.7750	0.7703	384.3	162.6	0.6475	854	356
nte_01367.jpg	0.062105	0.6531	0.6934	179.0	105.5	0.3235	854	356
nte_01368.jpg	0.199289	0.7766	0.7740	382.0	158.6	0.7012	854	356
nte_01368.jpg	0.064518	0.6543	0.7084	177.0	110.8	0.5327	854	356
nte_01369.jpg	0.196212	0.7758	0.7740	382.3	156.0	0.7031	854	356
nte_01369.jpg	0.071828	0.6645	0.7187	192.8	113.3	0.3518	854	356
nte_01370.jpg	0.191406	0.7766	0.7806	379.6	153.3	0.7661	854	356
nte_01370.jpg	0.080717	0.6734	0.7347	203.5	120.6	0.2847	854	356
nte_01371.jpg	0.195231	0.7770	0.7778	377.0	157.5	0.6807	854	356
nte_01372.jpg	0.177720	0.7797	0.7965	373.6	144.6	0.6089	854	356
nte_01373.jpg	0.171344	0.7797	0.8031	377.0	138.2	0.4072	854	356
nte_01374.jpg	0.169834	0.7820	0.8040	372.3	138.7	0.5459	854	356
nte_01375.jpg	0.156692	0.7832	0.8199	370.0	128.8	0.6118	854	356
nte_01376.jpg	0.157199	0.7848	0.8124	363.6	131.4	0.6118	854	356
nte_01377.jpg	0.148288	0.7875	0.8218	358.9	125.6	0.7070	854	356
nte_01378.jpg	0.127702	0.7859	0.8415	351.6	110.4	0.6558	854	356
nte_01380.jpg	0.113704	0.7980	0.8546	341.4	101.2	0.5381	854	356
nte_01380.jpg	0.000626	0.0084	0.3045	14.4	13.2	0.3301	854	356
nte_01381.jpg	0.000657	0.0071	0.3102	12.3	16.3	0.3267	854	356
nte_01382.jpg	0.000521	0.0057	0.3102	9.8	16.2	0.5386	854	356
nte_01383.jpg	0.000375	0.0040	0.3111	7.0	16.3	0.4958	854	356
nte_01389.jpg	0.000318	0.0448	0.3280	10.5	9.2	0.4365	854	356
nte_01390.jpg	0.000373	0.0454	0.3439	11.4	9.9	0.2515	854	356
nte_01391.jpg	0.000352	0.0444	0.3739	11.2	9.6	0.3118	854	356
nte_01412.jpg	0.010922	0.0255	0.4573	43.7	76.1	0.5093	854	356
nte_01413.jpg	0.014297	0.0416	0.3383	71.1	61.2	0.8335	854	356
nte_01413.jpg	0.007404	0.9727	0.3795	46.6	48.3	0.2717	854	356
nte_01414.jpg	0.022628	0.0866	0.3383	103.5	66.5	0.8457	854	356
nte_01415.jpg	0.015049	0.1831	0.3373	78.9	58.0	0.8647	854	356
nte_01415.jpg	0.000552	0.2547	0.2699	15.2	11.0	0.3596	854	356
nte_01416.jpg	0.011445	0.2068	0.3242	69.3	50.2	0.8081	854	356
nte_01416.jpg	0.000484	0.2744	0.2736	12.4	11.9	0.4575	854	356
nte_01417.jpg	0.009616	0.2125	0.3167	65.2	44.8	0.8364	854	356
nte_01417.jpg	0.000395	0.2768	0.2792	11.9	10.1	0.4185	854	356
nte_01418.jpg	0.008371	0.2230	0.3214	59.3	43.0	0.8345	854	356
nte_01418.jpg	0.000447	0.2789	0.2849	11.9	11.5	0.3052	854	356
nte_01419.jpg	0.007593	0.2229	0.3336	54.2	42.6	0.8184	854	356
nte_01420.jpg	0.006923	0.2111	0.3514	50.0	42.1	0.7915	854	356
nte_01420.jpg	0.000403	0.2527	0.3252	11.6	10.6	0.2610	854	356
nte_01421.jpg	0.006373	0.2172	0.3617	46.4	41.8	0.8071	854	356
nte_01428.jpg	0.001932	0.3572	0.3730	25.0	23.5	0.4651	854	356
nte_01429.jpg	0.052280	0.0845	0.5201	143.9	110.4	0.9238	854	356
nte_01429.jpg	0.002349	0.3326	0.3823	25.6	27.9	0.5879	854	356
nte_01430.jpg	0.040867	0.0693	0.5060	118.4	104.9	0.9248	854	356
nte_01430.jpg	0.002411	0.2854	0.3917	24.6	29.8	0.4805	854	356
nte_01430.jpg	0.000457	0.3330	0.3964	14.5	9.6	0.2852	854	356
nte_01431.jpg	0.027625	0.0513	0.4901	87.6	95.9	0.8276	854	356
nte_01431.jpg	0.002859	0.2365	0.3898	27.4	31.8	0.6494	854	356
nte_01432.jpg	0.003323	0.1488	0.3889	30.2	33.4	0.7446	854	356
nte_01432.jpg	0.008549	0.0189	0.4704	32.3	80.5	0.5547	854	356
nte_01433.jpg	0.003557	0.0999	0.3861	31.9	33.9	0.7485	854	356
nte_01434.jpg	0.003398	0.0843	0.3842	32.9	31.4	0.7759	854	356
nte_01434.jpg	0.002722	0.0089	0.4545	15.3	54.0	0.6284	854	356
nte_01435.jpg	0.003643	0.0813	0.3879	32.5	34.0	0.7417	854	356
nte_01435.jpg	0.004155	0.0133	0.4310	22.7	55.6	0.6982	854	356
nte_01436.jpg	0.007325	0.0210	0.4264	35.8	62.1	0.8442	854	356
nte_01436.jpg	0.003256	0.0807	0.3851	30.7	32.3	0.7524	854	356
nte_01437.jpg	0.007353	0.0246	0.4114	42.0	53.2	0.8301	854	356
nte_01437.jpg	0.002730	0.0745	0.3748	29.8	27.9	0.7388	854	356
nte_01437.jpg	0.000587	0.0352	0.3683	15.7	11.4	0.3726	854	356
nte_01438.jpg	0.006567	0.0241	0.4011	41.2	48.4	0.7231	854	356
nte_01438.jpg	0.002782	0.0703	0.3814	29.4	28.8	0.4260	854	356
nte_01438.jpg	0.001923	0.0428	0.4132	21.2	27.6	0.2727	854	356
nte_01439.jpg	0.005506	0.0214	0.4039	36.5	45.8	0.7974	854	356
nte_01439.jpg	0.003548	0.0842	0.3908	33.9	31.8	0.5654	854	356
nte_01440.jpg	0.005689	0.0176	0.4179	30.3	57.1	0.8071	854	356
nte_01440.jpg	0.006122	0.1078	0.3561	47.0	39.6	0.6416	854	356
nte_01440.jpg	0.010018	0.9648	0.5360	59.7	51.0	0.4255	854	356
nte_01441.jpg	0.005624	0.0227	0.4076	38.8	44.1	0.8315	854	356
nte_01441.jpg	0.006644	0.1127	0.3664	49.3	40.9	0.5444	854	356
nte_01441.jpg	0.009470	0.9609	0.5294	65.6	43.9	0.3555	854	356
nte_01442.jpg	0.006097	0.0261	0.4067	44.4	41.7	0.8071	854	356
nte_01442.jpg	0.006659	0.1065	0.3655	49.5	40.9	0.4443	854	356
nte_01442.jpg	0.010660	0.9570	0.5332	73.2	44.3	0.3005	854	356
nte_01443.jpg	0.005760	0.0257	0.4048	44.0	39.8	0.8149	854	356
nte_01443.jpg	0.001804	0.0842	0.3889	25.6	21.4	0.2942	854	356
nte_01444.jpg	0.004663	0.0240	0.4039	40.9	34.7	0.8486	854	356
nte_01444.jpg	0.001536	0.0711	0.3889	25.1	18.6	0.6045	854	356
nte_01445.jpg	0.002767	0.0154	0.4104	26.3	31.9	0.7778	854	356
nte_01445.jpg	0.001354	0.0461	0.3917	24.9	16.6	0.3752	854	356
nte_01446.jpg	0.002327	0.0137	0.4198	23.4	30.2	0.8037	854	356
nte_01447.jpg	0.001780	0.0109	0.4310	18.7	29.0	0.5010	854	356
nte_01448.jpg	0.001588	0.0103	0.4339	17.7	27.3	0.6621	854	356
nte_01449.jpg	0.001416	0.0090	0.4329	15.5	27.8	0.4968	854	356
nte_01455.jpg	0.009887	0.8508	0.6035	74.9	40.1	0.5752	854	356
nte_01456.jpg	0.006150	0.7812	0.6044	52.6	35.5	0.6675	854	356
nte_01456.jpg	0.004711	0.7352	0.6100	46.7	30.7	0.4556	854	356
nte_01457.jpg	0.009315	0.7727	0.6072	74.1	38.2	0.7192	854	356
nte_01457.jpg	0.001959	0.9898	0.5454	17.1	34.9	0.3469	854	356
nte_01457.jpg	0.001410	0.7238	0.5819	26.1	16.5	0.3376	854	356
nte_01458.jpg	0.013302	0.7883	0.6166	91.2	44.3	0.8438	854	356
nte_01458.jpg	0.002092	0.7258	0.5838	32.1	19.8	0.6338	854	356
nte_01458.jpg	0.001989	0.9898	0.5463	17.0	35.5	0.3496	854	356
nte_01459.jpg	0.016818	0.8070	0.6241	105.2	48.6	0.8657	854	356
nte_01459.jpg	0.002393	0.7246	0.5847	35.7	20.4	0.5576	854	356
nte_01459.jpg	0.002108	0.9898	0.5454	17.8	35.9	0.3042	854	356
nte_01460.jpg	0.027230	0.8445	0.6363	143.9	57.5	0.8608	854	356
nte_01460.jpg	0.003881	0.7230	0.5950	44.5	26.5	0.4075	854	356
nte_01460.jpg	0.000795	0.7504	0.5744	17.9	13.5	0.3970	854	356
nte_01460.jpg	0.002056	0.9898	0.5435	17.8	35.0	0.3296	854	356
nte_01461.jpg	0.038854	0.8758	0.6447	175.0	67.5	0.8218	854	356
nte_01461.jpg	0.005855	0.7250	0.6128	46.6	38.2	0.5640	854	356
nte_01461.jpg	0.000695	0.7488	0.5763	14.7	14.4	0.3198	854	356
nte_01461.jpg	0.000632	0.7680	0.5735	17.3	11.1	0.3096	854	356
nte_01462.jpg	0.043870	0.9016	0.6616	167.5	79.6	0.7515	854	356
nte_01462.jpg	0.005761	0.7301	0.6091	47.7	36.7	0.6968	854	356
nte_01462.jpg	0.001009	0.7723	0.5725	23.9	12.9	0.4617	854	356
nte_01467.jpg	0.007138	0.3551	0.6644	61.9	35.1	0.8306	854	356
nte_01467.jpg	0.001588	0.4285	0.6372	22.7	21.2	0.3875	854	356
nte_01468.jpg	0.004536	0.4879	0.6016	46.5	29.7	0.8257	854	356
nte_01468.jpg	0.000906	0.5418	0.5782	17.6	15.7	0.5396	854	356
nte_01468.jpg	0.022927	0.0429	0.8143	73.1	95.4	0.4766	854	356
nte_01469.jpg	0.069979	0.1093	0.7440	186.5	114.1	0.8418	854	356
nte_01469.jpg	0.003805	0.4992	0.5978	42.0	27.6	0.8027	854	356
nte_01469.jpg	0.001083	0.5473	0.5763	18.8	17.5	0.6553	854	356
nte_01470.jpg	0.116029	0.1539	0.7609	263.4	133.9	0.8716	854	356
nte_01470.jpg	0.003511	0.5063	0.5932	39.4	27.1	0.8037	854	356
nte_01470.jpg	0.001144	0.5484	0.5754	19.2	18.1	0.6167	854	356
nte_01471.jpg	0.140035	0.1809	0.7581	309.6	137.5	0.8765	854	356
nte_01471.jpg	0.003162	0.5121	0.5950	34.8	27.6	0.7939	854	356
nte_01471.jpg	0.000933	0.5469	0.5754	16.7	17.0	0.5786	854	356
nte_01472.jpg	0.053146	0.2824	0.6663	206.3	78.3	0.8662	854	356
nte_01472.jpg	0.003024	0.5156	0.5950	34.0	27.0	0.7554	854	356
nte_01472.jpg	0.000819	0.5449	0.5735	16.8	14.8	0.5903	854	356
nte_01473.jpg	0.033759	0.3414	0.6456	154.7	66.3	0.8208	854	356
nte_01473.jpg	0.002624	0.5211	0.5941	29.8	26.8	0.7310	854	356
nte_01473.jpg	0.000591	0.5441	0.5707	14.8	12.1	0.5732	854	356
nte_01474.jpg	0.021287	0.3793	0.6335	122.0	53.0	0.8359	854	356
nte_01474.jpg	0.002300	0.5230	0.5913	27.9	25.1	0.7329	854	356
nte_01474.jpg	0.000521	0.5434	0.5697	14.5	10.9	0.3127	854	356
nte_01475.jpg	0.014207	0.4109	0.6222	97.1	44.5	0.8628	854	356
nte_01475.jpg	0.002033	0.5270	0.5922	24.6	25.1	0.6816	854	356
nte_01475.jpg	0.002716	0.4715	0.5978	36.5	22.6	0.2932	854	356
nte_01476.jpg	0.010366	0.4348	0.6147	80.2	39.3	0.8389	854	356
nte_01476.jpg	0.001912	0.5305	0.5894	24.6	23.6	0.6987	854	356
nte_01477.jpg	0.007690	0.4520	0.6100	66.4	35.2	0.7866	854	356
nte_01477.jpg	0.001778	0.5324	0.5857	24.3	22.3	0.7231	854	356
nte_01478.jpg	0.001302	0.5344	0.5800	22.1	17.9	0.7637	854	356
nte_01478.jpg	0.006217	0.4668	0.6025	60.8	31.1	0.7563	854	356
nte_01479.jpg	0.005755	0.4781	0.6007	57.9	30.2	0.8232	854	356
nte_01479.jpg	0.001209	0.5359	0.5800	19.8	18.5	0.7153	854	356
nte_01480.jpg	0.004821	0.4875	0.5978	49.6	29.6	0.8257	854	356
nte_01480.jpg	0.001200	0.5371	0.5819	19.5	18.7	0.6914	854	356
nte_01481.jpg	0.004422	0.4965	0.5960	45.7	29.4	0.7754	854	356
nte_01481.jpg	0.001002	0.5379	0.5800	18.2	16.7	0.6284	854	356
nte_01482.jpg	0.072146	0.1154	0.7318	197.2	111.3	0.8438	854	356
nte_01482.jpg	0.004323	0.5039	0.5960	45.1	29.1	0.8081	854	356
nte_01482.jpg	0.000823	0.5398	0.5772	16.6	15.0	0.5020	854	356
nte_01483.jpg	0.119465	0.1599	0.7562	273.2	132.9	0.8838	854	356
nte_01483.jpg	0.003371	0.5082	0.5941	37.6	27.2	0.7979	854	356
nte_01483.jpg	0.000738	0.5410	0.5763	16.1	13.9	0.6084	854	356
nte_01484.jpg	0.073020	0.2359	0.6859	253.0	87.7	0.9126	854	356
nte_01484.jpg	0.003163	0.5141	0.5941	35.2	27.4	0.7769	854	356
nte_01484.jpg	0.000838	0.5422	0.5782	16.6	15.3	0.5205	854	356
nte_01485.jpg	0.039903	0.3187	0.6559	175.5	69.1	0.8994	854	356
nte_01485.jpg	0.002677	0.5191	0.5941	31.0	26.3	0.7383	854	356
nte_01485.jpg	0.000686	0.5426	0.5735	16.4	12.7	0.4380	854	356
nte_01486.jpg	0.024837	0.3668	0.6381	133.9	56.4	0.8896	854	356
nte_01486.jpg	0.002164	0.5227	0.5903	28.4	23.2	0.7124	854	356
nte_01486.jpg	0.000534	0.5437	0.5707	14.8	10.9	0.4636	854	356
nte_01487.jpg	0.016711	0.4016	0.6269	107.3	47.4	0.8896	854	356
nte_01487.jpg	0.002147	0.5250	0.5932	26.7	24.4	0.7036	854	356
nte_01487.jpg	0.000462	0.5445	0.5697	13.5	10.4	0.5298	854	356
nte_01488.jpg	0.011484	0.4281	0.6175	86.9	40.2	0.8159	854	356
nte_01488.jpg	0.001739	0.5277	0.5885	23.5	22.5	0.6533	854	356
nte_01489.jpg	0.008870	0.4492	0.6100	74.9	36.0	0.8071	854	356
nte_01489.jpg	0.001425	0.5305	0.5847	21.9	19.8	0.6611	854	356
nte_01489.jpg	0.000367	0.5457	0.5716	10.6	10.6	0.3098	854	356
nte_01490.jpg	0.007075	0.4652	0.6044	64.9	33.2	0.7798	854	356
nte_01490.jpg	0.001245	0.5332	0.5772	23.2	16.3	0.6650	854	356
nte_01491.jpg	0.005959	0.4781	0.6016	58.1	31.2	0.8193	854	356
nte_01491.jpg	0.001205	0.5352	0.5772	22.3	16.5	0.7012	854	356
nte_01492.jpg	0.004908	0.4883	0.5969	49.7	30.0	0.8384	854	356
nte_01492.jpg	0.001076	0.5359	0.5772	20.8	15.8	0.6748	854	356
nte_01493.jpg	0.004596	0.4973	0.5969	46.9	29.8	0.7886	854	356
nte_01493.jpg	0.000969	0.5375	0.5772	20.0	14.8	0.6011	854	356
nte_01493.jpg	0.021561	0.0394	0.7984	67.2	97.6	0.5400	854	356
nte_01494.jpg	0.004109	0.5055	0.5950	43.3	28.8	0.8071	854	356
nte_01494.jpg	0.078099	0.1161	0.7403	198.0	119.9	0.7100	854	356
nte_01494.jpg	0.000728	0.5387	0.5763	17.4	12.7	0.5889	854	356
nte_01495.jpg	0.103776	0.2182	0.6841	309.1	102.1	0.9126	854	356
nte_01495.jpg	0.003463	0.5813	0.5660	39.6	26.6	0.7871	854	356
nte_01495.jpg	0.000973	0.6113	0.5491	19.5	15.1	0.6694	854	356
nte_01496.jpg	0.077559	0.8500	0.5070	257.0	91.7	0.8862	854	356
nte_01496.jpg	0.014439	0.0393	0.5304	67.1	65.5	0.8589	854	356
nte_01497.jpg	0.058064	0.8844	0.4929	197.8	89.2	0.8750	854	356
nte_01497.jpg	0.008508	0.0230	0.5435	39.3	65.9	0.8569	854	356
nte_01497.jpg	0.000617	0.1086	0.5248	17.4	10.8	0.2979	854	356
nte_01498.jpg	0.039651	0.9078	0.4788	157.5	76.6	0.8760	854	356
nte_01498.jpg	0.008079	0.2842	0.4629	78.0	31.5	0.3521	854	356
nte_01498.jpg	0.022179	0.2049	0.4254	115.3	58.5	0.2981	854	356
nte_01499.jpg	0.010230	0.0233	0.5566	39.8	78.1	0.8389	854	356
nte_01499.jpg	0.022301	0.9430	0.4667	98.2	69.0	0.8257	854	356
nte_01499.jpg	0.008614	0.2812	0.4610	78.3	33.4	0.4751	854	356
nte_01499.jpg	0.017852	0.1987	0.4348	110.6	49.1	0.2759	854	356
nte_01500.jpg	0.018162	0.0376	0.5566	64.2	86.0	0.8359	854	356
nte_01500.jpg	0.010677	0.9711	0.4592	49.5	65.6	0.4360	854	356
nte_01500.jpg	0.008049	0.2818	0.4638	77.5	31.6	0.4258	854	356
nte_01501.jpg	0.040354	0.0633	0.5360	108.2	113.4	0.7324	854	356
nte_01501.jpg	0.008148	0.2818	0.4648	77.8	31.8	0.4104	854	356
nte_01502.jpg	0.046027	0.0873	0.5369	148.6	94.2	0.5996	854	356
nte_01502.jpg	0.008323	0.2809	0.4638	78.4	32.3	0.5972	854	356
nte_01502.jpg	0.017757	0.0342	0.5716	58.2	92.7	0.4666	854	356
nte_01503.jpg	0.065878	0.1121	0.5529	191.8	104.4	0.8604	854	356
nte_01503.jpg	0.007781	0.2820	0.4629	77.0	30.7	0.5425	854	356
nte_01504.jpg	0.050877	0.1011	0.5772	170.5	90.7	0.6611	854	356
nte_01504.jpg	0.042336	0.2021	0.5294	140.9	91.3	0.4846	854	356
nte_01504.jpg	0.005004	0.2930	0.4592	58.4	26.1	0.4109	854	356
nte_01505.jpg	0.077910	0.1966	0.5257	230.3	102.8	0.6543	854	356
nte_01506.jpg	0.083861	0.2549	0.5313	222.2	114.8	0.7896	854	356
nte_01507.jpg	0.073333	0.3201	0.5332	211.8	105.2	0.6597	854	356
nte_01508.jpg	0.082267	0.3924	0.5144	217.0	115.3	0.6904	854	356
nte_01509.jpg	0.083287	0.4672	0.5116	220.2	115.0	0.5396	854	356
nte_01510.jpg	0.079729	0.5504	0.5013	207.2	117.0	0.8892	854	356
nte_01511.jpg	0.078933	0.6258	0.4891	208.7	115.0	0.6348	854	356
nte_01511.jpg	0.007156	0.0244	0.6053	41.6	52.2	0.4961	854	356
nte_01512.jpg	0.084914	0.6988	0.4751	223.3	115.6	0.8809	854	356
nte_01512.jpg	0.018459	0.0484	0.5903	82.6	68.0	0.4172	854	356
nte_01513.jpg	0.031150	0.0724	0.6053	123.4	76.7	0.8989	854	356
nte_01513.jpg	0.090103	0.7730	0.4667	238.0	115.1	0.8726	854	356
nte_01513.jpg	0.020203	0.1990	0.4385	111.6	55.0	0.3606	854	356
nte_01513.jpg	0.009811	0.2803	0.4629	82.3	36.2	0.2605	854	356
nte_01514.jpg	0.102031	0.8414	0.4526	253.2	122.5	0.8872	854	356
nte_01514.jpg	0.025760	0.0631	0.5988	107.8	72.7	0.8359	854	356
nte_01514.jpg	0.002517	0.9898	0.4554	18.3	41.8	0.4231	854	356
nte_01515.jpg	0.051919	0.1227	0.5988	209.8	75.2	0.8306	854	356
nte_01515.jpg	0.067938	0.8758	0.4798	211.5	97.7	0.7969	854	356
nte_01515.jpg	0.007977	0.2814	0.4601	76.5	31.7	0.3262	854	356
nte_01516.jpg	0.050561	0.9039	0.4704	164.1	93.7	0.8770	854	356
nte_01516.jpg	0.063604	0.1484	0.5941	250.5	77.2	0.8462	854	356
nte_01516.jpg	0.008721	0.2818	0.4620	81.3	32.6	0.4558	854	356
nte_01516.jpg	0.017901	0.1976	0.4385	110.4	49.3	0.4062	854	356
nte_01517.jpg	0.031348	0.9359	0.4601	108.8	87.6	0.4128	854	356
nte_01519.jpg	0.116379	0.5352	0.7562	207.7	170.4	0.5317	854	356
nte_01520.jpg	0.116452	0.5344	0.7562	208.0	170.2	0.7031	854	356
nte_01521.jpg	0.116281	0.5340	0.7562	208.0	170.0	0.7148	854	356
nte_01522.jpg	0.116467	0.5340	0.7553	208.3	170.0	0.6953	854	356
nte_01523.jpg	0.116395	0.5340	0.7562	208.0	170.1	0.5366	854	356
nte_01524.jpg	0.116561	0.5344	0.7553	208.5	170.0	0.6719	854	356
nte_01525.jpg	0.116597	0.5340	0.7553	208.7	169.9	0.6948	854	356
nte_01526.jpg	0.117084	0.5348	0.7562	209.3	170.0	0.6099	854	356
nte_01527.jpg	0.116690	0.5340	0.7553	208.8	169.9	0.7383	854	356
nte_01528.jpg	0.116633	0.5336	0.7553	208.8	169.8	0.7715	854	356
nte_01529.jpg	0.116862	0.5336	0.7553	208.8	170.1	0.7407	854	356
nte_01530.jpg	0.116597	0.5336	0.7553	208.7	169.9	0.6934	854	356
nte_01531.jpg	0.116690	0.5336	0.7553	208.8	169.9	0.7412	854	356
nte_01532.jpg	0.116332	0.5336	0.7553	208.5	169.6	0.6958	854	356
nte_01534.jpg	0.116711	0.5336	0.7553	208.7	170.0	0.7114	854	356
nte_01535.jpg	0.117005	0.5340	0.7553	209.5	169.8	0.6816	854	356
nte_01536.jpg	0.117120	0.5340	0.7553	209.5	170.0	0.6973	854	356
nte_01537.jpg	0.117048	0.5336	0.7562	209.2	170.1	0.5776	854	356
nte_01538.jpg	0.117702	0.5355	0.7571	210.3	170.1	0.4604	854	356
nte_01539.jpg	0.116805	0.5336	0.7553	208.8	170.0	0.7432	854	356
nte_01540.jpg	0.116747	0.5336	0.7553	208.8	170.0	0.7090	854	356
nte_01542.jpg	0.116675	0.5332	0.7562	208.5	170.1	0.5601	854	356
nte_01543.jpg	0.116467	0.5340	0.7562	208.3	170.0	0.7100	854	356
nte_01544.jpg	0.116410	0.5340	0.7553	208.3	169.9	0.6743	854	356
nte_01545.jpg	0.116862	0.5336	0.7562	208.8	170.1	0.7207	854	356
nte_01546.jpg	0.116934	0.5336	0.7562	209.2	170.0	0.6543	854	356
nte_01547.jpg	0.116991	0.5336	0.7562	209.2	170.0	0.6919	854	356
nte_01549.jpg	0.116690	0.5336	0.7562	208.8	169.9	0.7212	854	356
nte_01550.jpg	0.116934	0.5336	0.7562	209.2	170.0	0.6978	854	356
nte_01551.jpg	0.117063	0.5336	0.7562	209.5	169.9	0.7480	854	356
nte_01552.jpg	0.116690	0.5336	0.7562	208.8	169.9	0.6460	854	356
nte_01553.jpg	0.116912	0.5336	0.7553	209.3	169.8	0.6899	854	356
nte_01554.jpg	0.116675	0.5332	0.7562	208.5	170.1	0.5156	854	356
nte_01555.jpg	0.116862	0.5340	0.7553	208.8	170.1	0.7236	854	356
nte_01556.jpg	0.115758	0.5344	0.7553	207.2	169.9	0.7422	854	356
nte_01557.jpg	0.116188	0.5344	0.7553	207.8	170.0	0.7183	854	356
nte_01558.jpg	0.116146	0.5348	0.7553	208.2	169.6	0.5571	854	356
nte_01559.jpg	0.116001	0.5340	0.7553	207.5	170.0	0.7183	854	356
nte_01560.jpg	0.126256	0.5441	0.7571	225.2	170.5	0.6011	854	356
nte_01561.jpg	0.116353	0.5344	0.7562	208.3	169.8	0.5249	854	356
nte_01562.jpg	0.116446	0.5344	0.7562	208.5	169.8	0.4336	854	356
nte_01563.jpg	0.115908	0.5344	0.7553	207.3	170.0	0.6709	854	356
nte_01564.jpg	0.116847	0.5336	0.7562	208.5	170.4	0.6309	854	356
nte_01566.jpg	0.116446	0.5340	0.7553	208.5	169.8	0.5117	854	356
nte_01567.jpg	0.115794	0.5340	0.7553	207.3	169.8	0.6982	854	356
nte_01568.jpg	0.115985	0.5340	0.7562	207.2	170.2	0.5483	854	356
nte_01569.jpg	0.116058	0.5344	0.7562	207.5	170.0	0.6582	854	356
nte_01570.jpg	0.116001	0.5340	0.7553	207.5	170.0	0.6836	854	356
nte_01571.jpg	0.115737	0.5340	0.7553	207.3	169.7	0.7207	854	356
nte_01572.jpg	0.115758	0.5344	0.7553	207.2	169.9	0.7764	854	356
nte_01573.jpg	0.115762	0.5344	0.7562	206.7	170.3	0.7617	854	356
nte_01574.jpg	0.116042	0.5344	0.7562	207.2	170.3	0.7471	854	356
nte_01575.jpg	0.115501	0.5348	0.7553	206.0	170.5	0.8228	854	356
nte_01576.jpg	0.112508	0.5297	0.7553	200.7	170.5	0.6284	854	356
nte_01577.jpg	0.116493	0.5340	0.7562	207.7	170.5	0.6982	854	356
nte_01578.jpg	0.116493	0.5340	0.7562	207.7	170.5	0.7568	854	356
nte_01579.jpg	0.110038	0.5273	0.7562	195.5	171.1	0.6860	854	356
nte_01581.jpg	0.116675	0.5340	0.7553	208.5	170.1	0.7397	854	356
nte_01582.jpg	0.116675	0.5348	0.7553	208.5	170.1	0.7227	854	356
nte_01583.jpg	0.116603	0.5344	0.7562	208.2	170.3	0.6987	854	356
nte_01584.jpg	0.116504	0.5344	0.7553	208.5	169.9	0.7539	854	356
nte_01585.jpg	0.116797	0.5348	0.7553	209.3	169.6	0.6792	854	356
nte_01586.jpg	0.116618	0.5344	0.7553	208.5	170.0	0.6245	854	356
nte_01587.jpg	0.116575	0.5344	0.7553	208.8	169.7	0.6421	854	356
nte_01588.jpg	0.117586	0.5344	0.7562	210.3	170.0	0.5498	854	356
nte_01589.jpg	0.117795	0.5344	0.7562	210.5	170.1	0.4988	854	356
nte_01590.jpg	0.116876	0.5344	0.7553	209.2	169.9	0.5522	854	356
nte_01591.jpg	0.117048	0.5340	0.7562	209.2	170.1	0.6802	854	356
nte_01592.jpg	0.116991	0.5348	0.7562	209.2	170.0	0.6255	854	356
nte_01593.jpg	0.117594	0.5348	0.7562	209.8	170.4	0.6392	854	356
nte_01594.jpg	0.117012	0.5344	0.7562	209.0	170.2	0.7158	854	356
nte_01595.jpg	0.116991	0.5344	0.7562	209.2	170.0	0.7153	854	356
nte_01596.jpg	0.118213	0.5336	0.7562	210.8	170.5	0.6592	854	356
nte_01597.jpg	0.117048	0.5348	0.7562	209.2	170.1	0.4695	854	356
nte_01599.jpg	0.116940	0.5344	0.7562	208.7	170.4	0.6279	854	356
nte_01600.jpg	0.116509	0.5340	0.7553	208.0	170.3	0.7378	854	356
nte_01601.jpg	0.116488	0.5340	0.7553	208.2	170.1	0.7949	854	356
nte_01602.jpg	0.113818	0.5309	0.7562	203.0	170.5	0.4492	854	356
nte_01603.jpg	0.119078	0.5363	0.7571	212.2	170.6	0.3425	854	356
nte_01604.jpg	0.117005	0.5340	0.7553	209.5	169.8	0.5044	854	356
nte_01605.jpg	0.116991	0.5344	0.7562	209.2	170.0	0.5439	854	356
nte_01606.jpg	0.116804	0.5340	0.7562	208.8	170.0	0.5732	854	356
nte_01607.jpg	0.116561	0.5344	0.7553	208.5	170.0	0.6631	854	356
nte_01608.jpg	0.116690	0.5344	0.7562	208.8	169.9	0.6060	854	356
nte_01609.jpg	0.116768	0.5340	0.7553	208.7	170.1	0.7173	854	356
nte_01610.jpg	0.116504	0.5344	0.7562	208.5	169.9	0.6465	854	356
nte_01611.jpg	0.116296	0.5344	0.7553	208.3	169.7	0.7168	854	356
nte_01612.jpg	0.117034	0.5344	0.7562	208.8	170.4	0.5000	854	356
nte_01613.jpg	0.116711	0.5340	0.7562	208.7	170.0	0.6733	854	356
nte_01614.jpg	0.116768	0.5344	0.7562	208.7	170.1	0.6113	854	356
nte_01615.jpg	0.116416	0.5336	0.7553	207.8	170.3	0.8140	854	356
nte_01616.jpg	0.116121	0.5328	0.7562	206.5	171.0	0.4851	854	356
nte_01617.jpg	0.116286	0.5340	0.7553	207.5	170.4	0.8071	854	356
nte_01618.jpg	0.116245	0.5336	0.7553	207.8	170.0	0.8164	854	356
nte_01619.jpg	0.116509	0.5336	0.7553	208.0	170.3	0.8457	854	356
nte_01620.jpg	0.116546	0.5336	0.7553	208.2	170.2	0.8286	854	356
nte_01621.jpg	0.116509	0.5336	0.7553	208.0	170.3	0.8301	854	356
nte_01622.jpg	0.116488	0.5340	0.7553	208.2	170.1	0.8198	854	356
nte_01623.jpg	0.116452	0.5340	0.7553	208.0	170.2	0.8291	854	356
nte_01624.jpg	0.116675	0.5344	0.7553	208.5	170.1	0.8101	854	356
nte_01625.jpg	0.116737	0.5340	0.7562	208.0	170.6	0.7993	854	356
nte_01626.jpg	0.116302	0.5340	0.7553	207.8	170.1	0.8262	854	356
nte_01628.jpg	0.116509	0.5340	0.7553	208.0	170.3	0.7925	854	356
nte_01629.jpg	0.116488	0.5340	0.7562	208.2	170.1	0.7773	854	356
nte_01630.jpg	0.116488	0.5340	0.7553	208.2	170.1	0.7842	854	356
nte_01632.jpg	0.116945	0.5336	0.7562	208.2	170.8	0.6309	854	356
nte_01633.jpg	0.116847	0.5340	0.7562	208.5	170.4	0.4761	854	356
nte_01634.jpg	0.116940	0.5340	0.7562	208.7	170.4	0.7593	854	356
nte_01635.jpg	0.116789	0.5336	0.7553	208.5	170.3	0.7334	854	356
nte_01636.jpg	0.117946	0.5324	0.7562	210.7	170.2	0.7114	854	356
nte_01637.jpg	0.117278	0.5344	0.7562	209.2	170.5	0.6646	854	356
nte_01638.jpg	0.115462	0.5332	0.7553	206.3	170.1	0.6880	854	356
nte_01640.jpg	0.115949	0.5344	0.7553	207.0	170.3	0.8286	854	356
nte_01641.jpg	0.116732	0.5340	0.7562	208.5	170.2	0.7686	854	356
nte_01642.jpg	0.116196	0.5340	0.7562	206.8	170.8	0.8076	854	356
nte_01643.jpg	0.116789	0.5336	0.7562	208.5	170.3	0.7974	854	356
nte_01644.jpg	0.116416	0.5336	0.7553	207.8	170.3	0.7886	854	356
nte_01645.jpg	0.116074	0.5340	0.7553	207.8	169.8	0.7803	854	356
nte_01646.jpg	0.115887	0.5344	0.7553	207.5	169.8	0.7627	854	356
nte_01647.jpg	0.115660	0.5340	0.7543	207.5	169.5	0.7710	854	356
nte_01648.jpg	0.115798	0.5344	0.7553	206.8	170.2	0.6992	854	356
nte_01649.jpg	0.116094	0.5340	0.7553	207.7	170.0	0.8022	854	356
nte_01651.jpg	0.116208	0.5340	0.7553	207.7	170.1	0.7690	854	356
nte_01652.jpg	0.115835	0.5344	0.7553	207.0	170.1	0.7681	854	356
nte_01653.jpg	0.116281	0.5340	0.7553	208.0	170.0	0.7920	854	356
nte_01654.jpg	0.115928	0.5340	0.7553	207.2	170.1	0.8350	854	356
nte_01655.jpg	0.116037	0.5340	0.7553	207.7	169.9	0.7534	854	356
nte_01656.jpg	0.116229	0.5336	0.7562	207.5	170.3	0.7778	854	356
nte_01657.jpg	0.116074	0.5336	0.7553	207.8	169.8	0.7915	854	356
nte_01658.jpg	0.116623	0.5344	0.7571	208.0	170.5	0.5122	854	356
nte_01659.jpg	0.115924	0.5340	0.7553	207.7	169.7	0.7559	854	356
nte_01661.jpg	0.115546	0.5340	0.7553	207.5	169.3	0.7212	854	356
nte_01662.jpg	0.116208	0.5340	0.7553	207.7	170.1	0.8003	854	356
nte_01663.jpg	0.116032	0.5344	0.7553	208.2	169.5	0.7749	854	356
nte_01664.jpg	0.116410	0.5340	0.7562	208.3	169.9	0.8125	854	356
nte_01665.jpg	0.116374	0.5344	0.7562	208.2	170.0	0.7314	854	356
nte_01666.jpg	0.115903	0.5340	0.7553	207.8	169.5	0.7837	854	356
nte_01667.jpg	0.115981	0.5344	0.7553	207.7	169.8	0.7554	854	356
nte_01668.jpg	0.116074	0.5340	0.7562	207.8	169.8	0.7681	854	356
nte_01669.jpg	0.117450	0.5348	0.7562	209.2	170.7	0.4631	854	356
nte_01670.jpg	0.116110	0.5340	0.7553	208.0	169.7	0.7153	854	356
nte_01671.jpg	0.115981	0.5340	0.7553	207.7	169.8	0.7080	854	356
nte_01672.jpg	0.115903	0.5340	0.7553	207.8	169.5	0.7334	854	356
nte_01673.jpg	0.115867	0.5340	0.7553	207.7	169.6	0.7441	854	356
nte_01674.jpg	0.116203	0.5340	0.7553	208.2	169.7	0.8115	854	356
nte_01675.jpg	0.116690	0.5340	0.7553	208.8	169.9	0.7495	854	356
nte_01676.jpg	0.116783	0.5344	0.7562	209.0	169.9	0.2932	854	356
nte_01677.jpg	0.116554	0.5336	0.7553	209.0	169.5	0.7568	854	356
nte_01678.jpg	0.116539	0.5336	0.7553	208.7	169.8	0.8018	854	356
nte_01679.jpg	0.116332	0.5340	0.7553	208.5	169.6	0.8003	854	356
nte_01680.jpg	0.116395	0.5336	0.7553	208.0	170.1	0.8213	854	356
nte_01681.jpg	0.115903	0.5340	0.7553	207.8	169.5	0.8096	854	356
nte_01682.jpg	0.116296	0.5336	0.7553	208.3	169.7	0.7886	854	356
nte_01683.jpg	0.115996	0.5340	0.7553	208.0	169.5	0.7998	854	356
nte_01684.jpg	0.116125	0.5336	0.7553	208.3	169.5	0.7544	854	356
nte_01685.jpg	0.116296	0.5336	0.7553	208.3	169.7	0.8198	854	356
nte_01686.jpg	0.116239	0.5336	0.7553	208.3	169.6	0.8452	854	356
nte_01687.jpg	0.115960	0.5340	0.7553	207.8	169.6	0.8286	854	356
nte_01688.jpg	0.116374	0.5332	0.7553	208.2	170.0	0.8452	854	356
nte_01689.jpg	0.116504	0.5344	0.7562	208.5	169.9	0.5156	854	356
nte_01690.jpg	0.115846	0.5336	0.7553	207.8	169.5	0.7778	854	356
nte_01691.jpg	0.118007	0.5344	0.7553	208.8	171.8	0.5801	854	356
nte_01692.jpg	0.116597	0.5336	0.7553	208.7	169.9	0.8374	854	356
nte_01693.jpg	0.116682	0.5336	0.7553	209.3	169.5	0.8242	854	356
nte_01694.jpg	0.116948	0.5336	0.7553	209.5	169.7	0.8325	854	356
nte_01695.jpg	0.117120	0.5336	0.7553	209.5	170.0	0.8311	854	356
nte_01696.jpg	0.115717	0.5344	0.7553	207.5	169.5	0.7842	854	356
nte_01697.jpg	0.116518	0.5336	0.7553	208.8	169.6	0.8008	854	356
nte_01698.jpg	0.116326	0.5352	0.7562	207.2	170.7	0.7798	854	356
nte_01699.jpg	0.117879	0.5352	0.7543	212.0	169.0	0.6230	854	356
nte_01701.jpg	0.118321	0.5352	0.7553	212.2	169.5	0.6460	854	356
nte_01702.jpg	0.117599	0.5355	0.7534	212.3	168.4	0.6934	854	356
nte_01703.jpg	0.128930	0.5352	0.7318	260.5	150.5	0.8633	854	356
nte_01704.jpg	0.123940	0.4863	0.6859	312.2	120.7	0.9097	854	356
nte_01705.jpg	0.120698	0.4730	0.7019	279.7	131.2	0.8750	854	356
nte_01705.jpg	0.072681	0.8930	0.6728	182.5	121.1	0.6797	854	356
nte_01706.jpg	0.018365	0.6887	0.5435	85.1	65.6	0.8740	854	356
nte_01706.jpg	0.100985	0.4789	0.7487	175.6	174.8	0.6982	854	356
nte_01706.jpg	0.001238	0.6367	0.5041	16.6	22.6	0.2817	854	356
nte_01707.jpg	0.018601	0.6867	0.5435	85.4	66.2	0.8784	854	356
nte_01707.jpg	0.095269	0.4805	0.7365	173.3	167.1	0.7061	854	356
nte_01707.jpg	0.001403	0.6340	0.5032	18.8	22.7	0.4248	854	356
nte_01707.jpg	0.000778	0.7570	0.4357	22.5	10.5	0.3792	854	356
nte_01708.jpg	0.018672	0.6867	0.5444	85.2	66.6	0.8799	854	356
nte_01708.jpg	0.092824	0.4836	0.7262	178.5	158.1	0.8682	854	356
nte_01708.jpg	0.000769	0.7574	0.4367	22.3	10.5	0.3701	854	356
nte_01708.jpg	0.001372	0.6340	0.5032	18.6	22.4	0.3523	854	356
nte_01709.jpg	0.018811	0.6871	0.5454	85.4	67.0	0.8804	854	356
nte_01709.jpg	0.088819	0.4789	0.7272	171.1	157.8	0.8706	854	356
nte_01709.jpg	0.001378	0.6352	0.5041	18.4	22.8	0.4670	854	356
nte_01709.jpg	0.000769	0.7586	0.4367	22.6	10.3	0.3606	854	356
nte_01710.jpg	0.122661	0.5074	0.6859	317.6	117.4	0.9048	854	356
nte_01713.jpg	0.109162	0.4664	0.7337	213.8	155.2	0.5464	854	356
nte_01713.jpg	0.000933	0.5613	0.3655	19.4	14.6	0.3391	854	356
nte_01714.jpg	0.000860	0.5590	0.3655	18.9	13.8	0.4246	854	356
nte_01714.jpg	0.108943	0.4668	0.7318	212.8	155.6	0.3757	854	356
nte_01715.jpg	0.000938	0.5492	0.3692	19.5	14.7	0.3533	854	356
nte_01716.jpg	0.000908	0.5316	0.3767	18.9	14.6	0.6445	854	356
nte_01716.jpg	0.098723	0.4703	0.7225	189.8	158.1	0.4290	854	356
nte_01716.jpg	0.000356	0.5551	0.3692	12.8	8.4	0.2661	854	356
nte_01717.jpg	0.081900	0.4750	0.7159	168.3	147.9	0.7310	854	356
nte_01717.jpg	0.000732	0.5047	0.3842	18.2	12.2	0.4153	854	356
nte_01718.jpg	0.074128	0.4797	0.6990	159.0	141.8	0.8608	854	356
nte_01718.jpg	0.000619	0.4996	0.3879	17.5	10.7	0.3047	854	356
nte_01719.jpg	0.066145	0.4844	0.6850	154.4	130.3	0.8521	854	356
nte_01719.jpg	0.000961	0.4914	0.3889	21.3	13.7	0.4905	854	356
nte_01720.jpg	0.063332	0.4895	0.6775	146.9	131.1	0.8428	854	356
nte_01721.jpg	0.055080	0.4926	0.6569	140.6	119.1	0.8818	854	356
nte_01721.jpg	0.002181	0.4879	0.4011	38.4	17.3	0.3420	854	356
nte_01721.jpg	0.000453	0.4820	0.3711	14.9	9.3	0.2681	854	356
nte_01722.jpg	0.052746	0.4953	0.6475	136.3	117.7	0.8643	854	356
nte_01722.jpg	0.000346	0.4801	0.3739	12.2	8.6	0.3123	854	356
nte_01723.jpg	0.052820	0.4957	0.6541	136.3	117.8	0.8638	854	356
nte_01724.jpg	0.053737	0.4973	0.6550	136.6	119.6	0.8843	854	356
nte_01725.jpg	0.055026	0.4988	0.6597	136.3	122.8	0.8872	854	356
nte_01726.jpg	0.053073	0.4977	0.6559	135.8	118.8	0.8833	854	356
nte_01727.jpg	0.053447	0.4977	0.6559	136.4	119.1	0.8872	854	356
nte_01727.jpg	0.001171	0.4832	0.3936	24.8	14.3	0.2671	854	356
nte_01728.jpg	0.051452	0.4980	0.6503	134.9	115.9	0.8882	854	356
nte_01729.jpg	0.053301	0.5000	0.6588	135.7	119.4	0.8926	854	356
nte_01729.jpg	0.000918	0.4836	0.4095	23.8	11.7	0.3013	854	356
nte_01729.jpg	0.000717	0.4563	0.4057	18.6	11.7	0.2881	854	356
nte_01730.jpg	0.052473	0.4980	0.6494	136.4	116.9	0.8701	854	356
nte_01731.jpg	0.050876	0.4977	0.6494	135.8	113.9	0.8813	854	356
nte_01732.jpg	0.051062	0.5000	0.6513	137.3	113.1	0.8877	854	356
nte_01733.jpg	0.050900	0.4996	0.6494	136.9	113.0	0.9019	854	356
nte_01734.jpg	0.049975	0.5012	0.6522	136.8	111.1	0.9014	854	356
nte_01735.jpg	0.049907	0.5000	0.6494	136.7	111.0	0.8936	854	356
nte_01736.jpg	0.051410	0.5039	0.6541	138.1	113.2	0.9004	854	356
nte_01737.jpg	0.050774	0.5000	0.6513	137.1	112.6	0.8979	854	356
nte_01738.jpg	0.049358	0.4988	0.6503	136.1	110.3	0.9023	854	356
nte_01739.jpg	0.049461	0.4988	0.6541	135.8	110.8	0.9023	854	356
nte_01740.jpg	0.048955	0.4969	0.6522	136.0	109.4	0.9014	854	356
nte_01741.jpg	0.050445	0.4992	0.6503	137.4	111.6	0.9043	854	356
nte_01742.jpg	0.049134	0.4992	0.6541	136.1	109.8	0.8936	854	356
nte_01743.jpg	0.049338	0.5012	0.6569	136.8	109.7	0.9033	854	356
nte_01744.jpg	0.048405	0.4980	0.6559	137.1	107.3	0.8965	854	356
nte_01745.jpg	0.048263	0.5055	0.6550	137.0	107.1	0.9028	854	356
nte_01746.jpg	0.046101	0.5023	0.6522	136.5	102.7	0.9058	854	356
nte_01747.jpg	0.048824	0.5004	0.6569	137.4	108.0	0.8818	854	356
nte_01747.jpg	0.000500	0.3037	0.4535	18.3	8.3	0.4629	854	356
nte_01748.jpg	0.055826	0.5047	0.6531	145.8	116.4	0.8604	854	356
nte_01749.jpg	0.048627	0.5027	0.6531	138.3	106.9	0.8628	854	356
nte_01750.jpg	0.048825	0.4977	0.6541	138.2	107.4	0.8379	854	356
nte_01751.jpg	0.051117	0.4953	0.6578	138.4	112.3	0.8071	854	356
nte_01752.jpg	0.052015	0.4957	0.6597	138.6	114.1	0.8408	854	356
nte_01753.jpg	0.054500	0.4961	0.6672	140.1	118.3	0.8320	854	356
nte_01754.jpg	0.049643	0.4980	0.6484	135.4	111.5	0.8442	854	356
nte_01754.jpg	0.003060	0.4590	0.3879	39.8	23.4	0.2600	854	356
nte_01755.jpg	0.049957	0.5039	0.6559	134.1	113.3	0.8691	854	356
nte_01756.jpg	0.051575	0.5012	0.6616	134.1	116.9	0.8862	854	356
nte_01756.jpg	0.003237	0.4660	0.3786	44.0	22.4	0.3452	854	356
nte_01757.jpg	0.052266	0.4996	0.6625	134.9	117.8	0.8804	854	356
nte_01758.jpg	0.053946	0.4992	0.6569	136.2	120.4	0.8589	854	356
nte_01758.jpg	0.003729	0.4910	0.3598	48.2	23.5	0.4971	854	356
nte_01759.jpg	0.052941	0.5008	0.6559	134.8	119.4	0.8735	854	356
nte_01759.jpg	0.003527	0.4910	0.3561	51.9	20.7	0.3137	854	356
nte_01760.jpg	0.005706	0.4887	0.3664	58.8	29.5	0.5752	854	356
nte_01760.jpg	0.056010	0.5020	0.6400	134.8	126.3	0.5146	854	356
nte_01761.jpg	0.056359	0.5012	0.6531	135.5	126.4	0.8037	854	356
nte_01761.jpg	0.005408	0.4891	0.3608	61.5	26.8	0.3530	854	356
nte_01762.jpg	0.061119	0.5008	0.6597	135.9	136.7	0.7441	854	356
nte_01763.jpg	0.054555	0.5008	0.6597	135.1	122.8	0.8872	854	356
nte_01764.jpg	0.054287	0.5008	0.6569	136.1	121.3	0.8486	854	356
nte_01765.jpg	0.055190	0.4992	0.6588	135.9	123.4	0.8599	854	356
nte_01765.jpg	0.002433	0.2496	0.4367	50.5	14.7	0.6201	854	356
nte_01766.jpg	0.055475	0.4977	0.6475	135.3	124.7	0.8242	854	356
nte_01767.jpg	0.060300	0.4969	0.6353	138.8	132.1	0.8560	854	356
nte_01768.jpg	0.056866	0.4977	0.6391	138.9	124.4	0.8320	854	356
nte_01769.jpg	0.055054	0.5004	0.6634	134.6	124.3	0.8745	854	356
nte_01769.jpg	0.000290	0.4547	0.3954	11.3	7.8	0.2917	854	356
nte_01770.jpg	0.053624	0.5000	0.6719	136.6	119.3	0.8516	854	356
nte_01770.jpg	0.000572	0.4445	0.4001	14.7	11.8	0.6665	854	356
nte_01770.jpg	0.000855	0.4645	0.4104	19.5	13.3	0.4727	854	356
nte_01771.jpg	0.056986	0.5012	0.6588	137.9	125.6	0.8389	854	356
nte_01771.jpg	0.001608	0.4316	0.4114	25.0	19.6	0.7588	854	356
nte_01772.jpg	0.060165	0.5000	0.6691	137.9	132.6	0.8643	854	356
nte_01772.jpg	0.003431	0.4098	0.4282	37.9	27.5	0.7603	854	356
nte_01773.jpg	0.013414	0.3516	0.4788	80.2	50.8	0.8770	854	356
nte_01773.jpg	0.063649	0.5016	0.6503	138.6	139.6	0.8184	854	356
nte_01774.jpg	0.112996	0.1174	0.7506	200.2	171.6	0.8687	854	356
nte_01774.jpg	0.055146	0.5008	0.6634	139.0	120.6	0.8682	854	356
nte_01775.jpg	0.059913	0.4992	0.6681	140.3	129.9	0.8374	854	356
nte_01776.jpg	0.065439	0.5016	0.6269	138.8	143.4	0.7949	854	356
nte_01777.jpg	0.057876	0.5023	0.6681	138.4	127.1	0.8359	854	356
nte_01778.jpg	0.058429	0.5004	0.6681	138.9	127.8	0.8452	854	356
nte_01779.jpg	0.060921	0.4996	0.6447	142.4	130.1	0.7764	854	356
nte_01780.jpg	0.063192	0.4984	0.6466	139.1	138.1	0.8257	854	356
nte_01780.jpg	0.000387	0.4574	0.3889	13.8	8.5	0.2664	854	356
nte_01781.jpg	0.057231	0.4965	0.6606	140.8	123.6	0.8691	854	356
nte_01781.jpg	0.000446	0.4656	0.3879	13.7	9.9	0.2593	854	356
nte_01782.jpg	0.056636	0.4973	0.6335	141.0	122.1	0.5308	854	356
nte_01782.jpg	0.000497	0.4590	0.3879	15.1	10.0	0.3848	854	356
nte_01783.jpg	0.061981	0.4992	0.6391	137.9	136.6	0.8394	854	356
nte_01783.jpg	0.000435	0.4563	0.3908	12.8	10.3	0.2861	854	356
nte_01784.jpg	0.058376	0.5078	0.6559	147.8	120.1	0.8296	854	356
nte_01784.jpg	0.001336	0.4336	0.3964	23.9	17.0	0.5874	854	356
nte_01784.jpg	0.000406	0.4523	0.3917	12.5	9.9	0.3162	854	356
nte_01785.jpg	0.002320	0.4105	0.4123	31.9	22.1	0.7358	854	356
nte_01785.jpg	0.063958	0.5023	0.6812	142.8	136.2	0.7183	854	356
nte_01785.jpg	0.000622	0.4418	0.3917	15.3	12.3	0.3745	854	356
nte_01785.jpg	0.000817	0.4270	0.3964	15.9	15.7	0.2683	854	356
nte_01786.jpg	0.008389	0.3645	0.4460	65.1	39.2	0.8154	854	356
nte_01786.jpg	0.065311	0.5031	0.6625	143.9	137.9	0.7915	854	356
nte_01786.jpg	0.001390	0.4277	0.4048	24.2	17.4	0.5884	854	356
nte_01786.jpg	0.000696	0.4082	0.4039	15.1	14.1	0.3901	854	356
nte_01787.jpg	0.055220	0.5020	0.6625	136.9	122.6	0.8657	854	356
nte_01787.jpg	0.003070	0.4055	0.4236	36.3	25.7	0.7461	854	356
nte_01787.jpg	0.110494	0.1623	0.5641	265.9	126.3	0.7368	854	356
nte_01787.jpg	0.000862	0.4301	0.4086	17.2	15.2	0.4404	854	356
nte_01788.jpg	0.010522	0.3635	0.4648	69.8	45.8	0.8730	854	356
nte_01788.jpg	0.059208	0.5027	0.6400	138.4	130.1	0.7920	854	356
nte_01788.jpg	0.002375	0.4215	0.4226	31.7	22.8	0.6172	854	356
nte_01788.jpg	0.000940	0.4492	0.4067	21.4	13.4	0.2664	854	356
nte_01789.jpg	0.132659	0.1438	0.7009	245.4	164.4	0.9092	854	356
nte_01789.jpg	0.058399	0.5043	0.6616	135.8	130.8	0.8364	854	356
nte_01789.jpg	0.006851	0.4004	0.4535	56.1	37.1	0.7612	854	356
nte_01790.jpg	0.079356	0.2523	0.6063	217.8	110.8	0.8887	854	356
nte_01790.jpg	0.054241	0.5008	0.6588	136.3	121.0	0.8779	854	356
nte_01790.jpg	0.008241	0.4047	0.4348	59.0	42.5	0.8149	854	356
nte_01791.jpg	0.057442	0.5020	0.6663	135.3	129.1	0.8833	854	356
nte_01791.jpg	0.050681	0.2945	0.5622	150.5	102.4	0.7646	854	356
nte_01792.jpg	0.066619	0.5078	0.6559	138.8	145.9	0.7036	854	356
nte_01793.jpg	0.059742	0.5094	0.6616	144.6	125.6	0.8647	854	356
nte_01794.jpg	0.056695	0.5020	0.6625	135.4	127.3	0.8970	854	356
nte_01795.jpg	0.059435	0.5008	0.6709	136.4	132.4	0.8745	854	356
nte_01796.jpg	0.061156	0.5031	0.6728	135.9	136.8	0.8560	854	356
nte_01797.jpg	0.063229	0.5004	0.6588	137.9	139.4	0.8657	854	356
nte_01798.jpg	0.067248	0.5039	0.6484	137.1	149.1	0.8491	854	356
nte_01799.jpg	0.058273	0.5063	0.6653	137.9	128.4	0.8848	854	356
nte_01800.jpg	0.056388	0.5082	0.6644	136.9	125.3	0.8828	854	356
nte_01801.jpg	0.059082	0.5090	0.6672	138.8	129.4	0.8677	854	356
nte_01802.jpg	0.057473	0.5105	0.6606	141.3	123.7	0.8862	854	356
nte_01803.jpg	0.060377	0.5105	0.6663	148.1	123.9	0.8350	854	356
nte_01804.jpg	0.054706	0.5055	0.6606	138.1	120.4	0.8638	854	356
nte_01805.jpg	0.055257	0.5008	0.6588	136.1	123.4	0.8765	854	356
nte_01806.jpg	0.063457	0.5039	0.6681	138.0	139.8	0.7852	854	356
nte_01807.jpg	0.059684	0.5004	0.6672	137.4	132.1	0.8569	854	356
nte_01808.jpg	0.055569	0.5008	0.6625	135.8	124.4	0.8950	854	356
nte_01809.jpg	0.057991	0.5016	0.6728	137.3	128.4	0.8535	854	356
nte_01810.jpg	0.056989	0.5047	0.6700	135.6	127.8	0.8862	854	356
nte_01811.jpg	0.055333	0.5074	0.6616	136.9	122.8	0.8970	854	356
nte_01812.jpg	0.055871	0.5051	0.6681	137.5	123.5	0.8462	854	356
nte_01813.jpg	0.056085	0.5074	0.6691	139.3	122.4	0.8730	854	356
nte_01814.jpg	0.056154	0.5074	0.6672	137.9	123.8	0.8804	854	356
nte_01815.jpg	0.056661	0.5031	0.6719	138.4	124.4	0.8418	854	356
nte_01816.jpg	0.054943	0.5000	0.6681	137.9	121.1	0.8716	854	356
nte_01817.jpg	0.053400	0.5016	0.6681	135.9	119.4	0.8833	854	356
nte_01818.jpg	0.054332	0.5008	0.6719	135.1	122.3	0.8687	854	356
nte_01819.jpg	0.050069	0.5008	0.6503	134.6	113.1	0.8623	854	356
nte_01820.jpg	0.047817	0.5023	0.6475	134.6	108.0	0.8633	854	356
nte_01821.jpg	0.046779	0.5082	0.6438	137.9	103.2	0.8599	854	356
nte_01822.jpg	0.053173	0.5117	0.6522	142.1	113.8	0.8198	854	356
nte_01823.jpg	0.052160	0.5105	0.6494	142.1	111.6	0.8628	854	356
nte_01824.jpg	0.049990	0.5094	0.6606	139.9	108.7	0.8657	854	356
nte_01824.jpg	0.005946	0.9578	0.3730	62.4	29.0	0.3174	854	356
nte_01825.jpg	0.050174	0.5094	0.6541	138.8	109.9	0.8257	854	356
nte_01825.jpg	0.001979	0.4934	0.4779	31.3	19.2	0.3127	854	356
nte_01826.jpg	0.046524	0.5086	0.6503	137.4	102.9	0.8740	854	356
nte_01827.jpg	0.045766	0.5020	0.6503	134.4	103.5	0.8613	854	356
nte_01828.jpg	0.045133	0.4977	0.6503	133.4	102.8	0.8813	854	356
nte_01829.jpg	0.049466	0.4988	0.6578	134.8	111.6	0.8218	854	356
nte_01829.jpg	0.000631	0.7375	0.3598	18.5	10.4	0.3682	854	356
nte_01829.jpg	0.001327	0.4051	0.3626	29.4	13.7	0.2866	854	356
nte_01829.jpg	0.001020	0.7883	0.3551	22.2	14.0	0.2715	854	356
nte_01830.jpg	0.056359	0.4906	0.6522	144.3	118.8	0.7490	854	356
nte_01831.jpg	0.049771	0.4891	0.6541	144.1	105.0	0.8682	854	356
nte_01831.jpg	0.001551	0.4398	0.4198	29.8	15.8	0.2834	854	356
nte_01832.jpg	0.056540	0.4910	0.6503	163.7	105.0	0.8164	854	356
nte_01832.jpg	0.003069	0.7566	0.3533	32.2	29.0	0.3215	854	356
nte_01833.jpg	0.060179	0.4895	0.6541	169.8	107.8	0.8286	854	356
nte_01833.jpg	0.004425	0.7168	0.3448	39.3	34.2	0.4578	854	356
nte_01834.jpg	0.051752	0.4805	0.6475	139.0	113.2	0.7847	854	356
nte_01834.jpg	0.004115	0.5809	0.3373	35.8	34.9	0.5479	854	356
nte_01835.jpg	0.056236	0.4770	0.6391	147.7	115.8	0.6519	854	356
nte_01835.jpg	0.004484	0.5836	0.3373	39.4	34.6	0.2612	854	356
nte_01836.jpg	0.064730	0.4758	0.6353	165.1	119.2	0.6855	854	356
nte_01837.jpg	0.069473	0.4699	0.6325	163.7	129.0	0.5610	854	356
nte_01837.jpg	0.005751	0.5312	0.3373	42.7	40.9	0.2583	854	356
nte_01838.jpg	0.063148	0.4703	0.6297	152.5	125.9	0.6206	854	356
nte_01839.jpg	0.054397	0.5008	0.6484	143.7	115.1	0.6602	854	356
nte_01840.jpg	0.065369	0.5227	0.6372	159.3	124.8	0.5161	854	356
nte_01841.jpg	0.059898	0.5305	0.6456	165.8	109.8	0.3958	854	356
nte_01842.jpg	0.000609	0.5816	0.3345	16.1	11.5	0.5083	854	356
nte_01842.jpg	0.058024	0.5262	0.6428	163.0	108.3	0.3105	854	356
nte_01842.jpg	0.001828	0.5238	0.3748	30.0	18.5	0.2930	854	356
nte_01843.jpg	0.057433	0.5180	0.6409	154.3	113.2	0.7368	854	356
nte_01843.jpg	0.000598	0.5984	0.3364	15.7	11.5	0.4504	854	356
nte_01844.jpg	0.061594	0.4930	0.6531	138.8	134.9	0.7144	854	356
nte_01845.jpg	0.054973	0.4941	0.6484	141.5	118.1	0.7925	854	356
nte_01846.jpg	0.058787	0.4848	0.6484	154.6	115.6	0.7373	854	356
nte_01846.jpg	0.000525	0.5426	0.3580	14.6	11.0	0.3445	854	356
nte_01847.jpg	0.056060	0.4891	0.6513	144.5	117.9	0.7759	854	356
nte_01847.jpg	0.000781	0.5652	0.4236	19.0	12.5	0.4065	854	356
nte_01847.jpg	0.000682	0.5352	0.3673	16.3	12.7	0.3259	854	356
nte_01847.jpg	0.000637	0.5328	0.3336	16.7	11.6	0.2656	854	356
nte_01848.jpg	0.061396	0.4910	0.6288	148.6	125.6	0.8145	854	356
nte_01848.jpg	0.001345	0.5254	0.3739	23.8	17.2	0.5161	854	356
nte_01849.jpg	0.075899	0.4871	0.6082	165.9	139.1	0.7788	854	356
nte_01849.jpg	0.001452	0.8438	0.3664	28.5	15.5	0.3223	854	356
nte_01849.jpg	0.002245	0.4984	0.3889	32.6	20.9	0.2715	854	356
nte_01850.jpg	0.066442	0.4945	0.6597	164.2	123.0	0.8198	854	356
nte_01850.jpg	0.008408	0.4387	0.4301	61.1	41.8	0.5464	854	356
nte_01851.jpg	0.139100	0.1869	0.6616	262.9	160.9	0.8647	854	356
nte_01851.jpg	0.004121	0.4215	0.4020	41.9	29.9	0.7446	854	356
nte_01851.jpg	0.064226	0.4922	0.6503	143.1	136.4	0.7324	854	356
nte_01851.jpg	0.002447	0.8469	0.3945	40.4	18.4	0.2974	854	356
nte_01852.jpg	0.057068	0.4945	0.6400	137.8	125.9	0.7793	854	356
nte_01852.jpg	0.015414	0.3299	0.4592	90.5	51.8	0.7456	854	356
nte_01853.jpg	0.104204	0.1322	0.6250	225.8	140.3	0.8257	854	356
nte_01853.jpg	0.052885	0.4934	0.6475	137.6	116.8	0.7505	854	356
nte_01853.jpg	0.000449	0.4590	0.3430	13.0	10.5	0.2864	854	356
nte_01854.jpg	0.061079	0.4945	0.6381	137.2	135.4	0.7266	854	356
nte_01854.jpg	0.000703	0.4422	0.3523	16.0	13.4	0.5342	854	356
nte_01855.jpg	0.059621	0.5004	0.6438	136.5	132.8	0.7178	854	356
nte_01855.jpg	0.001157	0.4203	0.3636	22.2	15.8	0.3379	854	356
nte_01856.jpg	0.061304	0.5020	0.6588	137.4	135.6	0.7925	854	356
nte_01856.jpg	0.002641	0.3912	0.3823	34.0	23.6	0.7461	854	356
nte_01857.jpg	0.007147	0.3412	0.4170	60.0	36.2	0.8398	854	356
nte_01857.jpg	0.074525	0.5039	0.6737	152.3	148.8	0.7847	854	356
nte_01858.jpg	0.052286	0.1729	0.5341	179.1	88.7	0.8745	854	356
nte_01858.jpg	0.059669	0.5043	0.6578	135.1	134.3	0.8193	854	356
nte_01859.jpg	0.070717	0.5012	0.6756	149.5	143.8	0.7007	854	356
nte_01860.jpg	0.060963	0.5039	0.6616	142.3	130.3	0.8091	854	356
nte_01861.jpg	0.066501	0.4953	0.6728	147.3	137.3	0.7832	854	356
nte_01862.jpg	0.057189	0.4992	0.6569	136.4	127.4	0.8472	854	356
nte_01863.jpg	0.062490	0.4984	0.6625	146.8	129.4	0.8745	854	356
nte_01864.jpg	0.061174	0.5016	0.6606	140.6	132.3	0.8247	854	356
nte_01865.jpg	0.057254	0.4977	0.6588	137.9	126.3	0.8457	854	356
nte_01866.jpg	0.058381	0.4992	0.6513	140.9	125.9	0.6992	854	356
nte_01866.jpg	0.000489	0.4215	0.3617	16.2	9.2	0.2932	854	356
nte_01867.jpg	0.058295	0.4992	0.6606	139.4	127.1	0.8491	854	356
nte_01868.jpg	0.060741	0.4977	0.6625	137.1	134.7	0.8232	854	356
nte_01869.jpg	0.057502	0.5008	0.6634	135.9	128.6	0.8569	854	356
nte_01869.jpg	0.000657	0.4105	0.3730	17.1	11.7	0.6899	854	356
nte_01870.jpg	0.061779	0.4984	0.6634	147.2	127.6	0.8125	854	356
nte_01870.jpg	0.001002	0.3965	0.3758	17.5	17.4	0.6538	854	356
nte_01870.jpg	0.000577	0.3811	0.3692	13.4	13.1	0.3049	854	356
nte_01871.jpg	0.056108	0.5023	0.6569	137.3	124.3	0.8828	854	356
nte_01871.jpg	0.002228	0.3695	0.3954	29.9	22.7	0.7817	854	356
nte_01872.jpg	0.056162	0.5043	0.6597	139.3	122.6	0.8779	854	356
nte_01872.jpg	0.004954	0.3109	0.4292	44.7	33.7	0.8066	854	356
nte_01872.jpg	0.001493	0.3537	0.3851	21.6	21.0	0.5869	854	356
nte_01872.jpg	0.002047	0.3344	0.4170	23.2	26.8	0.5430	854	356
nte_01873.jpg	0.041580	0.1842	0.5341	150.5	84.0	0.8755	854	356
nte_01873.jpg	0.062112	0.5043	0.6588	151.0	125.1	0.8374	854	356
nte_01873.jpg	0.004036	0.3184	0.4086	41.4	29.6	0.7920	854	356
nte_01873.jpg	0.000899	0.3350	0.3636	20.2	13.6	0.4534	854	356
nte_01874.jpg	0.058625	0.5070	0.6513	149.0	119.6	0.8789	854	356
nte_01874.jpg	0.015235	0.2619	0.4667	82.6	56.0	0.8291	854	356
nte_01874.jpg	0.001360	0.3398	0.3758	22.8	18.1	0.6377	854	356
nte_01874.jpg	0.000544	0.3586	0.3430	15.9	10.4	0.4202	854	356
nte_01875.jpg	0.061647	0.4969	0.6681	145.4	128.9	0.8682	854	356
nte_01875.jpg	0.002957	0.4191	0.3954	35.1	25.6	0.6738	854	356
nte_01875.jpg	0.095312	0.1057	0.6634	180.3	160.7	0.4900	854	356
nte_01875.jpg	0.001370	0.4738	0.3589	25.7	16.2	0.4373	854	356
nte_01876.jpg	0.057099	0.4977	0.6634	136.9	126.8	0.8555	854	356
nte_01876.jpg	0.012074	0.3453	0.4404	77.4	47.5	0.8242	854	356
nte_01876.jpg	0.001815	0.4746	0.3598	29.4	18.8	0.4692	854	356
nte_01877.jpg	0.055112	0.4977	0.6494	137.6	121.8	0.8452	854	356
nte_01877.jpg	0.001963	0.4730	0.3617	30.2	19.8	0.5176	854	356
nte_01878.jpg	0.054678	0.4984	0.6522	136.5	121.8	0.8540	854	356
nte_01879.jpg	0.053099	0.5000	0.6513	139.4	115.8	0.8291	854	356
nte_01880.jpg	0.055308	0.4980	0.6606	135.8	123.8	0.8589	854	356
nte_01880.jpg	0.000488	0.4469	0.3580	14.7	10.1	0.3286	854	356
nte_01881.jpg	0.048749	0.4996	0.6409	137.4	107.8	0.8755	854	356
nte_01881.jpg	0.000517	0.4703	0.3598	14.8	10.6	0.3701	854	356
nte_01882.jpg	0.051049	0.5016	0.6447	138.8	111.8	0.7476	854	356
nte_01882.jpg	0.000418	0.4301	0.3617	13.8	9.2	0.2830	854	356
nte_01882.jpg	0.000312	0.4691	0.3617	11.0	8.7	0.2803	854	356
nte_01882.jpg	0.000361	0.4375	0.3580	12.8	8.5	0.2710	854	356
nte_01883.jpg	0.049662	0.5051	0.6522	135.1	111.8	0.8574	854	356
nte_01883.jpg	0.000232	0.4711	0.3645	9.0	7.8	0.4695	854	356
nte_01883.jpg	0.000346	0.4215	0.3673	11.3	9.3	0.2529	854	356
nte_01884.jpg	0.050705	0.5105	0.6569	137.9	111.8	0.8291	854	356
nte_01884.jpg	0.000266	0.4691	0.3655	9.7	8.3	0.4102	854	356
nte_01884.jpg	0.000479	0.4160	0.3683	13.2	11.0	0.2805	854	356
nte_01885.jpg	0.047938	0.5035	0.6475	133.6	109.1	0.8364	854	356
nte_01885.jpg	0.003554	0.2299	0.2441	62.2	17.4	0.3398	854	356
nte_01885.jpg	0.000478	0.4340	0.3711	13.3	10.9	0.2837	854	356
nte_01886.jpg	0.050045	0.4988	0.6541	134.9	112.8	0.8779	854	356
nte_01887.jpg	0.049697	0.4984	0.6531	133.6	113.1	0.8354	854	356
nte_01887.jpg	0.000891	0.4438	0.3851	17.7	15.3	0.3215	854	356
nte_01888.jpg	0.051216	0.4984	0.6513	132.6	117.4	0.8506	854	356
nte_01888.jpg	0.000291	0.4668	0.3936	11.2	7.9	0.2568	854	356
nte_01889.jpg	0.051043	0.4988	0.6531	133.8	116.0	0.8706	854	356
nte_01890.jpg	0.051438	0.5020	0.6456	133.9	116.8	0.8398	854	356
nte_01891.jpg	0.049016	0.5012	0.6466	134.9	110.5	0.8281	854	356
nte_01892.jpg	0.055481	0.5043	0.6363	136.1	123.9	0.8159	854	356
nte_01892.jpg	0.001545	0.4199	0.3898	24.6	19.1	0.3416	854	356
nte_01893.jpg	0.003119	0.4027	0.4076	37.7	25.1	0.7837	854	356
nte_01893.jpg	0.062132	0.5016	0.6306	138.1	136.8	0.7661	854	356
nte_01893.jpg	0.001045	0.4254	0.3758	19.9	16.0	0.4185	854	356
nte_01894.jpg	0.054120	0.5066	0.6447	133.9	122.8	0.8599	854	356
nte_01894.jpg	0.013873	0.3461	0.4526	79.0	53.4	0.8555	854	356
nte_01894.jpg	0.002144	0.4098	0.3842	28.0	23.2	0.5664	854	356
nte_01894.jpg	0.001383	0.3824	0.3823	22.8	18.5	0.4902	854	356
nte_01895.jpg	0.166089	0.1538	0.7169	263.7	191.5	0.9189	854	356
nte_01895.jpg	0.064428	0.5086	0.6484	137.2	142.8	0.8418	854	356
nte_01895.jpg	0.006297	0.3875	0.4161	51.5	37.2	0.7788	854	356
nte_01895.jpg	0.000767	0.3721	0.3758	19.8	11.8	0.2883	854	356
nte_01895.jpg	0.001725	0.4309	0.3879	28.9	18.1	0.2695	854	356
nte_01895.jpg	0.001194	0.4051	0.3626	25.7	14.1	0.2583	854	356
nte_01896.jpg	0.061508	0.5070	0.6681	141.1	132.5	0.8706	854	356
nte_01896.jpg	0.048514	0.2977	0.5547	146.3	100.8	0.8677	854	356
nte_01896.jpg	0.004949	0.3861	0.4170	41.8	36.0	0.7485	854	356
nte_01897.jpg	0.057528	0.5117	0.6663	138.6	126.2	0.7974	854	356
nte_01897.jpg	0.045503	0.3385	0.5126	150.1	92.2	0.5269	854	356
nte_01898.jpg	0.069141	0.5105	0.6363	144.0	145.9	0.7695	854	356
nte_01898.jpg	0.000626	0.3574	0.3476	17.1	11.1	0.5078	854	356
nte_01899.jpg	0.060039	0.5016	0.6719	134.6	135.6	0.8457	854	356
nte_01899.jpg	0.001313	0.4219	0.3551	22.5	17.7	0.6748	854	356
nte_01900.jpg	0.057226	0.4988	0.6644	134.9	128.9	0.8892	854	356
nte_01900.jpg	0.001764	0.4277	0.3692	26.1	20.5	0.6006	854	356
nte_01901.jpg	0.051441	0.4941	0.6503	135.1	115.8	0.8779	854	356
nte_01901.jpg	0.003738	0.4004	0.3804	35.7	31.9	0.7793	854	356
nte_01902.jpg	0.052793	0.5012	0.6522	136.1	117.9	0.8579	854	356
nte_01902.jpg	0.013148	0.3184	0.4217	66.4	60.2	0.8477	854	356
nte_01903.jpg	0.103183	0.0935	0.6428	159.8	196.3	0.8652	854	356
nte_01903.jpg	0.052270	0.5066	0.6513	136.1	116.8	0.8579	854	356
nte_01903.jpg	0.010041	0.2518	0.4554	55.0	55.5	0.3679	854	356
nte_01903.jpg	0.013526	0.2016	0.4807	65.1	63.2	0.3193	854	356
nte_01904.jpg	0.054095	0.5098	0.6503	139.9	117.6	0.8369	854	356
nte_01905.jpg	0.055837	0.5078	0.6475	149.5	113.6	0.8608	854	356
nte_01906.jpg	0.075189	0.4969	0.6569	192.5	118.8	0.8818	854	356
nte_01907.jpg	0.082391	0.4871	0.6653	207.0	121.0	0.8989	854	356
nte_01908.jpg	0.090889	0.4965	0.6588	246.5	112.1	0.8774	854	356
nte_01909.jpg	0.084399	0.4742	0.6578	236.9	108.3	0.9043	854	356
nte_01910.jpg	0.085906	0.4699	0.6625	236.4	110.5	0.8984	854	356
nte_01911.jpg	0.087153	0.4785	0.6681	225.0	117.8	0.9028	854	356
nte_01911.jpg	0.004131	0.5867	0.5323	45.2	27.8	0.5430	854	356
nte_01912.jpg	0.077118	0.4871	0.6625	204.2	114.8	0.8853	854	356
nte_01913.jpg	0.072644	0.4969	0.6644	180.6	122.3	0.6265	854	356
nte_01914.jpg	0.058364	0.5039	0.6531	162.0	109.5	0.7671	854	356
nte_01915.jpg	0.062644	0.5035	0.6484	166.0	114.8	0.7451	854	356
nte_01916.jpg	0.061290	0.5074	0.6381	157.8	118.1	0.8037	854	356
nte_01917.jpg	0.057043	0.5074	0.6438	150.0	115.6	0.8311	854	356
nte_01918.jpg	0.053611	0.5020	0.6456	142.9	114.1	0.7749	854	356
nte_01918.jpg	0.000861	0.7320	0.3355	18.7	14.0	0.2690	854	356
nte_01919.jpg	0.052418	0.5027	0.6475	137.3	116.1	0.8594	854	356
nte_01920.jpg	0.054061	0.5000	0.6419	139.3	118.0	0.8320	854	356
nte_01921.jpg	0.050863	0.4938	0.6447	136.9	112.9	0.8433	854	356
nte_01921.jpg	0.000559	0.5625	0.3542	15.7	10.8	0.3894	854	356
nte_01922.jpg	0.052951	0.4906	0.6466	138.3	116.4	0.8262	854	356
nte_01922.jpg	0.000526	0.5648	0.3533	16.5	9.7	0.3413	854	356
nte_01923.jpg	0.054622	0.4887	0.6447	142.0	116.9	0.6816	854	356
nte_01923.jpg	0.000840	0.6074	0.3439	17.3	14.8	0.2932	854	356
nte_01923.jpg	0.000455	0.5633	0.3580	13.8	10.0	0.2751	854	356
nte_01924.jpg	0.053622	0.4898	0.6447	139.5	116.8	0.7261	854	356
nte_01924.jpg	0.000626	0.5465	0.3655	16.1	11.8	0.4185	854	356
nte_01924.jpg	0.000704	0.5676	0.3589	17.1	12.5	0.2959	854	356
nte_01924.jpg	0.001058	0.5910	0.3514	19.4	16.6	0.2859	854	356
nte_01925.jpg	0.051370	0.4926	0.6419	136.7	114.3	0.8203	854	356
nte_01925.jpg	0.000827	0.5234	0.3608	19.8	12.7	0.3223	854	356
nte_01926.jpg	0.054432	0.4988	0.6344	137.6	120.3	0.7046	854	356
nte_01926.jpg	0.001257	0.5328	0.3392	19.0	20.1	0.3455	854	356
nte_01926.jpg	0.001169	0.4859	0.3636	21.0	16.9	0.3291	854	356
nte_01927.jpg	0.057383	0.5012	0.6597	134.4	129.8	0.8716	854	356
nte_01927.jpg	0.001285	0.4551	0.3514	24.2	16.1	0.5630	854	356
nte_01927.jpg	0.001248	0.5066	0.3252	19.8	19.2	0.3027	854	356
nte_01928.jpg	0.060879	0.4961	0.6691	133.9	138.3	0.7915	854	356
nte_01928.jpg	0.002394	0.4363	0.3598	33.7	21.6	0.7002	854	356
nte_01928.jpg	0.001448	0.4973	0.3617	23.0	19.1	0.3655	854	356
nte_01929.jpg	0.057131	0.5008	0.6409	139.8	124.3	0.8389	854	356
nte_01929.jpg	0.004317	0.4070	0.3851	42.8	30.6	0.7744	854	356
nte_01929.jpg	0.000689	0.4727	0.3336	15.1	13.9	0.4016	854	356
nte_01929.jpg	0.002207	0.4945	0.3739	27.9	24.0	0.3035	854	356
nte_01929.jpg	0.003406	0.4586	0.4011	36.8	28.1	0.2634	854	356
nte_01930.jpg	0.014026	0.3498	0.4385	88.2	48.3	0.8521	854	356
nte_01930.jpg	0.052760	0.4984	0.6372	134.7	119.1	0.8408	854	356
nte_01930.jpg	0.002688	0.4148	0.4029	33.9	24.1	0.7275	854	356
nte_01930.jpg	0.001168	0.4504	0.4039	19.9	17.8	0.3916	854	356
nte_01931.jpg	0.142430	0.1455	0.6972	248.2	174.5	0.8867	854	356
nte_01931.jpg	0.053344	0.4977	0.6391	134.9	120.3	0.8760	854	356
nte_01931.jpg	0.008439	0.3633	0.4563	64.6	39.7	0.8267	854	356
nte_01931.jpg	0.000935	0.4430	0.4254	17.9	15.9	0.4270	854	356
nte_01931.jpg	0.002777	0.4148	0.4310	33.0	25.6	0.4155	854	356
nte_01931.jpg	0.000662	0.4555	0.4198	14.4	14.0	0.3840	854	356
nte_01931.jpg	0.000545	0.4992	0.4245	14.2	11.6	0.2664	854	356
nte_01932.jpg	0.068591	0.1758	0.6063	207.2	100.7	0.8955	854	356
nte_01932.jpg	0.049643	0.4988	0.6522	136.3	110.8	0.8481	854	356
nte_01932.jpg	0.002763	0.4117	0.4489	32.2	26.1	0.6045	854	356
nte_01932.jpg	0.006992	0.3635	0.4798	61.4	34.6	0.5688	854	356
nte_01932.jpg	0.000763	0.4961	0.4292	15.9	14.6	0.5674	854	356
nte_01933.jpg	0.032736	0.2469	0.5416	148.6	67.0	0.8613	854	356
nte_01933.jpg	0.050586	0.4938	0.6588	134.6	114.3	0.8501	854	356
nte_01933.jpg	0.006327	0.3713	0.4667	49.7	38.7	0.7832	854	356
nte_01933.jpg	0.001656	0.4129	0.4573	24.7	20.3	0.5532	854	356
nte_01933.jpg	0.000708	0.4906	0.4254	16.0	13.4	0.3965	854	356
nte_01933.jpg	0.001153	0.4301	0.4451	20.1	17.4	0.3887	854	356
nte_01934.jpg	0.045894	0.4969	0.6466	134.3	103.9	0.8501	854	356
nte_01934.jpg	0.031939	0.2223	0.5116	134.6	72.1	0.8442	854	356
nte_01934.jpg	0.005785	0.3396	0.4816	52.8	33.3	0.7705	854	356
nte_01934.jpg	0.002562	0.3855	0.4573	31.9	24.4	0.4971	854	356
nte_01935.jpg	0.053918	0.4973	0.6241	133.4	122.8	0.8555	854	356
nte_01935.jpg	0.023478	0.2117	0.5201	123.7	57.7	0.8013	854	356
nte_01935.jpg	0.007774	0.3291	0.4676	59.4	39.8	0.7026	854	356
nte_01935.jpg	0.001781	0.4582	0.4264	25.6	21.1	0.2881	854	356
nte_01935.jpg	0.000307	0.4695	0.3402	12.0	7.8	0.2588	854	356
nte_01936.jpg	0.026963	0.2113	0.4891	124.3	66.0	0.8726	854	356
nte_01936.jpg	0.053112	0.4973	0.6372	133.4	121.0	0.7983	854	356
nte_01936.jpg	0.001839	0.4055	0.4376	23.6	23.7	0.3389	854	356
nte_01936.jpg	0.002358	0.4371	0.4236	31.8	22.6	0.3044	854	356
nte_01937.jpg	0.048823	0.4984	0.6475	131.9	112.5	0.8726	854	356
nte_01937.jpg	0.010811	0.4508	0.5388	63.5	51.8	0.3123	854	356
nte_01937.jpg	0.000638	0.5922	0.3720	15.4	12.6	0.2676	854	356
nte_01938.jpg	0.045108	0.4945	0.6484	124.8	109.9	0.7085	854	356
nte_01939.jpg	0.059925	0.4965	0.6625	135.9	134.0	0.8052	854	356
nte_01939.jpg	0.002397	0.4473	0.3608	30.1	24.2	0.4646	854	356
nte_01940.jpg	0.056863	0.4945	0.6409	136.1	127.0	0.7202	854	356
nte_01941.jpg	0.055153	0.5008	0.6484	140.1	119.7	0.7617	854	356
nte_01942.jpg	0.054999	0.4973	0.6391	135.1	123.8	0.7646	854	356
nte_01942.jpg	0.006016	0.5617	0.4292	63.8	28.7	0.2761	854	356
nte_01943.jpg	0.054761	0.5027	0.6438	137.1	121.4	0.7896	854	356
nte_01943.jpg	0.006182	0.0378	0.3692	64.3	29.2	0.2773	854	356
nte_01944.jpg	0.054638	0.5031	0.6578	135.8	122.3	0.8447	854	356
nte_01944.jpg	0.000737	0.4656	0.4161	20.0	11.2	0.2776	854	356
nte_01945.jpg	0.054674	0.5066	0.6203	133.9	124.2	0.8154	854	356
nte_01946.jpg	0.048233	0.4961	0.6531	133.1	110.2	0.7788	854	356
nte_01947.jpg	0.050234	0.4875	0.6316	138.9	109.9	0.7998	854	356
nte_01947.jpg	0.003432	0.4141	0.4535	41.7	25.0	0.7773	854	356
nte_01948.jpg	0.010740	0.3371	0.4910	77.7	42.0	0.8125	854	356
nte_01948.jpg	0.052644	0.4867	0.6241	139.8	114.5	0.7720	854	356
nte_01949.jpg	0.056607	0.4859	0.6194	138.8	124.0	0.7402	854	356
nte_01950.jpg	0.046814	0.4926	0.6391	138.9	102.5	0.7935	854	356
nte_01951.jpg	0.045343	0.4977	0.6428	134.6	102.4	0.8169	854	356
nte_01951.jpg	0.000519	0.5621	0.3542	13.6	11.6	0.3115	854	356
nte_01952.jpg	0.056553	0.5055	0.6278	139.1	123.6	0.7993	854	356
nte_01953.jpg	0.051370	0.5016	0.6447	137.2	113.8	0.5601	854	356
nte_01953.jpg	0.000783	0.5816	0.3327	18.1	13.2	0.3269	854	356
nte_01954.jpg	0.056214	0.4898	0.6588	139.0	122.9	0.8335	854	356
nte_01955.jpg	0.058143	0.4895	0.6175	140.3	126.0	0.6924	854	356
nte_01956.jpg	0.054345	0.4941	0.6578	138.4	119.3	0.8467	854	356
nte_01957.jpg	0.049144	0.4977	0.6513	135.1	110.6	0.8926	854	356
nte_01958.jpg	0.055323	0.4977	0.6363	134.3	125.3	0.8350	854	356
nte_01958.jpg	0.000806	0.5191	0.3476	17.4	14.1	0.4639	854	356
nte_01959.jpg	0.052481	0.5020	0.6503	137.4	116.1	0.8550	854	356
nte_01959.jpg	0.001245	0.7063	0.4282	20.9	18.1	0.4021	854	356
nte_01960.jpg	0.056234	0.4988	0.6325	135.9	125.8	0.7573	854	356
nte_01961.jpg	0.057142	0.5008	0.6409	136.8	127.0	0.8506	854	356
nte_01962.jpg	0.053695	0.4996	0.6447	133.5	122.3	0.8755	854	356
nte_01962.jpg	0.000519	0.4824	0.3430	15.0	10.5	0.4487	854	356
nte_01963.jpg	0.057719	0.5004	0.6494	137.5	127.6	0.8237	854	356
nte_01963.jpg	0.000416	0.5402	0.3580	13.2	9.6	0.5283	854	356
nte_01963.jpg	0.000717	0.4820	0.3448	17.3	12.6	0.3218	854	356
nte_01964.jpg	0.059596	0.4973	0.6241	134.4	134.8	0.8599	854	356
nte_01964.jpg	0.000578	0.5348	0.3617	15.5	11.4	0.6289	854	356
nte_01964.jpg	0.000982	0.4691	0.3448	19.1	15.6	0.3621	854	356
nte_01965.jpg	0.056804	0.4984	0.6409	136.8	126.3	0.7935	854	356
nte_01965.jpg	0.000590	0.5301	0.3664	15.2	11.8	0.6167	854	356
nte_01965.jpg	0.001092	0.4602	0.3523	21.1	15.8	0.3809	854	356
nte_01966.jpg	0.052353	0.4980	0.6419	135.4	117.6	0.8169	854	356
nte_01966.jpg	0.000691	0.5285	0.3711	16.7	12.6	0.6030	854	356
nte_01967.jpg	0.055183	0.4977	0.6288	136.9	122.5	0.8042	854	356
nte_01967.jpg	0.000755	0.5262	0.3748	17.7	12.9	0.6055	854	356
nte_01968.jpg	0.052794	0.4973	0.6559	137.3	116.9	0.8569	854	356
nte_01968.jpg	0.000966	0.5234	0.3823	19.1	15.4	0.5410	854	356
nte_01969.jpg	0.054686	0.4945	0.6335	138.4	120.1	0.8242	854	356
nte_01969.jpg	0.001428	0.5199	0.3879	23.6	18.4	0.5674	854	356
nte_01969.jpg	0.002441	0.6762	0.3823	37.9	19.6	0.3450	854	356
nte_01970.jpg	0.056682	0.4949	0.6297	142.1	121.3	0.6372	854	356
nte_01970.jpg	0.001850	0.5129	0.3973	26.7	21.0	0.4751	854	356
nte_01971.jpg	0.057316	0.4895	0.6344	146.1	119.3	0.7627	854	356
nte_01971.jpg	0.002221	0.4910	0.4048	30.3	22.3	0.5029	854	356
nte_01971.jpg	0.000549	0.5160	0.4048	13.8	12.1	0.3230	854	356
nte_01972.jpg	0.048627	0.4949	0.6466	135.9	108.8	0.8662	854	356
nte_01972.jpg	0.006061	0.4113	0.4226	48.5	38.0	0.7837	854	356
nte_01972.jpg	0.001651	0.4523	0.4114	25.6	19.6	0.6323	854	356
nte_01973.jpg	0.048911	0.4969	0.6494	134.8	110.3	0.8613	854	356
nte_01973.jpg	0.021232	0.3193	0.4685	106.8	60.4	0.7109	854	356
nte_01973.jpg	0.003472	0.4199	0.4254	40.2	26.2	0.6475	854	356
nte_01974.jpg	0.054017	0.5000	0.6372	134.7	121.9	0.8657	854	356
nte_01974.jpg	0.014984	0.3383	0.4807	92.7	49.1	0.8306	854	356
nte_01975.jpg	0.049053	0.4984	0.6531	136.6	109.2	0.8545	854	356
nte_01975.jpg	0.077821	0.1078	0.6756	184.0	128.6	0.6807	854	356
nte_01976.jpg	0.047370	0.5000	0.6381	135.4	106.3	0.8823	854	356
nte_01977.jpg	0.047683	0.5039	0.6438	134.0	108.2	0.8262	854	356
nte_01978.jpg	0.048257	0.5027	0.6419	132.3	110.9	0.8184	854	356
nte_01979.jpg	0.051222	0.5020	0.6100	133.9	116.3	0.6899	854	356
nte_01980.jpg	0.064525	0.5070	0.5978	141.4	138.8	0.6001	854	356
nte_01981.jpg	0.054848	0.5008	0.6503	137.6	121.2	0.8062	854	356
nte_01982.jpg	0.061911	0.5008	0.6381	140.4	134.0	0.8486	854	356
nte_01982.jpg	0.003182	0.5109	0.4273	53.2	18.2	0.3162	854	356
nte_01982.jpg	0.000882	0.4805	0.4189	18.8	14.2	0.2678	854	356
nte_01983.jpg	0.058784	0.4977	0.6672	144.1	124.0	0.8770	854	356
nte_01983.jpg	0.003700	0.5141	0.4648	45.5	24.7	0.3235	854	356
nte_01984.jpg	0.067455	0.4953	0.6513	146.2	140.3	0.8208	854	356
nte_01985.jpg	0.066689	0.4965	0.6344	147.7	137.3	0.8760	854	356
nte_01986.jpg	0.067104	0.4992	0.6316	148.6	137.3	0.8979	854	356
nte_01987.jpg	0.072216	0.4992	0.6306	151.0	145.4	0.9023	854	356
nte_01988.jpg	0.057345	0.5020	0.7056	149.5	116.6	0.9014	854	356
nte_01988.jpg	0.008138	0.3768	0.6297	65.9	37.5	0.7783	854	356
nte_01989.jpg	0.092036	0.1453	0.6231	248.5	112.6	0.9053	854	356
nte_01989.jpg	0.049960	0.5063	0.6541	149.3	101.7	0.8765	854	356
nte_01989.jpg	0.004073	0.4023	0.5444	41.5	29.9	0.7705	854	356
nte_01989.jpg	0.001755	0.4379	0.5369	24.9	21.4	0.6416	854	356
nte_01990.jpg	0.051582	0.5047	0.6456	147.4	106.4	0.8936	854	356
nte_01990.jpg	0.015921	0.3377	0.5594	94.0	51.5	0.8354	854	356
nte_01990.jpg	0.003845	0.4184	0.5266	41.7	28.1	0.7383	854	356
nte_01991.jpg	0.051669	0.5043	0.6503	145.1	108.3	0.8623	854	356
nte_01991.jpg	0.015640	0.3664	0.5454	91.7	51.8	0.8188	854	356
nte_01992.jpg	0.059223	0.4988	0.6569	149.2	120.7	0.8350	854	356
nte_01992.jpg	0.183733	0.1677	0.7150	286.7	194.8	0.7817	854	356
nte_01993.jpg	0.050842	0.5023	0.6484	139.8	110.6	0.8350	854	356
nte_01994.jpg	0.057081	0.4992	0.6175	137.4	126.3	0.8335	854	356
nte_01995.jpg	0.058674	0.4984	0.6175	138.4	128.9	0.7334	854	356
nte_01996.jpg	0.056276	0.4996	0.6391	135.8	126.0	0.8335	854	356
nte_01997.jpg	0.052233	0.4992	0.6522	136.1	116.7	0.8354	854	356
nte_01997.jpg	0.000337	0.4840	0.4273	11.1	9.2	0.4246	854	356
nte_01998.jpg	0.050948	0.4992	0.6606	135.3	114.5	0.8657	854	356
nte_01998.jpg	0.000349	0.4816	0.4245	11.6	9.2	0.3501	854	356
nte_01999.jpg	0.052110	0.4988	0.6606	135.7	116.8	0.8887	854	356
nte_01999.jpg	0.000386	0.4785	0.4236	11.6	10.1	0.3186	854	356
nte_02000.jpg	0.050923	0.4996	0.6653	133.9	115.6	0.9111	854	356
nte_02000.jpg	0.000691	0.4715	0.4292	15.4	13.6	0.5908	854	356
nte_02001.jpg	0.046367	0.4996	0.6484	135.4	104.1	0.8818	854	356
nte_02001.jpg	0.000745	0.4684	0.4301	16.3	13.9	0.7070	854	356
nte_02002.jpg	0.044861	0.4988	0.6466	133.9	101.8	0.8726	854	356
nte_02002.jpg	0.001761	0.4605	0.4385	24.0	22.3	0.6855	854	356
nte_02003.jpg	0.047013	0.5000	0.6522	137.1	104.2	0.8438	854	356
nte_02003.jpg	0.002881	0.4438	0.4470	31.2	28.1	0.6938	854	356
nte_02004.jpg	0.007948	0.4020	0.4770	56.8	42.6	0.7920	854	356
nte_02004.jpg	0.059604	0.4988	0.6513	141.3	128.3	0.7681	854	356
nte_02005.jpg	0.291245	0.1480	0.4966	253.0	349.9	0.7666	854	356
nte_02005.jpg	0.061202	0.5047	0.6616	147.9	125.8	0.7549	854	356
nte_02006.jpg	0.059464	0.5035	0.6597	147.9	122.3	0.8730	854	356
nte_02007.jpg	0.060722	0.5016	0.6709	151.2	122.1	0.8481	854	356
nte_02008.jpg	0.055089	0.5012	0.6700	151.5	110.6	0.8496	854	356
nte_02009.jpg	0.053989	0.4984	0.6588	150.7	108.9	0.8965	854	356
nte_02010.jpg	0.053552	0.4980	0.6672	147.4	110.4	0.8696	854	356
nte_02011.jpg	0.054651	0.4988	0.6606	147.0	113.0	0.8696	854	356
nte_02011.jpg	0.001190	0.3895	0.4601	22.6	16.0	0.3315	854	356
nte_02011.jpg	0.001812	0.2643	0.4685	34.3	16.1	0.3013	854	356
nte_02011.jpg	0.002307	0.6441	0.4526	30.1	23.3	0.2576	854	356
nte_02012.jpg	0.049229	0.4984	0.6588	143.1	104.6	0.9019	854	356
nte_02012.jpg	0.001674	0.3617	0.4592	27.3	18.7	0.4119	854	356
nte_02013.jpg	0.047756	0.5008	0.6541	141.2	102.8	0.8965	854	356
nte_02013.jpg	0.002865	0.1975	0.4816	54.5	16.0	0.4631	854	356
nte_02014.jpg	0.051531	0.5004	0.6709	140.6	111.4	0.8833	854	356
nte_02015.jpg	0.047528	0.5012	0.6569	138.9	104.0	0.9048	854	356
nte_02016.jpg	0.047223	0.5012	0.6559	138.9	103.3	0.9077	854	356
nte_02017.jpg	0.046505	0.5004	0.6569	136.9	103.2	0.8672	854	356
nte_02017.jpg	0.011223	0.1912	0.4142	96.5	35.4	0.3064	854	356
nte_02018.jpg	0.053979	0.5012	0.6578	137.6	119.3	0.8589	854	356
nte_02019.jpg	0.051263	0.5000	0.6550	137.1	113.7	0.8418	854	356
nte_02020.jpg	0.056767	0.5020	0.6466	138.6	124.5	0.8403	854	356
nte_02021.jpg	0.054999	0.5027	0.6634	137.6	121.5	0.8613	854	356
nte_02022.jpg	0.050651	0.5039	0.6531	137.7	111.8	0.8203	854	356
nte_02022.jpg	0.001906	0.6551	0.3926	34.6	16.7	0.3015	854	356
nte_02023.jpg	0.050198	0.5055	0.6494	138.1	110.5	0.8682	854	356
nte_02024.jpg	0.053181	0.5020	0.6456	137.1	117.9	0.8247	854	356
nte_02025.jpg	0.054869	0.5020	0.6578	136.4	122.3	0.8354	854	356
nte_02026.jpg	0.051249	0.5016	0.6550	134.0	116.3	0.8926	854	356
nte_02027.jpg	0.051088	0.4992	0.6522	135.9	114.3	0.8457	854	356
nte_02028.jpg	0.060034	0.5012	0.6597	140.1	130.3	0.7100	854	356
nte_02028.jpg	0.002281	0.3760	0.3711	49.2	14.1	0.2510	854	356
nte_02029.jpg	0.055548	0.5008	0.6691	134.1	125.9	0.8672	854	356
nte_02029.jpg	0.001996	0.2873	0.3879	37.2	16.3	0.2883	854	356
nte_02030.jpg	0.052569	0.5012	0.6578	136.1	117.4	0.8418	854	356
nte_02030.jpg	0.002086	0.7492	0.3973	35.0	18.1	0.3274	854	356
nte_02031.jpg	0.052855	0.5000	0.6513	135.7	118.4	0.8647	854	356
nte_02032.jpg	0.062919	0.5016	0.6391	136.7	139.9	0.7280	854	356
nte_02033.jpg	0.051918	0.5008	0.6513	135.2	116.8	0.8647	854	356
nte_02034.jpg	0.052917	0.5000	0.6494	136.5	117.8	0.8276	854	356
nte_02035.jpg	0.061380	0.5008	0.6475	137.3	135.9	0.7305	854	356
nte_02036.jpg	0.057317	0.4996	0.6550	135.9	128.3	0.8560	854	356
nte_02037.jpg	0.058446	0.4988	0.6625	138.4	128.4	0.6914	854	356
nte_02038.jpg	0.060253	0.5000	0.6672	137.0	133.7	0.8135	854	356
nte_02039.jpg	0.064877	0.5035	0.6634	140.6	140.3	0.8574	854	356
nte_02040.jpg	0.067387	0.5000	0.6653	135.3	151.5	0.3591	854	356
nte_02041.jpg	0.067531	0.4949	0.6691	149.2	137.6	0.6387	854	356
nte_02042.jpg	0.065637	0.5000	0.6494	143.3	139.3	0.7642	854	356
nte_02045.jpg	0.073404	0.5016	0.6953	153.8	145.1	0.3428	854	356
nte_02046.jpg	0.080857	0.5031	0.7140	156.1	157.5	0.3582	854	356
nte_02047.jpg	0.073807	0.5031	0.7178	155.7	144.1	0.4910	854	356
nte_02048.jpg	0.078156	0.5027	0.6953	156.3	152.0	0.6694	854	356
nte_02048.jpg	0.003202	0.3047	0.2989	42.7	22.8	0.3025	854	356
nte_02049.jpg	0.078281	0.5082	0.7178	161.0	147.8	0.4924	854	356
nte_02050.jpg	0.072664	0.5070	0.7450	161.1	137.1	0.5469	854	356
nte_02051.jpg	0.000321	0.4461	0.3289	11.3	8.6	0.3621	854	356
nte_02052.jpg	0.113995	0.5059	0.6513	162.7	213.0	0.5156	854	356
nte_02053.jpg	0.103844	0.5074	0.6372	160.5	196.7	0.4836	854	356
nte_02053.jpg	0.000419	0.4484	0.3327	12.9	9.9	0.4404	854	356
nte_02053.jpg	0.002277	0.5684	0.3261	32.9	21.0	0.4121	854	356
nte_02054.jpg	0.000537	0.4457	0.3373	14.1	11.6	0.6274	854	356
nte_02054.jpg	0.105891	0.5070	0.6306	160.0	201.2	0.5679	854	356
nte_02055.jpg	0.079297	0.5051	0.6841	152.8	157.8	0.7119	854	356
nte_02055.jpg	0.000712	0.4398	0.3420	16.3	13.2	0.7051	854	356
nte_02056.jpg	0.000943	0.4328	0.3458	18.0	15.9	0.7734	854	356
nte_02056.jpg	0.067411	0.5043	0.6784	150.1	136.5	0.6528	854	356
nte_02057.jpg	0.001541	0.4211	0.3580	23.2	20.2	0.7705	854	356
nte_02057.jpg	0.093062	0.5078	0.6288	159.1	177.8	0.4260	854	356
nte_02057.jpg	0.000692	0.3246	0.3392	18.4	11.4	0.2705	854	356
nte_02058.jpg	0.002772	0.4113	0.3683	31.6	26.6	0.7808	854	356
nte_02058.jpg	0.076581	0.5070	0.6513	149.5	155.8	0.4844	854	356
nte_02058.jpg	0.001451	0.6313	0.3298	29.7	14.9	0.2852	854	356
nte_02058.jpg	0.001007	0.2428	0.3636	24.0	12.8	0.2791	854	356
nte_02059.jpg	0.007068	0.3771	0.3908	53.7	40.0	0.8638	854	356
nte_02059.jpg	0.064269	0.5059	0.6756	146.6	133.3	0.7529	854	356
nte_02059.jpg	0.001499	0.6680	0.3252	33.4	13.6	0.3542	854	356
nte_02060.jpg	0.051916	0.2369	0.4816	163.3	96.7	0.9077	854	356
nte_02060.jpg	0.065447	0.5035	0.6728	144.9	137.3	0.7837	854	356
nte_02061.jpg	0.072405	0.5082	0.6653	144.9	151.9	0.7285	854	356
nte_02063.jpg	0.059309	0.5113	0.6672	140.9	127.9	0.8594	854	356
nte_02064.jpg	0.068844	0.5090	0.6653	147.3	142.1	0.7954	854	356
nte_02065.jpg	0.068584	0.5078	0.6663	148.1	140.8	0.6836	854	356
nte_02066.jpg	0.066016	0.5047	0.6756	147.3	136.3	0.7949	854	356
nte_02067.jpg	0.065482	0.5055	0.6794	146.4	135.9	0.8037	854	356
nte_02068.jpg	0.068863	0.5082	0.6803	148.4	141.1	0.8501	854	356
nte_02069.jpg	0.061227	0.5105	0.6663	141.4	131.6	0.8232	854	356
nte_02070.jpg	0.057660	0.5109	0.6653	140.7	124.6	0.8125	854	356
nte_02071.jpg	0.062991	0.5086	0.6784	146.4	130.8	0.8633	854	356
nte_02072.jpg	0.063812	0.5020	0.6672	155.3	124.9	0.8438	854	356
nte_02073.jpg	0.063441	0.5027	0.6672	152.0	126.9	0.8882	854	356
nte_02074.jpg	0.058358	0.5070	0.6588	146.1	121.4	0.8701	854	356
nte_02075.jpg	0.057301	0.5070	0.6541	145.4	119.8	0.8662	854	356
nte_02076.jpg	0.066078	0.5086	0.6747	149.6	134.3	0.8379	854	356
nte_02077.jpg	0.066637	0.5039	0.6728	150.0	135.1	0.8413	854	356
nte_02078.jpg	0.072713	0.5043	0.6663	151.0	146.4	0.6748	854	356
nte_02079.jpg	0.065159	0.4977	0.6850	145.3	136.4	0.8481	854	356
nte_02080.jpg	0.069422	0.4930	0.6897	148.9	141.8	0.8188	854	356
nte_02080.jpg	0.000538	0.5188	0.3345	14.8	11.0	0.6196	854	356
nte_02081.jpg	0.072796	0.4969	0.6990	151.0	146.6	0.7476	854	356
nte_02081.jpg	0.000587	0.5137	0.3383	16.2	11.0	0.3982	854	356
nte_02082.jpg	0.072308	0.4977	0.7037	150.4	146.2	0.8320	854	356
nte_02082.jpg	0.000814	0.5039	0.3392	17.7	14.0	0.5195	854	356
nte_02083.jpg	0.070700	0.4945	0.6962	147.8	145.4	0.7822	854	356
nte_02083.jpg	0.001295	0.4820	0.3448	22.1	17.8	0.6157	854	356
nte_02084.jpg	0.062663	0.4965	0.6709	144.9	131.4	0.8462	854	356
nte_02084.jpg	0.002554	0.4477	0.3570	30.4	25.5	0.7769	854	356
nte_02085.jpg	0.063678	0.5008	0.6747	144.4	134.1	0.8462	854	356
nte_02085.jpg	0.005673	0.4043	0.3776	45.7	37.7	0.8262	854	356
nte_02086.jpg	0.066569	0.4961	0.6709	146.4	138.3	0.8354	854	356
nte_02086.jpg	0.018305	0.3377	0.4236	88.7	62.7	0.8286	854	356
nte_02087.jpg	0.075819	0.4910	0.6756	152.5	151.1	0.7173	854	356
nte_02088.jpg	0.060885	0.4930	0.6625	142.3	130.1	0.8735	854	356
nte_02089.jpg	0.061877	0.4922	0.6625	141.8	132.7	0.8018	854	356
nte_02090.jpg	0.063283	0.4941	0.6691	143.1	134.4	0.8130	854	356
nte_02091.jpg	0.063136	0.4973	0.6709	142.8	134.4	0.7646	854	356
nte_02092.jpg	0.063064	0.4992	0.6784	140.6	136.4	0.8467	854	356
nte_02093.jpg	0.064646	0.5027	0.6766	140.1	140.3	0.7720	854	356
nte_02093.jpg	0.000262	0.4844	0.3655	10.5	7.6	0.2944	854	356
nte_02094.jpg	0.070137	0.5078	0.6663	147.3	144.8	0.7676	854	356
nte_02095.jpg	0.063765	0.5020	0.6653	139.0	139.4	0.8457	854	356
nte_02095.jpg	0.000478	0.4551	0.3908	14.3	10.2	0.2639	854	356
nte_02096.jpg	0.068381	0.5023	0.6578	142.4	145.9	0.7798	854	356
nte_02097.jpg	0.060778	0.5027	0.6663	140.9	131.1	0.8491	854	356
nte_02097.jpg	0.004113	0.3725	0.4442	46.0	27.2	0.7520	854	356
nte_02097.jpg	0.000619	0.4199	0.4282	15.1	12.4	0.3943	854	356
nte_02097.jpg	0.000682	0.4383	0.4254	15.0	13.8	0.2883	854	356
nte_02098.jpg	0.056364	0.5000	0.6531	139.8	122.6	0.8525	854	356
nte_02098.jpg	0.022659	0.2600	0.5201	120.8	57.0	0.7910	854	356
nte_02098.jpg	0.002402	0.3928	0.4582	34.1	21.4	0.7432	854	356
nte_02098.jpg	0.001264	0.4266	0.4357	20.8	18.5	0.5137	854	356
nte_02098.jpg	0.003437	0.3092	0.4648	40.0	26.1	0.4854	854	356
nte_02098.jpg	0.000870	0.3613	0.4479	20.5	12.9	0.3572	854	356
nte_02099.jpg	0.050348	0.5000	0.6513	137.7	111.2	0.8774	854	356
nte_02099.jpg	0.005989	0.3424	0.4854	57.0	31.9	0.7998	854	356
nte_02099.jpg	0.013276	0.1937	0.4891	109.0	37.0	0.7920	854	356
nte_02099.jpg	0.002467	0.4062	0.4470	29.9	25.1	0.6953	854	356
nte_02100.jpg	0.053937	0.4992	0.6391	137.7	119.1	0.8735	854	356
nte_02100.jpg	0.006555	0.3580	0.4573	52.5	38.0	0.8198	854	356
nte_02100.jpg	0.062498	0.1219	0.5782	208.8	91.0	0.7974	854	356
nte_02100.jpg	0.005685	0.2396	0.4676	61.1	28.3	0.6045	854	356
nte_02100.jpg	0.001521	0.3117	0.4563	26.9	17.2	0.4231	854	356
nte_02100.jpg	0.000892	0.4301	0.4404	18.8	14.4	0.3967	854	356
nte_02101.jpg	0.027444	0.2428	0.4985	123.5	67.6	0.8892	854	356
nte_02101.jpg	0.056531	0.5000	0.6569	138.8	123.8	0.8350	854	356
nte_02101.jpg	0.001566	0.4082	0.4526	26.4	18.0	0.6655	854	356
nte_02101.jpg	0.004377	0.3391	0.4667	44.1	30.2	0.4844	854	356
nte_02101.jpg	0.001806	0.3785	0.4582	28.9	19.0	0.2646	854	356
nte_02102.jpg	0.056820	0.4988	0.6541	139.1	124.2	0.8794	854	356
nte_02102.jpg	0.006417	0.2738	0.4582	60.2	32.4	0.7061	854	356
nte_02102.jpg	0.003000	0.3709	0.4592	42.9	21.3	0.6440	854	356
nte_02102.jpg	0.017154	0.0657	0.5238	111.7	46.7	0.3376	854	356
nte_02103.jpg	0.056506	0.4988	0.6522	139.3	123.3	0.8730	854	356
nte_02103.jpg	0.022705	0.0713	0.5079	122.3	56.5	0.6982	854	356
nte_02104.jpg	0.061204	0.4984	0.6681	142.1	130.9	0.8350	854	356
nte_02104.jpg	0.000508	0.4770	0.4282	17.6	8.8	0.3604	854	356
nte_02105.jpg	0.063624	0.4988	0.6831	144.8	133.6	0.8599	854	356
nte_02106.jpg	0.060924	0.4996	0.6784	147.9	125.3	0.8550	854	356
nte_02107.jpg	0.065083	0.4988	0.6906	151.1	130.9	0.8765	854	356
nte_02108.jpg	0.071590	0.4992	0.7009	152.6	142.6	0.8745	854	356
nte_02109.jpg	0.069037	0.4996	0.6953	156.1	134.4	0.8672	854	356
nte_02109.jpg	0.000356	0.4453	0.4292	11.8	9.2	0.2654	854	356
nte_02110.jpg	0.071716	0.4992	0.7019	157.9	138.1	0.8896	854	356
nte_02111.jpg	0.084505	0.4996	0.7300	161.6	159.0	0.8574	854	356
nte_02111.jpg	0.000539	0.4273	0.4367	13.8	11.8	0.4617	854	356
nte_02112.jpg	0.086806	0.4984	0.7272	168.0	157.1	0.8247	854	356
nte_02112.jpg	0.000655	0.4043	0.4357	16.1	12.3	0.2527	854	356
nte_02113.jpg	0.077028	0.4996	0.7065	164.2	142.6	0.8789	854	356
nte_02114.jpg	0.083028	0.4980	0.7225	168.0	150.3	0.8901	854	356
nte_02114.jpg	0.004840	0.3010	0.4713	51.7	28.5	0.4468	854	356
nte_02115.jpg	0.083332	0.4996	0.7234	166.5	152.1	0.8569	854	356
nte_02116.jpg	0.078387	0.5008	0.7178	165.5	144.0	0.8813	854	356
nte_02116.jpg	0.000354	0.4586	0.4320	12.0	9.0	0.2725	854	356
nte_02117.jpg	0.089645	0.5012	0.6953	170.4	160.0	0.7354	854	356
nte_02117.jpg	0.000925	0.4695	0.4404	21.2	13.3	0.3811	854	356
nte_02117.jpg	0.000322	0.4543	0.4310	11.5	8.5	0.3496	854	356
nte_02118.jpg	0.087806	0.5008	0.6859	166.7	160.1	0.7812	854	356
nte_02118.jpg	0.001223	0.4668	0.4414	24.0	15.5	0.3218	854	356
nte_02119.jpg	0.083460	0.5008	0.7112	167.6	151.4	0.8481	854	356
nte_02119.jpg	0.000783	0.4516	0.4376	16.7	14.2	0.2581	854	356
nte_02120.jpg	0.090263	0.5016	0.6719	174.5	157.3	0.7427	854	356
nte_02120.jpg	0.001222	0.4430	0.4442	20.9	17.8	0.3083	854	356
nte_02121.jpg	0.090260	0.5008	0.6953	170.1	161.3	0.7417	854	356
nte_02122.jpg	0.082315	0.5008	0.7084	168.3	148.7	0.8369	854	356
nte_02122.jpg	0.000220	0.4434	0.4264	9.9	6.7	0.2603	854	356
nte_02123.jpg	0.083863	0.5004	0.6887	169.5	150.5	0.8311	854	356
nte_02123.jpg	0.000221	0.4410	0.4254	9.3	7.2	0.2537	854	356
nte_02124.jpg	0.082828	0.5000	0.7112	169.6	148.4	0.8579	854	356
nte_02124.jpg	0.000353	0.4156	0.4339	13.2	8.1	0.3728	854	356
nte_02124.jpg	0.000214	0.4305	0.4310	9.9	6.6	0.3208	854	356
nte_02125.jpg	0.084490	0.5039	0.7094	174.8	146.9	0.8364	854	356
nte_02125.jpg	0.000253	0.4402	0.4245	10.0	7.7	0.3718	854	356
nte_02125.jpg	0.000302	0.4211	0.4339	11.6	7.9	0.3289	854	356
nte_02125.jpg	0.000504	0.3750	0.4442	15.9	9.6	0.2722	854	356
nte_02126.jpg	0.080499	0.5012	0.7075	170.2	143.8	0.8335	854	356
nte_02126.jpg	0.001431	0.3484	0.4470	29.8	14.6	0.6011	854	356
nte_02126.jpg	0.000269	0.4340	0.4264	10.1	8.1	0.4041	854	356
nte_02126.jpg	0.000714	0.3777	0.4442	19.1	11.3	0.3110	854	356
nte_02126.jpg	0.000455	0.4098	0.4357	14.9	9.3	0.2913	854	356
nte_02127.jpg	0.083493	0.5004	0.7047	170.1	149.2	0.8511	854	356
nte_02127.jpg	0.002955	0.3008	0.4545	48.5	18.5	0.6133	854	356
nte_02127.jpg	0.000776	0.5926	0.4507	18.6	12.7	0.4719	854	356
nte_02127.jpg	0.000565	0.3969	0.4367	15.4	11.1	0.3564	854	356
nte_02127.jpg	0.000251	0.4277	0.4254	10.2	7.5	0.2737	854	356
nte_02128.jpg	0.080384	0.5004	0.7084	168.8	144.8	0.8237	854	356
nte_02128.jpg	0.008072	0.2150	0.4695	80.4	30.5	0.7676	854	356
nte_02128.jpg	0.000357	0.4184	0.4236	12.4	8.8	0.4153	854	356
nte_02128.jpg	0.000744	0.3783	0.4423	16.7	13.6	0.3245	854	356
nte_02129.jpg	0.075932	0.5004	0.7047	170.1	135.7	0.8457	854	356
nte_02129.jpg	0.005694	0.2488	0.4582	66.1	26.2	0.5820	854	356
nte_02129.jpg	0.000511	0.4059	0.4207	14.9	10.4	0.5059	854	356
nte_02129.jpg	0.000566	0.3461	0.4348	17.7	9.7	0.3083	854	356
nte_02130.jpg	0.082233	0.5008	0.7140	170.1	146.9	0.8188	854	356
nte_02130.jpg	0.000741	0.3893	0.4254	19.4	11.6	0.5508	854	356
nte_02130.jpg	0.001272	0.2936	0.4460	26.8	14.4	0.4031	854	356
nte_02130.jpg	0.000440	0.6246	0.4451	14.1	9.5	0.2903	854	356
nte_02131.jpg	0.079961	0.4969	0.7028	171.5	141.8	0.8091	854	356
nte_02131.jpg	0.005285	0.2346	0.4470	65.8	24.4	0.6489	854	356
nte_02131.jpg	0.000851	0.3781	0.4217	20.2	12.8	0.2925	854	356
nte_02131.jpg	0.001136	0.6676	0.4554	23.8	14.5	0.2532	854	356
nte_02132.jpg	0.073017	0.4953	0.6906	160.5	138.3	0.8218	854	356
nte_02132.jpg	0.001773	0.3475	0.4357	32.1	16.8	0.5176	854	356
nte_02133.jpg	0.067974	0.4930	0.6934	155.5	132.9	0.8740	854	356
nte_02133.jpg	0.001440	0.2842	0.4451	27.2	16.1	0.5273	854	356
nte_02134.jpg	0.064966	0.4957	0.6878	154.3	128.0	0.8784	854	356
nte_02135.jpg	0.061275	0.4938	0.6831	150.1	124.1	0.8638	854	356
nte_02136.jpg	0.062102	0.4969	0.6953	147.2	128.3	0.8423	854	356
nte_02136.jpg	0.001098	0.7191	0.4910	24.1	13.8	0.2876	854	356
nte_02137.jpg	0.053537	0.4992	0.6663	145.9	111.6	0.8604	854	356
nte_02138.jpg	0.053037	0.5027	0.6541	143.1	112.7	0.8442	854	356
nte_02138.jpg	0.000268	0.3846	0.4264	11.0	7.4	0.4470	854	356
nte_02138.jpg	0.014796	0.4578	0.5341	75.0	60.0	0.3760	854	356
nte_02138.jpg	0.000244	0.4055	0.4264	10.6	7.0	0.3235	854	356
nte_02139.jpg	0.058798	0.5035	0.6616	142.6	125.3	0.8154	854	356
nte_02140.jpg	0.061192	0.5016	0.6391	143.4	129.8	0.8335	854	356
nte_02141.jpg	0.058104	0.4934	0.6503	142.4	124.0	0.8403	854	356
nte_02142.jpg	0.053932	0.4969	0.6578	141.4	115.9	0.8359	854	356
nte_02142.jpg	0.000731	0.4316	0.4020	18.9	11.7	0.6118	854	356
nte_02143.jpg	0.053084	0.5016	0.6550	140.9	114.5	0.8540	854	356
nte_02143.jpg	0.000854	0.4125	0.4076	21.7	12.0	0.3840	854	356
nte_02144.jpg	0.053910	0.4992	0.6513	140.3	116.8	0.8301	854	356
nte_02144.jpg	0.002312	0.3852	0.4179	35.3	19.9	0.7080	854	356
nte_02144.jpg	0.000546	0.4172	0.4011	16.1	10.3	0.4512	854	356
nte_02144.jpg	0.000308	0.4465	0.3983	11.2	8.3	0.2747	854	356
nte_02145.jpg	0.054834	0.4969	0.6447	140.3	118.8	0.8594	854	356
nte_02145.jpg	0.006571	0.3148	0.4451	62.5	32.0	0.8018	854	356
nte_02145.jpg	0.000477	0.4402	0.3992	14.1	10.3	0.6211	854	356
nte_02145.jpg	0.000480	0.4133	0.4001	14.0	10.4	0.3357	854	356
nte_02145.jpg	0.000664	0.3943	0.4189	16.4	12.3	0.2715	854	356
nte_02146.jpg	0.052951	0.4961	0.6438	138.3	116.4	0.8633	854	356
nte_02146.jpg	0.000746	0.4348	0.4020	17.7	12.8	0.5830	854	356
nte_02146.jpg	0.000803	0.4031	0.4039	18.6	13.1	0.4294	854	356
nte_02146.jpg	0.001419	0.3795	0.4207	23.6	18.3	0.3560	854	356
nte_02146.jpg	0.001211	0.3801	0.3617	33.0	11.2	0.3298	854	356
nte_02147.jpg	0.050563	0.4969	0.6484	140.3	109.6	0.8789	854	356
nte_02147.jpg	0.001157	0.4168	0.4076	23.4	15.0	0.5220	854	356
nte_02147.jpg	0.001130	0.3857	0.4132	21.7	15.8	0.4690	854	356
nte_02147.jpg	0.001235	0.3488	0.4161	24.7	15.2	0.4414	854	356
nte_02147.jpg	0.002253	0.4309	0.5903	30.0	22.8	0.2622	854	356
nte_02148.jpg	0.050577	0.4965	0.6484	141.6	108.6	0.8711	854	356
nte_02148.jpg	0.004730	0.2684	0.4367	57.4	25.1	0.7905	854	356
nte_02148.jpg	0.002288	0.3846	0.4245	34.0	20.5	0.5986	854	356
nte_02148.jpg	0.001799	0.3506	0.4245	26.3	20.8	0.4895	854	356
nte_02149.jpg	0.053021	0.4969	0.6419	138.4	116.5	0.8799	854	356
nte_02149.jpg	0.007093	0.3213	0.4545	67.4	32.0	0.7368	854	356
nte_02149.jpg	0.000462	0.3912	0.3973	14.4	9.7	0.4458	854	356
nte_02150.jpg	0.051745	0.5023	0.6409	136.7	115.1	0.8677	854	356
nte_02150.jpg	0.038552	0.1510	0.5210	186.1	63.0	0.7036	854	356
nte_02150.jpg	0.004323	0.2434	0.4507	52.8	24.9	0.6299	854	356
nte_02150.jpg	0.000525	0.3906	0.3983	16.1	9.9	0.3655	854	356
nte_02150.jpg	0.019879	0.4680	0.5248	84.6	71.4	0.2827	854	356
nte_02151.jpg	0.053973	0.4980	0.6559	140.9	116.4	0.8779	854	356
nte_02151.jpg	0.022991	0.0789	0.5079	134.9	51.8	0.8320	854	356
nte_02151.jpg	0.002560	0.1615	0.4132	47.2	16.5	0.6841	854	356
nte_02152.jpg	0.053438	0.4992	0.6559	142.2	114.3	0.8481	854	356
nte_02153.jpg	0.049057	0.4992	0.6541	138.5	107.7	0.8691	854	356
nte_02153.jpg	0.000535	0.4031	0.4189	17.4	9.4	0.4326	854	356
nte_02154.jpg	0.051983	0.4977	0.6597	139.4	113.3	0.8691	854	356
nte_02154.jpg	0.000689	0.3881	0.4236	20.7	10.1	0.4539	854	356
nte_02155.jpg	0.055967	0.5027	0.6578	146.8	115.9	0.8418	854	356
nte_02155.jpg	0.001118	0.3637	0.4310	27.9	12.2	0.2673	854	356
nte_02156.jpg	0.055522	0.4977	0.6541	139.1	121.3	0.8091	854	356
nte_02156.jpg	0.002431	0.3150	0.4385	37.3	19.8	0.7974	854	356
nte_02156.jpg	0.000455	0.4406	0.4067	15.1	9.1	0.3013	854	356
nte_02157.jpg	0.050825	0.5008	0.6541	136.9	112.8	0.8657	854	356
nte_02157.jpg	0.006480	0.2254	0.4592	66.2	29.8	0.8286	854	356
nte_02157.jpg	0.000508	0.4324	0.4039	15.9	9.7	0.4077	854	356
nte_02158.jpg	0.056525	0.5000	0.6475	138.1	124.4	0.8149	854	356
nte_02158.jpg	0.000543	0.4344	0.4067	14.6	11.3	0.6245	854	356
nte_02158.jpg	0.016451	0.0879	0.4929	118.3	42.3	0.4939	854	356
nte_02159.jpg	0.057720	0.5008	0.6494	140.3	125.1	0.8525	854	356
nte_02159.jpg	0.000746	0.4383	0.4123	19.2	11.8	0.5015	854	356
nte_02160.jpg	0.053170	0.4996	0.6550	137.9	117.3	0.8740	854	356
nte_02160.jpg	0.000698	0.4230	0.4170	17.7	12.0	0.4043	854	356
nte_02161.jpg	0.051701	0.4984	0.6578	136.8	114.9	0.8486	854	356
nte_02161.jpg	0.000832	0.4090	0.4207	18.1	14.0	0.3472	854	356
nte_02161.jpg	0.000712	0.4012	0.4264	15.9	13.6	0.2686	854	356
nte_02162.jpg	0.053512	0.5000	0.6353	136.6	119.1	0.8325	854	356
nte_02162.jpg	0.000614	0.4187	0.4273	14.5	12.8	0.2822	854	356
nte_02163.jpg	0.054373	0.5008	0.6494	135.9	121.7	0.8018	854	356
nte_02163.jpg	0.004923	0.3504	0.4217	41.8	35.8	0.2756	854	356
nte_02163.jpg	0.001159	0.4074	0.4245	20.7	17.0	0.2622	854	356
nte_02164.jpg	0.056235	0.4973	0.6438	138.6	123.3	0.8584	854	356
nte_02164.jpg	0.000434	0.4277	0.4057	12.8	10.3	0.5059	854	356
nte_02164.jpg	0.002348	0.2949	0.4582	34.7	20.6	0.4531	854	356
nte_02164.jpg	0.000724	0.4148	0.4292	17.8	12.4	0.2510	854	356
nte_02165.jpg	0.053564	0.4949	0.6531	138.2	117.8	0.8145	854	356
nte_02165.jpg	0.017509	0.1994	0.4854	126.8	42.0	0.4749	854	356
nte_02165.jpg	0.000574	0.4320	0.4076	14.8	11.8	0.4546	854	356
nte_02166.jpg	0.050798	0.4988	0.6616	137.3	112.5	0.8735	854	356
nte_02166.jpg	0.003706	0.3457	0.4592	45.5	24.8	0.6948	854	356
nte_02166.jpg	0.000600	0.4273	0.4086	15.5	11.7	0.2715	854	356
nte_02167.jpg	0.052281	0.5008	0.6475	138.6	114.7	0.8389	854	356
nte_02167.jpg	0.022356	0.1954	0.5116	135.6	50.1	0.7031	854	356
nte_02167.jpg	0.000710	0.4191	0.4095	19.3	11.2	0.3369	854	356
nte_02168.jpg	0.058873	0.5016	0.6494	138.1	129.6	0.7812	854	356
nte_02168.jpg	0.000692	0.4137	0.4114	18.1	11.6	0.3279	854	356
nte_02169.jpg	0.051289	0.5027	0.6634	136.8	114.0	0.8726	854	356
nte_02170.jpg	0.049853	0.5023	0.6663	136.4	111.1	0.8608	854	356
nte_02171.jpg	0.054178	0.5008	0.6550	136.8	120.4	0.7876	854	356
nte_02171.jpg	0.000698	0.3852	0.4198	18.2	11.7	0.4263	854	356
nte_02172.jpg	0.051752	0.5008	0.6438	137.1	114.8	0.8057	854	356
nte_02172.jpg	0.000734	0.3633	0.4217	18.6	12.0	0.3743	854	356
nte_02173.jpg	0.050237	0.5004	0.6606	135.4	112.8	0.8359	854	356
nte_02173.jpg	0.001052	0.3283	0.4273	21.4	14.9	0.4670	854	356
nte_02173.jpg	0.000929	0.3826	0.4226	22.9	12.3	0.4370	854	356
nte_02174.jpg	0.054469	0.5016	0.6428	136.9	120.9	0.7900	854	356
nte_02174.jpg	0.004200	0.2793	0.4273	47.0	27.1	0.4717	854	356
nte_02175.jpg	0.060146	0.5016	0.6213	136.4	134.0	0.8018	854	356
nte_02175.jpg	0.012525	0.1678	0.4460	97.4	39.1	0.7334	854	356
nte_02175.jpg	0.002790	0.3219	0.4385	38.7	21.9	0.4778	854	356
nte_02175.jpg	0.000765	0.3654	0.4226	20.7	11.2	0.3398	854	356
nte_02176.jpg	0.055811	0.5020	0.6297	136.3	124.5	0.7979	854	356
nte_02176.jpg	0.001311	0.3408	0.4282	28.4	14.1	0.4875	854	356
nte_02176.jpg	0.004627	0.2629	0.4489	59.5	23.6	0.4443	854	356
nte_02176.jpg	0.000587	0.3654	0.4189	16.9	10.6	0.4270	854	356
nte_02177.jpg	0.048073	0.5008	0.6409	136.3	107.3	0.8467	854	356
nte_02177.jpg	0.003183	0.2916	0.4367	43.6	22.2	0.7041	854	356
nte_02177.jpg	0.001025	0.3377	0.4226	24.7	12.6	0.3501	854	356
nte_02177.jpg	0.011651	0.1229	0.4742	101.9	34.8	0.2725	854	356
nte_02178.jpg	0.052516	0.5000	0.6644	135.1	118.2	0.8677	854	356
nte_02178.jpg	0.008757	0.1940	0.4563	87.0	30.6	0.7915	854	356
nte_02178.jpg	0.002976	0.2971	0.4226	42.0	21.6	0.5337	854	356
nte_02179.jpg	0.053321	0.4988	0.6447	137.3	118.1	0.7363	854	356
nte_02179.jpg	0.006102	0.2270	0.4339	66.1	28.1	0.7334	854	356
nte_02179.jpg	0.009828	0.0395	0.4873	67.5	44.3	0.4604	854	356
nte_02180.jpg	0.018034	0.0667	0.4685	113.8	48.2	0.8408	854	356
nte_02180.jpg	0.052711	0.5016	0.6522	135.6	118.2	0.7354	854	356
nte_02181.jpg	0.065156	0.5027	0.6494	137.8	143.8	0.7173	854	356
nte_02182.jpg	0.051826	0.5055	0.6588	141.9	111.0	0.4551	854	356
nte_02183.jpg	0.056045	0.5055	0.6597	138.6	122.9	0.8628	854	356
nte_02184.jpg	0.057109	0.5027	0.6541	136.6	127.1	0.8257	854	356
nte_02185.jpg	0.054828	0.5004	0.6456	140.4	118.8	0.7280	854	356
nte_02186.jpg	0.060775	0.5004	0.6522	137.5	134.4	0.8042	854	356
nte_02187.jpg	0.060397	0.4992	0.6456	140.8	130.4	0.3879	854	356
nte_02188.jpg	0.057942	0.5055	0.6653	136.3	129.3	0.8740	854	356
nte_02189.jpg	0.055446	0.5035	0.6475	138.4	121.8	0.8267	854	356
nte_02190.jpg	0.064147	0.5016	0.6550	139.9	139.4	0.7549	854	356
nte_02191.jpg	0.053465	0.5047	0.6466	136.1	119.4	0.8589	854	356
nte_02192.jpg	0.057447	0.5008	0.6409	136.6	127.8	0.8203	854	356
nte_02193.jpg	0.050849	0.4984	0.6653	137.1	112.8	0.8086	854	356
nte_02194.jpg	0.055018	0.5035	0.6513	136.4	122.6	0.8682	854	356
nte_02195.jpg	0.052745	0.5020	0.6606	137.4	116.7	0.8291	854	356
nte_02196.jpg	0.051060	0.5043	0.6625	135.3	114.8	0.8394	854	356
nte_02197.jpg	0.054249	0.5012	0.6541	136.1	121.2	0.8481	854	356
nte_02198.jpg	0.058468	0.5012	0.6578	136.1	130.6	0.8467	854	356
nte_02199.jpg	0.051324	0.4984	0.6663	137.8	113.3	0.8696	854	356
nte_02200.jpg	0.055136	0.4969	0.6522	139.2	120.4	0.8740	854	356
nte_02201.jpg	0.055834	0.4984	0.6428	138.3	122.8	0.8438	854	356
nte_02202.jpg	0.047470	0.5031	0.6588	136.7	105.6	0.8828	854	356
nte_02203.jpg	0.056782	0.5059	0.6634	138.3	124.8	0.8657	854	356
nte_02204.jpg	0.050003	0.5004	0.6513	136.4	111.4	0.8711	854	356
nte_02205.jpg	0.048810	0.5047	0.6475	135.1	109.8	0.8887	854	356
nte_02206.jpg	0.053404	0.5051	0.6400	136.5	118.9	0.7749	854	356
nte_02206.jpg	0.000341	0.4109	0.4507	11.9	8.7	0.3552	854	356
nte_02206.jpg	0.000297	0.4785	0.4301	10.6	8.5	0.3115	854	356
nte_02207.jpg	0.050105	0.5066	0.6541	139.9	108.9	0.8398	854	356
nte_02208.jpg	0.050166	0.5086	0.6428	136.3	111.9	0.8638	854	356
nte_02208.jpg	0.000460	0.3920	0.4554	13.7	10.2	0.3271	854	356
nte_02209.jpg	0.050494	0.5070	0.6531	136.9	112.2	0.8301	854	356
nte_02209.jpg	0.000561	0.3783	0.4592	16.7	10.2	0.4565	854	356
nte_02209.jpg	0.000601	0.3951	0.4460	14.9	12.3	0.4312	854	356
nte_02209.jpg	0.000374	0.4078	0.4348	11.2	10.1	0.3311	854	356
nte_02210.jpg	0.050113	0.5078	0.6409	135.0	112.8	0.8525	854	356
nte_02210.jpg	0.001372	0.3715	0.4582	26.2	15.9	0.7192	854	356
nte_02210.jpg	0.001094	0.3969	0.4404	21.0	15.9	0.5923	854	356
nte_02210.jpg	0.000559	0.4152	0.4367	13.9	12.2	0.4976	854	356
nte_02211.jpg	0.047757	0.5047	0.6597	135.3	107.3	0.8667	854	356
nte_02211.jpg	0.004072	0.3348	0.4742	48.9	25.3	0.7256	854	356
nte_02211.jpg	0.001614	0.3848	0.4451	25.8	19.0	0.5996	854	356
nte_02211.jpg	0.000732	0.4113	0.4357	16.1	13.8	0.4663	854	356
nte_02211.jpg	0.000826	0.3654	0.4592	17.5	14.3	0.3923	854	356
nte_02212.jpg	0.004140	0.3584	0.4526	43.1	29.2	0.7954	854	356
nte_02212.jpg	0.055866	0.5035	0.6559	136.8	124.2	0.7676	854	356
nte_02212.jpg	0.015483	0.2090	0.5098	110.8	42.5	0.6299	854	356
nte_02212.jpg	0.000929	0.4062	0.4357	17.7	16.0	0.6284	854	356
nte_02212.jpg	0.004225	0.2664	0.4873	46.3	27.8	0.4314	854	356
nte_02212.jpg	0.001082	0.3875	0.4367	18.5	17.8	0.3721	854	356
nte_02213.jpg	0.049538	0.5020	0.6466	136.2	110.6	0.8384	854	356
nte_02213.jpg	0.002049	0.3906	0.4395	29.1	21.4	0.7202	854	356
nte_02213.jpg	0.009709	0.2938	0.4629	72.3	40.8	0.6851	854	356
nte_02213.jpg	0.001839	0.3615	0.4442	24.8	22.5	0.4060	854	356
nte_02214.jpg	0.053834	0.5000	0.6438	136.2	120.2	0.8413	854	356
nte_02214.jpg	0.009691	0.3049	0.4657	71.5	41.2	0.6265	854	356
nte_02214.jpg	0.003133	0.3658	0.4451	38.5	24.7	0.6167	854	356
nte_02215.jpg	0.051088	0.4992	0.6456	135.9	114.3	0.8452	854	356
nte_02215.jpg	0.011293	0.2902	0.4629	81.5	42.1	0.8247	854	356
nte_02215.jpg	0.049575	0.1067	0.5107	183.5	82.1	0.6738	854	356
nte_02215.jpg	0.000321	0.4344	0.4086	12.3	8.0	0.2888	854	356
nte_02216.jpg	0.048895	0.4996	0.6541	135.9	109.4	0.8481	854	356
nte_02217.jpg	0.049633	0.4996	0.6531	135.9	111.0	0.8779	854	356
nte_02217.jpg	0.000367	0.4691	0.3945	11.5	9.7	0.3611	854	356
nte_02217.jpg	0.000334	0.4102	0.4076	12.4	8.2	0.2947	854	356
nte_02218.jpg	0.057704	0.5000	0.6513	136.8	128.3	0.8369	854	356
nte_02218.jpg	0.000545	0.3924	0.4086	15.9	10.4	0.3796	854	356
nte_02218.jpg	0.000327	0.4207	0.4029	11.7	8.5	0.2505	854	356
nte_02219.jpg	0.056273	0.5012	0.6569	138.6	123.4	0.8550	854	356
nte_02219.jpg	0.000739	0.3631	0.4123	18.5	12.1	0.4453	854	356
nte_02220.jpg	0.053330	0.5000	0.6569	135.9	119.3	0.8667	854	356
nte_02220.jpg	0.001806	0.3270	0.4189	30.4	18.0	0.6562	854	356
nte_02220.jpg	0.000616	0.3738	0.4086	16.5	11.3	0.2634	854	356
nte_02221.jpg	0.054611	0.5004	0.6522	137.1	121.1	0.8594	854	356
nte_02221.jpg	0.003531	0.2746	0.4282	47.5	22.6	0.7695	854	356
nte_02221.jpg	0.000660	0.3475	0.4151	17.7	11.3	0.3315	854	356
nte_02222.jpg	0.052827	0.5000	0.6550	136.8	117.4	0.8789	854	356
nte_02222.jpg	0.014477	0.1341	0.4573	106.1	41.5	0.7891	854	356
nte_02222.jpg	0.002046	0.3084	0.4207	34.9	17.8	0.4146	854	356
nte_02223.jpg	0.057056	0.5004	0.6653	138.9	124.8	0.8203	854	356
nte_02223.jpg	0.006203	0.2090	0.4423	70.2	26.9	0.6499	854	356
nte_02223.jpg	0.001052	0.2979	0.4273	21.9	14.6	0.4136	854	356
nte_02223.jpg	0.000376	0.4465	0.3945	12.8	9.0	0.2732	854	356
nte_02224.jpg	0.057657	0.4996	0.6719	141.4	123.9	0.8862	854	356
nte_02224.jpg	0.011800	0.0536	0.4779	91.6	39.2	0.5986	854	356
nte_02224.jpg	0.004998	0.2445	0.4414	60.9	25.0	0.5352	854	356
nte_02225.jpg	0.063686	0.4996	0.6831	144.1	134.4	0.8638	854	356
nte_02225.jpg	0.002716	0.2256	0.4414	36.1	22.9	0.4294	854	356
nte_02225.jpg	0.018582	0.0889	0.4751	134.3	42.1	0.3220	854	356
nte_02226.jpg	0.066757	0.5012	0.6822	149.1	136.1	0.8281	854	356
nte_02226.jpg	0.001870	0.2180	0.4479	33.6	16.9	0.4888	854	356
nte_02226.jpg	0.006437	0.0825	0.4760	67.1	29.2	0.4802	854	356
nte_02226.jpg	0.014178	0.1158	0.4667	120.8	35.7	0.3457	854	356
nte_02227.jpg	0.070073	0.5008	0.7037	150.6	141.4	0.8745	854	356
nte_02228.jpg	0.077704	0.5008	0.6831	152.8	154.6	0.8105	854	356
nte_02229.jpg	0.071522	0.4996	0.6953	153.4	141.8	0.8105	854	356
nte_02229.jpg	0.001378	0.3619	0.4264	26.7	15.7	0.5952	854	356
nte_02230.jpg	0.085858	0.5004	0.7159	155.9	167.5	0.8384	854	356
nte_02230.jpg	0.004025	0.3025	0.4498	48.8	25.1	0.5117	854	356
nte_02231.jpg	0.083218	0.4996	0.7084	163.6	154.6	0.8047	854	356
nte_02231.jpg	0.018179	0.1347	0.4985	113.7	48.6	0.7534	854	356
nte_02231.jpg	0.002549	0.3330	0.4367	38.9	19.9	0.6719	854	356
nte_02232.jpg	0.080128	0.4996	0.7197	161.3	151.0	0.8418	854	356
nte_02232.jpg	0.010152	0.2186	0.4723	87.9	35.1	0.7642	854	356
nte_02233.jpg	0.086220	0.5000	0.7187	164.0	159.8	0.8584	854	356
nte_02234.jpg	0.077663	0.5004	0.7019	163.5	144.4	0.8521	854	356
nte_02235.jpg	0.094218	0.5027	0.6831	163.7	175.0	0.8594	854	356
nte_02236.jpg	0.078328	0.4992	0.6953	161.0	147.9	0.8296	854	356
nte_02237.jpg	0.080412	0.4996	0.7047	158.6	154.1	0.8335	854	356
nte_02238.jpg	0.074948	0.5016	0.6794	151.5	150.5	0.8564	854	356
nte_02239.jpg	0.069506	0.5012	0.6925	151.5	139.5	0.8574	854	356
nte_02240.jpg	0.069505	0.5012	0.6916	148.8	142.0	0.8413	854	356
nte_02240.jpg	0.001209	0.5844	0.4179	21.9	16.8	0.2590	854	356
nte_02241.jpg	0.057753	0.5004	0.6766	145.2	120.9	0.8784	854	356
nte_02241.jpg	0.029219	0.7094	0.4114	146.1	60.8	0.4817	854	356
nte_02242.jpg	0.056328	0.5020	0.6737	143.2	119.6	0.8423	854	356
nte_02242.jpg	0.086925	0.8422	0.4104	268.5	98.4	0.4875	854	356
nte_02242.jpg	0.035425	0.7699	0.4301	144.6	74.5	0.3171	854	356
nte_02243.jpg	0.065418	0.5078	0.6869	154.5	128.8	0.8506	854	356
nte_02243.jpg	0.033865	0.9531	0.4245	80.7	127.6	0.4475	854	356
nte_02243.jpg	0.000335	0.4430	0.4320	12.1	8.4	0.3979	854	356
nte_02243.jpg	0.000586	0.4047	0.4385	17.3	10.3	0.2595	854	356
nte_02244.jpg	0.060579	0.4965	0.6756	145.9	126.3	0.8550	854	356
nte_02244.jpg	0.000791	0.3914	0.4395	21.7	11.1	0.3435	854	356
nte_02244.jpg	0.000441	0.4340	0.4329	14.1	9.5	0.2676	854	356
nte_02245.jpg	0.058705	0.4996	0.6794	145.8	122.4	0.8154	854	356
nte_02245.jpg	0.000686	0.4160	0.4339	18.0	11.6	0.3772	854	356
nte_02246.jpg	0.056685	0.4961	0.6756	145.1	118.8	0.8774	854	356
nte_02246.jpg	0.001463	0.3346	0.4451	29.4	15.1	0.4724	854	356
nte_02246.jpg	0.000500	0.4398	0.4245	15.7	9.7	0.3289	854	356
nte_02246.jpg	0.000812	0.3912	0.4395	20.7	11.9	0.3210	854	356
nte_02246.jpg	0.000410	0.4188	0.4310	15.1	8.2	0.2786	854	356
nte_02247.jpg	0.054049	0.4992	0.6672	142.8	115.1	0.8462	854	356
nte_02247.jpg	0.002669	0.2752	0.4498	41.5	19.5	0.5269	854	356
nte_02247.jpg	0.001045	0.3447	0.4432	21.9	14.5	0.5005	854	356
nte_02247.jpg	0.000715	0.4121	0.4254	18.8	11.5	0.4746	854	356
nte_02247.jpg	0.000485	0.3928	0.4329	14.6	10.1	0.4531	854	356
nte_02247.jpg	0.000478	0.3801	0.4339	14.3	10.2	0.3743	854	356
nte_02248.jpg	0.052338	0.4992	0.6597	142.3	111.8	0.8540	854	356
nte_02248.jpg	0.003594	0.2879	0.4442	44.9	24.4	0.7783	854	356
nte_02248.jpg	0.001120	0.3773	0.4282	25.7	13.2	0.5796	854	356
nte_02248.jpg	0.000852	0.3396	0.4376	20.1	12.9	0.4841	854	356
nte_02248.jpg	0.005201	0.1776	0.4629	67.2	23.5	0.3342	854	356
nte_02248.jpg	0.000729	0.3512	0.4348	18.3	12.1	0.2573	854	356
nte_02249.jpg	0.063028	0.5008	0.6700	142.4	134.5	0.8091	854	356
nte_02249.jpg	0.009765	0.1778	0.4545	79.0	37.6	0.7783	854	356
nte_02249.jpg	0.001876	0.3369	0.4292	34.6	16.5	0.7710	854	356
nte_02249.jpg	0.002704	0.2857	0.4432	41.1	20.0	0.7622	854	356
nte_02250.jpg	0.003102	0.2760	0.4348	44.5	21.2	0.7964	854	356
nte_02250.jpg	0.005842	0.1877	0.4545	67.0	26.5	0.7788	854	356
nte_02250.jpg	0.060932	0.5000	0.6625	144.6	128.1	0.7739	854	356
nte_02250.jpg	0.006734	0.0244	0.4751	41.7	49.1	0.7134	854	356
nte_02251.jpg	0.057181	0.5027	0.6634	141.6	122.8	0.8154	854	356
nte_02251.jpg	0.008444	0.1857	0.4479	80.9	31.7	0.7637	854	356
nte_02251.jpg	0.008806	0.0408	0.4807	69.6	38.4	0.4089	854	356
nte_02252.jpg	0.063496	0.4949	0.6494	139.6	138.3	0.8276	854	356
nte_02252.jpg	0.000548	0.5316	0.3776	17.1	9.8	0.3013	854	356
nte_02253.jpg	0.057261	0.4953	0.6513	142.2	122.4	0.8257	854	356
nte_02253.jpg	0.000691	0.5297	0.3767	18.3	11.5	0.3821	854	356
nte_02254.jpg	0.057153	0.4984	0.6494	140.8	123.4	0.7690	854	356
nte_02254.jpg	0.000856	0.4965	0.3795	20.7	12.5	0.2615	854	356
nte_02255.jpg	0.063202	0.4938	0.6672	141.6	135.7	0.8169	854	356
nte_02255.jpg	0.000540	0.4922	0.3870	16.1	10.2	0.3167	854	356
nte_02255.jpg	0.000470	0.4727	0.3861	14.6	9.8	0.2964	854	356
nte_02255.jpg	0.000560	0.5734	0.3908	15.3	11.1	0.2512	854	356
nte_02256.jpg	0.057241	0.4996	0.6569	143.6	121.2	0.8564	854	356
nte_02256.jpg	0.000522	0.4441	0.3879	15.0	10.6	0.3115	854	356
nte_02256.jpg	0.000927	0.5625	0.3964	18.9	14.9	0.2795	854	356
nte_02257.jpg	0.051386	0.5012	0.6541	140.1	111.5	0.9102	854	356
nte_02257.jpg	0.001121	0.5508	0.3992	21.3	16.0	0.5747	854	356
nte_02257.jpg	0.000767	0.4137	0.3889	18.4	12.7	0.4663	854	356
nte_02257.jpg	0.001901	0.5906	0.3973	35.0	16.5	0.3936	854	356
nte_02258.jpg	0.063482	0.5027	0.6756	143.0	134.9	0.7896	854	356
nte_02258.jpg	0.001825	0.5563	0.4095	29.8	18.6	0.6353	854	356
nte_02258.jpg	0.000863	0.3910	0.3936	20.8	12.6	0.4084	854	356
nte_02259.jpg	0.057861	0.4988	0.6691	141.9	123.9	0.8154	854	356
nte_02259.jpg	0.002619	0.5793	0.4236	33.3	23.9	0.5469	854	356
nte_02260.jpg	0.052445	0.4957	0.6531	137.9	115.6	0.8716	854	356
nte_02260.jpg	0.005518	0.6242	0.4545	48.4	34.7	0.7266	854	356
nte_02260.jpg	0.002795	0.3283	0.4020	39.5	21.5	0.4316	854	356
nte_02260.jpg	0.002242	0.5887	0.4170	30.6	22.3	0.4075	854	356
nte_02261.jpg	0.022737	0.7043	0.5238	115.9	59.6	0.8760	854	356
nte_02261.jpg	0.067953	0.4934	0.6522	142.7	144.8	0.8374	854	356
nte_02261.jpg	0.005623	0.2572	0.4104	59.6	28.7	0.7935	854	356
nte_02261.jpg	0.004691	0.6121	0.4329	46.4	30.7	0.7905	854	356
nte_02261.jpg	0.001009	0.5785	0.4048	20.0	15.4	0.3701	854	356
nte_02262.jpg	0.014261	0.6688	0.4770	87.8	49.4	0.8647	854	356
nte_02262.jpg	0.058295	0.4953	0.6634	141.1	125.6	0.8335	854	356
nte_02262.jpg	0.020423	0.0961	0.4320	129.9	47.8	0.6841	854	356
nte_02262.jpg	0.003484	0.2855	0.4142	47.0	22.6	0.4346	854	356
nte_02262.jpg	0.050346	0.9273	0.8143	124.4	123.0	0.3757	854	356
nte_02263.jpg	0.059855	0.4957	0.6550	138.3	131.6	0.8164	854	356
nte_02263.jpg	0.117202	0.8687	0.7731	223.3	159.5	0.7632	854	356
nte_02264.jpg	0.065376	0.4969	0.6409	140.0	141.9	0.8447	854	356
nte_02265.jpg	0.053554	0.4984	0.6484	136.5	119.3	0.8408	854	356
nte_02266.jpg	0.058267	0.4945	0.6559	136.8	129.5	0.8115	854	356
nte_02267.jpg	0.071535	0.4996	0.6241	137.1	158.6	0.8569	854	356
nte_02268.jpg	0.065340	0.5016	0.6288	140.6	141.3	0.8003	854	356
nte_02269.jpg	0.056844	0.5004	0.6569	135.4	127.6	0.8521	854	356
nte_02270.jpg	0.059428	0.5008	0.6569	136.9	131.9	0.7808	854	356
nte_02271.jpg	0.051462	0.5012	0.6494	137.9	113.4	0.8330	854	356
nte_02271.jpg	0.000477	0.4277	0.3898	15.2	9.5	0.3267	854	356
nte_02271.jpg	0.000855	0.4523	0.3889	17.6	14.8	0.3149	854	356
nte_02272.jpg	0.054051	0.4977	0.6541	137.0	119.9	0.8403	854	356
nte_02272.jpg	0.000664	0.4129	0.3861	17.4	11.6	0.2842	854	356
nte_02273.jpg	0.065085	0.4988	0.6288	138.0	143.4	0.8228	854	356
nte_02273.jpg	0.000586	0.3924	0.3889	18.0	9.9	0.3396	854	356
nte_02273.jpg	0.000914	0.4301	0.3730	19.5	14.2	0.2646	854	356
nte_02274.jpg	0.053801	0.4973	0.6513	136.1	120.2	0.8472	854	356
nte_02274.jpg	0.001263	0.3729	0.3851	28.4	13.5	0.6299	854	356
nte_02275.jpg	0.055923	0.4988	0.6550	139.4	121.9	0.8423	854	356
nte_02275.jpg	0.002402	0.3297	0.3917	39.0	18.7	0.8027	854	356
nte_02276.jpg	0.052591	0.4969	0.6531	136.9	116.8	0.8779	854	356
nte_02276.jpg	0.005951	0.2410	0.4189	66.1	27.4	0.8188	854	356
nte_02276.jpg	0.000639	0.4277	0.3908	19.0	10.2	0.2554	854	356
nte_02277.jpg	0.054705	0.5000	0.6672	135.9	122.3	0.8394	854	356
nte_02277.jpg	0.016360	0.0624	0.4610	106.5	46.7	0.7969	854	356
nte_02277.jpg	0.000927	0.3934	0.3964	23.9	11.8	0.4475	854	356
nte_02278.jpg	0.050802	0.5012	0.6522	135.8	113.8	0.8848	854	356
nte_02278.jpg	0.003443	0.3287	0.4198	49.7	21.1	0.7183	854	356
nte_02279.jpg	0.049165	0.5000	0.6541	134.4	111.3	0.8862	854	356
nte_02280.jpg	0.054386	0.5008	0.6541	136.4	121.3	0.8813	854	356
nte_02281.jpg	0.053245	0.4988	0.6569	136.7	118.4	0.8794	854	356
nte_02282.jpg	0.052627	0.4980	0.6569	135.8	117.8	0.8379	854	356
nte_02282.jpg	0.003781	0.2326	0.3870	64.2	17.9	0.3098	854	356
nte_02283.jpg	0.055861	0.4984	0.6466	135.9	124.9	0.8105	854	356
nte_02284.jpg	0.050659	0.4980	0.6513	135.7	113.5	0.8989	854	356
nte_02285.jpg	0.049442	0.4980	0.6541	134.1	112.1	0.8945	854	356
nte_02286.jpg	0.049615	0.4988	0.6597	136.6	110.4	0.8647	854	356
nte_02287.jpg	0.049995	0.4984	0.6616	135.6	112.1	0.8999	854	356
nte_02288.jpg	0.047218	0.4984	0.6578	135.9	105.7	0.8794	854	356
nte_02288.jpg	0.005080	0.5152	0.4713	48.5	31.8	0.3672	854	356
nte_02289.jpg	0.048477	0.4984	0.6606	135.9	108.4	0.8765	854	356
nte_02290.jpg	0.046938	0.4969	0.6569	138.8	102.8	0.8564	854	356
nte_02290.jpg	0.005259	0.5184	0.4816	51.3	31.1	0.5684	854	356
nte_02290.jpg	0.000620	0.6344	0.3720	15.6	12.1	0.3577	854	356
nte_02291.jpg	0.046768	0.4945	0.6522	136.9	103.8	0.8496	854	356
nte_02291.jpg	0.000742	0.6734	0.3683	17.7	12.7	0.4827	854	356
nte_02292.jpg	0.056648	0.4895	0.6363	144.6	119.1	0.8350	854	356
nte_02292.jpg	0.001174	0.7133	0.3664	22.7	15.7	0.3650	854	356
nte_02292.jpg	0.000445	0.5719	0.3889	11.6	11.7	0.2629	854	356
nte_02293.jpg	0.048732	0.4953	0.6569	139.4	106.2	0.8730	854	356
nte_02294.jpg	0.051348	0.5074	0.6438	137.9	113.2	0.8442	854	356
nte_02295.jpg	0.051162	0.5148	0.6681	140.4	110.8	0.7803	854	356
nte_02295.jpg	0.000921	0.6477	0.4001	17.7	15.8	0.2671	854	356
nte_02296.jpg	0.056106	0.5203	0.6475	143.0	119.3	0.7646	854	356
nte_02297.jpg	0.060773	0.5203	0.6297	156.8	117.8	0.6636	854	356
nte_02297.jpg	0.000454	0.6273	0.3730	13.5	10.2	0.2808	854	356
nte_02298.jpg	0.050449	0.5148	0.6494	157.5	97.4	0.8027	854	356
nte_02298.jpg	0.012850	0.9633	0.4226	63.1	61.9	0.7324	854	356
nte_02298.jpg	0.005834	0.5859	0.5622	57.2	31.0	0.3635	854	356
nte_02298.jpg	0.000713	0.6398	0.3842	15.7	13.8	0.3250	854	356
nte_02299.jpg	0.054787	0.5098	0.6513	166.7	99.9	0.7979	854	356
nte_02299.jpg	0.000883	0.6648	0.3945	19.0	14.2	0.3040	854	356
nte_02300.jpg	0.054921	0.5094	0.6616	153.5	108.8	0.8345	854	356
nte_02300.jpg	0.001199	0.7176	0.4001	23.4	15.6	0.4243	854	356
nte_02301.jpg	0.053098	0.5043	0.6522	159.7	101.1	0.8691	854	356
nte_02302.jpg	0.063688	0.5008	0.6484	181.8	106.5	0.8931	854	356
nte_02303.jpg	0.069666	0.4914	0.6494	199.7	106.1	0.8906	854	356
nte_02303.jpg	0.003438	0.7035	0.4001	43.4	24.1	0.2705	854	356
nte_02303.jpg	0.000715	0.7699	0.3926	17.4	12.5	0.2644	854	356
nte_02304.jpg	0.082685	0.4813	0.6541	228.2	110.2	0.9097	854	356
nte_02305.jpg	0.093919	0.4746	0.6709	258.2	110.6	0.9028	854	356
nte_02305.jpg	0.040260	0.5512	0.6409	132.1	92.7	0.3706	854	356
nte_02306.jpg	0.091731	0.5016	0.6719	229.5	121.5	0.9038	854	356
nte_02306.jpg	0.002042	0.0510	0.3092	28.2	22.0	0.4951	854	356
nte_02307.jpg	0.077317	0.5141	0.6756	194.7	120.8	0.8301	854	356
nte_02307.jpg	0.001553	0.2170	0.3730	24.6	19.2	0.7192	854	356
nte_02307.jpg	0.000945	0.3201	0.3402	18.1	15.9	0.5376	854	356
nte_02307.jpg	0.000419	0.2416	0.3317	12.2	10.4	0.3684	854	356
nte_02308.jpg	0.078302	0.5195	0.6822	202.2	117.8	0.8706	854	356
nte_02308.jpg	0.001688	0.2227	0.3748	25.7	20.0	0.7310	854	356
nte_02308.jpg	0.000368	0.2166	0.3317	12.0	9.3	0.4275	854	356
nte_02308.jpg	0.000702	0.3291	0.3345	15.9	13.4	0.3538	854	356
nte_02308.jpg	0.000439	0.2510	0.3298	13.1	10.2	0.2681	854	356
nte_02309.jpg	0.062026	0.5172	0.6803	159.5	118.3	0.8853	854	356
nte_02309.jpg	0.001288	0.3404	0.3908	23.0	17.0	0.5801	854	356
nte_02309.jpg	0.000505	0.4371	0.3411	14.2	10.8	0.3877	854	356
nte_02309.jpg	0.000338	0.3441	0.3411	12.7	8.1	0.3115	854	356
nte_02310.jpg	0.066601	0.5145	0.6878	162.3	124.8	0.8545	854	356
nte_02310.jpg	0.001293	0.3348	0.3898	22.1	17.8	0.6025	854	356
nte_02310.jpg	0.000553	0.4375	0.3383	14.6	11.5	0.4607	854	356
nte_02310.jpg	0.000311	0.3432	0.3392	11.7	8.1	0.3184	854	356
nte_02311.jpg	0.060235	0.5129	0.6794	156.6	116.9	0.8770	854	356
nte_02311.jpg	0.001966	0.3303	0.3861	28.3	21.2	0.6772	854	356
nte_02311.jpg	0.000519	0.4367	0.3364	14.4	10.9	0.3914	854	356
nte_02311.jpg	0.000319	0.3414	0.3383	11.3	8.6	0.3413	854	356
nte_02312.jpg	0.052566	0.5074	0.6737	145.6	109.8	0.8672	854	356
nte_02312.jpg	0.001716	0.3344	0.4011	26.5	19.7	0.7080	854	356
nte_02312.jpg	0.000433	0.3551	0.3636	12.3	10.7	0.3887	854	356
nte_02312.jpg	0.000621	0.4516	0.3467	15.8	12.0	0.3762	854	356
nte_02312.jpg	0.000428	0.3830	0.3608	11.7	11.1	0.2732	854	356
nte_02313.jpg	0.049741	0.5008	0.6700	138.5	109.2	0.8916	854	356
nte_02313.jpg	0.002636	0.3430	0.4179	32.0	25.1	0.7334	854	356
nte_02313.jpg	0.000748	0.4734	0.3730	15.1	15.0	0.5239	854	356
nte_02313.jpg	0.000447	0.3793	0.3730	14.1	9.7	0.3640	854	356
nte_02313.jpg	0.000883	0.3594	0.3776	18.9	14.2	0.2778	854	356
nte_02314.jpg	0.044958	0.5020	0.6550	137.6	99.3	0.8813	854	356
nte_02314.jpg	0.003684	0.3152	0.4310	40.9	27.4	0.7490	854	356
nte_02314.jpg	0.000521	0.4660	0.3720	14.7	10.8	0.3552	854	356
nte_02314.jpg	0.000661	0.3650	0.3889	16.3	12.3	0.3391	854	356
nte_02314.jpg	0.000655	0.3951	0.3973	14.7	13.6	0.2593	854	356
nte_02315.jpg	0.046250	0.5039	0.6588	137.9	102.0	0.8945	854	356
nte_02315.jpg	0.005092	0.2836	0.4423	52.0	29.8	0.7651	854	356
nte_02315.jpg	0.000924	0.3834	0.4170	16.9	16.6	0.4216	854	356
nte_02315.jpg	0.000663	0.4586	0.3964	15.0	13.4	0.4175	854	356
nte_02315.jpg	0.000444	0.3473	0.4020	13.3	10.1	0.2595	854	356
nte_02316.jpg	0.047222	0.5047	0.6606	139.3	103.1	0.8906	854	356
nte_02316.jpg	0.007701	0.2430	0.4563	70.8	33.1	0.8164	854	356
nte_02316.jpg	0.000711	0.3803	0.4254	17.2	12.6	0.4607	854	356
nte_02316.jpg	0.000797	0.3406	0.4254	17.8	13.6	0.3081	854	356
nte_02317.jpg	0.045217	0.5066	0.6559	139.7	98.4	0.8833	854	356
nte_02317.jpg	0.013481	0.1854	0.4676	96.7	42.4	0.7769	854	356
nte_02317.jpg	0.000796	0.3723	0.4376	17.3	13.9	0.5181	854	356
nte_02317.jpg	0.000745	0.4555	0.4264	16.7	13.5	0.5132	854	356
nte_02317.jpg	0.000650	0.3307	0.4339	17.6	11.2	0.3682	854	356
nte_02317.jpg	0.001945	0.0134	0.5510	23.0	25.7	0.2507	854	356
nte_02318.jpg	0.050182	0.5105	0.6616	146.1	104.4	0.8799	854	356
nte_02318.jpg	0.025493	0.0899	0.4760	150.9	51.4	0.8628	854	356
nte_02318.jpg	0.000833	0.3148	0.4479	19.0	13.3	0.4087	854	356
nte_02318.jpg	0.000797	0.3617	0.4489	17.5	13.9	0.3665	854	356
nte_02319.jpg	0.052616	0.5117	0.6597	151.9	105.3	0.8267	854	356
nte_02319.jpg	0.008907	0.0264	0.4798	45.0	60.1	0.7725	854	356
nte_02319.jpg	0.000896	0.3002	0.4582	19.1	14.3	0.6460	854	356
nte_02319.jpg	0.000648	0.4484	0.4573	16.0	12.3	0.5620	854	356
nte_02319.jpg	0.000921	0.3502	0.4676	17.2	16.3	0.2952	854	356
nte_02319.jpg	0.000647	0.3576	0.4629	15.5	12.7	0.2832	854	356
nte_02319.jpg	0.000996	0.3242	0.4601	21.6	14.1	0.2595	854	356
nte_02320.jpg	0.051446	0.5117	0.6559	149.2	104.8	0.7808	854	356
nte_02320.jpg	0.001178	0.2959	0.4704	24.3	14.7	0.6431	854	356
nte_02321.jpg	0.049871	0.5102	0.6559	146.6	103.4	0.8550	854	356
nte_02321.jpg	0.002206	0.3209	0.4891	31.2	21.5	0.5610	854	356
nte_02321.jpg	0.001846	0.2801	0.4779	30.0	18.7	0.4761	854	356
nte_02322.jpg	0.051692	0.5113	0.6522	147.4	106.6	0.8027	854	356
nte_02322.jpg	0.002305	0.2650	0.4835	36.3	19.3	0.5894	854	356
nte_02322.jpg	0.000596	0.4762	0.4826	17.3	10.5	0.3789	854	356
nte_02323.jpg	0.050086	0.5102	0.6475	147.4	103.3	0.8877	854	356
nte_02323.jpg	0.003297	0.2402	0.4891	42.7	23.5	0.4619	854	356
nte_02323.jpg	0.000769	0.4828	0.4863	20.4	11.5	0.4492	854	356
nte_02324.jpg	0.051502	0.5105	0.6541	147.9	105.8	0.8721	854	356
nte_02324.jpg	0.009867	0.1655	0.4976	88.3	34.0	0.6460	854	356
nte_02324.jpg	0.004090	0.3031	0.5079	50.1	24.8	0.5791	854	356
nte_02324.jpg	0.002928	0.3387	0.4629	33.8	26.4	0.5273	854	356
nte_02324.jpg	0.001030	0.3666	0.4910	22.1	14.2	0.3289	854	356
nte_02324.jpg	0.000729	0.4891	0.4882	21.5	10.3	0.2820	854	356
nte_02325.jpg	0.048047	0.5078	0.6503	145.1	100.7	0.8701	854	356
nte_02325.jpg	0.005351	0.3178	0.4657	47.6	34.2	0.7031	854	356
nte_02325.jpg	0.012245	0.2203	0.5219	101.0	36.9	0.6265	854	356
nte_02325.jpg	0.000928	0.4961	0.4910	22.5	12.6	0.3127	854	356
nte_02325.jpg	0.002717	0.0251	0.4826	43.1	19.2	0.2925	854	356
nte_02326.jpg	0.048453	0.5082	0.6550	144.8	101.7	0.8599	854	356
nte_02326.jpg	0.008017	0.2947	0.4648	60.4	40.4	0.7930	854	356
nte_02326.jpg	0.001964	0.5004	0.4779	25.9	23.1	0.4690	854	356
nte_02326.jpg	0.000734	0.3352	0.4629	14.1	15.8	0.3079	854	356
nte_02327.jpg	0.048489	0.5086	0.6541	146.4	100.7	0.8652	854	356
nte_02327.jpg	0.013101	0.2574	0.4667	84.2	47.3	0.7651	854	356
nte_02327.jpg	0.002071	0.5047	0.4788	24.9	25.3	0.4548	854	356
nte_02328.jpg	0.046548	0.5070	0.6503	145.3	97.4	0.8682	854	356
nte_02328.jpg	0.030497	0.1852	0.4629	134.3	69.1	0.8281	854	356
nte_02328.jpg	0.002595	0.5105	0.4835	30.3	26.0	0.5103	854	356
nte_02328.jpg	0.003671	0.4531	0.5341	42.2	26.4	0.2759	854	356
nte_02329.jpg	0.053799	0.0812	0.4470	139.2	117.5	0.8711	854	356
nte_02329.jpg	0.047897	0.5070	0.6550	144.8	100.6	0.8511	854	356
nte_02329.jpg	0.003027	0.5172	0.4826	31.4	29.3	0.6719	854	356
nte_02329.jpg	0.003752	0.4527	0.5388	41.4	27.5	0.3074	854	356
nte_02330.jpg	0.048270	0.5074	0.6550	144.9	101.2	0.8745	854	356
nte_02330.jpg	0.003464	0.5227	0.4845	33.6	31.3	0.7026	854	356
nte_02330.jpg	0.000499	0.3527	0.4957	17.1	8.9	0.2676	854	356
nte_02331.jpg	0.050618	0.5074	0.6569	146.4	105.1	0.8784	854	356
nte_02331.jpg	0.004414	0.5320	0.4845	37.9	35.4	0.7090	854	356
nte_02331.jpg	0.001678	0.4406	0.5388	21.2	24.1	0.2742	854	356
nte_02332.jpg	0.049219	0.5066	0.6550	144.7	103.4	0.8750	854	356
nte_02332.jpg	0.005421	0.5441	0.4835	44.8	36.8	0.5640	854	356
nte_02332.jpg	0.001703	0.4410	0.5426	20.6	25.2	0.3245	854	356
nte_02332.jpg	0.000621	0.3869	0.5098	21.0	9.0	0.2590	854	356
nte_02333.jpg	0.048670	0.5059	0.6550	143.8	102.9	0.8799	854	356
nte_02333.jpg	0.007974	0.5578	0.4854	52.0	46.7	0.7578	854	356
nte_02333.jpg	0.001702	0.4410	0.5472	19.8	26.1	0.3591	854	356
nte_02334.jpg	0.047324	0.5043	0.6550	142.7	100.8	0.8354	854	356
nte_02334.jpg	0.012123	0.5797	0.4910	63.1	58.4	0.7754	854	356
nte_02334.jpg	0.002025	0.4414	0.5519	25.0	24.6	0.4033	854	356
nte_02335.jpg	0.047325	0.5039	0.6559	143.5	100.2	0.8794	854	356
nte_02335.jpg	0.019941	0.6043	0.4901	84.2	72.0	0.8560	854	356
nte_02335.jpg	0.001997	0.4406	0.5519	24.2	25.1	0.5762	854	356
nte_02336.jpg	0.033430	0.6438	0.4891	116.2	87.5	0.8882	854	356
nte_02336.jpg	0.047275	0.5039	0.6559	142.2	101.1	0.8833	854	356
nte_02336.jpg	0.001458	0.4391	0.5538	21.7	20.4	0.6133	854	356
nte_02336.jpg	0.003155	0.5613	0.5519	38.0	25.2	0.4509	854	356
nte_02337.jpg	0.097311	0.7437	0.4816	212.2	139.4	0.8931	854	356
nte_02337.jpg	0.046044	0.5008	0.6559	139.5	100.3	0.8872	854	356
nte_02337.jpg	0.026142	0.5680	0.4760	88.6	89.7	0.5259	854	356
nte_02338.jpg	0.247107	0.8445	0.4460	266.0	282.4	0.9238	854	356
nte_02338.jpg	0.046462	0.4988	0.6559	140.4	100.6	0.9038	854	356
nte_02339.jpg	0.046273	0.4992	0.6559	139.5	100.8	0.9106	854	356
nte_02339.jpg	0.129620	0.9258	0.4798	127.4	309.2	0.8101	854	356
nte_02340.jpg	0.045415	0.4980	0.6531	139.4	99.1	0.9043	854	356
nte_02341.jpg	0.045803	0.4969	0.6541	139.6	99.7	0.8896	854	356
nte_02342.jpg	0.048147	0.4953	0.6559	143.3	102.2	0.8882	854	356
nte_02343.jpg	0.050997	0.4949	0.6616	144.1	107.6	0.8916	854	356
nte_02343.jpg	0.002839	0.4230	0.5529	29.3	29.5	0.3765	854	356
nte_02344.jpg	0.053032	0.4934	0.6531	142.4	113.3	0.8252	854	356
nte_02344.jpg	0.005187	0.4363	0.5416	52.7	29.9	0.4045	854	356
nte_02345.jpg	0.051817	0.4957	0.6344	142.0	110.9	0.8892	854	356
nte_02345.jpg	0.003924	0.4352	0.5332	41.8	28.5	0.7461	854	356
nte_02345.jpg	0.000305	0.4801	0.4901	10.8	8.6	0.3669	854	356
nte_02345.jpg	0.000340	0.4910	0.4873	11.4	9.1	0.2502	854	356
nte_02346.jpg	0.052516	0.4938	0.6335	142.4	112.1	0.8350	854	356
nte_02346.jpg	0.004416	0.4352	0.5341	43.5	30.9	0.6348	854	356
nte_02346.jpg	0.000329	0.4676	0.4882	11.7	8.5	0.2532	854	356
nte_02347.jpg	0.050024	0.4953	0.6325	137.9	110.3	0.8882	854	356
nte_02347.jpg	0.004390	0.4363	0.5257	40.6	32.9	0.7827	854	356
nte_02348.jpg	0.052218	0.5004	0.6428	137.9	115.1	0.8496	854	356
nte_02348.jpg	0.000313	0.4422	0.4920	10.8	8.8	0.3613	854	356
nte_02348.jpg	0.000762	0.4230	0.5004	17.3	13.4	0.3560	854	356
nte_02348.jpg	0.001278	0.3930	0.5210	24.2	16.0	0.3313	854	356
nte_02348.jpg	0.002783	0.4383	0.5351	32.4	26.1	0.2969	854	356
nte_02349.jpg	0.048359	0.4988	0.6241	137.9	106.6	0.9111	854	356
nte_02349.jpg	0.002108	0.3596	0.5219	35.1	18.3	0.5127	854	356
nte_02349.jpg	0.002886	0.5621	0.5351	31.4	28.0	0.4456	854	356
nte_02349.jpg	0.000929	0.4148	0.4938	21.8	13.0	0.3872	854	356
nte_02349.jpg	0.000384	0.4414	0.4854	11.6	10.0	0.3667	854	356
nte_02349.jpg	0.000487	0.4344	0.4882	14.1	10.5	0.3367	854	356
nte_02350.jpg	0.047179	0.4973	0.6335	139.9	102.5	0.8149	854	356
nte_02350.jpg	0.004800	0.3025	0.5173	57.1	25.6	0.6401	854	356
nte_02350.jpg	0.000918	0.4031	0.4845	20.5	13.6	0.4854	854	356
nte_02350.jpg	0.000992	0.4395	0.4676	22.2	13.6	0.2712	854	356
nte_02351.jpg	0.048541	0.4984	0.6409	139.4	105.8	0.8286	854	356
nte_02351.jpg	0.001413	0.3764	0.4742	26.8	16.0	0.6318	854	356
nte_02351.jpg	0.000704	0.4227	0.4554	18.5	11.6	0.4797	854	356
nte_02351.jpg	0.000430	0.4426	0.4573	13.4	9.7	0.4719	854	356
nte_02351.jpg	0.015238	0.1639	0.5182	130.0	35.6	0.3325	854	356
nte_02351.jpg	0.000502	0.4805	0.4526	16.1	9.5	0.3220	854	356
nte_02352.jpg	0.051164	0.4988	0.6522	140.0	111.1	0.8330	854	356
nte_02352.jpg	0.003421	0.3295	0.4798	47.9	21.7	0.6055	854	356
nte_02352.jpg	0.000520	0.4344	0.4573	14.6	10.8	0.3804	854	356
nte_02352.jpg	0.000425	0.4156	0.4573	14.0	9.2	0.3582	854	356
nte_02352.jpg	0.000350	0.4832	0.4489	12.3	8.7	0.2534	854	356
nte_02353.jpg	0.053156	0.4973	0.6616	139.6	115.8	0.8574	854	356
nte_02353.jpg	0.002623	0.3816	0.4601	39.4	20.2	0.6260	854	356
nte_02353.jpg	0.007477	0.2090	0.5070	67.1	33.9	0.5728	854	356
nte_02353.jpg	0.002482	0.5078	0.4835	43.5	17.4	0.3821	854	356
nte_02353.jpg	0.000769	0.4152	0.4601	17.8	13.1	0.3171	854	356
nte_02353.jpg	0.000526	0.4293	0.4582	15.5	10.3	0.2971	854	356
nte_02354.jpg	0.051195	0.4961	0.6663	139.3	111.8	0.8579	854	356
nte_02354.jpg	0.004597	0.3336	0.4713	54.6	25.6	0.4211	854	356
nte_02354.jpg	0.001581	0.5172	0.4882	31.7	15.1	0.3406	854	356
nte_02354.jpg	0.001261	0.3988	0.4704	25.4	15.1	0.3325	854	356
nte_02354.jpg	0.000503	0.4301	0.4629	15.6	9.8	0.3037	854	356
nte_02355.jpg	0.048630	0.4965	0.6559	142.3	103.9	0.8652	854	356
nte_02355.jpg	0.014549	0.2461	0.4779	101.4	43.6	0.8359	854	356
nte_02355.jpg	0.006547	0.5168	0.5004	60.0	33.2	0.5396	854	356
nte_02355.jpg	0.003417	0.3650	0.4704	43.8	23.7	0.4473	854	356
nte_02356.jpg	0.062238	0.4961	0.6897	142.7	132.6	0.8232	854	356
nte_02356.jpg	0.008789	0.5227	0.4976	66.3	40.3	0.6162	854	356
nte_02356.jpg	0.033456	0.0552	0.4667	94.3	107.8	0.2834	854	356
nte_02357.jpg	0.078867	0.4945	0.6709	142.6	168.1	0.7153	854	356
nte_02357.jpg	0.004186	0.2842	0.4395	54.8	23.2	0.5938	854	356
nte_02358.jpg	0.066427	0.4938	0.6213	141.6	142.6	0.8003	854	356
nte_02358.jpg	0.014825	0.1511	0.4620	121.9	37.0	0.5815	854	356
nte_02358.jpg	0.012423	0.5227	0.4882	74.2	50.9	0.3638	854	356
nte_02358.jpg	0.001303	0.4809	0.4104	24.8	16.0	0.2725	854	356
nte_02359.jpg	0.062711	0.4961	0.6297	140.9	135.3	0.7891	854	356
nte_02359.jpg	0.010166	0.5168	0.4760	71.7	43.1	0.2786	854	356
nte_02360.jpg	0.062349	0.4969	0.6728	139.4	135.9	0.8340	854	356
nte_02360.jpg	0.007554	0.5086	0.4545	72.1	31.8	0.4580	854	356
nte_02361.jpg	0.060841	0.4996	0.6438	138.3	133.8	0.7681	854	356
nte_02361.jpg	0.000675	0.3707	0.3917	20.3	10.1	0.4421	854	356
nte_02361.jpg	0.008743	0.4977	0.4592	80.2	33.1	0.3108	854	356
nte_02362.jpg	0.062020	0.5000	0.6466	137.4	137.3	0.7334	854	356
nte_02362.jpg	0.000813	0.2760	0.4198	21.4	11.6	0.2695	854	356
nte_02363.jpg	0.058944	0.4992	0.6550	136.7	131.1	0.8599	854	356
nte_02364.jpg	0.053203	0.4992	0.6541	135.4	119.4	0.8652	854	356
nte_02365.jpg	0.049793	0.4996	0.6503	136.3	111.1	0.8862	854	356
nte_02365.jpg	0.005234	0.5910	0.3983	45.7	34.8	0.3289	854	356
nte_02366.jpg	0.048784	0.4992	0.6541	134.5	110.3	0.8921	854	356
nte_02367.jpg	0.050342	0.4984	0.6522	135.4	113.0	0.8911	854	356
nte_02368.jpg	0.050945	0.4988	0.6597	134.8	114.9	0.8916	854	356
nte_02369.jpg	0.050155	0.4984	0.6541	134.4	113.4	0.8857	854	356
nte_02369.jpg	0.000278	0.4629	0.4086	9.9	8.5	0.2581	854	356
nte_02370.jpg	0.048485	0.5016	0.6541	135.4	108.8	0.8921	854	356
nte_02371.jpg	0.047320	0.5043	0.6466	136.7	105.2	0.8901	854	356
nte_02371.jpg	0.000359	0.4340	0.4254	11.7	9.3	0.3909	854	356
nte_02372.jpg	0.045386	0.5047	0.6447	138.1	99.9	0.9077	854	356
nte_02372.jpg	0.000375	0.4195	0.4310	11.8	9.7	0.6528	854	356
nte_02372.jpg	0.002152	0.4984	0.4816	30.5	21.4	0.4941	854	356
nte_02373.jpg	0.067850	0.4887	0.6616	207.3	99.5	0.9067	854	356
nte_02373.jpg	0.000758	0.1688	0.4929	17.4	13.2	0.7178	854	356
nte_02374.jpg	0.077059	0.4703	0.6625	239.7	97.7	0.9077	854	356
nte_02375.jpg	0.078231	0.4688	0.6653	239.9	99.2	0.9038	854	356
nte_02376.jpg	0.079265	0.4684	0.6606	243.0	99.2	0.9028	854	356
nte_02377.jpg	0.078252	0.4680	0.6616	243.2	97.8	0.9077	854	356
nte_02378.jpg	0.087185	0.4504	0.6616	268.2	98.8	0.9058	854	356
nte_02378.jpg	0.003675	0.5707	0.5697	60.3	18.5	0.2805	854	356
nte_02379.jpg	0.150299	0.3910	0.6822	380.0	120.3	0.8955	854	356
nte_02379.jpg	0.001981	0.3365	0.5650	31.9	18.9	0.6411	854	356
nte_02380.jpg	0.169975	0.3822	0.7047	368.0	140.4	0.9058	854	356
nte_02380.jpg	0.002277	0.2764	0.5866	33.8	20.5	0.3264	854	356
nte_02381.jpg	0.169625	0.4086	0.7468	293.9	175.5	0.8984	854	356
nte_02381.jpg	0.002776	0.6605	0.5857	32.1	26.3	0.3391	854	356
nte_02381.jpg	0.003121	0.5863	0.6156	32.2	29.5	0.3328	854	356
nte_02382.jpg	0.144292	0.4285	0.7403	253.9	172.8	0.9160	854	356
nte_02383.jpg	0.148430	0.4484	0.7468	256.2	176.1	0.9062	854	356
nte_02383.jpg	0.011574	0.7609	0.5969	86.8	40.5	0.7500	854	356
nte_02383.jpg	0.001370	0.5758	0.5829	20.8	20.0	0.3386	854	356
nte_02384.jpg	0.133072	0.4535	0.7721	256.5	157.7	0.8872	854	356
nte_02384.jpg	0.003633	0.6875	0.6082	42.4	26.0	0.6675	854	356
nte_02384.jpg	0.011363	0.4934	0.5360	123.1	28.1	0.6567	854	356
nte_02384.jpg	0.001296	0.5766	0.5810	20.7	19.1	0.3843	854	356
nte_02385.jpg	0.143740	0.4375	0.7515	251.2	174.0	0.9268	854	356
nte_02385.jpg	0.000430	0.5707	0.5782	13.4	9.7	0.4709	854	356
nte_02385.jpg	0.000394	0.5867	0.5847	12.8	9.4	0.4646	854	356
nte_02385.jpg	0.001259	0.6598	0.5829	26.1	14.6	0.4519	854	356
nte_02385.jpg	0.001563	0.6297	0.5847	27.0	17.6	0.3816	854	356
nte_02386.jpg	0.140559	0.4371	0.7562	250.2	170.8	0.9248	854	356
nte_02386.jpg	0.000458	0.5703	0.5810	14.3	9.7	0.5400	854	356
nte_02386.jpg	0.000309	0.5848	0.5791	11.2	8.4	0.4524	854	356
nte_02387.jpg	0.142375	0.4437	0.7525	249.5	173.5	0.9214	854	356
nte_02387.jpg	0.000761	0.6191	0.5763	17.6	13.2	0.5225	854	356
nte_02387.jpg	0.000575	0.5719	0.5810	16.1	10.9	0.3801	854	356
nte_02388.jpg	0.142143	0.4449	0.7534	249.4	173.3	0.9219	854	356
nte_02388.jpg	0.018361	0.9484	0.5323	88.7	63.0	0.4038	854	356
nte_02388.jpg	0.000577	0.6102	0.5754	14.6	12.0	0.2825	854	356
nte_02389.jpg	0.143072	0.4430	0.7534	250.0	174.0	0.9263	854	356
nte_02389.jpg	0.002670	0.7516	0.5800	42.6	19.1	0.6626	854	356
nte_02389.jpg	0.000551	0.6059	0.5735	14.3	11.7	0.5669	854	356
nte_02389.jpg	0.000686	0.5711	0.5772	16.2	12.9	0.5425	854	356
nte_02390.jpg	0.142206	0.4387	0.7525	250.2	172.8	0.9214	854	356
nte_02390.jpg	0.000641	0.5703	0.5810	16.2	12.0	0.6182	854	356
nte_02390.jpg	0.000680	0.7125	0.5725	18.5	11.2	0.3516	854	356
nte_02391.jpg	0.143136	0.4387	0.7534	250.9	173.5	0.9268	854	356
nte_02391.jpg	0.000599	0.5703	0.5810	16.0	11.4	0.5571	854	356
nte_02391.jpg	0.001952	0.7441	0.5632	35.7	16.6	0.5024	854	356
nte_02391.jpg	0.003822	0.8617	0.5744	52.6	22.1	0.3762	854	356
nte_02391.jpg	0.000525	0.6828	0.5688	17.8	9.0	0.2866	854	356
nte_02391.jpg	0.000678	0.6133	0.5819	15.5	13.3	0.2712	854	356
nte_02392.jpg	0.143030	0.4371	0.7543	250.2	173.8	0.9253	854	356
nte_02392.jpg	0.000613	0.5703	0.5791	15.9	11.7	0.5269	854	356
nte_02392.jpg	0.001179	0.7047	0.5679	26.6	13.5	0.4773	854	356
nte_02392.jpg	0.001712	0.7605	0.5707	35.9	14.5	0.3147	854	356
nte_02393.jpg	0.114544	0.4133	0.6653	331.9	104.9	0.8892	854	356
nte_02394.jpg	0.055912	0.5016	0.6494	176.5	96.3	0.8379	854	356
nte_02394.jpg	0.000585	0.2922	0.4601	16.8	10.6	0.3308	854	356
nte_02394.jpg	0.000433	0.3160	0.4601	12.1	10.9	0.3245	854	356
nte_02394.jpg	0.000428	0.2467	0.4657	12.7	10.3	0.2832	854	356
nte_02394.jpg	0.001494	0.2896	0.4310	22.4	20.3	0.2595	854	356
nte_02394.jpg	0.000488	0.2322	0.4554	12.9	11.6	0.2556	854	356
nte_02394.jpg	0.000421	0.3541	0.4489	13.7	9.4	0.2527	854	356
nte_02395.jpg	0.056874	0.5082	0.6297	156.1	110.8	0.8179	854	356
nte_02395.jpg	0.000509	0.3773	0.4629	13.9	11.1	0.3777	854	356
nte_02395.jpg	0.000520	0.3100	0.4704	17.8	8.9	0.2993	854	356
nte_02395.jpg	0.000393	0.4313	0.4535	12.9	9.2	0.2703	854	356
nte_02395.jpg	0.000359	0.4180	0.4498	12.4	8.8	0.2605	854	356
nte_02396.jpg	0.048145	0.5063	0.6503	140.9	103.9	0.8716	854	356
nte_02396.jpg	0.000731	0.3418	0.4742	19.0	11.7	0.6221	854	356
nte_02396.jpg	0.000378	0.4016	0.4620	13.2	8.7	0.4519	854	356
nte_02396.jpg	0.000414	0.4684	0.4479	12.8	9.8	0.3052	854	356
nte_02397.jpg	0.047203	0.5063	0.6466	141.3	101.6	0.8799	854	356
nte_02397.jpg	0.001135	0.3211	0.4760	23.2	14.9	0.6743	854	356
nte_02397.jpg	0.000393	0.3941	0.4629	13.4	8.9	0.5137	854	356
nte_02398.jpg	0.051190	0.5059	0.6447	142.8	109.0	0.8628	854	356
nte_02398.jpg	0.003090	0.2818	0.4854	45.8	20.5	0.5903	854	356
nte_02398.jpg	0.000887	0.3865	0.4667	20.6	13.1	0.5317	854	356
nte_02398.jpg	0.000445	0.4762	0.4498	13.7	9.9	0.3918	854	356
nte_02399.jpg	0.055130	0.5055	0.6344	140.4	119.3	0.8569	854	356
nte_02399.jpg	0.008128	0.2283	0.4929	76.6	32.3	0.8301	854	356
nte_02399.jpg	0.001814	0.3916	0.4676	27.5	20.0	0.7051	854	356
nte_02400.jpg	0.050387	0.5027	0.6363	138.5	110.6	0.8525	854	356
nte_02400.jpg	0.017387	0.0941	0.5248	117.6	45.0	0.6699	854	356
nte_02400.jpg	0.002929	0.3732	0.4685	39.5	22.6	0.4519	854	356
nte_02400.jpg	0.000700	0.5074	0.4460	16.9	12.6	0.3833	854	356
nte_02401.jpg	0.047615	0.5031	0.6456	137.1	105.6	0.8667	854	356
nte_02401.jpg	0.006928	0.3223	0.4770	63.3	33.3	0.7974	854	356
nte_02401.jpg	0.000795	0.3764	0.4667	19.3	12.6	0.4958	854	356
nte_02401.jpg	0.000636	0.5102	0.4470	17.1	11.3	0.3381	854	356
nte_02402.jpg	0.050485	0.5027	0.6466	139.1	110.3	0.8452	854	356
nte_02402.jpg	0.001596	0.3484	0.4732	32.6	14.9	0.5420	854	356
nte_02402.jpg	0.030963	0.1745	0.5116	133.1	70.7	0.3936	854	356
nte_02402.jpg	0.000440	0.3713	0.4601	12.9	10.3	0.3030	854	356
nte_02403.jpg	0.048080	0.5035	0.6456	138.8	105.3	0.8359	854	356
nte_02403.jpg	0.003221	0.2994	0.4798	48.0	20.4	0.4675	854	356
nte_02404.jpg	0.049142	0.5023	0.6541	138.4	107.9	0.8623	854	356
nte_02404.jpg	0.008588	0.2145	0.4948	81.9	31.9	0.8477	854	356
nte_02405.jpg	0.047522	0.5004	0.6456	137.3	105.2	0.8594	854	356
nte_02405.jpg	0.013480	0.0515	0.5257	88.0	46.6	0.5898	854	356
nte_02406.jpg	0.048498	0.5008	0.6541	137.7	107.1	0.8770	854	356
nte_02406.jpg	0.000220	0.4332	0.4545	9.7	6.9	0.2737	854	356
nte_02407.jpg	0.048603	0.5008	0.6466	137.8	107.3	0.8687	854	356
nte_02407.jpg	0.000286	0.4715	0.4563	10.2	8.5	0.4368	854	356
nte_02407.jpg	0.000319	0.4297	0.4573	12.5	7.8	0.2954	854	356
nte_02408.jpg	0.047632	0.5016	0.6531	136.9	105.7	0.8794	854	356
nte_02408.jpg	0.000395	0.4707	0.4563	12.0	10.0	0.4353	854	356
nte_02408.jpg	0.000889	0.6324	0.4432	22.3	12.1	0.2646	854	356
nte_02409.jpg	0.047328	0.5012	0.6531	138.4	104.0	0.8784	854	356
nte_02409.jpg	0.000504	0.4098	0.4573	15.3	10.0	0.5010	854	356
nte_02409.jpg	0.000392	0.4688	0.4563	12.2	9.8	0.4736	854	356
nte_02410.jpg	0.052334	0.4992	0.6616	143.4	110.9	0.8770	854	356
nte_02410.jpg	0.000516	0.4703	0.4545	13.3	11.8	0.5723	854	356
nte_02410.jpg	0.000517	0.4027	0.4573	15.8	10.0	0.5000	854	356
nte_02411.jpg	0.052443	0.4996	0.6663	144.6	110.3	0.8750	854	356
nte_02411.jpg	0.000636	0.3883	0.4563	16.7	11.6	0.5190	854	356
nte_02411.jpg	0.000601	0.4707	0.4507	15.2	12.0	0.4866	854	356
nte_02411.jpg	0.000353	0.4039	0.4545	11.6	9.3	0.4609	854	356
nte_02411.jpg	0.017021	0.5359	0.5332	84.6	61.1	0.3198	854	356
nte_02412.jpg	0.058527	0.5020	0.6775	149.2	119.3	0.8706	854	356
nte_02412.jpg	0.000893	0.3629	0.4573	19.6	13.8	0.6597	854	356
nte_02412.jpg	0.000392	0.4164	0.4489	14.1	8.4	0.4834	854	356
nte_02412.jpg	0.000410	0.3908	0.4545	12.7	9.8	0.3652	854	356
nte_02413.jpg	0.059528	0.5012	0.6766	151.1	119.8	0.8726	854	356
nte_02413.jpg	0.001494	0.3334	0.4601	26.9	16.9	0.6924	854	356
nte_02413.jpg	0.000684	0.3715	0.4582	16.5	12.6	0.6001	854	356
nte_02413.jpg	0.000453	0.4059	0.4479	15.0	9.2	0.4001	854	356
nte_02413.jpg	0.000284	0.4418	0.4320	11.7	7.4	0.2612	854	356
nte_02414.jpg	0.061275	0.5012	0.6822	152.8	121.9	0.8857	854	356
nte_02414.jpg	0.003729	0.2875	0.4685	47.0	24.1	0.7793	854	356
nte_02414.jpg	0.000474	0.3975	0.4498	13.3	10.9	0.4304	854	356
nte_02414.jpg	0.000555	0.4230	0.4292	14.4	11.8	0.3728	854	356
nte_02414.jpg	0.001191	0.3395	0.4582	26.2	13.8	0.3364	854	356
nte_02414.jpg	0.000304	0.4398	0.4310	11.8	7.8	0.3359	854	356
nte_02414.jpg	0.000477	0.3883	0.4498	15.6	9.3	0.2573	854	356
nte_02415.jpg	0.067337	0.5012	0.6803	157.5	130.0	0.8496	854	356
nte_02415.jpg	0.009440	0.2020	0.4798	87.2	32.9	0.7920	854	356
nte_02415.jpg	0.000621	0.3773	0.4535	17.7	10.7	0.3665	854	356
nte_02415.jpg	0.002500	0.2930	0.4713	40.5	18.8	0.3423	854	356
nte_02415.jpg	0.020278	0.5473	0.5472	89.8	68.6	0.3186	854	356
nte_02415.jpg	0.000534	0.4215	0.4301	14.8	11.0	0.2976	854	356
nte_02416.jpg	0.067342	0.5023	0.6962	158.8	128.9	0.8569	854	356
nte_02416.jpg	0.017050	0.1313	0.5032	121.9	42.5	0.7983	854	356
nte_02416.jpg	0.002072	0.3338	0.4582	37.8	16.7	0.7310	854	356
nte_02416.jpg	0.000311	0.4328	0.4320	11.9	7.9	0.3601	854	356
nte_02417.jpg	0.072785	0.4906	0.6916	173.0	127.9	0.8398	854	356
nte_02417.jpg	0.004259	0.3221	0.4713	56.3	23.0	0.5186	854	356
nte_02417.jpg	0.000490	0.4941	0.4498	12.8	11.7	0.4426	854	356
nte_02417.jpg	0.001261	0.4441	0.4292	23.0	16.7	0.4294	854	356
nte_02418.jpg	0.100298	0.4930	0.6747	261.5	116.6	0.8882	854	356
nte_02419.jpg	0.104740	0.5266	0.6747	299.2	106.4	0.9087	854	356
nte_02420.jpg	0.103153	0.5406	0.6709	314.4	99.7	0.9155	854	356
nte_02421.jpg	0.111162	0.5488	0.6625	319.1	105.9	0.9155	854	356
nte_02421.jpg	0.000729	0.1799	0.4582	18.2	12.2	0.3848	854	356
nte_02422.jpg	0.106174	0.5563	0.6691	325.3	99.2	0.8901	854	356
nte_02423.jpg	0.104461	0.5617	0.6719	324.9	97.7	0.9077	854	356
nte_02424.jpg	0.109029	0.5652	0.6747	325.3	101.9	0.9004	854	356
nte_02424.jpg	0.021253	0.7648	0.5088	120.7	53.5	0.3997	854	356
nte_02425.jpg	0.107954	0.5676	0.6672	326.6	100.5	0.8936	854	356
nte_02426.jpg	0.108029	0.5699	0.6728	327.1	100.4	0.8979	854	356
nte_02426.jpg	0.016484	0.1997	0.5051	96.0	52.2	0.7939	854	356
nte_02427.jpg	0.108294	0.5711	0.6709	329.3	100.0	0.9009	854	356
nte_02428.jpg	0.107296	0.5738	0.6737	327.6	99.6	0.8994	854	356
nte_02429.jpg	0.109038	0.5754	0.6728	327.4	101.2	0.9014	854	356
nte_02430.jpg	0.107616	0.5762	0.6719	326.9	100.1	0.8999	854	356
nte_02431.jpg	0.106757	0.5770	0.6709	327.6	99.1	0.9019	854	356
nte_02432.jpg	0.099680	0.5637	0.6672	306.9	98.7	0.8936	854	356
nte_02432.jpg	0.000789	0.5066	0.4910	17.6	13.6	0.5874	854	356
nte_02432.jpg	0.011552	0.4320	0.5304	81.7	43.0	0.3450	854	356
nte_02432.jpg	0.001693	0.4809	0.5070	24.9	20.6	0.3191	854	356
nte_02433.jpg	0.088358	0.5289	0.6663	245.7	109.3	0.9023	854	356
nte_02433.jpg	0.001801	0.2088	0.4826	27.3	20.0	0.5137	854	356
nte_02434.jpg	0.052858	0.4961	0.6663	142.9	112.4	0.8516	854	356
nte_02434.jpg	0.000731	0.4223	0.4432	18.6	11.9	0.3767	854	356
nte_02434.jpg	0.001220	0.3461	0.4517	26.2	14.2	0.3638	854	356
nte_02435.jpg	0.051686	0.4977	0.6644	140.6	111.8	0.8926	854	356
nte_02435.jpg	0.001474	0.3744	0.4601	26.2	17.1	0.6157	854	356
nte_02435.jpg	0.004645	0.2627	0.4685	57.8	24.4	0.3328	854	356
nte_02435.jpg	0.000564	0.3938	0.4451	15.8	10.8	0.2944	854	356
nte_02436.jpg	0.052162	0.4973	0.6663	141.7	111.9	0.8511	854	356
nte_02436.jpg	0.015832	0.1000	0.4985	115.3	41.8	0.7871	854	356
nte_02436.jpg	0.003255	0.3123	0.4760	40.4	24.5	0.7300	854	356
nte_02436.jpg	0.000897	0.3459	0.4620	19.7	13.8	0.4592	854	356
nte_02436.jpg	0.000807	0.3701	0.4507	19.3	12.7	0.3884	854	356
nte_02437.jpg	0.053328	0.4988	0.6691	139.9	115.9	0.8760	854	356
nte_02437.jpg	0.002233	0.3377	0.4554	35.8	19.0	0.6519	854	356
nte_02438.jpg	0.048388	0.4984	0.6578	137.3	107.2	0.9023	854	356
nte_02438.jpg	0.004890	0.2633	0.4676	65.3	22.8	0.5210	854	356
nte_02438.jpg	0.001561	0.5063	0.4742	23.7	20.0	0.2725	854	356
nte_02439.jpg	0.047458	0.4984	0.6550	136.4	105.7	0.8960	854	356
nte_02440.jpg	0.048719	0.4996	0.6559	137.4	107.8	0.8862	854	356
nte_02441.jpg	0.046713	0.4992	0.6503	137.4	103.3	0.8794	854	356
nte_02441.jpg	0.000511	0.5273	0.4479	14.6	10.6	0.2612	854	356
nte_02442.jpg	0.048774	0.4980	0.6541	138.7	106.9	0.8672	854	356
nte_02442.jpg	0.000562	0.5266	0.4498	15.2	11.3	0.3455	854	356
nte_02443.jpg	0.048633	0.4984	0.6531	138.9	106.4	0.8804	854	356
nte_02443.jpg	0.000383	0.4797	0.4310	14.3	8.2	0.5986	854	356
nte_02443.jpg	0.000694	0.5270	0.4517	17.6	12.0	0.2869	854	356
nte_02444.jpg	0.047020	0.4992	0.6531	136.7	104.6	0.8921	854	356
nte_02444.jpg	0.000460	0.4781	0.4339	15.4	9.1	0.6128	854	356
nte_02445.jpg	0.048627	0.4996	0.6550	138.3	106.9	0.9043	854	356
nte_02445.jpg	0.000555	0.4734	0.4348	18.3	9.2	0.3044	854	356
nte_02445.jpg	0.000314	0.4445	0.4310	10.8	8.8	0.2742	854	356
nte_02446.jpg	0.048015	0.5004	0.6559	137.6	106.1	0.8906	854	356
nte_02446.jpg	0.000391	0.4395	0.4320	12.4	9.6	0.4265	854	356
nte_02447.jpg	0.050906	0.5000	0.6606	141.4	109.4	0.8560	854	356
nte_02447.jpg	0.000457	0.4316	0.4292	14.5	9.6	0.3855	854	356
nte_02448.jpg	0.055192	0.4988	0.6700	146.1	114.8	0.8726	854	356
nte_02448.jpg	0.000369	0.4223	0.4329	13.0	8.6	0.3662	854	356
nte_02449.jpg	0.056786	0.4992	0.6737	147.9	116.8	0.8911	854	356
nte_02450.jpg	0.066127	0.4988	0.6990	149.5	134.5	0.8516	854	356
nte_02451.jpg	0.064150	0.4992	0.6803	152.0	128.4	0.8521	854	356
nte_02451.jpg	0.000582	0.3721	0.4451	16.7	10.6	0.2791	854	356
nte_02452.jpg	0.069405	0.5008	0.6869	156.4	134.9	0.8569	854	356
nte_02453.jpg	0.067789	0.5000	0.6934	158.2	130.3	0.8442	854	356
nte_02453.jpg	0.002172	0.2881	0.4629	36.9	17.9	0.3823	854	356
nte_02454.jpg	0.066536	0.4992	0.6981	157.7	128.3	0.8838	854	356
nte_02454.jpg	0.003941	0.1866	0.4770	49.7	24.1	0.2717	854	356
nte_02455.jpg	0.070615	0.5008	0.6962	161.3	133.1	0.8389	854	356
nte_02455.jpg	0.000297	0.4551	0.4320	11.1	8.1	0.2537	854	356
nte_02456.jpg	0.071320	0.5004	0.7000	160.3	135.3	0.8564	854	356
nte_02456.jpg	0.000304	0.4719	0.4292	11.6	8.0	0.2539	854	356
nte_02457.jpg	0.075946	0.5008	0.7056	163.6	141.1	0.8477	854	356
nte_02458.jpg	0.073717	0.5012	0.7103	164.5	136.3	0.8638	854	356
nte_02459.jpg	0.073679	0.5004	0.7075	163.4	137.1	0.8770	854	356
nte_02459.jpg	0.000387	0.4543	0.4310	13.1	9.0	0.3777	854	356
nte_02459.jpg	0.000440	0.4699	0.4301	14.1	9.5	0.3037	854	356
nte_02460.jpg	0.073324	0.5004	0.7047	164.8	135.3	0.8789	854	356
nte_02460.jpg	0.000372	0.4578	0.4310	12.9	8.8	0.2986	854	356
nte_02461.jpg	0.073701	0.5008	0.7056	164.6	136.1	0.8877	854	356
nte_02461.jpg	0.000294	0.4547	0.4348	10.6	8.4	0.3032	854	356
nte_02462.jpg	0.079067	0.5012	0.6972	166.1	144.7	0.8643	854	356
nte_02462.jpg	0.000361	0.4406	0.4339	12.2	9.0	0.4082	854	356
nte_02463.jpg	0.076105	0.5004	0.7000	167.1	138.4	0.8638	854	356
nte_02463.jpg	0.000282	0.4430	0.4357	10.0	8.5	0.2810	854	356
nte_02463.jpg	0.000253	0.4316	0.4329	10.5	7.4	0.2761	854	356
nte_02463.jpg	0.000241	0.4555	0.4329	9.9	7.4	0.2568	854	356
nte_02464.jpg	0.077591	0.5004	0.7056	168.0	140.4	0.8589	854	356
nte_02464.jpg	0.000491	0.4285	0.4404	13.8	10.8	0.3833	854	356
nte_02465.jpg	0.076625	0.5004	0.7103	167.5	139.1	0.8862	854	356
nte_02465.jpg	0.000380	0.4523	0.4320	11.9	9.7	0.2747	854	356
nte_02466.jpg	0.077814	0.5004	0.7009	168.5	140.4	0.8701	854	356
nte_02466.jpg	0.000482	0.4406	0.4376	13.1	11.2	0.3923	854	356
nte_02466.jpg	0.000381	0.4516	0.4329	11.4	10.1	0.2751	854	356
nte_02466.jpg	0.000444	0.4289	0.4376	12.8	10.6	0.2656	854	356
nte_02467.jpg	0.083754	0.5000	0.7019	169.0	150.7	0.8613	854	356
nte_02467.jpg	0.000934	0.3885	0.4470	21.5	13.2	0.3586	854	356
nte_02467.jpg	0.000912	0.4293	0.4395	20.8	13.3	0.3140	854	356
nte_02467.jpg	0.000714	0.3713	0.4489	17.3	12.5	0.3057	854	356
nte_02468.jpg	0.081877	0.5008	0.7056	168.6	147.6	0.8809	854	356
nte_02468.jpg	0.001339	0.3396	0.4545	25.7	15.8	0.4585	854	356
nte_02468.jpg	0.000881	0.3898	0.4451	17.9	15.0	0.4482	854	356
nte_02468.jpg	0.000496	0.4434	0.4348	13.2	11.4	0.4067	854	356
nte_02468.jpg	0.000816	0.3629	0.4479	19.3	12.9	0.3711	854	356
nte_02468.jpg	0.000702	0.4289	0.4404	15.3	13.9	0.2756	854	356
nte_02468.jpg	0.001531	0.4098	0.4507	25.1	18.5	0.2717	854	356
nte_02469.jpg	0.077883	0.5000	0.7094	168.8	140.3	0.8794	854	356
nte_02469.jpg	0.001543	0.3063	0.4610	30.1	15.6	0.5376	854	356
nte_02469.jpg	0.000627	0.5027	0.4264	17.3	11.1	0.4033	854	356
nte_02470.jpg	0.081906	0.4996	0.6934	170.1	146.4	0.8447	854	356
nte_02470.jpg	0.022044	0.0819	0.5154	140.6	47.7	0.7793	854	356
nte_02470.jpg	0.000657	0.5027	0.4245	18.9	10.6	0.3118	854	356
nte_02470.jpg	0.000828	0.3457	0.4592	23.4	10.8	0.2800	854	356
nte_02471.jpg	0.077652	0.5000	0.7028	168.3	140.3	0.8569	854	356
nte_02471.jpg	0.015105	0.1900	0.4667	112.8	40.7	0.7402	854	356
nte_02471.jpg	0.001620	0.2908	0.4685	29.1	17.0	0.6196	854	356
nte_02471.jpg	0.000941	0.3803	0.4507	20.3	14.1	0.3950	854	356
nte_02471.jpg	0.001103	0.3674	0.4657	21.7	15.4	0.3574	854	356
nte_02471.jpg	0.000932	0.5023	0.4301	20.6	13.8	0.3552	854	356
nte_02471.jpg	0.000790	0.3473	0.4573	18.4	13.1	0.3496	854	356
nte_02471.jpg	0.000303	0.4832	0.4282	11.7	7.9	0.3315	854	356
nte_02471.jpg	0.000744	0.3289	0.4573	17.7	12.8	0.3245	854	356
nte_02471.jpg	0.000760	0.3182	0.4582	17.8	13.0	0.3020	854	356
nte_02472.jpg	0.080714	0.5000	0.7028	169.9	144.4	0.8608	854	356
nte_02472.jpg	0.002712	0.2971	0.4713	36.7	22.5	0.4482	854	356
nte_02472.jpg	0.001580	0.5027	0.4404	25.4	18.9	0.3872	854	356
nte_02472.jpg	0.005789	0.1899	0.4891	69.1	25.5	0.3743	854	356
nte_02472.jpg	0.000363	0.4816	0.4292	11.9	9.3	0.3000	854	356
nte_02472.jpg	0.000974	0.3445	0.4563	21.6	13.7	0.2952	854	356
nte_02473.jpg	0.077028	0.5008	0.7112	168.5	138.9	0.8916	854	356
nte_02473.jpg	0.012469	0.1822	0.5004	97.5	38.9	0.5083	854	356
nte_02473.jpg	0.004143	0.2756	0.4685	54.4	23.2	0.4722	854	356
nte_02474.jpg	0.076208	0.5004	0.7131	168.0	137.9	0.8945	854	356
nte_02474.jpg	0.000858	0.3873	0.4385	20.3	12.9	0.4058	854	356
nte_02474.jpg	0.003314	0.2258	0.4554	56.3	17.9	0.3474	854	356
nte_02474.jpg	0.018606	0.1185	0.5041	139.8	40.5	0.3291	854	356
nte_02475.jpg	0.074882	0.5008	0.7084	169.1	134.6	0.8892	854	356
nte_02476.jpg	0.075122	0.5004	0.7056	168.2	135.8	0.8896	854	356
nte_02476.jpg	0.001687	0.3328	0.4451	30.0	17.1	0.2805	854	356
nte_02477.jpg	0.077734	0.5027	0.7056	173.6	136.1	0.8726	854	356
nte_02477.jpg	0.003418	0.2836	0.4526	47.4	21.9	0.7334	854	356
nte_02478.jpg	0.082004	0.5063	0.7094	176.5	141.3	0.8354	854	356
nte_02479.jpg	0.073398	0.5020	0.7047	165.0	135.3	0.8882	854	356
nte_02480.jpg	0.068627	0.5020	0.6944	160.0	130.4	0.8599	854	356
nte_02481.jpg	0.075483	0.5004	0.7075	155.3	147.8	0.8340	854	356
nte_02482.jpg	0.072271	0.5000	0.6990	153.6	143.0	0.8765	854	356
nte_02482.jpg	0.001319	0.4062	0.3795	27.5	14.6	0.4578	854	356
nte_02483.jpg	0.062276	0.5004	0.6822	150.0	126.3	0.8906	854	356
nte_02483.jpg	0.000619	0.3973	0.3917	18.2	10.3	0.3809	854	356
nte_02483.jpg	0.001104	0.3850	0.4489	23.9	14.0	0.2622	854	356
nte_02484.jpg	0.060903	0.5000	0.6934	147.0	125.9	0.8887	854	356
nte_02485.jpg	0.055837	0.4988	0.6737	144.4	117.6	0.8906	854	356
nte_02485.jpg	0.005641	0.2734	0.4629	61.3	28.0	0.7134	854	356
nte_02486.jpg	0.051959	0.5000	0.6653	143.3	110.3	0.8926	854	356
nte_02487.jpg	0.054476	0.5047	0.6663	143.7	115.3	0.8765	854	356
nte_02488.jpg	0.065526	0.5090	0.6887	150.0	132.9	0.8613	854	356
nte_02488.jpg	0.000329	0.3598	0.3748	10.5	9.5	0.4373	854	356
nte_02489.jpg	0.062578	0.5078	0.6841	148.6	128.0	0.8628	854	356
nte_02490.jpg	0.061987	0.5016	0.6822	147.1	128.1	0.8652	854	356
nte_02490.jpg	0.000422	0.3713	0.3692	14.3	9.0	0.3228	854	356
nte_02491.jpg	0.062509	0.5063	0.6747	146.4	129.8	0.8403	854	356
nte_02491.jpg	0.000333	0.3729	0.3673	12.0	8.4	0.6162	854	356
nte_02492.jpg	0.059077	0.5035	0.6700	145.6	123.3	0.8599	854	356
nte_02492.jpg	0.000490	0.3715	0.3739	15.6	9.5	0.3535	854	356
nte_02493.jpg	0.059792	0.5035	0.6700	143.8	126.4	0.8447	854	356
nte_02493.jpg	0.000706	0.3615	0.3720	19.7	10.9	0.5488	854	356
nte_02494.jpg	0.061044	0.5086	0.6719	145.4	127.6	0.8633	854	356
nte_02494.jpg	0.000816	0.3447	0.3786	19.7	12.6	0.6807	854	356
nte_02494.jpg	0.000412	0.3658	0.3758	12.2	10.3	0.4976	854	356
nte_02495.jpg	0.063529	0.5086	0.6672	146.1	132.2	0.8521	854	356
nte_02495.jpg	0.000861	0.3201	0.3936	20.0	13.1	0.6353	854	356
nte_02495.jpg	0.000357	0.3547	0.3898	12.7	8.6	0.2827	854	356
nte_02496.jpg	0.063082	0.5039	0.6597	141.8	135.3	0.8486	854	356
nte_02496.jpg	0.002945	0.3063	0.4020	43.0	20.8	0.7549	854	356
nte_02496.jpg	0.000805	0.3582	0.3879	20.0	12.2	0.5781	854	356
nte_02497.jpg	0.061643	0.5012	0.6588	141.8	132.2	0.8159	854	356
nte_02497.jpg	0.001661	0.3424	0.3983	31.0	16.3	0.6230	854	356
nte_02497.jpg	0.004413	0.2207	0.4245	50.0	26.9	0.3286	854	356
nte_02498.jpg	0.059099	0.5000	0.6569	142.1	126.4	0.8389	854	356
nte_02498.jpg	0.003365	0.2945	0.4086	43.6	23.5	0.7441	854	356
nte_02499.jpg	0.057522	0.5008	0.6616	139.6	125.3	0.8281	854	356
nte_02499.jpg	0.010044	0.1889	0.4376	84.0	36.4	0.7891	854	356
nte_02500.jpg	0.053398	0.5020	0.6588	138.9	116.8	0.8535	854	356
nte_02501.jpg	0.059274	0.5016	0.6644	138.7	129.9	0.8467	854	356
nte_02502.jpg	0.053743	0.5027	0.6588	139.4	117.2	0.8442	854	356
nte_02503.jpg	0.055722	0.5047	0.6634	138.9	121.9	0.8579	854	356
nte_02504.jpg	0.057134	0.5074	0.6653	140.4	123.7	0.7939	854	356
nte_02505.jpg	0.061584	0.5121	0.6756	145.8	128.4	0.8057	854	356
nte_02506.jpg	0.055086	0.5113	0.6503	147.1	113.8	0.7241	854	356
nte_02507.jpg	0.055341	0.5066	0.6597	141.3	119.1	0.8472	854	356
nte_02508.jpg	0.053371	0.5039	0.6466	138.8	116.9	0.8389	854	356
nte_02508.jpg	0.000998	0.5578	0.4189	22.4	13.6	0.2852	854	356
nte_02509.jpg	0.051137	0.5059	0.6503	137.3	113.3	0.8853	854	356
nte_02510.jpg	0.050106	0.5059	0.6447	137.4	110.8	0.8428	854	356
nte_02511.jpg	0.049374	0.5074	0.6513	138.8	108.2	0.8892	854	356
nte_02511.jpg	0.001249	0.4582	0.4742	23.5	16.1	0.6514	854	356
nte_02512.jpg	0.048994	0.5094	0.6503	138.8	107.3	0.8613	854	356
nte_02513.jpg	0.049846	0.5074	0.6494	140.9	107.6	0.8652	854	356
nte_02514.jpg	0.051401	0.5066	0.6541	140.4	111.3	0.8765	854	356
nte_02515.jpg	0.048169	0.5055	0.6513	137.9	106.2	0.8872	854	356
nte_02515.jpg	0.000446	0.3434	0.4264	18.0	7.5	0.3193	854	356
nte_02516.jpg	0.052164	0.5074	0.6578	140.9	112.6	0.8965	854	356
nte_02516.jpg	0.000420	0.3666	0.4320	15.7	8.1	0.4807	854	356
nte_02517.jpg	0.048831	0.5055	0.6494	140.9	105.3	0.8882	854	356
nte_02518.jpg	0.047795	0.5059	0.6503	138.9	104.6	0.8838	854	356
nte_02518.jpg	0.000488	0.3318	0.4404	16.1	9.2	0.3462	854	356
nte_02519.jpg	0.047338	0.5043	0.6494	138.3	104.1	0.8833	854	356
nte_02519.jpg	0.000456	0.3211	0.4470	13.7	10.1	0.5605	854	356
nte_02519.jpg	0.000504	0.3619	0.4460	14.1	10.9	0.2664	854	356
nte_02520.jpg	0.048963	0.5090	0.6484	142.1	104.7	0.8760	854	356
nte_02520.jpg	0.000674	0.3045	0.4498	16.4	12.5	0.7070	854	356
nte_02520.jpg	0.000622	0.3496	0.4582	15.5	12.2	0.5610	854	356
nte_02520.jpg	0.000448	0.3330	0.4479	13.0	10.5	0.5566	854	356
nte_02521.jpg	0.048750	0.5105	0.6475	141.9	104.4	0.8857	854	356
nte_02521.jpg	0.000805	0.2809	0.4563	17.5	14.0	0.6973	854	356
nte_02521.jpg	0.000959	0.3334	0.4638	18.9	15.4	0.5273	854	356
nte_02521.jpg	0.000360	0.3164	0.4526	11.0	9.9	0.4355	854	356
nte_02521.jpg	0.000323	0.3697	0.4545	11.6	8.5	0.3374	854	356
nte_02521.jpg	0.000377	0.3516	0.4563	12.6	9.1	0.3022	854	356
nte_02522.jpg	0.048388	0.5105	0.6494	142.9	102.9	0.8979	854	356
nte_02522.jpg	0.001150	0.2613	0.4582	22.4	15.6	0.7231	854	356
nte_02522.jpg	0.001665	0.3168	0.4695	23.7	21.3	0.5684	854	356
nte_02522.jpg	0.000469	0.2939	0.4545	13.8	10.3	0.4253	854	356
nte_02523.jpg	0.052166	0.5109	0.6494	150.5	105.4	0.8677	854	356
nte_02523.jpg	0.004100	0.2912	0.4835	42.6	29.3	0.8218	854	356
nte_02523.jpg	0.002792	0.2291	0.4751	36.5	23.3	0.6421	854	356
nte_02523.jpg	0.000943	0.3156	0.4648	18.9	15.2	0.3665	854	356
nte_02524.jpg	0.050882	0.5098	0.6503	150.0	103.2	0.8960	854	356
nte_02524.jpg	0.013938	0.2234	0.5191	90.6	46.8	0.8354	854	356
nte_02524.jpg	0.002261	0.3033	0.4798	25.2	27.2	0.5068	854	356
nte_02524.jpg	0.004025	0.1705	0.4845	45.8	26.7	0.3130	854	356
nte_02525.jpg	0.050919	0.5102	0.6503	148.6	104.2	0.8838	854	356
nte_02525.jpg	0.003766	0.2754	0.4901	39.3	29.1	0.6855	854	356
nte_02525.jpg	0.000562	0.3025	0.4620	15.2	11.3	0.4749	854	356
nte_02525.jpg	0.006089	0.4129	0.5088	43.8	42.3	0.4338	854	356
nte_02526.jpg	0.018442	0.1705	0.5416	103.7	54.0	0.8462	854	356
nte_02526.jpg	0.062452	0.5113	0.6325	154.5	122.9	0.6582	854	356
nte_02526.jpg	0.001346	0.2838	0.4695	25.2	16.3	0.5034	854	356
nte_02527.jpg	0.057497	0.5078	0.6522	170.1	102.7	0.8569	854	356
nte_02527.jpg	0.001889	0.2471	0.4760	30.9	18.6	0.7158	854	356
nte_02527.jpg	0.000593	0.2736	0.4638	15.9	11.3	0.3513	854	356
nte_02528.jpg	0.056882	0.5059	0.6503	170.0	101.7	0.8853	854	356
nte_02528.jpg	0.002888	0.2299	0.4845	41.4	21.2	0.7373	854	356
nte_02528.jpg	0.000399	0.2932	0.4592	13.5	9.0	0.4353	854	356
nte_02528.jpg	0.008892	0.4371	0.5248	55.1	49.0	0.3914	854	356
nte_02528.jpg	0.000630	0.2725	0.4657	16.8	11.4	0.3521	854	356
nte_02528.jpg	0.000735	0.2609	0.4713	19.4	11.5	0.3259	854	356
nte_02529.jpg	0.046917	0.5023	0.6531	136.6	104.4	0.8867	854	356
nte_02529.jpg	0.006138	0.5602	0.5369	43.7	42.7	0.6406	854	356
nte_02529.jpg	0.000618	0.3852	0.4685	17.4	10.8	0.5420	854	356
nte_02529.jpg	0.002719	0.4387	0.5566	29.1	28.4	0.5181	854	356
nte_02529.jpg	0.000430	0.4109	0.4629	14.1	9.3	0.3362	854	356
nte_02529.jpg	0.002299	0.2990	0.4938	43.7	16.0	0.3240	854	356
nte_02530.jpg	0.047321	0.4906	0.6456	143.3	100.4	0.8618	854	356
nte_02530.jpg	0.001075	0.4324	0.4751	23.6	13.9	0.5605	854	356
nte_02530.jpg	0.001262	0.4836	0.4301	27.6	13.9	0.4102	854	356
nte_02531.jpg	0.048222	0.4906	0.6447	144.4	101.5	0.8755	854	356
nte_02531.jpg	0.002049	0.3619	0.4826	39.9	15.6	0.5127	854	356
nte_02531.jpg	0.000279	0.6801	0.4854	11.4	7.5	0.2573	854	356
nte_02532.jpg	0.046997	0.4938	0.6475	140.8	101.5	0.8408	854	356
nte_02532.jpg	0.000507	0.4320	0.4610	15.6	9.9	0.3418	854	356
nte_02532.jpg	0.000320	0.6688	0.4816	12.3	7.9	0.3391	854	356
nte_02532.jpg	0.000391	0.6535	0.4798	13.3	8.9	0.3279	854	356
nte_02532.jpg	0.000280	0.6840	0.4845	11.7	7.3	0.2534	854	356
nte_02533.jpg	0.049985	0.4945	0.6363	140.3	108.3	0.8086	854	356
nte_02533.jpg	0.003218	0.3182	0.4854	49.4	19.8	0.6440	854	356
nte_02533.jpg	0.000617	0.4000	0.4667	19.2	9.8	0.4067	854	356
nte_02533.jpg	0.000318	0.7027	0.4938	11.2	8.6	0.3271	854	356
nte_02533.jpg	0.000402	0.7168	0.4929	14.1	8.7	0.3154	854	356
nte_02534.jpg	0.048666	0.4969	0.6447	141.4	104.7	0.7573	854	356
nte_02534.jpg	0.001077	0.3590	0.4723	25.5	12.8	0.6597	854	356
nte_02534.jpg	0.015855	0.1295	0.5191	129.0	37.4	0.5020	854	356
nte_02535.jpg	0.046514	0.4984	0.6541	137.9	102.6	0.8115	854	356
nte_02535.jpg	0.002201	0.2961	0.4779	38.9	17.2	0.7285	854	356
nte_02536.jpg	0.046419	0.4988	0.6513	138.0	102.2	0.8379	854	356
nte_02536.jpg	0.002645	0.1672	0.5060	50.1	16.0	0.2815	854	356
nte_02537.jpg	0.045352	0.4992	0.6503	137.8	100.1	0.8384	854	356
nte_02538.jpg	0.046252	0.4996	0.6522	136.9	102.7	0.8345	854	356
nte_02539.jpg	0.048142	0.5008	0.6484	137.1	106.8	0.8184	854	356
nte_02540.jpg	0.045576	0.5016	0.6494	136.9	101.2	0.8496	854	356
nte_02541.jpg	0.080719	0.4777	0.6606	226.2	108.5	0.9097	854	356
nte_02542.jpg	0.125144	0.4180	0.6728	338.4	112.4	0.9028	854	356
nte_02543.jpg	0.144870	0.4051	0.6897	351.6	125.3	0.9062	854	356
nte_02543.jpg	0.018397	0.5871	0.6138	94.3	59.3	0.3623	854	356
nte_02544.jpg	0.138443	0.4043	0.6850	351.9	119.6	0.8960	854	356
nte_02545.jpg	0.130120	0.4102	0.6766	348.3	113.6	0.9141	854	356
nte_02546.jpg	0.133174	0.4047	0.6803	350.3	115.6	0.9028	854	356
nte_02547.jpg	0.136103	0.4020	0.6803	356.9	115.9	0.8989	854	356
nte_02548.jpg	0.141261	0.3986	0.6841	360.6	119.1	0.8628	854	356
nte_02549.jpg	0.146039	0.3977	0.6869	372.3	119.3	0.8071	854	356
nte_02550.jpg	0.146389	0.3949	0.6869	371.6	119.8	0.8047	854	356
nte_02551.jpg	0.179099	0.3924	0.7197	377.0	144.4	0.7686	854	356
nte_02552.jpg	0.151078	0.3947	0.6916	370.6	123.9	0.8574	854	356
nte_02553.jpg	0.170855	0.3945	0.7122	372.3	139.5	0.8062	854	356
nte_02554.jpg	0.212120	0.3166	0.6962	507.4	127.1	0.7295	854	356
nte_02555.jpg	0.262553	0.3100	0.7337	520.7	153.3	0.6719	854	356
nte_02555.jpg	0.609172	0.3088	0.4966	529.7	349.6	0.4893	854	356
nte_02556.jpg	0.151784	0.3967	0.6934	366.0	126.1	0.8340	854	356
nte_02557.jpg	0.168490	0.3926	0.7028	386.3	132.6	0.8696	854	356
nte_02558.jpg	0.147949	0.3945	0.6850	372.0	120.9	0.8843	854	356
nte_02559.jpg	0.119760	0.3447	0.6325	453.4	80.3	0.3323	854	356
nte_02560.jpg	0.078893	0.4711	0.6541	237.7	100.9	0.9033	854	356
nte_02561.jpg	0.053391	0.5113	0.6475	151.7	107.0	0.8652	854	356
nte_02561.jpg	0.000563	0.4781	0.4470	15.1	11.4	0.2942	854	356
nte_02562.jpg	0.046911	0.5008	0.6541	135.9	104.9	0.8838	854	356
nte_02563.jpg	0.045706	0.5008	0.6541	135.0	102.9	0.8965	854	356
nte_02564.jpg	0.047881	0.5016	0.6578	135.9	107.1	0.8911	854	356
nte_02564.jpg	0.000581	0.3318	0.4638	17.7	10.0	0.2957	854	356
nte_02565.jpg	0.047126	0.5000	0.6550	137.1	104.5	0.8682	854	356
nte_02566.jpg	0.045424	0.4938	0.6447	138.1	100.0	0.8330	854	356
nte_02567.jpg	0.045428	0.4973	0.6475	137.8	100.2	0.8770	854	356
nte_02567.jpg	0.000548	0.4902	0.4067	13.7	12.1	0.3374	854	356
nte_02568.jpg	0.044445	0.4984	0.6447	135.4	99.8	0.8794	854	356
nte_02569.jpg	0.044993	0.5008	0.6447	135.1	101.2	0.8745	854	356
nte_02570.jpg	0.048708	0.5016	0.6550	135.9	109.0	0.8799	854	356
nte_02570.jpg	0.000319	0.4691	0.3936	11.0	8.8	0.4507	854	356
nte_02571.jpg	0.047296	0.5020	0.6503	135.4	106.2	0.8608	854	356
nte_02571.jpg	0.000357	0.4672	0.3917	11.5	9.5	0.3464	854	356
nte_02572.jpg	0.045023	0.5020	0.6494	133.4	102.6	0.8999	854	356
nte_02573.jpg	0.045943	0.5016	0.6475	133.8	104.4	0.8975	854	356
nte_02573.jpg	0.000839	0.2904	0.4217	25.8	9.9	0.3694	854	356
nte_02574.jpg	0.045460	0.5016	0.6466	134.2	103.0	0.8862	854	356
nte_02574.jpg	0.000535	0.3910	0.3420	14.5	11.2	0.2583	854	356
nte_02574.jpg	0.000512	0.4602	0.3748	13.3	11.7	0.2522	854	356
nte_02575.jpg	0.044144	0.5012	0.6447	134.1	100.1	0.8936	854	356
nte_02576.jpg	0.046223	0.5000	0.6456	133.5	105.2	0.9009	854	356
nte_02576.jpg	0.000404	0.4695	0.3683	12.8	9.6	0.5200	854	356
nte_02577.jpg	0.046456	0.5012	0.6428	133.8	105.6	0.8901	854	356
nte_02577.jpg	0.000672	0.5617	0.3355	18.5	11.0	0.2783	854	356
nte_02577.jpg	0.000574	0.3832	0.3177	14.0	12.4	0.2651	854	356
nte_02578.jpg	0.048412	0.5020	0.6484	134.1	109.8	0.8853	854	356
nte_02578.jpg	0.000461	0.4523	0.3467	12.4	11.3	0.3328	854	356
nte_02579.jpg	0.048572	0.5020	0.6513	133.9	110.3	0.8984	854	356
nte_02579.jpg	0.000836	0.5766	0.3430	22.0	11.6	0.2974	854	356
nte_02580.jpg	0.049417	0.5027	0.6484	134.4	111.8	0.8867	854	356
nte_02580.jpg	0.000638	0.4457	0.3458	14.3	13.6	0.3164	854	356
nte_02580.jpg	0.000919	0.5816	0.3392	22.0	12.7	0.3105	854	356
nte_02581.jpg	0.049104	0.5023	0.6466	134.2	111.3	0.8853	854	356
nte_02581.jpg	0.000559	0.4430	0.3505	15.0	11.3	0.3311	854	356
nte_02581.jpg	0.000947	0.5852	0.3392	21.3	13.5	0.2986	854	356
nte_02581.jpg	0.001006	0.5684	0.3430	20.9	14.7	0.2693	854	356
nte_02582.jpg	0.049638	0.5031	0.6503	134.4	112.3	0.8911	854	356
nte_02582.jpg	0.000891	0.4387	0.3373	16.1	16.8	0.3928	854	356
nte_02582.jpg	0.000873	0.5902	0.3355	19.5	13.6	0.2607	854	356
nte_02583.jpg	0.049442	0.5031	0.6503	134.1	112.1	0.8867	854	356
nte_02583.jpg	0.000889	0.4344	0.3355	16.6	16.2	0.3335	854	356
nte_02584.jpg	0.048408	0.5043	0.6456	134.6	109.3	0.8818	854	356
nte_02585.jpg	0.050931	0.5027	0.6419	135.5	114.3	0.8623	854	356
nte_02585.jpg	0.001606	0.5957	0.3223	31.5	15.5	0.2886	854	356
nte_02586.jpg	0.051637	0.4949	0.6456	134.9	116.3	0.8560	854	356
nte_02587.jpg	0.055027	0.4918	0.6522	139.7	119.8	0.8428	854	356
nte_02587.jpg	0.000837	0.4051	0.3402	23.9	10.6	0.3206	854	356
nte_02587.jpg	0.002248	0.2080	0.3355	40.8	16.8	0.2747	854	356
nte_02587.jpg	0.002368	0.5949	0.3158	41.3	17.4	0.2739	854	356
nte_02588.jpg	0.055746	0.4941	0.6513	139.2	121.8	0.8301	854	356
nte_02588.jpg	0.000783	0.3918	0.3383	24.5	9.7	0.4133	854	356
nte_02589.jpg	0.055203	0.4898	0.6447	139.9	119.9	0.8120	854	356
nte_02589.jpg	0.000522	0.3520	0.3411	17.1	9.3	0.2642	854	356
nte_02590.jpg	0.057049	0.4867	0.6381	142.4	121.8	0.8281	854	356
nte_02591.jpg	0.058770	0.4891	0.6428	150.5	118.8	0.8013	854	356
nte_02591.jpg	0.000940	0.4559	0.3280	24.7	11.6	0.4014	854	356
nte_02592.jpg	0.058633	0.4898	0.6428	148.9	119.7	0.7349	854	356
nte_02593.jpg	0.065412	0.4926	0.6288	152.4	130.5	0.8193	854	356
nte_02594.jpg	0.071873	0.4941	0.6241	170.8	127.9	0.7300	854	356
nte_02594.jpg	0.002249	0.5539	0.2877	30.9	22.2	0.5312	854	356
nte_02594.jpg	0.020693	0.4723	0.2671	125.1	50.3	0.4373	854	356
nte_02595.jpg	0.072413	0.4996	0.6344	182.8	120.4	0.5396	854	356
nte_02595.jpg	0.003101	0.5477	0.2886	36.7	25.7	0.4207	854	356
nte_02595.jpg	0.002844	0.7449	0.4029	37.0	23.4	0.3774	854	356
nte_02595.jpg	0.019491	0.4723	0.2610	113.5	52.2	0.3323	854	356
nte_02595.jpg	0.000812	0.6766	0.3327	21.9	11.3	0.3120	854	356
nte_02596.jpg	0.071125	0.5039	0.6466	190.6	113.4	0.6460	854	356
nte_02596.jpg	0.022951	0.4543	0.2572	117.7	59.3	0.3911	854	356
nte_02597.jpg	0.073876	0.5070	0.6475	197.2	113.9	0.7612	854	356
nte_02598.jpg	0.079063	0.5098	0.6522	205.0	117.3	0.8970	854	356
nte_02598.jpg	0.003050	0.5863	0.3851	45.2	20.5	0.2830	854	356
nte_02599.jpg	0.013867	0.2865	0.4273	87.2	48.3	0.8403	854	356
nte_02599.jpg	0.058012	0.5004	0.6381	134.3	131.4	0.8330	854	356
nte_02599.jpg	0.000571	0.4305	0.2952	14.2	12.2	0.2786	854	356
nte_02600.jpg	0.051879	0.5000	0.6456	133.9	117.8	0.8677	854	356
nte_02600.jpg	0.000754	0.4348	0.2961	18.9	12.1	0.3027	854	356
nte_02601.jpg	0.053906	0.5008	0.6325	133.8	122.5	0.8628	854	356
nte_02601.jpg	0.000949	0.4328	0.2980	21.2	13.6	0.2925	854	356
nte_02602.jpg	0.053769	0.5004	0.6456	134.4	121.6	0.8574	854	356
nte_02602.jpg	0.000573	0.4324	0.3017	15.3	11.4	0.3210	854	356
nte_02603.jpg	0.052552	0.5004	0.6475	134.4	118.8	0.8589	854	356
nte_02603.jpg	0.000596	0.4320	0.3055	14.9	12.1	0.2776	854	356
nte_02604.jpg	0.049865	0.5012	0.6447	133.3	113.8	0.8428	854	356
nte_02604.jpg	0.000743	0.7156	0.3261	18.5	12.2	0.4119	854	356
nte_02604.jpg	0.000739	0.4207	0.3074	16.1	13.9	0.2576	854	356
nte_02605.jpg	0.051318	0.5012	0.6466	134.1	116.3	0.8496	854	356
nte_02605.jpg	0.001002	0.7277	0.3270	25.5	11.9	0.5625	854	356
nte_02605.jpg	0.000768	0.4160	0.3102	17.3	13.5	0.2612	854	356
nte_02606.jpg	0.051699	0.5016	0.6428	133.9	117.4	0.8188	854	356
nte_02606.jpg	0.000714	0.7359	0.3289	19.0	11.4	0.4736	854	356
nte_02607.jpg	0.051791	0.5020	0.6484	134.2	117.3	0.8506	854	356
nte_02607.jpg	0.000724	0.7465	0.3308	20.1	11.0	0.3943	854	356
nte_02607.jpg	0.000419	0.4477	0.3270	13.1	9.7	0.3320	854	356
nte_02607.jpg	0.000367	0.4203	0.3055	12.4	9.0	0.2722	854	356
nte_02608.jpg	0.057032	0.5012	0.6278	133.1	130.3	0.8105	854	356
nte_02608.jpg	0.000335	0.3816	0.3308	11.8	8.6	0.4277	854	356
nte_02608.jpg	0.001050	0.4871	0.3945	20.8	15.3	0.4207	854	356
nte_02608.jpg	0.000423	0.4398	0.3336	13.3	9.7	0.4124	854	356
nte_02608.jpg	0.000669	0.5266	0.3223	17.6	11.6	0.3254	854	356
nte_02608.jpg	0.000384	0.4656	0.3355	10.1	11.6	0.2573	854	356
nte_02608.jpg	0.000292	0.4074	0.3027	11.4	7.8	0.2539	854	356
nte_02609.jpg	0.050556	0.5016	0.6475	133.9	114.8	0.8608	854	356
nte_02609.jpg	0.000360	0.3678	0.3392	12.7	8.6	0.7422	854	356
nte_02609.jpg	0.000941	0.5285	0.3289	22.1	12.9	0.5742	854	356
nte_02609.jpg	0.000260	0.4449	0.3345	10.0	7.9	0.4895	854	356
nte_02609.jpg	0.000848	0.7738	0.3392	21.7	11.9	0.4290	854	356
nte_02609.jpg	0.000592	0.4277	0.3458	15.0	12.0	0.4104	854	356
nte_02609.jpg	0.000646	0.4832	0.3373	15.6	12.6	0.4104	854	356
nte_02609.jpg	0.000453	0.4605	0.3345	11.4	12.0	0.2646	854	356
nte_02610.jpg	0.057331	0.5023	0.6522	138.8	125.6	0.8223	854	356
nte_02610.jpg	0.001378	0.4121	0.3823	24.0	17.5	0.7070	854	356
nte_02610.jpg	0.000693	0.3484	0.3636	17.3	12.2	0.6582	854	356
nte_02610.jpg	0.000502	0.4359	0.3664	13.8	11.0	0.5083	854	356
nte_02610.jpg	0.000544	0.4578	0.3655	12.5	13.2	0.4102	854	356
nte_02610.jpg	0.000377	0.4035	0.3317	12.2	9.4	0.2998	854	356
nte_02611.jpg	0.057637	0.5016	0.6672	141.8	123.6	0.8496	854	356
nte_02611.jpg	0.002136	0.3879	0.4039	33.8	19.2	0.7148	854	356
nte_02611.jpg	0.000792	0.4277	0.3861	17.5	13.8	0.6206	854	356
nte_02611.jpg	0.000920	0.3266	0.3842	19.4	14.4	0.5649	854	356
nte_02612.jpg	0.063014	0.5023	0.6737	146.8	130.5	0.8613	854	356
nte_02612.jpg	0.000806	0.4137	0.4048	18.9	13.0	0.6963	854	356
nte_02612.jpg	0.004591	0.3357	0.4414	51.5	27.1	0.6924	854	356
nte_02612.jpg	0.001086	0.2885	0.4067	22.6	14.6	0.5151	854	356
nte_02612.jpg	0.000326	0.3840	0.3655	12.5	8.0	0.2839	854	356
nte_02612.jpg	0.001498	0.6434	0.3083	36.2	12.6	0.2659	854	356
nte_02613.jpg	0.063481	0.5016	0.6794	150.4	128.4	0.8657	854	356
nte_02613.jpg	0.045086	0.1408	0.5426	193.8	70.7	0.8042	854	356
nte_02613.jpg	0.003098	0.2287	0.4254	44.9	21.0	0.6841	854	356
nte_02613.jpg	0.001750	0.3910	0.4273	29.0	18.4	0.6196	854	356
nte_02613.jpg	0.000385	0.4418	0.3954	11.9	9.8	0.4429	854	356
nte_02613.jpg	0.001849	0.4789	0.4470	32.7	17.2	0.3716	854	356
nte_02613.jpg	0.000592	0.5434	0.4620	15.8	11.4	0.3005	854	356
nte_02614.jpg	0.065406	0.5016	0.6831	152.5	130.4	0.8418	854	356
nte_02614.jpg	0.003123	0.3328	0.4592	41.6	22.9	0.6558	854	356
nte_02615.jpg	0.067840	0.5023	0.6906	155.0	133.1	0.8574	854	356
nte_02616.jpg	0.066171	0.5031	0.6803	154.0	130.6	0.8667	854	356
nte_02616.jpg	0.001292	0.3863	0.4385	27.8	14.1	0.5518	854	356
nte_02617.jpg	0.060901	0.5031	0.6841	150.6	122.9	0.8618	854	356
nte_02617.jpg	0.000605	0.3912	0.4376	17.1	10.7	0.3948	854	356
nte_02617.jpg	0.003832	0.3354	0.4798	41.9	27.8	0.3518	854	356
nte_02618.jpg	0.056830	0.5023	0.6691	148.6	116.3	0.8169	854	356
nte_02618.jpg	0.000674	0.3713	0.4470	18.3	11.2	0.4856	854	356
nte_02619.jpg	0.055731	0.5023	0.6737	147.1	115.2	0.8687	854	356
nte_02619.jpg	0.000801	0.3742	0.4460	18.7	13.0	0.4004	854	356
nte_02619.jpg	0.001457	0.3348	0.4545	27.5	16.1	0.2786	854	356
nte_02620.jpg	0.053166	0.5035	0.6653	145.6	111.0	0.8711	854	356
nte_02620.jpg	0.003359	0.2725	0.4723	47.8	21.4	0.6499	854	356
nte_02620.jpg	0.000802	0.3436	0.4573	22.4	10.9	0.4834	854	356
nte_02620.jpg	0.000536	0.3967	0.4385	15.4	10.6	0.2944	854	356
nte_02621.jpg	0.052900	0.5023	0.6653	142.1	113.2	0.8813	854	356
nte_02621.jpg	0.003281	0.2988	0.4592	42.3	23.6	0.5093	854	356
nte_02621.jpg	0.000720	0.3760	0.4442	18.0	12.1	0.4622	854	356
nte_02621.jpg	0.001851	0.4723	0.4891	29.5	19.1	0.2664	854	356
nte_02622.jpg	0.050502	0.5020	0.6588	140.1	109.6	0.8926	854	356
nte_02622.jpg	0.008860	0.1978	0.4807	77.6	34.7	0.7402	854	356
nte_02622.jpg	0.000853	0.3441	0.4535	21.3	12.2	0.5991	854	356
nte_02622.jpg	0.000731	0.3902	0.4592	18.5	12.0	0.5527	854	356
nte_02623.jpg	0.050958	0.5023	0.6569	140.9	109.9	0.8784	854	356
nte_02623.jpg	0.001199	0.2947	0.4657	25.0	14.6	0.4639	854	356
nte_02623.jpg	0.001497	0.3459	0.4751	30.3	15.0	0.3601	854	356
nte_02624.jpg	0.050195	0.5020	0.6569	140.1	108.9	0.8862	854	356
nte_02624.jpg	0.006591	0.2035	0.4742	58.7	34.2	0.3342	854	356
nte_02625.jpg	0.053131	0.5016	0.6634	144.1	112.1	0.8789	854	356
nte_02626.jpg	0.059198	0.5016	0.6766	148.1	121.5	0.8345	854	356
nte_02627.jpg	0.059000	0.5012	0.6794	150.6	119.1	0.8687	854	356
nte_02628.jpg	0.062882	0.5016	0.6878	152.6	125.3	0.8574	854	356
nte_02628.jpg	0.000491	0.4473	0.4301	16.7	8.9	0.2544	854	356
nte_02629.jpg	0.063416	0.5008	0.6859	154.1	125.1	0.8779	854	356
nte_02630.jpg	0.067149	0.5008	0.6916	157.6	129.5	0.8760	854	356
nte_02630.jpg	0.000312	0.6160	0.4123	12.5	7.6	0.3247	854	356
nte_02631.jpg	0.071479	0.5012	0.6944	160.0	135.9	0.8682	854	356
nte_02632.jpg	0.069050	0.5004	0.6981	160.1	131.1	0.8691	854	356
nte_02632.jpg	0.000572	0.4094	0.4357	17.3	10.0	0.5757	854	356
nte_02633.jpg	0.070491	0.5008	0.6953	162.1	132.2	0.8633	854	356
nte_02633.jpg	0.000716	0.3891	0.4395	18.5	11.8	0.3765	854	356
nte_02633.jpg	0.000446	0.6410	0.4114	16.3	8.3	0.3574	854	356
nte_02634.jpg	0.074790	0.5012	0.7028	164.0	138.6	0.8540	854	356
nte_02634.jpg	0.001012	0.3604	0.4442	20.5	15.0	0.5903	854	356
nte_02634.jpg	0.001061	0.3992	0.4545	25.3	12.8	0.3032	854	356
nte_02635.jpg	0.072266	0.5008	0.7065	163.6	134.3	0.8730	854	356
nte_02635.jpg	0.002675	0.3064	0.4545	34.3	23.7	0.6006	854	356
nte_02635.jpg	0.003393	0.3512	0.4695	43.3	23.8	0.4414	854	356
nte_02636.jpg	0.074092	0.5008	0.7028	164.8	136.7	0.8706	854	356
nte_02637.jpg	0.079011	0.5008	0.7047	165.6	145.0	0.8755	854	356
nte_02638.jpg	0.076550	0.5004	0.7047	165.7	140.4	0.8848	854	356
nte_02639.jpg	0.078154	0.5008	0.7019	167.3	142.0	0.8906	854	356
nte_02639.jpg	0.005754	0.4230	0.6053	41.7	42.0	0.3496	854	356
nte_02640.jpg	0.078764	0.5008	0.7047	167.1	143.3	0.8862	854	356
nte_02640.jpg	0.004350	0.4199	0.6166	37.5	35.2	0.3167	854	356
nte_02641.jpg	0.081564	0.5008	0.7056	167.8	147.8	0.8643	854	356
nte_02642.jpg	0.078437	0.5008	0.7065	168.3	141.7	0.8862	854	356
nte_02642.jpg	0.004690	0.4207	0.6138	39.5	36.1	0.2908	854	356
nte_02643.jpg	0.079351	0.5008	0.7112	169.0	142.8	0.8848	854	356
nte_02644.jpg	0.080080	0.5008	0.7047	168.5	144.4	0.8809	854	356
nte_02644.jpg	0.000411	0.4902	0.4723	12.9	9.7	0.3232	854	356
nte_02644.jpg	0.000420	0.4738	0.4807	14.3	9.0	0.2839	854	356
nte_02645.jpg	0.081334	0.5004	0.6990	168.5	146.8	0.8833	854	356
nte_02646.jpg	0.078391	0.5004	0.7094	168.3	141.6	0.9111	854	356
nte_02646.jpg	0.000586	0.4734	0.4845	17.7	10.1	0.2644	854	356
nte_02647.jpg	0.079717	0.5008	0.7000	168.5	143.9	0.8809	854	356
nte_02648.jpg	0.079747	0.5004	0.7037	169.2	143.3	0.8853	854	356
nte_02648.jpg	0.001052	0.5012	0.4920	24.7	12.9	0.5127	854	356
nte_02648.jpg	0.000679	0.4703	0.4929	18.7	11.0	0.2502	854	356
nte_02649.jpg	0.079522	0.5008	0.7065	169.1	142.9	0.9004	854	356
nte_02649.jpg	0.001158	0.5035	0.4938	24.2	14.6	0.3853	854	356
nte_02649.jpg	0.000516	0.4680	0.4920	15.3	10.2	0.2605	854	356
nte_02650.jpg	0.080874	0.5004	0.7056	169.6	144.9	0.8945	854	356
nte_02651.jpg	0.078982	0.5004	0.7084	170.0	141.3	0.8867	854	356
nte_02651.jpg	0.002797	0.4965	0.4910	37.8	22.5	0.3616	854	356
nte_02652.jpg	0.078842	0.5008	0.7140	169.5	141.4	0.8799	854	356
nte_02652.jpg	0.001105	0.4664	0.5070	26.0	12.9	0.4971	854	356
nte_02652.jpg	0.000866	0.5043	0.5070	23.5	11.2	0.3640	854	356
nte_02653.jpg	0.075978	0.5008	0.7122	169.3	136.4	0.8979	854	356
nte_02653.jpg	0.000662	0.4605	0.5098	17.1	11.8	0.4373	854	356
nte_02653.jpg	0.001046	0.5055	0.5088	25.7	12.4	0.4133	854	356
nte_02654.jpg	0.077396	0.5012	0.7094	170.0	138.4	0.8984	854	356
nte_02655.jpg	0.081060	0.5000	0.7065	169.6	145.3	0.8823	854	356
nte_02655.jpg	0.000475	0.4801	0.4826	14.1	10.3	0.3003	854	356
nte_02656.jpg	0.086789	0.5000	0.7169	170.5	154.8	0.8989	854	356
nte_02657.jpg	0.080373	0.5008	0.7009	170.0	143.7	0.8901	854	356
nte_02658.jpg	0.081365	0.5004	0.7140	169.3	146.1	0.8848	854	356
nte_02659.jpg	0.080874	0.5004	0.7122	169.6	144.9	0.8989	854	356
nte_02660.jpg	0.081280	0.5000	0.7047	169.8	145.5	0.8887	854	356
nte_02660.jpg	0.000466	0.4074	0.4114	14.2	10.0	0.2791	854	356
nte_02661.jpg	0.079939	0.5004	0.7065	169.1	143.7	0.8906	854	356
nte_02662.jpg	0.083018	0.5000	0.6934	168.9	149.4	0.8652	854	356
nte_02663.jpg	0.080993	0.5004	0.7084	169.9	144.9	0.8896	854	356
nte_02663.jpg	0.000813	0.4211	0.4470	17.0	14.5	0.4680	854	356
nte_02664.jpg	0.076367	0.5000	0.7140	169.1	137.3	0.9004	854	356
nte_02664.jpg	0.002760	0.4941	0.5051	51.8	16.2	0.4436	854	356
nte_02664.jpg	0.001278	0.4398	0.5510	21.0	18.5	0.3308	854	356
nte_02665.jpg	0.080613	0.5004	0.7094	170.0	144.2	0.8843	854	356
nte_02666.jpg	0.078401	0.4992	0.7084	169.2	140.9	0.8789	854	356
nte_02666.jpg	0.046196	0.5258	0.5173	127.1	110.5	0.4556	854	356
nte_02666.jpg	0.013021	0.2199	0.4985	106.7	37.1	0.3608	854	356
nte_02667.jpg	0.075268	0.4961	0.7084	164.8	138.9	0.8872	854	356
nte_02667.jpg	0.000512	0.4789	0.5070	15.5	10.1	0.3052	854	356
nte_02668.jpg	0.066766	0.4953	0.6944	160.1	126.8	0.8882	854	356
nte_02669.jpg	0.061937	0.4953	0.6859	155.3	121.3	0.8789	854	356
nte_02670.jpg	0.062073	0.4965	0.6850	151.9	124.3	0.8765	854	356
nte_02670.jpg	0.000306	0.4844	0.4638	10.6	8.8	0.4788	854	356
nte_02671.jpg	0.060328	0.4953	0.6850	149.2	122.9	0.8770	854	356
nte_02672.jpg	0.062188	0.4996	0.6822	146.4	129.1	0.8599	854	356
nte_02673.jpg	0.061295	0.5094	0.6831	147.2	126.6	0.8652	854	356
nte_02674.jpg	0.063781	0.5141	0.6859	150.8	128.6	0.8438	854	356
nte_02675.jpg	0.058122	0.5148	0.6644	153.2	115.3	0.8662	854	356
nte_02676.jpg	0.059790	0.5117	0.6588	162.3	112.0	0.8838	854	356
nte_02677.jpg	0.053050	0.4992	0.6634	140.4	114.8	0.8911	854	356
nte_02678.jpg	0.052170	0.4980	0.6559	141.6	112.0	0.8779	854	356
nte_02679.jpg	0.049319	0.5027	0.6578	138.9	107.9	0.9092	854	356
nte_02680.jpg	0.052527	0.5078	0.6634	143.1	111.6	0.8779	854	356
nte_02681.jpg	0.051442	0.5145	0.6550	149.8	104.4	0.8687	854	356
nte_02682.jpg	0.056458	0.5090	0.6503	160.3	107.1	0.7456	854	356
nte_02683.jpg	0.063112	0.5070	0.6466	180.3	106.4	0.8872	854	356
nte_02684.jpg	0.077564	0.4934	0.6597	216.8	108.8	0.9092	854	356
nte_02685.jpg	0.081970	0.4801	0.6672	224.8	110.8	0.9062	854	356
nte_02686.jpg	0.077169	0.4766	0.6578	235.0	99.8	0.9062	854	356
nte_02687.jpg	0.063292	0.5043	0.6531	178.3	107.9	0.8623	854	356
nte_02688.jpg	0.052448	0.5105	0.6484	157.6	101.2	0.8345	854	356
nte_02688.jpg	0.000430	0.2336	0.4545	13.3	9.8	0.5444	854	356
nte_02689.jpg	0.044570	0.5055	0.6447	139.1	97.4	0.8750	854	356
nte_02689.jpg	0.000441	0.2957	0.4479	14.0	9.6	0.2654	854	356
nte_02690.jpg	0.045475	0.5070	0.6466	138.6	99.7	0.8809	854	356
nte_02690.jpg	0.000514	0.2846	0.4470	15.5	10.1	0.3630	854	356
nte_02690.jpg	0.000330	0.3184	0.4517	12.6	7.9	0.2891	854	356
nte_02691.jpg	0.049240	0.5117	0.6484	147.6	101.4	0.8755	854	356
nte_02691.jpg	0.000533	0.2594	0.4498	15.2	10.7	0.5142	854	356
nte_02691.jpg	0.000469	0.2959	0.4526	15.1	9.4	0.3386	854	356
nte_02691.jpg	0.000649	0.2174	0.4601	17.2	11.4	0.2800	854	356
nte_02691.jpg	0.000353	0.2754	0.4470	13.0	8.3	0.2534	854	356
nte_02692.jpg	0.050366	0.5113	0.6531	139.9	109.4	0.8330	854	356
nte_02692.jpg	0.000562	0.3268	0.4592	17.5	9.8	0.4048	854	356
nte_02692.jpg	0.000567	0.2910	0.4535	16.0	10.8	0.3984	854	356
nte_02693.jpg	0.053214	0.5031	0.6260	139.4	116.1	0.8423	854	356
nte_02693.jpg	0.001483	0.3490	0.4638	27.6	16.3	0.5728	854	356
nte_02693.jpg	0.000907	0.3107	0.4582	21.9	12.6	0.5244	854	356
nte_02693.jpg	0.000573	0.4148	0.4610	15.4	11.3	0.3860	854	356
nte_02694.jpg	0.051866	0.5027	0.6588	139.0	113.4	0.8496	854	356
nte_02694.jpg	0.000420	0.3363	0.4554	14.0	9.1	0.3940	854	356
nte_02694.jpg	0.000306	0.3557	0.4554	12.0	7.8	0.3892	854	356
nte_02694.jpg	0.001976	0.3982	0.4779	32.3	18.6	0.3496	854	356
nte_02694.jpg	0.001659	0.2518	0.4723	28.2	17.9	0.2871	854	356
nte_02695.jpg	0.051226	0.5020	0.6344	137.1	113.6	0.8364	854	356
nte_02695.jpg	0.000899	0.3152	0.4535	21.3	12.8	0.6001	854	356
nte_02695.jpg	0.000381	0.3430	0.4535	13.7	8.5	0.3987	854	356
nte_02696.jpg	0.056373	0.5016	0.6419	138.1	124.1	0.8174	854	356
nte_02696.jpg	0.000985	0.2713	0.4573	21.6	13.8	0.5820	854	356
nte_02696.jpg	0.000430	0.3176	0.4573	14.8	8.8	0.5356	854	356
nte_02696.jpg	0.001131	0.2348	0.4563	28.3	12.2	0.2654	854	356
nte_02697.jpg	0.054949	0.5039	0.6213	137.1	121.8	0.7705	854	356
nte_02697.jpg	0.001000	0.2521	0.4451	22.5	13.5	0.4172	854	356
nte_02697.jpg	0.000553	0.3225	0.4620	14.8	11.4	0.3049	854	356
nte_02697.jpg	0.002083	0.1345	0.4648	35.1	18.1	0.2588	854	356
nte_02697.jpg	0.000253	0.3955	0.4301	10.8	7.2	0.2527	854	356
nte_02698.jpg	0.045033	0.5039	0.6578	137.6	99.5	0.8286	854	356
nte_02698.jpg	0.002469	0.1891	0.4404	39.8	18.9	0.3054	854	356
nte_02699.jpg	0.049057	0.5035	0.6447	138.5	107.7	0.7749	854	356
nte_02700.jpg	0.045400	0.5043	0.6438	135.1	102.2	0.8882	854	356
nte_02701.jpg	0.050030	0.5039	0.6503	136.1	111.8	0.8872	854	356
nte_02702.jpg	0.047425	0.4992	0.6484	136.0	106.0	0.8647	854	356
nte_02703.jpg	0.048496	0.4973	0.6503	136.9	107.7	0.8623	854	356
nte_02703.jpg	0.000710	0.3766	0.3336	17.0	12.7	0.3350	854	356
nte_02704.jpg	0.050617	0.4941	0.6569	137.2	112.2	0.8608	854	356
nte_02705.jpg	0.049254	0.4945	0.6559	137.3	109.1	0.8828	854	356
nte_02706.jpg	0.047868	0.5008	0.6522	135.3	107.6	0.8989	854	356
nte_02707.jpg	0.046617	0.5043	0.6475	136.6	103.7	0.8906	854	356
nte_02708.jpg	0.045503	0.5051	0.6438	135.2	102.3	0.8838	854	356
nte_02709.jpg	0.049661	0.4988	0.6559	136.9	110.3	0.9004	854	356
nte_02710.jpg	0.049842	0.4934	0.6550	137.9	109.9	0.8784	854	356
nte_02711.jpg	0.048725	0.4891	0.6513	140.9	105.2	0.8330	854	356
nte_02712.jpg	0.051374	0.4918	0.6522	148.3	105.3	0.8853	854	356
nte_02713.jpg	0.052288	0.4914	0.6531	149.6	106.2	0.8838	854	356
nte_02713.jpg	0.002446	0.4965	0.4161	32.2	23.1	0.5239	854	356
nte_02714.jpg	0.060427	0.4961	0.6588	165.1	111.3	0.8311	854	356
nte_02714.jpg	0.002376	0.4863	0.4282	33.4	21.6	0.5381	854	356
nte_02715.jpg	0.055319	0.4930	0.6531	159.0	105.7	0.8169	854	356
nte_02716.jpg	0.051233	0.4922	0.6503	149.5	104.2	0.8599	854	356
nte_02717.jpg	0.048425	0.4918	0.6428	139.1	105.8	0.8516	854	356
nte_02718.jpg	0.053828	0.4957	0.6503	138.8	117.9	0.8550	854	356
nte_02719.jpg	0.049857	0.4961	0.6419	137.3	110.4	0.8652	854	356
nte_02720.jpg	0.049548	0.4969	0.6363	138.9	108.4	0.8496	854	356
nte_02721.jpg	0.051263	0.4914	0.6578	140.2	111.2	0.7959	854	356
nte_02722.jpg	0.044792	0.4891	0.6438	142.4	95.7	0.8647	854	356
nte_02723.jpg	0.048064	0.4875	0.6475	144.4	101.2	0.8691	854	356
nte_02724.jpg	0.045051	0.4918	0.6438	138.9	98.6	0.8325	854	356
nte_02725.jpg	0.048194	0.4914	0.6400	140.8	104.1	0.8213	854	356
nte_02726.jpg	0.077577	0.4914	0.5922	154.5	152.6	0.8345	854	356
nte_02727.jpg	0.073890	0.4902	0.5754	152.8	147.0	0.8418	854	356
nte_02728.jpg	0.052517	0.4891	0.6306	143.9	110.9	0.7427	854	356
nte_02729.jpg	0.044930	0.4922	0.6456	140.1	97.5	0.7271	854	356
nte_02729.jpg	0.005276	0.4262	0.6494	31.3	51.3	0.3389	854	356
nte_02730.jpg	0.049859	0.4918	0.6419	142.4	106.4	0.8140	854	356
nte_02731.jpg	0.056551	0.5008	0.6381	138.4	124.3	0.7798	854	356
nte_02732.jpg	0.045307	0.5070	0.6428	134.9	102.1	0.8511	854	356
nte_02733.jpg	0.043784	0.5078	0.6484	134.4	99.1	0.8701	854	356
nte_02734.jpg	0.051814	0.5059	0.6306	134.4	117.2	0.7173	854	356
nte_02735.jpg	0.056943	0.5113	0.6522	142.3	121.7	0.8252	854	356
nte_02735.jpg	0.000828	0.4348	0.3533	17.1	14.7	0.3435	854	356
nte_02735.jpg	0.000537	0.4543	0.3617	13.4	12.2	0.3145	854	356
nte_02736.jpg	0.062477	0.5035	0.6484	170.0	111.8	0.6792	854	356
nte_02737.jpg	0.064840	0.5016	0.6484	173.8	113.4	0.7998	854	356
nte_02738.jpg	0.059414	0.5094	0.6484	144.8	124.8	0.7568	854	356
nte_02739.jpg	0.057563	0.5035	0.6597	137.7	127.1	0.7900	854	356
nte_02740.jpg	0.053052	0.4980	0.6550	134.8	119.7	0.8682	854	356
nte_02741.jpg	0.051895	0.4926	0.6531	136.7	115.4	0.8569	854	356
nte_02742.jpg	0.050676	0.4918	0.6522	138.3	111.4	0.8711	854	356
nte_02743.jpg	0.054538	0.4891	0.6513	142.1	116.7	0.7510	854	356
nte_02744.jpg	0.065662	0.4895	0.6578	159.8	124.9	0.8096	854	356
nte_02745.jpg	0.075990	0.4953	0.6400	200.2	115.4	0.6118	854	356
nte_02746.jpg	0.079247	0.4980	0.6456	213.8	112.7	0.9199	854	356
nte_02747.jpg	0.066328	0.5281	0.6550	195.2	103.3	0.8384	854	356
nte_02748.jpg	0.076868	0.5203	0.6438	248.9	93.9	0.8833	854	356
nte_02749.jpg	0.074138	0.5301	0.6381	259.9	86.7	0.8799	854	356
nte_02750.jpg	0.079036	0.4941	0.6475	226.5	106.1	0.8931	854	356
nte_02750.jpg	0.001091	0.9938	0.4442	10.2	32.4	0.6577	854	356
nte_02750.jpg	0.000783	0.7688	0.3570	17.2	13.8	0.3369	854	356
nte_02751.jpg	0.071549	0.4730	0.6363	238.9	91.1	0.8198	854	356
nte_02752.jpg	0.084615	0.4738	0.6363	273.2	94.2	0.8271	854	356
nte_02753.jpg	0.089714	0.4723	0.6297	291.2	93.7	0.8276	854	356
nte_02754.jpg	0.109362	0.4758	0.6700	301.6	110.3	0.8496	854	356
nte_02755.jpg	0.123079	0.4750	0.6841	303.6	123.3	0.8179	854	356
nte_02756.jpg	0.117911	0.4742	0.6794	307.9	116.4	0.8486	854	356
nte_02757.jpg	0.124027	0.4754	0.6916	306.7	122.9	0.8184	854	356
nte_02758.jpg	0.127132	0.4762	0.6850	303.9	127.2	0.8906	854	356
nte_02759.jpg	0.125312	0.4758	0.6925	290.2	131.3	0.8076	854	356
nte_02760.jpg	0.117601	0.4633	0.7590	211.5	169.0	0.8896	854	356
nte_02761.jpg	0.137397	0.5426	0.7525	245.5	170.1	0.3284	854	356
nte_02762.jpg	0.143357	0.5383	0.7562	258.2	168.8	0.5942	854	356
nte_02763.jpg	0.141569	0.5391	0.7543	255.9	168.2	0.5396	854	356
nte_02764.jpg	0.136121	0.5383	0.7440	252.5	163.9	0.7700	854	356
nte_02765.jpg	0.141427	0.5375	0.7525	251.9	170.7	0.7573	854	356
nte_02766.jpg	0.145671	0.5414	0.7506	257.5	172.0	0.7695	854	356
nte_02767.jpg	0.142833	0.5398	0.7496	255.9	169.7	0.7827	854	356
nte_02768.jpg	0.144197	0.5410	0.7487	259.2	169.1	0.3401	854	356
nte_02769.jpg	0.141920	0.5395	0.7468	255.9	168.6	0.6836	854	356
nte_02770.jpg	0.123661	0.5371	0.7234	250.9	149.9	0.8569	854	356
nte_02771.jpg	0.130027	0.5359	0.7365	251.2	157.4	0.8320	854	356
nte_02772.jpg	0.129445	0.5359	0.7347	248.4	158.5	0.7734	854	356
nte_02773.jpg	0.122358	0.5336	0.7309	238.0	156.3	0.8115	854	356
nte_02774.jpg	0.121029	0.5285	0.7506	210.5	174.8	0.8916	854	356
nte_02775.jpg	0.074658	0.5203	0.6962	157.0	144.6	0.8662	854	356
nte_02776.jpg	0.088010	0.5082	0.7028	178.6	149.8	0.8452	854	356
nte_02777.jpg	0.071557	0.4906	0.6972	152.4	142.8	0.7964	854	356
nte_02778.jpg	0.064869	0.4945	0.6634	145.6	135.4	0.8618	854	356
nte_02779.jpg	0.074235	0.5063	0.7169	146.3	154.3	0.5283	854	356
nte_02780.jpg	0.091886	0.5125	0.6484	170.5	163.9	0.4897	854	356
nte_02782.jpg	0.118926	0.5004	0.6700	240.2	150.5	0.7002	854	356
nte_02783.jpg	0.125206	0.4906	0.6831	270.9	140.5	0.7241	854	356
nte_02784.jpg	0.119464	0.4809	0.6953	286.9	126.6	0.8853	854	356
nte_02785.jpg	0.121256	0.4906	0.6878	278.9	132.2	0.8896	854	356
nte_02786.jpg	0.089303	0.4797	0.6794	216.2	125.6	0.8228	854	356
nte_02787.jpg	0.117860	0.4824	0.6269	213.3	168.0	0.4451	854	356
nte_02788.jpg	0.078936	0.4871	0.6784	195.5	122.8	0.8618	854	356
nte_02789.jpg	0.092869	0.4863	0.6306	187.1	150.9	0.7705	854	356
nte_02790.jpg	0.079548	0.4875	0.6559	158.3	152.8	0.7480	854	356
nte_02791.jpg	0.061796	0.4891	0.6231	141.9	132.4	0.8345	854	356
nte_02792.jpg	0.062556	0.4891	0.6194	142.5	133.4	0.7368	854	356
nte_02793.jpg	0.055011	0.4949	0.6438	136.6	122.4	0.7832	854	356
nte_02793.jpg	0.000513	0.4555	0.4011	16.8	9.3	0.3044	854	356
nte_02794.jpg	0.058691	0.5016	0.6634	136.2	131.0	0.8398	854	356
nte_02795.jpg	0.053148	0.5027	0.6588	135.8	119.0	0.8770	854	356
nte_02796.jpg	0.050752	0.5023	0.6531	136.4	113.1	0.8979	854	356
nte_02797.jpg	0.052264	0.5016	0.6569	136.8	116.2	0.8950	854	356
nte_02798.jpg	0.050276	0.5016	0.6550	136.8	111.8	0.8979	854	356
nte_02799.jpg	0.051358	0.5047	0.6559	138.3	112.9	0.8999	854	356
nte_02800.jpg	0.050113	0.5043	0.6531	138.6	109.9	0.9038	854	356
nte_02800.jpg	0.000437	0.4184	0.4310	15.4	8.6	0.2656	854	356
nte_02801.jpg	0.051510	0.5047	0.6541	141.6	110.6	0.8975	854	356
nte_02802.jpg	0.055488	0.5055	0.6663	144.3	116.9	0.8926	854	356
nte_02803.jpg	0.059239	0.5059	0.6728	148.1	121.6	0.8940	854	356
nte_02804.jpg	0.065248	0.5074	0.6878	154.0	128.9	0.8838	854	356
nte_02804.jpg	0.002311	0.3936	0.4873	32.1	21.9	0.4492	854	356
nte_02805.jpg	0.069199	0.5090	0.6962	159.5	131.9	0.8975	854	356
nte_02806.jpg	0.079840	0.5105	0.7159	167.5	144.9	0.8711	854	356
nte_02807.jpg	0.085254	0.5125	0.7300	172.5	150.3	0.8911	854	356
nte_02808.jpg	0.087219	0.5156	0.7318	175.5	151.1	0.9072	854	356
nte_02809.jpg	0.088937	0.5203	0.7318	178.1	151.8	0.9014	854	356
nte_02809.jpg	0.000559	0.3012	0.4310	16.4	10.4	0.2832	854	356
nte_02809.jpg	0.000646	0.2436	0.4170	20.2	9.7	0.2786	854	356
nte_02810.jpg	0.088831	0.5230	0.7300	179.3	150.6	0.8960	854	356
nte_02811.jpg	0.090637	0.5234	0.7347	179.5	153.5	0.8979	854	356
nte_02812.jpg	0.089967	0.5234	0.7328	179.8	152.1	0.8975	854	356
nte_02818.jpg	0.087959	0.5227	0.7300	178.1	150.1	0.9097	854	356
nte_02818.jpg	0.004418	0.3650	0.5032	39.4	34.0	0.4236	854	356
nte_02818.jpg	0.000519	0.2953	0.4310	16.3	9.7	0.3442	854	356
nte_02819.jpg	0.090616	0.5230	0.7347	179.1	153.8	0.9023	854	356
nte_02819.jpg	0.004407	0.3648	0.5041	39.3	34.1	0.2920	854	356
nte_02819.jpg	0.000535	0.2953	0.4320	16.5	9.9	0.2859	854	356
nte_02820.jpg	0.089656	0.5227	0.7328	178.3	152.9	0.9058	854	356
nte_02820.jpg	0.000552	0.2953	0.4320	16.7	10.0	0.3318	854	356
nte_02821.jpg	0.089984	0.5227	0.7337	178.5	153.3	0.9048	854	356
nte_02821.jpg	0.000554	0.2951	0.4320	16.9	10.0	0.3513	854	356
nte_02822.jpg	0.088692	0.5230	0.7318	178.1	151.4	0.9121	854	356
nte_02822.jpg	0.000574	0.2953	0.4320	17.0	10.3	0.3774	854	356
nte_02823.jpg	0.088692	0.5230	0.7309	178.1	151.4	0.9106	854	356
nte_02823.jpg	0.000566	0.2953	0.4320	16.8	10.2	0.3201	854	356
nte_02824.jpg	0.088595	0.5230	0.7309	178.1	151.2	0.9097	854	356
nte_02824.jpg	0.000545	0.2951	0.4320	16.5	10.1	0.3479	854	356
nte_02824.jpg	0.000708	0.2369	0.4207	19.6	11.0	0.2605	854	356
nte_02825.jpg	0.087813	0.5230	0.7309	178.1	149.9	0.9077	854	356
nte_02826.jpg	0.089829	0.5234	0.7328	179.1	152.5	0.9072	854	356
nte_02827.jpg	0.094214	0.4711	0.7150	196.8	145.5	0.8320	854	356
nte_02828.jpg	0.040854	0.4750	0.6119	189.5	65.6	0.7378	854	356
nte_02829.jpg	0.089431	0.4563	0.6653	252.5	107.7	0.7388	854	356
nte_02830.jpg	0.095739	0.4789	0.7356	185.6	156.8	0.8345	854	356
nte_02830.jpg	0.000932	0.4723	0.5135	27.2	10.4	0.3589	854	356
nte_02831.jpg	0.100542	0.4781	0.7459	186.1	164.2	0.8555	854	356
nte_02831.jpg	0.000932	0.4723	0.5135	27.2	10.4	0.3630	854	356
nte_02832.jpg	0.086336	0.4773	0.7169	184.8	142.0	0.8423	854	356
nte_02832.jpg	0.000980	0.4738	0.5135	27.1	11.0	0.3813	854	356
nte_02835.jpg	0.089030	0.4746	0.7206	188.1	143.9	0.8560	854	356
nte_02835.jpg	0.000976	0.4742	0.5135	27.1	11.0	0.5332	854	356
nte_02835.jpg	0.001492	0.3809	0.4760	19.1	23.7	0.2830	854	356
nte_02836.jpg	0.087814	0.4773	0.7234	184.0	145.1	0.8579	854	356
nte_02836.jpg	0.000983	0.4742	0.5135	27.1	11.0	0.5693	854	356
nte_02836.jpg	0.001403	0.3840	0.4742	19.7	21.6	0.4492	854	356
nte_02836.jpg	0.000718	0.3385	0.4816	18.4	11.9	0.2881	854	356
nte_02837.jpg	0.087575	0.4777	0.7225	184.6	144.2	0.8633	854	356
nte_02837.jpg	0.001495	0.3854	0.4770	19.9	22.8	0.6060	854	356
nte_02837.jpg	0.000984	0.4742	0.5135	27.2	11.0	0.5601	854	356
nte_02838.jpg	0.087569	0.4781	0.7215	184.3	144.4	0.8643	854	356
nte_02838.jpg	0.001440	0.3855	0.4760	20.3	21.6	0.6172	854	356
nte_02838.jpg	0.000975	0.4742	0.5135	27.1	10.9	0.5430	854	356
nte_02839.jpg	0.087951	0.4785	0.7225	184.5	144.9	0.8608	854	356
nte_02839.jpg	0.001378	0.3852	0.4723	21.0	19.9	0.7085	854	356
nte_02839.jpg	0.000979	0.4742	0.5135	27.2	10.9	0.5366	854	356
nte_02839.jpg	0.000504	0.3537	0.4610	15.4	10.0	0.4456	854	356
nte_02840.jpg	0.005195	0.5516	0.5369	47.7	33.1	0.8296	854	356
nte_02840.jpg	0.000910	0.4926	0.5126	16.0	17.3	0.2874	854	356
nte_02841.jpg	0.006641	0.5570	0.5388	55.8	36.2	0.8594	854	356
nte_02841.jpg	0.000573	0.4961	0.4995	15.6	11.2	0.2864	854	356
nte_02842.jpg	0.086495	0.4773	0.7187	185.5	141.8	0.8657	854	356
nte_02842.jpg	0.002066	0.3801	0.4779	26.3	23.9	0.5596	854	356
nte_02842.jpg	0.001010	0.4738	0.5135	27.6	11.1	0.5215	854	356
nte_02843.jpg	0.091418	0.4758	0.7262	187.6	148.1	0.8574	854	356
nte_02843.jpg	0.002671	0.3748	0.4807	30.2	26.9	0.7627	854	356
nte_02843.jpg	0.000983	0.4738	0.5126	27.1	11.0	0.5151	854	356
nte_02844.jpg	0.087776	0.4777	0.7206	186.1	143.4	0.8657	854	356
nte_02844.jpg	0.000994	0.4738	0.5126	27.3	11.1	0.5322	854	356
nte_02844.jpg	0.003305	0.3693	0.4807	35.3	28.5	0.4309	854	356
nte_02845.jpg	0.083171	0.4781	0.7140	183.3	137.9	0.8843	854	356
nte_02845.jpg	0.005213	0.3605	0.4938	42.1	37.6	0.5566	854	356
nte_02845.jpg	0.000996	0.4738	0.5135	27.2	11.1	0.5425	854	356
nte_02846.jpg	0.084156	0.4781	0.7131	184.8	138.4	0.8618	854	356
nte_02846.jpg	0.005240	0.3492	0.4873	47.6	33.5	0.7432	854	356
nte_02846.jpg	0.000986	0.4738	0.5135	27.1	11.1	0.5366	854	356
nte_02847.jpg	0.082926	0.4742	0.7075	186.1	135.4	0.9033	854	356
nte_02847.jpg	0.007176	0.3334	0.4938	57.1	38.2	0.8281	854	356
nte_02847.jpg	0.000860	0.4789	0.5126	25.5	10.3	0.4636	854	356
nte_02847.jpg	0.014622	0.4105	0.5763	85.1	52.2	0.2786	854	356
nte_02848.jpg	0.009313	0.3178	0.4985	67.1	42.2	0.8540	854	356
nte_02848.jpg	0.085044	0.4730	0.7103	186.3	138.8	0.8457	854	356
nte_02848.jpg	0.000948	0.4820	0.5116	26.9	10.7	0.3608	854	356
nte_02848.jpg	0.016933	0.4121	0.5735	92.8	55.5	0.3511	854	356
nte_02848.jpg	0.001548	0.3877	0.4816	20.6	22.8	0.3110	854	356
nte_02849.jpg	0.083549	0.4738	0.7084	184.1	137.9	0.8813	854	356
nte_02849.jpg	0.014409	0.2783	0.5116	88.7	49.4	0.8403	854	356
nte_02849.jpg	0.017182	0.4133	0.5725	96.0	54.4	0.4395	854	356
nte_02849.jpg	0.003258	0.3670	0.5219	36.2	27.4	0.3728	854	356
nte_02849.jpg	0.000962	0.4820	0.5116	27.2	10.7	0.3206	854	356
nte_02849.jpg	0.001430	0.3490	0.4863	26.1	16.7	0.2588	854	356
nte_02850.jpg	0.022840	0.2355	0.5191	114.9	60.4	0.8984	854	356
nte_02850.jpg	0.084102	0.4734	0.7075	185.8	137.6	0.8696	854	356
nte_02850.jpg	0.004222	0.3684	0.5351	41.2	31.2	0.3943	854	356
nte_02850.jpg	0.016214	0.4109	0.5763	93.8	52.5	0.3750	854	356
nte_02850.jpg	0.000935	0.4820	0.5116	26.9	10.5	0.3633	854	356
nte_02850.jpg	0.001177	0.3893	0.4779	19.5	18.3	0.3403	854	356
nte_02851.jpg	0.041335	0.1618	0.5388	167.0	75.3	0.9058	854	356
nte_02851.jpg	0.083592	0.4730	0.7065	185.8	136.8	0.8706	854	356
nte_02851.jpg	0.015063	0.4086	0.5763	89.7	51.1	0.3738	854	356
nte_02851.jpg	0.000941	0.4816	0.5116	26.7	10.7	0.3477	854	356
nte_02851.jpg	0.004703	0.3709	0.5360	44.3	32.3	0.3101	854	356
nte_02851.jpg	0.001093	0.3891	0.4770	19.3	17.2	0.2703	854	356
nte_02852.jpg	0.054435	0.0939	0.5754	160.3	103.2	0.9150	854	356
nte_02852.jpg	0.081428	0.4742	0.7065	184.1	134.4	0.8804	854	356
nte_02852.jpg	0.000950	0.4820	0.5116	27.1	10.7	0.4141	854	356
nte_02852.jpg	0.015426	0.4102	0.5782	93.5	50.2	0.3323	854	356
nte_02852.jpg	0.004538	0.3711	0.5379	43.8	31.5	0.3118	854	356
nte_02853.jpg	0.082568	0.4750	0.7103	183.0	137.2	0.8691	854	356
nte_02853.jpg	0.014775	0.0236	0.5838	40.4	111.2	0.8325	854	356
nte_02853.jpg	0.014480	0.4090	0.5782	88.6	49.7	0.4360	854	356
nte_02853.jpg	0.000909	0.4812	0.5116	25.9	10.7	0.3938	854	356
nte_02853.jpg	0.003593	0.3660	0.5407	35.4	30.8	0.2595	854	356
nte_02854.jpg	0.085856	0.4734	0.7140	185.0	141.1	0.8677	854	356
nte_02854.jpg	0.015659	0.4113	0.5772	92.1	51.7	0.3992	854	356
nte_02854.jpg	0.000970	0.4820	0.5107	26.5	11.1	0.3137	854	356
nte_02855.jpg	0.083498	0.4742	0.7084	184.5	137.6	0.8965	854	356
nte_02855.jpg	0.016375	0.4121	0.5772	93.5	53.2	0.4436	854	356
nte_02855.jpg	0.001019	0.4820	0.5107	27.1	11.4	0.2844	854	356
nte_02855.jpg	0.001657	0.3771	0.4854	25.8	19.5	0.2656	854	356
nte_02856.jpg	0.086737	0.4672	0.7131	184.5	142.9	0.8452	854	356
nte_02856.jpg	0.010761	0.3844	0.5472	52.2	62.7	0.2969	854	356
nte_02857.jpg	0.101104	0.4766	0.6737	295.6	104.0	0.5542	854	356
nte_02857.jpg	0.556808	0.2867	0.4873	491.7	344.3	0.4998	854	356
nte_02857.jpg	0.003197	0.6391	0.4835	41.2	23.6	0.4319	854	356
nte_02857.jpg	0.000898	0.6980	0.4582	18.2	15.0	0.3174	854	356
nte_02858.jpg	0.089489	0.4629	0.6972	213.5	127.4	0.8911	854	356
nte_02858.jpg	0.004962	0.4020	0.4929	50.5	29.9	0.7759	854	356
nte_02858.jpg	0.000779	0.4535	0.4667	16.8	14.1	0.2734	854	356
nte_02859.jpg	0.083380	0.4844	0.7150	181.1	139.9	0.8853	854	356
nte_02859.jpg	0.006850	0.2994	0.5088	65.9	31.6	0.8027	854	356
nte_02859.jpg	0.001227	0.4641	0.5126	29.9	12.5	0.3958	854	356
nte_02859.jpg	0.001244	0.3689	0.4798	18.0	21.0	0.3315	854	356
nte_02860.jpg	0.085508	0.4871	0.7215	180.8	143.8	0.8726	854	356
nte_02860.jpg	0.009722	0.2709	0.5163	85.2	34.7	0.6831	854	356
nte_02860.jpg	0.001299	0.3637	0.4788	19.5	20.2	0.4299	854	356
nte_02860.jpg	0.010264	0.4129	0.5866	65.3	47.8	0.3892	854	356
nte_02860.jpg	0.001236	0.4594	0.5116	29.6	12.7	0.3093	854	356
nte_02861.jpg	0.087293	0.4875	0.7253	180.8	146.8	0.8569	854	356
nte_02861.jpg	0.016956	0.2279	0.5313	114.3	45.1	0.5693	854	356
nte_02861.jpg	0.001276	0.3641	0.4788	19.8	19.6	0.3379	854	356
nte_02861.jpg	0.011242	0.4156	0.5838	69.3	49.3	0.3210	854	356
nte_02861.jpg	0.001224	0.4598	0.5126	29.9	12.4	0.2803	854	356
nte_02862.jpg	0.084813	0.4875	0.7197	180.8	142.6	0.8843	854	356
nte_02862.jpg	0.036742	0.1646	0.5397	157.2	71.1	0.7432	854	356
nte_02862.jpg	0.001039	0.3646	0.4751	19.0	16.6	0.5381	854	356
nte_02862.jpg	0.001235	0.4594	0.5126	29.9	12.6	0.2981	854	356
nte_02863.jpg	0.084335	0.4805	0.7159	181.8	141.0	0.8853	854	356
nte_02863.jpg	0.045081	0.1131	0.5754	194.5	70.5	0.8789	854	356
nte_02863.jpg	0.001068	0.3785	0.4713	19.7	16.5	0.4875	854	356
nte_02863.jpg	0.001423	0.4723	0.5079	31.1	13.9	0.3743	854	356
nte_02863.jpg	0.012913	0.4102	0.5838	78.9	49.8	0.3457	854	356
nte_02863.jpg	0.000520	0.3529	0.4517	15.6	10.1	0.2656	854	356
nte_02864.jpg	0.086871	0.4703	0.7122	185.0	142.8	0.8696	854	356
nte_02864.jpg	0.040224	0.0865	0.6091	148.1	82.6	0.8350	854	356
nte_02864.jpg	0.001490	0.4883	0.5041	30.8	14.7	0.3711	854	356
nte_02864.jpg	0.020501	0.4180	0.5707	108.0	57.7	0.3682	854	356
nte_02865.jpg	0.081444	0.4965	0.7150	178.6	138.6	0.8901	854	356
nte_02866.jpg	0.081711	0.4965	0.7159	178.5	139.2	0.8916	854	356
nte_02867.jpg	0.081292	0.4965	0.7150	178.3	138.6	0.8901	854	356
nte_02868.jpg	0.081906	0.4965	0.7159	178.5	139.5	0.8887	854	356
nte_02868.jpg	0.003044	0.3209	0.4816	37.7	24.5	0.6758	854	356
nte_02869.jpg	0.081270	0.4965	0.7150	178.5	138.4	0.8901	854	356
nte_02869.jpg	0.003825	0.3086	0.4901	43.4	26.8	0.7827	854	356
nte_02870.jpg	0.081167	0.4965	0.7150	178.1	138.5	0.8921	854	356
nte_02870.jpg	0.006290	0.2869	0.4985	56.5	33.8	0.8311	854	356
nte_02871.jpg	0.081411	0.4965	0.7150	178.1	138.9	0.8906	854	356
nte_02871.jpg	0.008281	0.2656	0.5070	68.8	36.6	0.8418	854	356
nte_02872.jpg	0.082074	0.4969	0.7169	178.3	139.9	0.8857	854	356
nte_02872.jpg	0.012974	0.2307	0.5144	88.8	44.4	0.8105	854	356
nte_02872.jpg	0.001397	0.4438	0.5116	31.6	13.4	0.2571	854	356
nte_02873.jpg	0.082074	0.4969	0.7169	178.3	139.9	0.8877	854	356
nte_02873.jpg	0.022332	0.1836	0.5341	122.5	55.4	0.7002	854	356
nte_02873.jpg	0.001388	0.3449	0.4788	20.2	20.9	0.4302	854	356
nte_02874.jpg	0.083130	0.4969	0.7187	178.5	141.6	0.8921	854	356
nte_02874.jpg	0.040821	0.0976	0.5613	166.5	74.5	0.7925	854	356
nte_02874.jpg	0.001400	0.3455	0.4816	20.0	21.3	0.4907	854	356
nte_02875.jpg	0.082053	0.4965	0.7169	178.5	139.8	0.8882	854	356
nte_02875.jpg	0.026617	0.0670	0.5772	114.4	70.7	0.5073	854	356
nte_02875.jpg	0.001295	0.3447	0.4807	21.0	18.8	0.4023	854	356
nte_02876.jpg	0.084874	0.4969	0.7225	178.6	144.4	0.8765	854	356
nte_02876.jpg	0.001477	0.3434	0.4798	23.0	19.5	0.5239	854	356
nte_02877.jpg	0.081955	0.4965	0.7159	178.5	139.6	0.8906	854	356
nte_02877.jpg	0.001246	0.3412	0.5041	22.0	17.2	0.2861	854	356
nte_02878.jpg	0.082347	0.4965	0.7178	178.5	140.3	0.8887	854	356
nte_02878.jpg	0.001431	0.3375	0.4835	25.7	16.9	0.2603	854	356
nte_02879.jpg	0.081542	0.4965	0.7150	178.6	138.8	0.8867	854	356
nte_02879.jpg	0.002516	0.3324	0.4760	31.1	24.6	0.5923	854	356
nte_02880.jpg	0.080780	0.4965	0.7140	178.5	137.6	0.8936	854	356
nte_02880.jpg	0.002695	0.3264	0.4807	33.0	24.8	0.5356	854	356
nte_02881.jpg	0.081172	0.4965	0.7150	178.5	138.3	0.8936	854	356
nte_02881.jpg	0.003765	0.3160	0.4910	44.2	25.9	0.6406	854	356
nte_02882.jpg	0.081172	0.4969	0.7150	178.5	138.3	0.8940	854	356
nte_02882.jpg	0.004899	0.3006	0.4966	52.4	28.4	0.6855	854	356
nte_02883.jpg	0.081542	0.4965	0.7150	178.6	138.8	0.8901	854	356
nte_02883.jpg	0.006861	0.2816	0.5032	64.4	32.4	0.7842	854	356
nte_02884.jpg	0.081662	0.4965	0.7159	178.5	139.1	0.8896	854	356
nte_02884.jpg	0.009860	0.2572	0.5107	82.8	36.2	0.6196	854	356
nte_02884.jpg	0.001344	0.3447	0.4779	22.1	18.5	0.2898	854	356
nte_02885.jpg	0.081411	0.4965	0.7150	178.1	138.9	0.8945	854	356
nte_02885.jpg	0.001472	0.3447	0.4807	20.7	21.6	0.5127	854	356
nte_02885.jpg	0.008188	0.2430	0.5191	69.1	36.0	0.3655	854	356
nte_02886.jpg	0.080629	0.4965	0.7131	178.1	137.6	0.8975	854	356
nte_02886.jpg	0.001341	0.2156	0.4845	27.8	14.7	0.5762	854	356
nte_02886.jpg	0.001415	0.3453	0.4826	20.2	21.3	0.5308	854	356
nte_02887.jpg	0.081020	0.4965	0.7140	178.1	138.3	0.8979	854	356
nte_02887.jpg	0.001463	0.3447	0.4854	20.8	21.3	0.3826	854	356
nte_02888.jpg	0.080803	0.4965	0.7140	178.3	137.8	0.8965	854	356
nte_02888.jpg	0.028394	0.0653	0.5932	111.4	77.5	0.5073	854	356
nte_02888.jpg	0.001101	0.3420	0.5013	20.9	16.0	0.4868	854	356
nte_02889.jpg	0.080532	0.4965	0.7131	178.1	137.4	0.8989	854	356
nte_02890.jpg	0.081074	0.4965	0.7140	178.5	138.1	0.8989	854	356
nte_02891.jpg	0.080656	0.4965	0.7131	178.3	137.5	0.8955	854	356
nte_02892.jpg	0.080238	0.4965	0.7131	178.1	136.9	0.8945	854	356
nte_02892.jpg	0.002755	0.3268	0.4798	35.1	23.9	0.5176	854	356
nte_02893.jpg	0.080780	0.4965	0.7140	178.5	137.6	0.8950	854	356
nte_02893.jpg	0.003619	0.3164	0.4873	42.7	25.8	0.5581	854	356
nte_02894.jpg	0.081118	0.4965	0.7150	178.1	138.4	0.8936	854	356
nte_02894.jpg	0.005368	0.3027	0.4929	53.5	30.5	0.7886	854	356
nte_02895.jpg	0.081194	0.4965	0.7150	178.3	138.4	0.8950	854	356
nte_02895.jpg	0.006162	0.2873	0.5013	61.6	30.4	0.6519	854	356
nte_02895.jpg	0.001372	0.3443	0.4742	21.6	19.3	0.2537	854	356
nte_02896.jpg	0.081020	0.4965	0.7150	178.1	138.3	0.8945	854	356
nte_02896.jpg	0.008757	0.2678	0.5060	73.8	36.1	0.6914	854	356
nte_02896.jpg	0.001230	0.3451	0.4742	20.7	18.1	0.3901	854	356
nte_02897.jpg	0.080359	0.4965	0.7131	178.0	137.3	0.8931	854	356
nte_02897.jpg	0.012375	0.2359	0.5173	95.6	39.4	0.7461	854	356
nte_02897.jpg	0.001578	0.3453	0.4807	21.3	22.6	0.4180	854	356
nte_02898.jpg	0.080727	0.4965	0.7140	178.1	137.8	0.8970	854	356
nte_02898.jpg	0.001563	0.3455	0.4835	20.8	22.9	0.5020	854	356
nte_02899.jpg	0.081292	0.4965	0.7150	178.3	138.6	0.8906	854	356
nte_02899.jpg	0.001604	0.3438	0.4873	22.6	21.6	0.5225	854	356
nte_02899.jpg	0.001907	0.1801	0.4957	36.2	16.0	0.3225	854	356
nte_02900.jpg	0.081194	0.4965	0.7150	178.3	138.4	0.8945	854	356
nte_02900.jpg	0.040346	0.0887	0.5960	151.8	80.8	0.8506	854	356
nte_02900.jpg	0.001192	0.3420	0.4816	22.4	16.2	0.4104	854	356
nte_02901.jpg	0.080874	0.4965	0.7140	178.1	138.0	0.8965	854	356
nte_02901.jpg	0.020712	0.0466	0.6053	79.4	79.4	0.8315	854	356
nte_02902.jpg	0.081167	0.4965	0.7150	178.1	138.5	0.8960	854	356
nte_02902.jpg	0.002027	0.3352	0.4742	27.6	22.3	0.4614	854	356
nte_02903.jpg	0.081172	0.4965	0.7150	178.5	138.3	0.8926	854	356
nte_02904.jpg	0.080998	0.4965	0.7140	178.3	138.1	0.8960	854	356
nte_02904.jpg	0.002932	0.3227	0.4835	37.9	23.5	0.6133	854	356
nte_02905.jpg	0.081585	0.4965	0.7159	178.3	139.1	0.8940	854	356
nte_02905.jpg	0.003889	0.3146	0.4882	44.6	26.5	0.7549	854	356
nte_02905.jpg	0.000411	0.3543	0.4873	13.2	9.5	0.2581	854	356
nte_02906.jpg	0.081487	0.4965	0.7150	178.3	138.9	0.8955	854	356
nte_02906.jpg	0.005172	0.2998	0.4948	52.6	29.9	0.7651	854	356
nte_02907.jpg	0.081292	0.4965	0.7150	178.3	138.6	0.8936	854	356
nte_02907.jpg	0.006523	0.2844	0.5032	59.7	33.2	0.8003	854	356
nte_02908.jpg	0.081955	0.4965	0.7159	178.5	139.6	0.8950	854	356
nte_02908.jpg	0.010210	0.2619	0.5060	77.0	40.3	0.6646	854	356
nte_02908.jpg	0.001191	0.3451	0.4770	20.1	18.0	0.2903	854	356
nte_02909.jpg	0.081760	0.4965	0.7159	178.5	139.3	0.8940	854	356
nte_02909.jpg	0.013575	0.2289	0.5229	98.6	41.9	0.8120	854	356
nte_02909.jpg	0.002304	0.3188	0.4995	35.2	19.9	0.2715	854	356
nte_02910.jpg	0.081509	0.4965	0.7159	178.1	139.1	0.8818	854	356
nte_02910.jpg	0.021772	0.1907	0.5341	127.6	51.9	0.8169	854	356
nte_02911.jpg	0.081335	0.4965	0.7150	178.0	138.9	0.8901	854	356
nte_02911.jpg	0.023079	0.1858	0.5379	129.9	54.0	0.7817	854	356
nte_02912.jpg	0.081172	0.4969	0.7140	178.5	138.3	0.8984	854	356
nte_02912.jpg	0.042876	0.1102	0.5669	190.1	68.6	0.7129	854	356
nte_02913.jpg	0.082942	0.4973	0.7187	178.8	141.0	0.8882	854	356
nte_02913.jpg	0.041194	0.0862	0.6016	146.9	85.3	0.8525	854	356
nte_02913.jpg	0.000998	0.3402	0.4845	21.4	14.2	0.3154	854	356
nte_02913.jpg	0.000939	0.3404	0.5070	21.1	13.5	0.2573	854	356
nte_02914.jpg	0.081836	0.4969	0.7159	178.6	139.3	0.8931	854	356
nte_02914.jpg	0.016651	0.0385	0.5978	65.8	76.9	0.4111	854	356
nte_02915.jpg	0.081226	0.4973	0.7140	178.8	138.1	0.8931	854	356
nte_02916.jpg	0.081662	0.4969	0.7159	178.5	139.1	0.8950	854	356
nte_02916.jpg	0.002236	0.3287	0.4788	30.0	22.6	0.5474	854	356
nte_02916.jpg	0.000694	0.3543	0.4920	16.5	12.8	0.3059	854	356
nte_02917.jpg	0.082032	0.4969	0.7169	178.6	139.6	0.8916	854	356
nte_02917.jpg	0.002013	0.3170	0.4948	33.6	18.2	0.2734	854	356
nte_02918.jpg	0.082228	0.4973	0.7169	178.6	139.9	0.8936	854	356
nte_02918.jpg	0.003764	0.3080	0.4920	43.0	26.6	0.7383	854	356
nte_02919.jpg	0.081765	0.4969	0.7159	178.8	139.0	0.8940	854	356
nte_02919.jpg	0.005078	0.2961	0.4957	50.5	30.5	0.8320	854	356
nte_02920.jpg	0.081248	0.4969	0.7150	178.6	138.3	0.8936	854	356
nte_02920.jpg	0.006273	0.2783	0.5032	60.2	31.7	0.8276	854	356
nte_02920.jpg	0.000980	0.3434	0.4845	18.1	16.5	0.3252	854	356
nte_02921.jpg	0.081368	0.4973	0.7150	178.5	138.6	0.8936	854	356
nte_02921.jpg	0.009534	0.2576	0.5060	76.7	37.8	0.6821	854	356
nte_02922.jpg	0.082032	0.4973	0.7159	178.6	139.6	0.8936	854	356
nte_02922.jpg	0.014144	0.2211	0.5229	99.8	43.1	0.7881	854	356
nte_02923.jpg	0.082032	0.4969	0.7159	178.6	139.6	0.8926	854	356
nte_02923.jpg	0.022165	0.1615	0.5407	130.9	51.5	0.8569	854	356
nte_02923.jpg	0.001244	0.3434	0.4938	21.3	17.7	0.5063	854	356
nte_02924.jpg	0.081857	0.4973	0.7159	178.5	139.4	0.8955	854	356
nte_02924.jpg	0.035291	0.0986	0.5622	167.3	64.1	0.8506	854	356
nte_02924.jpg	0.001294	0.3406	0.4948	21.1	18.6	0.4678	854	356
nte_02925.jpg	0.081368	0.4973	0.7150	178.5	138.6	0.8984	854	356
nte_02925.jpg	0.033935	0.0771	0.5903	131.6	78.4	0.4341	854	356
nte_02926.jpg	0.081716	0.4969	0.7150	178.8	138.9	0.8926	854	356
nte_02927.jpg	0.080976	0.4969	0.7140	178.5	137.9	0.8965	854	356
nte_02928.jpg	0.082207	0.4973	0.7159	178.8	139.8	0.8926	854	356
nte_02928.jpg	0.001904	0.3217	0.4882	31.6	18.3	0.6162	854	356
nte_02929.jpg	0.081498	0.4973	0.7150	179.0	138.4	0.8940	854	356
nte_02929.jpg	0.003106	0.3129	0.4929	39.7	23.8	0.6948	854	356
nte_02930.jpg	0.081836	0.4973	0.7159	178.6	139.3	0.8984	854	356
nte_02930.jpg	0.004066	0.3020	0.4966	45.8	27.0	0.8154	854	356
nte_02931.jpg	0.081444	0.4973	0.7150	178.6	138.6	0.8984	854	356
nte_02931.jpg	0.004824	0.2883	0.5013	53.4	27.5	0.8076	854	356
nte_02931.jpg	0.001195	0.3430	0.4723	19.5	18.7	0.3291	854	356
nte_02932.jpg	0.081912	0.4973	0.7159	178.8	139.3	0.8955	854	356
nte_02932.jpg	0.006456	0.2662	0.5098	65.5	30.0	0.6245	854	356
nte_02932.jpg	0.001173	0.3436	0.4723	20.6	17.3	0.4333	854	356
nte_02933.jpg	0.083032	0.4973	0.7187	178.5	141.4	0.8799	854	356
nte_02933.jpg	0.009651	0.2477	0.5173	88.1	33.3	0.4893	854	356
nte_02933.jpg	0.001781	0.3432	0.4807	23.4	23.2	0.3643	854	356
nte_02934.jpg	0.082991	0.4969	0.7187	178.8	141.1	0.8921	854	356
nte_02934.jpg	0.001655	0.3438	0.4854	23.2	21.7	0.3503	854	356
nte_02934.jpg	0.006516	0.1717	0.5369	58.3	34.0	0.2788	854	356
nte_02935.jpg	0.083159	0.4973	0.7187	178.6	141.5	0.8911	854	356
nte_02935.jpg	0.022067	0.1356	0.5604	137.3	48.9	0.3877	854	356
nte_02935.jpg	0.001351	0.3418	0.4854	21.1	19.4	0.3772	854	356
nte_02936.jpg	0.083081	0.4973	0.7187	178.5	141.5	0.8853	854	356
nte_02936.jpg	0.001216	0.3398	0.5032	22.4	16.5	0.2715	854	356
nte_02937.jpg	0.081662	0.4973	0.7159	178.5	139.1	0.8945	854	356
nte_02937.jpg	0.018600	0.0527	0.5894	90.0	62.8	0.4729	854	356
nte_02938.jpg	0.082179	0.4969	0.7169	178.6	139.9	0.8970	854	356
nte_02938.jpg	0.001919	0.3340	0.4770	26.4	22.1	0.3047	854	356
nte_02939.jpg	0.081373	0.4969	0.7150	178.8	138.4	0.8975	854	356
nte_02939.jpg	0.002461	0.3291	0.4770	30.5	24.5	0.6172	854	356
nte_02939.jpg	0.000518	0.3541	0.4882	14.4	11.0	0.2612	854	356
nte_02940.jpg	0.081716	0.4973	0.7150	178.8	138.9	0.8989	854	356
nte_02940.jpg	0.003441	0.3199	0.4873	39.7	26.4	0.6401	854	356
nte_02941.jpg	0.081814	0.4969	0.7159	178.8	139.1	0.8984	854	356
nte_02941.jpg	0.003973	0.3104	0.4901	45.3	26.6	0.7593	854	356
nte_02942.jpg	0.081814	0.4973	0.7159	178.8	139.1	0.8989	854	356
nte_02943.jpg	0.082032	0.4973	0.7159	178.6	139.6	0.8853	854	356
nte_02943.jpg	0.006601	0.2812	0.5023	64.3	31.2	0.7275	854	356
nte_02943.jpg	0.001312	0.4426	0.5107	30.7	13.0	0.2708	854	356
nte_02944.jpg	0.081863	0.4973	0.7159	178.8	139.2	0.8911	854	356
nte_02944.jpg	0.009531	0.2598	0.5041	79.6	36.4	0.5957	854	356
nte_02945.jpg	0.082256	0.4973	0.7169	178.8	139.9	0.8916	854	356
nte_02945.jpg	0.012205	0.2334	0.5191	96.0	38.7	0.4038	854	356
nte_02945.jpg	0.001331	0.4430	0.5107	31.0	13.0	0.2852	854	356
nte_02946.jpg	0.081716	0.4973	0.7150	178.8	138.9	0.8965	854	356
nte_02946.jpg	0.000872	0.2256	0.4854	20.5	12.9	0.3108	854	356
nte_02946.jpg	0.001347	0.4426	0.5107	30.9	13.2	0.2522	854	356
nte_02947.jpg	0.081716	0.4973	0.7150	178.8	138.9	0.8940	854	356
nte_02948.jpg	0.082774	0.4973	0.7178	179.0	140.6	0.8867	854	356
nte_02948.jpg	0.001328	0.4430	0.5107	31.1	13.0	0.2537	854	356
nte_02949.jpg	0.081350	0.4973	0.7140	179.0	138.2	0.8896	854	356
nte_02949.jpg	0.017898	0.0447	0.5988	76.3	71.3	0.5928	854	356
nte_02949.jpg	0.001914	0.3355	0.4770	26.7	21.8	0.5596	854	356
nte_02950.jpg	0.081596	0.4973	0.7150	179.0	138.6	0.8945	854	356
nte_02950.jpg	0.000529	0.3537	0.4863	15.6	10.3	0.2664	854	356
nte_02951.jpg	0.082305	0.4973	0.7169	178.8	139.9	0.8911	854	356
nte_02951.jpg	0.002784	0.3258	0.4807	33.3	25.4	0.7285	854	356
nte_02951.jpg	0.000641	0.3539	0.4891	16.5	11.8	0.3652	854	356
nte_02951.jpg	0.001333	0.4430	0.5107	31.4	12.9	0.3147	854	356
nte_02952.jpg	0.082381	0.4973	0.7169	179.0	139.9	0.8906	854	356
nte_02952.jpg	0.003280	0.3195	0.4845	39.7	25.1	0.7002	854	356
nte_02952.jpg	0.001335	0.4430	0.5107	31.6	12.8	0.3062	854	356
nte_02952.jpg	0.000636	0.3533	0.4891	17.2	11.2	0.2827	854	356
nte_02953.jpg	0.081029	0.4973	0.7131	178.8	137.8	0.8965	854	356
nte_02953.jpg	0.003367	0.3145	0.4891	39.6	25.9	0.7817	854	356
nte_02953.jpg	0.000710	0.3527	0.4891	18.8	11.5	0.3801	854	356
nte_02953.jpg	0.001305	0.4430	0.5098	31.4	12.6	0.2778	854	356
nte_02954.jpg	0.081618	0.4973	0.7150	178.8	138.8	0.8965	854	356
nte_02954.jpg	0.003891	0.3070	0.4929	44.0	26.9	0.8213	854	356
nte_02954.jpg	0.000502	0.3529	0.4873	16.0	9.6	0.3044	854	356
nte_02955.jpg	0.081738	0.4973	0.7159	178.6	139.1	0.8940	854	356
nte_02955.jpg	0.005167	0.2949	0.4985	51.7	30.4	0.8213	854	356
nte_02955.jpg	0.001303	0.4430	0.5107	30.6	12.9	0.2583	854	356
nte_02956.jpg	0.081270	0.4973	0.7150	178.5	138.4	0.8965	854	356
nte_02956.jpg	0.006526	0.2789	0.5051	59.5	33.3	0.8330	854	356
nte_02957.jpg	0.082305	0.4973	0.7169	178.8	139.9	0.8926	854	356
nte_02957.jpg	0.008790	0.2525	0.5135	77.3	34.6	0.7617	854	356
nte_02957.jpg	0.001326	0.4430	0.5107	30.9	13.1	0.2693	854	356
nte_02958.jpg	0.080274	0.4961	0.7140	177.1	137.8	0.8979	854	356
nte_02958.jpg	0.013004	0.2154	0.5266	92.4	42.8	0.8081	854	356
nte_02959.jpg	0.078844	0.4957	0.7112	175.5	136.6	0.8999	854	356
nte_02959.jpg	0.020973	0.1642	0.5435	122.4	52.1	0.8926	854	356
nte_02959.jpg	0.001204	0.5578	0.5501	20.2	18.2	0.2542	854	356
nte_02960.jpg	0.077156	0.4965	0.7084	172.1	136.3	0.9048	854	356
nte_02960.jpg	0.033976	0.0879	0.5744	150.0	68.9	0.8809	854	356
nte_02960.jpg	0.001192	0.5578	0.5510	19.6	18.5	0.3982	854	356
nte_02960.jpg	0.001253	0.4449	0.5098	29.8	12.8	0.3162	854	356
nte_02961.jpg	0.071966	0.4969	0.7009	166.5	131.4	0.8960	854	356
nte_02961.jpg	0.017262	0.0394	0.6025	67.3	78.0	0.8062	854	356
nte_02961.jpg	0.001331	0.4438	0.5116	31.4	12.9	0.3198	854	356
nte_02962.jpg	0.067679	0.4984	0.6944	160.6	128.1	0.8892	854	356
nte_02962.jpg	0.008193	0.4293	0.6025	48.3	51.6	0.5752	854	356
nte_02962.jpg	0.001423	0.4406	0.5126	31.3	13.8	0.2637	854	356
nte_02963.jpg	0.061011	0.5000	0.6803	154.5	120.1	0.8906	854	356
nte_02963.jpg	0.006469	0.4309	0.5903	44.1	44.6	0.4971	854	356
nte_02963.jpg	0.001466	0.4387	0.5154	31.4	14.2	0.3413	854	356
nte_02964.jpg	0.055391	0.4988	0.6700	147.3	114.3	0.8892	854	356
nte_02964.jpg	0.007611	0.4340	0.5688	43.9	52.7	0.4116	854	356
nte_02965.jpg	0.052683	0.4988	0.6681	139.8	114.6	0.8862	854	356
nte_02966.jpg	0.049909	0.4992	0.6578	137.1	110.7	0.9136	854	356
nte_02967.jpg	0.050432	0.5047	0.6588	138.0	111.1	0.8960	854	356
nte_02968.jpg	0.051440	0.5094	0.6606	139.5	112.1	0.9082	854	356
nte_02969.jpg	0.048931	0.5031	0.6522	137.1	108.5	0.8979	854	356
nte_02970.jpg	0.048334	0.5004	0.6513	137.4	106.9	0.9019	854	356
nte_02971.jpg	0.049866	0.4980	0.6559	139.2	108.9	0.8979	854	356
nte_02972.jpg	0.047146	0.4984	0.6513	137.3	104.4	0.8945	854	356
nte_02973.jpg	0.047658	0.4980	0.6531	137.8	105.2	0.8960	854	356
nte_02974.jpg	0.049735	0.5051	0.6569	138.2	109.4	0.8853	854	356
nte_02975.jpg	0.050977	0.5105	0.6484	143.6	107.9	0.8862	854	356
nte_02976.jpg	0.050547	0.5027	0.6663	136.2	112.8	0.8721	854	356
nte_02977.jpg	0.051713	0.5000	0.6438	136.6	115.1	0.8516	854	356
nte_02978.jpg	0.048216	0.4992	0.6531	135.9	107.8	0.8853	854	356
nte_02979.jpg	0.055054	0.5031	0.6653	137.3	121.9	0.8687	854	356
nte_02980.jpg	0.051959	0.4941	0.6456	141.8	111.4	0.8809	854	356
nte_02980.jpg	0.000769	0.5273	0.4573	18.8	12.4	0.4060	854	356
nte_02981.jpg	0.049688	0.4977	0.6456	139.4	108.3	0.8740	854	356
nte_02982.jpg	0.049593	0.4977	0.6475	137.3	109.8	0.8540	854	356
nte_02983.jpg	0.048947	0.4996	0.6513	136.9	108.7	0.8774	854	356
nte_02983.jpg	0.000632	0.5066	0.4545	18.6	10.3	0.2900	854	356
nte_02983.jpg	0.010299	0.4469	0.5369	55.3	56.6	0.2786	854	356
nte_02984.jpg	0.050011	0.4961	0.6531	139.3	109.2	0.8594	854	356
nte_02985.jpg	0.050798	0.4969	0.6513	138.6	111.4	0.8745	854	356
nte_02986.jpg	0.050614	0.4969	0.6456	139.4	110.4	0.8926	854	356
nte_02987.jpg	0.051751	0.4988	0.6400	136.6	115.2	0.8901	854	356
nte_02987.jpg	0.000769	0.4980	0.4648	19.5	12.0	0.2766	854	356
nte_02988.jpg	0.050425	0.5012	0.6466	138.1	111.0	0.8901	854	356
nte_02988.jpg	0.001469	0.4160	0.4526	22.1	20.2	0.3320	854	356
nte_02989.jpg	0.050658	0.5008	0.6513	137.6	111.9	0.8887	854	356
nte_02989.jpg	0.000667	0.4109	0.4348	19.8	10.2	0.2747	854	356
nte_02990.jpg	0.050966	0.5059	0.6513	137.5	112.7	0.8525	854	356
nte_02990.jpg	0.003592	0.4199	0.4807	33.4	32.7	0.4150	854	356
nte_02990.jpg	0.001295	0.4184	0.4385	26.1	15.1	0.3105	854	356
nte_02991.jpg	0.049653	0.5039	0.6550	137.9	109.5	0.8735	854	356
nte_02991.jpg	0.004137	0.4113	0.4254	35.7	35.2	0.7417	854	356
nte_02992.jpg	0.049345	0.4984	0.6559	138.7	108.2	0.8730	854	356
nte_02992.jpg	0.009844	0.4070	0.4245	54.0	55.4	0.8442	854	356
nte_02993.jpg	0.027912	0.3855	0.4395	94.7	89.6	0.8901	854	356
nte_02993.jpg	0.050648	0.4957	0.6550	140.9	109.3	0.8711	854	356
nte_02994.jpg	0.330391	0.1797	0.5191	307.4	326.8	0.9253	854	356
nte_02994.jpg	0.049141	0.4965	0.6531	140.9	106.0	0.8940	854	356
nte_02995.jpg	0.048369	0.4945	0.6522	139.9	105.1	0.9053	854	356
nte_02996.jpg	0.050344	0.4992	0.6503	139.8	109.5	0.8730	854	356
nte_02997.jpg	0.048712	0.4984	0.6531	139.3	106.3	0.8906	854	356
nte_02998.jpg	0.049053	0.5031	0.6559	138.2	107.9	0.8838	854	356
nte_02999.jpg	0.050902	0.5063	0.6541	141.1	109.7	0.8657	854	356
nte_02999.jpg	0.000517	0.3025	0.4507	17.8	8.9	0.3989	854	356
nte_03000.jpg	0.048104	0.5000	0.6578	137.1	106.7	0.8960	854	356
nte_03000.jpg	0.000503	0.3158	0.4554	17.0	9.0	0.3782	854	356
nte_03000.jpg	0.000351	0.5133	0.4161	11.2	9.6	0.2683	854	356
nte_03001.jpg	0.047338	0.4984	0.6541	138.3	104.1	0.8965	854	356
nte_03001.jpg	0.000707	0.2660	0.4648	18.1	11.9	0.3958	854	356
nte_03002.jpg	0.047841	0.4984	0.6578	137.1	106.1	0.8877	854	356
nte_03002.jpg	0.001778	0.1443	0.4854	31.3	17.3	0.4417	854	356
nte_03003.jpg	0.046036	0.5031	0.6494	136.4	102.6	0.8989	854	356
nte_03004.jpg	0.047537	0.5031	0.6541	136.8	105.7	0.8975	854	356
nte_03004.jpg	0.000389	0.4824	0.4601	12.6	9.4	0.3003	854	356
nte_03004.jpg	0.000357	0.4086	0.4676	12.0	9.1	0.2981	854	356
nte_03005.jpg	0.047986	0.5102	0.6513	139.6	104.5	0.8779	854	356
nte_03006.jpg	0.048812	0.5047	0.6494	138.7	107.0	0.8936	854	356
nte_03006.jpg	0.000477	0.4324	0.4779	13.3	10.9	0.3438	854	356
nte_03007.jpg	0.047900	0.5090	0.6484	139.0	104.7	0.8931	854	356
nte_03007.jpg	0.000558	0.4273	0.4826	15.8	10.8	0.4563	854	356
nte_03008.jpg	0.047651	0.5090	0.6494	138.5	104.6	0.8813	854	356
nte_03008.jpg	0.000791	0.5922	0.4760	24.2	10.0	0.2573	854	356
nte_03009.jpg	0.048384	0.5086	0.6513	137.7	106.8	0.8926	854	356
nte_03009.jpg	0.001015	0.4285	0.4891	21.9	14.1	0.3984	854	356
nte_03010.jpg	0.048601	0.5016	0.6419	137.0	107.8	0.8813	854	356
nte_03010.jpg	0.010122	0.4578	0.5313	65.4	47.0	0.3972	854	356
nte_03011.jpg	0.050214	0.5039	0.6569	141.0	108.3	0.8682	854	356
nte_03011.jpg	0.003148	0.4449	0.5032	39.4	24.3	0.4980	854	356
nte_03012.jpg	0.046825	0.5004	0.6456	137.1	103.8	0.8862	854	356
nte_03012.jpg	0.013954	0.3898	0.5416	83.9	50.5	0.7949	854	356
nte_03013.jpg	0.182797	0.1797	0.7403	306.2	181.5	0.9258	854	356
nte_03013.jpg	0.047760	0.5004	0.6494	137.5	105.6	0.8862	854	356
nte_03014.jpg	0.053073	0.5004	0.6700	137.6	117.3	0.8687	854	356
nte_03015.jpg	0.046496	0.5008	0.6503	137.7	102.7	0.8789	854	356
nte_03015.jpg	0.006491	0.1102	0.5154	77.3	25.5	0.5581	854	356
nte_03016.jpg	0.047033	0.5027	0.6484	138.9	102.9	0.8618	854	356
nte_03016.jpg	0.001298	0.2701	0.5079	34.3	11.5	0.4722	854	356
nte_03017.jpg	0.046371	0.5027	0.6484	138.1	102.1	0.8901	854	356
nte_03017.jpg	0.003283	0.1867	0.5229	61.4	16.3	0.4949	854	356
nte_03017.jpg	0.000351	0.4469	0.4845	11.8	9.0	0.2563	854	356
nte_03018.jpg	0.046364	0.5008	0.6381	137.2	102.7	0.8848	854	356
nte_03018.jpg	0.000670	0.4391	0.4807	16.0	12.7	0.4150	854	356
nte_03018.jpg	0.000513	0.4559	0.4891	16.5	9.5	0.4126	854	356
nte_03019.jpg	0.047257	0.5000	0.6419	136.9	104.9	0.8760	854	356
nte_03019.jpg	0.001231	0.4301	0.4798	22.0	17.0	0.6792	854	356
nte_03020.jpg	0.049429	0.5004	0.6409	138.6	108.4	0.8853	854	356
nte_03020.jpg	0.002501	0.4117	0.4845	31.8	23.9	0.7710	854	356
nte_03020.jpg	0.005115	0.2014	0.5182	55.3	28.1	0.3005	854	356
nte_03021.jpg	0.049601	0.5016	0.6428	137.6	109.6	0.8989	854	356
nte_03021.jpg	0.008622	0.3697	0.5060	62.3	42.1	0.8203	854	356
nte_03022.jpg	0.126906	0.1453	0.6663	247.5	155.9	0.9136	854	356
nte_03022.jpg	0.055085	0.5004	0.6522	138.1	121.3	0.8867	854	356
nte_03023.jpg	0.053737	0.5016	0.6522	137.9	118.5	0.8809	854	356
nte_03024.jpg	0.054158	0.5051	0.6559	137.8	119.5	0.8740	854	356
nte_03025.jpg	0.054329	0.5023	0.6616	138.7	119.1	0.8667	854	356
nte_03026.jpg	0.052702	0.5023	0.6456	137.5	116.5	0.8843	854	356
nte_03027.jpg	0.052838	0.5008	0.6578	138.3	116.2	0.8828	854	356
nte_03028.jpg	0.051464	0.5012	0.6634	136.9	114.3	0.8672	854	356
nte_03029.jpg	0.051381	0.4992	0.6419	137.5	113.6	0.8413	854	356
nte_03030.jpg	0.056782	0.4984	0.6559	139.1	124.1	0.8657	854	356
nte_03031.jpg	0.058925	0.4984	0.6513	142.4	125.8	0.8735	854	356
nte_03031.jpg	0.000311	0.4691	0.4545	12.2	7.7	0.2693	854	356
nte_03032.jpg	0.052775	0.4969	0.6353	139.1	115.3	0.8091	854	356
nte_03032.jpg	0.000342	0.4676	0.4545	12.0	8.7	0.3064	854	356
nte_03033.jpg	0.054011	0.4980	0.6531	139.4	117.8	0.8643	854	356
nte_03033.jpg	0.000464	0.4617	0.4554	14.3	9.9	0.5479	854	356
nte_03034.jpg	0.058492	0.5047	0.6588	148.3	119.9	0.8604	854	356
nte_03034.jpg	0.000408	0.4582	0.4554	13.6	9.1	0.4062	854	356
nte_03035.jpg	0.055561	0.4996	0.6466	143.4	117.8	0.7827	854	356
nte_03035.jpg	0.000680	0.4523	0.4601	17.4	11.9	0.4231	854	356
nte_03035.jpg	0.000341	0.4668	0.4592	10.7	9.7	0.2795	854	356
nte_03036.jpg	0.052262	0.5023	0.6447	138.4	114.8	0.8428	854	356
nte_03036.jpg	0.001905	0.4305	0.4676	29.3	19.8	0.7661	854	356
nte_03036.jpg	0.000693	0.4563	0.4620	16.4	12.9	0.4788	854	356
nte_03037.jpg	0.052504	0.5023	0.6503	137.1	116.4	0.8843	854	356
nte_03037.jpg	0.005041	0.3967	0.4891	48.9	31.4	0.8066	854	356
nte_03037.jpg	0.000899	0.4438	0.4704	19.5	14.0	0.4873	854	356
nte_03037.jpg	0.000615	0.4297	0.4657	14.1	13.3	0.3503	854	356
nte_03038.jpg	0.022372	0.3084	0.5360	113.6	59.9	0.8965	854	356
nte_03038.jpg	0.052513	0.5023	0.6616	137.5	116.1	0.8643	854	356
nte_03038.jpg	0.002000	0.4359	0.4798	28.9	21.0	0.6895	854	356
nte_03038.jpg	0.001238	0.4695	0.4929	25.7	14.6	0.3677	854	356
nte_03039.jpg	0.052789	0.5000	0.6681	136.8	117.3	0.8521	854	356
nte_03039.jpg	0.005936	0.4102	0.5013	51.7	34.9	0.7725	854	356
nte_03039.jpg	0.001014	0.4730	0.4966	22.8	13.5	0.3357	854	356
nte_03039.jpg	0.000867	0.4484	0.4826	17.3	15.2	0.3162	854	356
nte_03040.jpg	0.049134	0.4984	0.6578	136.1	109.8	0.8931	854	356
nte_03040.jpg	0.055261	0.2723	0.5969	182.3	92.2	0.8867	854	356
nte_03040.jpg	0.004225	0.4273	0.5051	41.9	30.6	0.7397	854	356
nte_03040.jpg	0.003093	0.3900	0.5060	32.4	29.0	0.5996	854	356
nte_03040.jpg	0.001670	0.4641	0.5013	28.2	18.0	0.3005	854	356
nte_03041.jpg	0.019864	0.3572	0.5482	103.1	58.6	0.8818	854	356
nte_03041.jpg	0.051451	0.5012	0.6681	135.5	115.4	0.8735	854	356
nte_03041.jpg	0.006972	0.4379	0.5304	51.0	41.6	0.4507	854	356
nte_03042.jpg	0.055156	0.5109	0.6653	138.2	121.3	0.8833	854	356
nte_03042.jpg	0.065900	0.0890	0.8115	152.0	131.9	0.8579	854	356
nte_03043.jpg	0.051035	0.5102	0.6588	137.6	112.8	0.8760	854	356
nte_03044.jpg	0.053086	0.4996	0.6653	139.0	116.1	0.8921	854	356
nte_03045.jpg	0.054074	0.5000	0.6700	137.3	119.8	0.8862	854	356
nte_03046.jpg	0.048760	0.4996	0.6569	136.5	108.6	0.8970	854	356
nte_03047.jpg	0.054078	0.5027	0.6728	136.5	120.4	0.8916	854	356
nte_03048.jpg	0.056756	0.5023	0.6728	135.9	126.9	0.8921	854	356
nte_03049.jpg	0.053281	0.5082	0.6625	138.4	117.0	0.8916	854	356
nte_03050.jpg	0.055016	0.5086	0.6550	139.9	119.6	0.8975	854	356
nte_03051.jpg	0.056435	0.5023	0.6728	136.6	125.6	0.8818	854	356
nte_03052.jpg	0.054636	0.5012	0.6672	141.9	117.1	0.8618	854	356
nte_03053.jpg	0.054714	0.4973	0.6606	140.9	118.1	0.8813	854	356
nte_03054.jpg	0.052543	0.4969	0.6597	139.6	114.4	0.8599	854	356
nte_03055.jpg	0.054025	0.4934	0.6663	140.8	116.7	0.9067	854	356
nte_03056.jpg	0.052547	0.4988	0.6625	140.0	114.1	0.8970	854	356
nte_03057.jpg	0.055528	0.5027	0.6681	136.8	123.4	0.8799	854	356
nte_03058.jpg	0.054861	0.5086	0.6663	136.6	122.1	0.8765	854	356
nte_03059.jpg	0.054503	0.5059	0.6578	136.3	121.6	0.8999	854	356
nte_03059.jpg	0.000326	0.4594	0.4582	12.2	8.1	0.2659	854	356
nte_03060.jpg	0.053052	0.5039	0.6672	136.8	117.9	0.8882	854	356
nte_03060.jpg	0.000439	0.4340	0.4629	14.1	9.5	0.3743	854	356
nte_03061.jpg	0.054329	0.5063	0.6700	138.7	119.1	0.8799	854	356
nte_03062.jpg	0.051382	0.5043	0.6616	137.0	114.0	0.8955	854	356
nte_03062.jpg	0.000684	0.4473	0.4704	17.1	12.1	0.3145	854	356
nte_03063.jpg	0.053246	0.5035	0.6663	137.3	117.9	0.8867	854	356
nte_03063.jpg	0.000683	0.4449	0.4788	17.7	11.7	0.2800	854	356
nte_03064.jpg	0.054469	0.5023	0.6700	138.3	119.8	0.8989	854	356
nte_03064.jpg	0.001268	0.4301	0.5004	25.7	15.0	0.4006	854	356
nte_03064.jpg	0.000553	0.4078	0.4920	13.9	12.1	0.2920	854	356
nte_03065.jpg	0.050624	0.5086	0.6625	137.1	112.3	0.8999	854	356
nte_03065.jpg	0.003312	0.4113	0.5154	37.4	26.9	0.6216	854	356
nte_03066.jpg	0.050250	0.5117	0.6663	142.4	107.3	0.8848	854	356
nte_03066.jpg	0.028652	0.3584	0.5941	110.6	78.8	0.8765	854	356
nte_03067.jpg	0.049083	0.5094	0.6578	141.1	105.7	0.9033	854	356
nte_03067.jpg	0.009484	0.3947	0.5144	58.8	49.0	0.8018	854	356
nte_03068.jpg	0.045376	0.5035	0.6606	137.3	100.5	0.8892	854	356
nte_03068.jpg	0.046696	0.3355	0.5707	128.2	110.8	0.8867	854	356
nte_03068.jpg	0.002399	0.4426	0.5416	29.0	25.1	0.4360	854	356
nte_03069.jpg	0.047671	0.5031	0.6681	139.0	104.2	0.8892	854	356
nte_03069.jpg	0.001640	0.4414	0.5369	25.1	19.8	0.5669	854	356
nte_03069.jpg	0.018159	0.3016	0.5885	104.2	53.0	0.4973	854	356
nte_03070.jpg	0.042580	0.5121	0.6484	145.6	88.9	0.8223	854	356
nte_03071.jpg	0.048245	0.5066	0.6484	165.3	88.7	0.8955	854	356
nte_03072.jpg	0.053846	0.5027	0.6522	174.6	93.7	0.8882	854	356
nte_03073.jpg	0.047647	0.5102	0.6372	154.1	94.0	0.7046	854	356
nte_03074.jpg	0.046344	0.5055	0.6522	134.9	104.4	0.8584	854	356
nte_03075.jpg	0.045322	0.5047	0.6447	134.1	102.7	0.8594	854	356
nte_03076.jpg	0.050070	0.5016	0.6606	135.1	112.7	0.8682	854	356
nte_03076.jpg	0.000745	0.4910	0.3758	18.9	12.0	0.2766	854	356
nte_03076.jpg	0.001195	0.5797	0.3598	25.8	14.1	0.2539	854	356
nte_03077.jpg	0.047691	0.5000	0.6522	135.2	107.3	0.8555	854	356
nte_03078.jpg	0.052368	0.4945	0.6559	137.4	115.8	0.8667	854	356
nte_03079.jpg	0.054810	0.4926	0.6335	137.6	121.1	0.8457	854	356
nte_03080.jpg	0.055427	0.4922	0.6747	138.8	121.4	0.8735	854	356
nte_03080.jpg	0.000721	0.4785	0.4179	20.3	10.8	0.3787	854	356
nte_03080.jpg	0.001204	0.7434	0.3711	29.7	12.3	0.3564	854	356
nte_03080.jpg	0.007662	0.9297	0.3804	67.2	34.7	0.3472	854	356
nte_03081.jpg	0.049129	0.4941	0.6569	138.9	107.5	0.8657	854	356
nte_03081.jpg	0.000835	0.4348	0.4254	22.4	11.3	0.3206	854	356
nte_03082.jpg	0.047744	0.4941	0.6559	138.0	105.2	0.8574	854	356
nte_03083.jpg	0.049500	0.4961	0.6606	138.3	108.8	0.8706	854	356
nte_03084.jpg	0.052142	0.4949	0.6616	138.4	114.5	0.8682	854	356
nte_03085.jpg	0.050920	0.4918	0.6569	138.9	111.4	0.8574	854	356
nte_03086.jpg	0.053761	0.4906	0.6475	144.5	113.1	0.7886	854	356
nte_03087.jpg	0.055701	0.4902	0.6475	148.9	113.8	0.7739	854	356
nte_03088.jpg	0.049587	0.4918	0.6456	142.1	106.1	0.8560	854	356
nte_03089.jpg	0.053884	0.4895	0.6456	148.7	110.2	0.7441	854	356
nte_03089.jpg	0.000417	0.4926	0.3992	13.1	9.7	0.5757	854	356
nte_03090.jpg	0.054018	0.4875	0.6335	145.1	113.2	0.8105	854	356
nte_03090.jpg	0.000422	0.4859	0.3936	13.8	9.3	0.3733	854	356
nte_03091.jpg	0.051292	0.4902	0.6513	143.6	108.6	0.8496	854	356
nte_03091.jpg	0.000413	0.4672	0.4029	12.8	9.8	0.4321	854	356
nte_03092.jpg	0.049456	0.4992	0.6484	137.9	109.0	0.8525	854	356
nte_03092.jpg	0.000475	0.4340	0.4132	14.2	10.1	0.4678	854	356
nte_03093.jpg	0.051802	0.5063	0.6559	137.9	114.2	0.8345	854	356
nte_03093.jpg	0.000482	0.4238	0.4170	14.9	9.9	0.4233	854	356
nte_03094.jpg	0.057455	0.5129	0.6269	138.5	126.1	0.7598	854	356
nte_03094.jpg	0.000664	0.4152	0.4207	17.4	11.6	0.6138	854	356
nte_03095.jpg	0.048969	0.5094	0.6466	138.3	107.7	0.8511	854	356
nte_03095.jpg	0.000888	0.4098	0.4264	19.5	13.8	0.3579	854	356
nte_03096.jpg	0.052200	0.4996	0.6438	136.6	116.2	0.8267	854	356
nte_03096.jpg	0.001145	0.4652	0.4292	18.6	18.8	0.4229	854	356
nte_03096.jpg	0.001783	0.4098	0.4339	28.8	18.8	0.3682	854	356
nte_03097.jpg	0.060432	0.4949	0.6213	139.6	131.6	0.7935	854	356
nte_03097.jpg	0.003331	0.3641	0.4535	40.0	25.3	0.6851	854	356
nte_03097.jpg	0.000523	0.4645	0.4123	16.2	9.8	0.4124	854	356
nte_03098.jpg	0.060763	0.4984	0.6194	138.4	133.4	0.7822	854	356
nte_03098.jpg	0.017467	0.2576	0.5032	107.8	49.2	0.7534	854	356
nte_03098.jpg	0.000526	0.4590	0.4151	14.6	10.9	0.3733	854	356
nte_03099.jpg	0.054072	0.4988	0.6306	139.1	118.2	0.7925	854	356
nte_03099.jpg	0.000602	0.4492	0.4198	14.2	12.9	0.5532	854	356
nte_03100.jpg	0.050288	0.4977	0.6391	137.9	110.8	0.8384	854	356
nte_03100.jpg	0.000979	0.4363	0.4217	19.7	15.1	0.7104	854	356
nte_03100.jpg	0.005915	0.8078	0.4985	56.0	32.1	0.2639	854	356
nte_03101.jpg	0.052116	0.5020	0.6260	137.3	115.4	0.8457	854	356
nte_03101.jpg	0.002054	0.4125	0.4310	30.4	20.5	0.7954	854	356
nte_03102.jpg	0.048612	0.5012	0.6484	136.1	108.6	0.8569	854	356
nte_03102.jpg	0.003901	0.3797	0.4489	44.2	26.8	0.8330	854	356
nte_03103.jpg	0.020781	0.2773	0.4957	109.0	58.0	0.8755	854	356
nte_03103.jpg	0.050316	0.5008	0.6409	136.3	112.3	0.8447	854	356
nte_03104.jpg	0.056288	0.5016	0.6569	141.6	120.8	0.7920	854	356
nte_03104.jpg	0.032258	0.0626	0.6541	107.0	91.7	0.3865	854	356
nte_03105.jpg	0.056550	0.5020	0.6588	137.5	125.0	0.8340	854	356
nte_03106.jpg	0.057905	0.5027	0.6681	141.9	124.1	0.7876	854	356
nte_03107.jpg	0.059315	0.5059	0.6756	142.4	126.6	0.7871	854	356
nte_03108.jpg	0.055080	0.5063	0.6578	133.8	125.2	0.8325	854	356
nte_03109.jpg	0.059389	0.5004	0.6700	137.0	131.8	0.8032	854	356
nte_03110.jpg	0.055389	0.4961	0.6363	138.8	121.3	0.8164	854	356
nte_03111.jpg	0.055431	0.4938	0.6644	139.4	120.9	0.8608	854	356
nte_03112.jpg	0.051301	0.5004	0.6447	137.1	113.8	0.8301	854	356
nte_03113.jpg	0.053665	0.5047	0.6559	135.1	120.8	0.8696	854	356
nte_03114.jpg	0.052332	0.5063	0.6541	138.4	114.9	0.8252	854	356
nte_03115.jpg	0.048866	0.5051	0.6625	133.9	110.9	0.8804	854	356
nte_03115.jpg	0.000456	0.4020	0.4545	14.6	9.5	0.6230	854	356
nte_03116.jpg	0.056311	0.5047	0.6616	140.0	122.3	0.8213	854	356
nte_03116.jpg	0.000696	0.4043	0.4638	18.6	11.4	0.6406	854	356
nte_03117.jpg	0.049060	0.5066	0.6513	136.9	108.9	0.8828	854	356
nte_03117.jpg	0.001576	0.3883	0.4648	24.5	19.6	0.7695	854	356
nte_03118.jpg	0.054087	0.5070	0.6569	141.4	116.3	0.8721	854	356
nte_03118.jpg	0.003348	0.3594	0.4826	37.5	27.1	0.8203	854	356
nte_03118.jpg	0.000941	0.3783	0.4648	17.3	16.5	0.2673	854	356
nte_03119.jpg	0.025119	0.2674	0.5547	112.8	67.7	0.8926	854	356
nte_03119.jpg	0.049048	0.5129	0.6634	144.8	103.0	0.8633	854	356
nte_03119.jpg	0.003427	0.3439	0.4788	38.6	27.0	0.7310	854	356
nte_03120.jpg	0.093113	0.0989	0.7506	169.5	167.0	0.9136	854	356
nte_03120.jpg	0.052813	0.5090	0.6653	142.6	112.6	0.8853	854	356
nte_03120.jpg	0.008298	0.3586	0.5079	59.8	42.2	0.8525	854	356
nte_03120.jpg	0.002435	0.3922	0.4685	26.9	27.5	0.6616	854	356
nte_03121.jpg	0.098265	0.2176	0.6513	238.0	125.5	0.9053	854	356
nte_03121.jpg	0.050460	0.5027	0.6672	135.9	112.9	0.8994	854	356
nte_03121.jpg	0.006745	0.4043	0.4938	51.9	39.5	0.7749	854	356
nte_03121.jpg	0.001258	0.4395	0.4685	19.2	19.9	0.3152	854	356
nte_03121.jpg	0.000818	0.4598	0.4348	18.3	13.6	0.3140	854	356
nte_03122.jpg	0.048902	0.4980	0.6606	135.8	109.5	0.8887	854	356
nte_03122.jpg	0.059291	0.2826	0.5885	173.5	103.9	0.8477	854	356
nte_03122.jpg	0.004672	0.4039	0.5041	43.8	32.4	0.6523	854	356
nte_03122.jpg	0.001207	0.3756	0.4891	22.0	16.7	0.2578	854	356
nte_03123.jpg	0.057545	0.4934	0.6812	139.1	125.8	0.8457	854	356
nte_03123.jpg	0.030364	0.3059	0.5679	131.9	70.0	0.4316	854	356
nte_03124.jpg	0.046275	0.5004	0.6531	135.6	103.7	0.8877	854	356
nte_03124.jpg	0.000750	0.4398	0.4460	17.1	13.4	0.3501	854	356
nte_03124.jpg	0.000638	0.6234	0.4479	17.5	11.1	0.3262	854	356
nte_03125.jpg	0.045961	0.5023	0.6494	136.1	102.7	0.8862	854	356
nte_03126.jpg	0.046560	0.5012	0.6513	136.4	103.7	0.8960	854	356
nte_03126.jpg	0.000542	0.4203	0.3036	15.4	10.7	0.2517	854	356
nte_03127.jpg	0.046430	0.5012	0.6513	136.9	103.1	0.8789	854	356
nte_03128.jpg	0.047004	0.5016	0.6531	137.2	104.2	0.8789	854	356
nte_03129.jpg	0.049238	0.5035	0.6494	139.4	107.4	0.8481	854	356
nte_03129.jpg	0.000637	0.6559	0.4610	21.2	9.1	0.3606	854	356
nte_03129.jpg	0.000374	0.4559	0.4470	11.1	10.2	0.2939	854	356
nte_03129.jpg	0.000335	0.4215	0.4554	10.7	9.5	0.2642	854	356
nte_03130.jpg	0.051624	0.5066	0.6447	139.6	112.4	0.8735	854	356
nte_03130.jpg	0.000365	0.4531	0.4470	11.0	10.1	0.4519	854	356
nte_03130.jpg	0.000382	0.4141	0.4517	13.3	8.8	0.3411	854	356
nte_03131.jpg	0.049295	0.5063	0.6409	141.9	105.6	0.8613	854	356
nte_03131.jpg	0.000456	0.4152	0.4592	11.6	11.9	0.5107	854	356
nte_03131.jpg	0.000397	0.4586	0.4517	11.6	10.4	0.4622	854	356
nte_03132.jpg	0.048648	0.5016	0.6569	140.2	105.5	0.8848	854	356
nte_03132.jpg	0.000496	0.4969	0.4526	12.2	12.4	0.5195	854	356
nte_03132.jpg	0.000547	0.4504	0.4629	13.9	12.0	0.4919	854	356
nte_03132.jpg	0.000644	0.4344	0.4610	15.7	12.4	0.3477	854	356
nte_03133.jpg	0.048374	0.4957	0.6531	141.5	103.9	0.8809	854	356
nte_03133.jpg	0.000485	0.4641	0.4638	14.2	10.4	0.4424	854	356
nte_03133.jpg	0.002364	0.4961	0.4835	34.2	21.0	0.3669	854	356
nte_03133.jpg	0.000554	0.5188	0.4554	12.5	13.4	0.3179	854	356
nte_03133.jpg	0.000645	0.4469	0.4601	14.6	13.5	0.3047	854	356
nte_03134.jpg	0.047138	0.5027	0.6522	138.0	103.8	0.8770	854	356
nte_03134.jpg	0.000626	0.5195	0.4563	13.6	13.9	0.2830	854	356
nte_03134.jpg	0.000750	0.4539	0.4648	15.6	14.6	0.2588	854	356
nte_03135.jpg	0.046088	0.5012	0.6466	137.9	101.6	0.8755	854	356
nte_03135.jpg	0.001319	0.4426	0.4657	22.0	18.2	0.4602	854	356
nte_03136.jpg	0.047753	0.5031	0.6522	137.9	105.2	0.8892	854	356
nte_03136.jpg	0.002109	0.4305	0.4713	26.1	24.6	0.7329	854	356
nte_03137.jpg	0.052444	0.5020	0.6400	137.4	116.0	0.8579	854	356
nte_03137.jpg	0.004401	0.4094	0.4770	38.4	34.9	0.6431	854	356
nte_03138.jpg	0.018956	0.3537	0.4845	84.1	68.6	0.8862	854	356
nte_03138.jpg	0.054772	0.5016	0.6316	138.3	120.4	0.8574	854	356
nte_03138.jpg	0.000888	0.4074	0.4535	16.6	16.3	0.3745	854	356
nte_03138.jpg	0.000413	0.4223	0.4282	12.8	9.8	0.2979	854	356
nte_03138.jpg	0.008948	0.4352	0.5098	57.1	47.6	0.2786	854	356
nte_03139.jpg	0.198804	0.1362	0.6241	233.2	259.2	0.9053	854	356
nte_03139.jpg	0.058671	0.5012	0.6391	140.5	126.9	0.8604	854	356
nte_03139.jpg	0.000451	0.4145	0.4273	15.1	9.0	0.3743	854	356
nte_03140.jpg	0.054932	0.4992	0.6475	138.8	120.3	0.8677	854	356
nte_03140.jpg	0.000638	0.4066	0.4264	16.5	11.7	0.7266	854	356
nte_03141.jpg	0.056070	0.5004	0.6672	138.1	123.4	0.8286	854	356
nte_03141.jpg	0.001101	0.3990	0.4254	22.1	15.1	0.6860	854	356
nte_03142.jpg	0.054895	0.5031	0.6569	138.1	120.8	0.8779	854	356
nte_03142.jpg	0.002180	0.3877	0.4348	30.6	21.7	0.8018	854	356
nte_03143.jpg	0.052720	0.5063	0.6616	135.4	118.3	0.8809	854	356
nte_03143.jpg	0.007148	0.3416	0.4657	58.9	36.9	0.8384	854	356
nte_03144.jpg	0.091912	0.1345	0.6147	229.2	121.9	0.8950	854	356
nte_03144.jpg	0.056548	0.5051	0.6653	141.2	121.8	0.8599	854	356
nte_03145.jpg	0.057390	0.5031	0.6466	157.5	110.8	0.8896	854	356
nte_03146.jpg	0.060345	0.5070	0.6559	153.6	119.4	0.8433	854	356
nte_03147.jpg	0.060982	0.5063	0.6672	160.6	115.4	0.6968	854	356
nte_03148.jpg	0.064186	0.5039	0.6466	181.8	107.3	0.8662	854	356
nte_03149.jpg	0.072683	0.4961	0.6522	207.2	106.7	0.8843	854	356
nte_03150.jpg	0.078633	0.4914	0.6550	216.7	110.3	0.8447	854	356
nte_03151.jpg	0.068598	0.5137	0.6606	198.2	105.2	0.8960	854	356
nte_03153.jpg	0.052499	0.4941	0.6503	149.3	106.9	0.2854	854	356
nte_03154.jpg	0.052316	0.4953	0.6588	145.0	109.7	0.8501	854	356
nte_03155.jpg	0.049409	0.5059	0.6569	142.6	105.3	0.8071	854	356
nte_03156.jpg	0.045155	0.5164	0.6456	130.4	105.2	0.5269	854	356
nte_03157.jpg	0.047777	0.5184	0.6494	149.1	97.4	0.7661	854	356
nte_03158.jpg	0.051871	0.5094	0.6475	140.3	112.4	0.7715	854	356
nte_03159.jpg	0.053081	0.4855	0.6475	144.9	111.3	0.7993	854	356
nte_03160.jpg	0.069612	0.4887	0.6475	176.5	119.9	0.8242	854	356
nte_03161.jpg	0.069291	0.4984	0.6550	200.2	105.2	0.8882	854	356
nte_03161.jpg	0.003380	0.0228	0.1424	38.9	26.4	0.3191	854	356
nte_03162.jpg	0.015551	0.5898	0.6185	83.1	56.9	0.4871	854	356
nte_03163.jpg	0.281416	0.5668	0.4629	269.5	317.4	0.3840	854	356
nte_03163.jpg	0.002015	0.9328	0.4170	26.8	22.9	0.3792	854	356
nte_03164.jpg	0.102738	0.4836	0.7525	181.8	171.8	0.6763	854	356
nte_03165.jpg	0.094164	0.4781	0.7309	175.1	163.5	0.6670	854	356
nte_03165.jpg	0.000427	0.6180	0.3983	13.1	9.9	0.3921	854	356
nte_03165.jpg	0.002643	0.1765	0.5903	34.6	23.2	0.2976	854	356
nte_03166.jpg	0.000442	0.6176	0.3992	13.8	9.7	0.4172	854	356
nte_03167.jpg	0.000423	0.6184	0.3983	12.7	10.1	0.2964	854	356
nte_03168.jpg	0.101330	0.4711	0.7290	184.1	167.3	0.3481	854	356
nte_03168.jpg	0.000408	0.6184	0.3983	12.3	10.0	0.3220	854	356
nte_03169.jpg	0.098407	0.4781	0.7328	172.8	173.1	0.5469	854	356
nte_03170.jpg	0.076578	0.4855	0.7047	164.2	141.8	0.6260	854	356
nte_03172.jpg	0.073322	0.5164	0.6260	290.1	76.9	0.7070	854	356
nte_03173.jpg	0.087499	0.5176	0.6269	305.2	87.2	0.3289	854	356
nte_03174.jpg	0.073384	0.5176	0.6147	298.9	74.6	0.7324	854	356
nte_03175.jpg	0.072972	0.5148	0.6119	299.6	74.1	0.7993	854	356
nte_03176.jpg	0.075181	0.5070	0.6119	306.9	74.5	0.7095	854	356
nte_03177.jpg	0.010537	0.6668	0.1288	109.8	29.2	0.5566	854	356
nte_03178.jpg	0.009444	0.6590	0.1293	98.6	29.1	0.5522	854	356
nte_03179.jpg	0.007561	0.6621	0.1204	87.6	26.2	0.2815	854	356
nte_03181.jpg	0.031498	0.9391	0.6325	103.9	92.2	0.4636	854	356
nte_03181.jpg	0.023106	0.8797	0.6344	110.3	63.7	0.2668	854	356
nte_03183.jpg	0.006976	0.0173	0.3701	29.6	71.7	0.2534	854	356
nte_03184.jpg	0.007382	0.0173	0.3804	29.6	75.8	0.4216	854	356
nte_03186.jpg	0.323539	0.2148	0.6203	366.3	268.5	0.8379	854	356
nte_03186.jpg	0.076298	0.9297	0.7243	120.5	192.5	0.3440	854	356
nte_03186.jpg	0.102454	0.4969	0.7215	161.1	193.3	0.2852	854	356
nte_03187.jpg	0.148234	0.9062	0.5922	159.9	281.9	0.4827	854	356
nte_03187.jpg	0.004941	0.3547	0.2502	75.5	19.9	0.3218	854	356
nte_03188.jpg	0.005306	0.3361	0.2661	79.1	20.4	0.4724	854	356
nte_03188.jpg	0.147512	0.8992	0.5950	172.1	260.5	0.3342	854	356
nte_03189.jpg	0.004982	0.3322	0.2699	76.4	19.8	0.5435	854	356
nte_03190.jpg	0.005207	0.3316	0.2708	78.5	20.2	0.3691	854	356
nte_03191.jpg	0.004878	0.3334	0.2699	76.6	19.4	0.3708	854	356
nte_03192.jpg	0.157276	0.8969	0.6072	176.3	271.2	0.4707	854	356
nte_03192.jpg	0.005092	0.3332	0.2699	77.1	20.1	0.4492	854	356
nte_03193.jpg	0.005218	0.3332	0.2689	78.6	20.2	0.5596	854	356
nte_03193.jpg	0.012109	0.2051	0.2802	92.7	39.7	0.3289	854	356
nte_03193.jpg	0.136480	0.9125	0.6007	148.8	278.9	0.3269	854	356
nte_03193.jpg	0.002734	0.2676	0.2764	34.6	24.0	0.2781	854	356
nte_03194.jpg	0.121077	0.9227	0.5875	131.5	279.9	0.6416	854	356
nte_03194.jpg	0.168552	0.4898	0.7328	271.9	188.5	0.4434	854	356
nte_03195.jpg	0.157992	0.5027	0.7272	250.2	192.0	0.5674	854	356
nte_03195.jpg	0.005691	0.3355	0.2764	81.5	21.2	0.3711	854	356
nte_03195.jpg	0.010262	0.1893	0.2783	85.9	36.3	0.3020	854	356
nte_03196.jpg	0.041832	0.9570	0.6841	74.1	171.6	0.4712	854	356
nte_03197.jpg	0.006870	0.3350	0.2877	84.6	24.7	0.5552	854	356
nte_03197.jpg	0.015252	0.1928	0.2942	101.8	45.5	0.4226	854	356
nte_03197.jpg	0.003616	0.2627	0.2961	39.1	28.1	0.3362	854	356
nte_03199.jpg	0.007847	0.3332	0.2942	92.6	25.8	0.4866	854	356
nte_03199.jpg	0.003453	0.2420	0.2999	37.0	28.4	0.2517	854	356
nte_03200.jpg	0.008634	0.3418	0.3130	97.7	26.9	0.4993	854	356
nte_03201.jpg	0.009196	0.3496	0.3186	97.2	28.8	0.6636	854	356
nte_03201.jpg	0.036131	0.1830	0.3767	123.1	89.2	0.2754	854	356
nte_03202.jpg	0.013035	0.3559	0.3402	107.8	36.8	0.5361	854	356
nte_03204.jpg	0.068695	0.5273	0.6878	188.1	111.0	0.4707	854	356
nte_03205.jpg	0.102881	0.4555	0.6766	241.2	129.7	0.8940	854	356
nte_03205.jpg	0.001545	0.8172	0.2680	25.5	18.4	0.2954	854	356
nte_03206.jpg	0.093760	0.4566	0.6719	239.4	119.1	0.8994	854	356
nte_03207.jpg	0.092823	0.4629	0.6756	233.8	120.7	0.8970	854	356
nte_03207.jpg	0.001222	0.7117	0.2802	30.1	12.3	0.2542	854	356
nte_03208.jpg	0.087065	0.4652	0.6691	228.0	116.1	0.9004	854	356
nte_03209.jpg	0.081706	0.4719	0.6700	219.2	113.3	0.8901	854	356
nte_03209.jpg	0.003153	0.4652	0.5276	70.0	13.7	0.2544	854	356
nte_03210.jpg	0.084252	0.4719	0.6700	224.8	113.9	0.9072	854	356
nte_03211.jpg	0.081562	0.4680	0.6672	214.8	115.4	0.8799	854	356
nte_03212.jpg	0.085718	0.4852	0.6541	238.4	109.3	0.8467	854	356
nte_03213.jpg	0.081294	0.4988	0.6522	239.2	103.3	0.7612	854	356
nte_03213.jpg	0.000731	0.5258	0.2764	17.6	12.7	0.3682	854	356
nte_03214.jpg	0.003128	0.0693	0.5266	43.1	22.1	0.4661	854	356
nte_03214.jpg	0.009055	0.0269	0.5426	46.0	59.8	0.4348	854	356
nte_03214.jpg	0.049664	0.5453	0.6531	170.8	88.4	0.4016	854	356
nte_03218.jpg	0.003886	0.7098	0.2774	58.2	20.3	0.4270	854	356
nte_03219.jpg	0.357057	0.2352	0.6278	403.0	269.4	0.4937	854	356
nte_03219.jpg	0.002137	0.2752	0.2343	25.5	25.5	0.3672	854	356
nte_03220.jpg	0.058894	0.5086	0.6503	138.7	129.1	0.5288	854	356
nte_03220.jpg	0.000336	0.3834	0.2207	12.1	8.5	0.4683	854	356
nte_03221.jpg	0.056220	0.5043	0.6503	135.2	126.4	0.6587	854	356
nte_03221.jpg	0.000393	0.4078	0.2446	13.2	9.0	0.6431	854	356
nte_03222.jpg	0.052835	0.4984	0.6419	132.1	121.6	0.8306	854	356
nte_03222.jpg	0.000346	0.4477	0.2699	12.1	8.7	0.5713	854	356
nte_03223.jpg	0.057976	0.4973	0.6438	134.2	131.4	0.7822	854	356
nte_03224.jpg	0.059249	0.5000	0.6513	136.4	132.1	0.8643	854	356
nte_03224.jpg	0.000403	0.4453	0.3008	13.0	9.4	0.4028	854	356
nte_03224.jpg	0.001819	0.9828	0.3139	29.7	18.6	0.2856	854	356
nte_03225.jpg	0.055484	0.5016	0.6438	135.0	124.9	0.8604	854	356
nte_03225.jpg	0.000309	0.4414	0.3120	11.0	8.6	0.3164	854	356
nte_03226.jpg	0.056280	0.5020	0.6522	134.3	127.4	0.8496	854	356
nte_03227.jpg	0.066600	0.5027	0.6166	135.9	148.9	0.7812	854	356
nte_03227.jpg	0.000699	0.4320	0.3317	17.1	12.5	0.3345	854	356
nte_03227.jpg	0.000744	0.4180	0.3336	18.0	12.6	0.2913	854	356
nte_03227.jpg	0.000556	0.4012	0.3345	15.1	11.2	0.2690	854	356
nte_03228.jpg	0.054191	0.5047	0.6438	135.8	121.3	0.6455	854	356
nte_03228.jpg	0.001197	0.4242	0.3448	21.5	16.9	0.5513	854	356
nte_03228.jpg	0.001093	0.4023	0.3523	21.3	15.6	0.5127	854	356
nte_03228.jpg	0.000502	0.4520	0.3345	13.5	11.3	0.4592	854	356
nte_03228.jpg	0.004892	0.2104	0.3486	59.8	24.9	0.2783	854	356
nte_03229.jpg	0.056317	0.5039	0.6541	134.3	127.5	0.7900	854	356
nte_03229.jpg	0.001428	0.4266	0.3476	24.0	18.1	0.6138	854	356
nte_03229.jpg	0.007233	0.1889	0.3542	70.2	31.3	0.5938	854	356
nte_03229.jpg	0.001099	0.4035	0.3551	23.2	14.4	0.4893	854	356
nte_03229.jpg	0.003698	0.0178	0.3355	30.3	37.1	0.2847	854	356
nte_03230.jpg	0.010547	0.1492	0.3683	87.5	36.7	0.6963	854	356
nte_03230.jpg	0.001597	0.4090	0.3570	26.2	18.5	0.5425	854	356
nte_03230.jpg	0.001163	0.4332	0.3542	19.8	17.8	0.4780	854	356
nte_03231.jpg	0.017473	0.0912	0.3870	112.8	47.1	0.8589	854	356
nte_03231.jpg	0.058895	0.5094	0.6363	141.5	126.5	0.7144	854	356
nte_03231.jpg	0.003451	0.4242	0.3626	43.9	23.9	0.3865	854	356
nte_03231.jpg	0.001239	0.4527	0.3486	19.8	19.0	0.3645	854	356
nte_03231.jpg	0.001440	0.4387	0.3636	20.9	20.9	0.3518	854	356
nte_03232.jpg	0.056998	0.5082	0.6391	139.4	124.3	0.8418	854	356
nte_03232.jpg	0.012332	0.0390	0.4236	66.6	56.3	0.7339	854	356
nte_03232.jpg	0.002844	0.4258	0.3804	35.3	24.5	0.5786	854	356
nte_03232.jpg	0.001445	0.4492	0.3776	20.0	22.0	0.3215	854	356
nte_03233.jpg	0.005784	0.4375	0.4123	52.3	33.6	0.7812	854	356
nte_03233.jpg	0.060452	0.5004	0.6409	138.8	132.4	0.7251	854	356
nte_03233.jpg	0.001423	0.4082	0.3748	26.3	16.5	0.5034	854	356
nte_03234.jpg	0.056596	0.5012	0.6456	136.3	126.3	0.8281	854	356
nte_03234.jpg	0.006684	0.4340	0.4357	57.3	35.5	0.7861	854	356
nte_03234.jpg	0.002358	0.3963	0.3926	31.3	22.9	0.5073	854	356
nte_03235.jpg	0.051464	0.5004	0.6513	136.9	114.3	0.8315	854	356
nte_03235.jpg	0.008537	0.4152	0.4695	60.3	43.1	0.7334	854	356
nte_03235.jpg	0.004416	0.3801	0.4132	45.5	29.5	0.7061	854	356
nte_03236.jpg	0.018351	0.3938	0.5144	92.7	60.2	0.8247	854	356
nte_03236.jpg	0.056595	0.4988	0.6550	139.0	123.8	0.8115	854	356
nte_03236.jpg	0.005899	0.3463	0.4320	49.0	36.6	0.5688	854	356
nte_03237.jpg	0.093010	0.2896	0.6513	223.5	126.5	0.8730	854	356
nte_03237.jpg	0.054676	0.4992	0.6719	138.6	119.9	0.8516	854	356
nte_03237.jpg	0.016203	0.2701	0.4704	89.9	54.8	0.7559	854	356
nte_03237.jpg	0.002826	0.3404	0.4451	34.6	24.8	0.4443	854	356
nte_03237.jpg	0.000556	0.4191	0.4920	14.3	11.8	0.2876	854	356
nte_03238.jpg	0.065843	0.1108	0.5566	189.1	105.8	0.9175	854	356
nte_03238.jpg	0.054299	0.5055	0.6691	144.7	114.1	0.8794	854	356
nte_03238.jpg	0.013177	0.2600	0.5051	73.2	54.7	0.7871	854	356
nte_03238.jpg	0.003658	0.3432	0.5144	39.5	28.1	0.7241	854	356
nte_03238.jpg	0.001763	0.3734	0.5107	24.4	21.9	0.4070	854	356
nte_03238.jpg	0.001222	0.4012	0.5173	23.3	15.9	0.2825	854	356
nte_03238.jpg	0.002126	0.3090	0.5191	21.5	30.1	0.2795	854	356
nte_03239.jpg	0.062099	0.1131	0.5538	193.8	97.4	0.9141	854	356
nte_03239.jpg	0.060415	0.5094	0.6803	151.8	121.0	0.8594	854	356
nte_03239.jpg	0.011523	0.2705	0.5369	84.8	41.3	0.6685	854	356
nte_03239.jpg	0.005053	0.3393	0.5041	45.5	33.8	0.6216	854	356
nte_03240.jpg	0.056786	0.5102	0.6719	150.1	115.0	0.8638	854	356
nte_03240.jpg	0.042687	0.1521	0.5810	182.6	71.1	0.8145	854	356
nte_03240.jpg	0.012305	0.2900	0.5182	76.8	48.7	0.8120	854	356
nte_03240.jpg	0.004152	0.3527	0.5201	39.8	31.7	0.4985	854	356
nte_03241.jpg	0.055931	0.1439	0.5566	195.5	87.0	0.8804	854	356
nte_03241.jpg	0.052199	0.5078	0.6550	147.3	107.8	0.8696	854	356
nte_03241.jpg	0.008682	0.2916	0.5416	66.8	39.5	0.8130	854	356
nte_03241.jpg	0.005791	0.3477	0.5173	50.1	35.2	0.6963	854	356
nte_03242.jpg	0.052814	0.5063	0.6522	145.2	110.6	0.8960	854	356
nte_03242.jpg	0.040584	0.1437	0.5922	177.0	69.7	0.8906	854	356
nte_03242.jpg	0.014244	0.2953	0.5379	90.1	48.1	0.8003	854	356
nte_03242.jpg	0.000431	0.4469	0.4301	12.5	10.5	0.2800	854	356
nte_03242.jpg	0.000500	0.4242	0.4489	13.7	11.1	0.2722	854	356
nte_03243.jpg	0.050483	0.5023	0.6456	144.1	106.5	0.8623	854	356
nte_03243.jpg	0.055271	0.1451	0.5894	221.2	76.0	0.8574	854	356
nte_03243.jpg	0.000516	0.4469	0.4245	14.4	10.9	0.3381	854	356
nte_03244.jpg	0.054403	0.4922	0.6306	144.4	114.5	0.8003	854	356
nte_03244.jpg	0.002254	0.6203	0.4648	34.7	19.8	0.5449	854	356
nte_03244.jpg	0.000667	0.6898	0.4526	17.3	11.7	0.2930	854	356
nte_03245.jpg	0.049086	0.4930	0.6409	143.6	103.9	0.8027	854	356
nte_03246.jpg	0.052047	0.4898	0.6372	141.3	112.0	0.8208	854	356
nte_03246.jpg	0.007313	0.8242	0.4535	78.9	28.2	0.3318	854	356
nte_03246.jpg	0.025947	0.0554	0.4545	94.8	83.2	0.2607	854	356
nte_03247.jpg	0.057480	0.4926	0.6578	140.4	124.4	0.7651	854	356
nte_03247.jpg	0.001906	0.5375	0.3486	28.0	20.7	0.4666	854	356
nte_03248.jpg	0.058951	0.4953	0.6588	141.9	126.3	0.8174	854	356
nte_03249.jpg	0.059417	0.4973	0.6597	143.4	125.9	0.8228	854	356
nte_03249.jpg	0.000267	0.5426	0.3111	10.3	7.9	0.3010	854	356
nte_03250.jpg	0.057138	0.5012	0.6569	140.4	123.8	0.8545	854	356
nte_03250.jpg	0.000302	0.5063	0.2792	11.3	8.1	0.2649	854	356
nte_03251.jpg	0.056094	0.5004	0.6559	136.7	124.8	0.8037	854	356
nte_03252.jpg	0.058776	0.5016	0.6691	135.4	131.9	0.8364	854	356
nte_03253.jpg	0.053872	0.5012	0.6550	136.2	120.3	0.8511	854	356
nte_03253.jpg	0.004088	0.5523	0.4816	34.7	35.8	0.3982	854	356
nte_03254.jpg	0.052775	0.5031	0.6288	138.6	115.8	0.7861	854	356
nte_03255.jpg	0.054912	0.5008	0.6335	135.4	123.3	0.8315	854	356
nte_03256.jpg	0.057942	0.5082	0.6241	136.3	129.3	0.7651	854	356
nte_03257.jpg	0.057457	0.5020	0.6306	134.4	129.9	0.8057	854	356
nte_03257.jpg	0.000970	0.5684	0.3795	18.3	16.1	0.3037	854	356
nte_03258.jpg	0.056085	0.4996	0.6391	135.9	125.4	0.7983	854	356
nte_03258.jpg	0.001084	0.5766	0.3786	18.6	17.8	0.3730	854	356
nte_03259.jpg	0.056807	0.5023	0.6447	139.4	123.9	0.7246	854	356
nte_03259.jpg	0.001081	0.5855	0.3767	18.6	17.7	0.4272	854	356
nte_03260.jpg	0.058347	0.4871	0.6513	141.6	125.3	0.7437	854	356
nte_03260.jpg	0.001306	0.5969	0.3730	20.2	19.6	0.6040	854	356
nte_03261.jpg	0.002071	0.6090	0.3711	24.3	25.9	0.7192	854	356
nte_03261.jpg	0.062484	0.4824	0.6185	160.0	118.8	0.4800	854	356
nte_03262.jpg	0.002980	0.6184	0.3645	28.1	32.2	0.5537	854	356
nte_03262.jpg	0.067464	0.4875	0.6335	182.3	112.5	0.3413	854	356
nte_03263.jpg	0.067917	0.4887	0.6419	196.7	105.0	0.8047	854	356
nte_03263.jpg	0.003945	0.6250	0.3636	33.3	36.1	0.3135	854	356
nte_03264.jpg	0.071988	0.4918	0.6466	202.5	108.1	0.8330	854	356
nte_03264.jpg	0.006921	0.6270	0.3720	42.2	49.9	0.4980	854	356
nte_03265.jpg	0.013923	0.6227	0.3786	59.7	70.9	0.8481	854	356
nte_03265.jpg	0.072344	0.4945	0.6466	199.5	110.3	0.6426	854	356
nte_03266.jpg	0.033424	0.6055	0.3908	95.5	106.4	0.7847	854	356
nte_03267.jpg	0.042832	0.5852	0.3964	110.5	117.8	0.8525	854	356
nte_03268.jpg	0.086346	0.5012	0.6531	219.5	119.6	0.8848	854	356
nte_03268.jpg	0.040588	0.5715	0.3945	108.0	114.3	0.7734	854	356
nte_03269.jpg	0.091564	0.5074	0.6588	227.8	122.2	0.8984	854	356
nte_03269.jpg	0.044830	0.5609	0.3861	121.6	112.1	0.8174	854	356
nte_03270.jpg	0.092189	0.5070	0.6719	234.9	119.3	0.8667	854	356
nte_03270.jpg	0.058924	0.5309	0.3336	124.6	143.8	0.7642	854	356
nte_03270.jpg	0.000887	0.6016	0.3177	12.2	22.1	0.3308	854	356
nte_03271.jpg	0.091622	0.5078	0.6719	230.3	120.9	0.8970	854	356
nte_03271.jpg	0.070248	0.5043	0.3214	138.3	154.5	0.8457	854	356
nte_03272.jpg	0.085432	0.5055	0.6700	221.5	117.3	0.8569	854	356
nte_03272.jpg	0.000465	0.5973	0.3298	15.1	9.4	0.3196	854	356
nte_03273.jpg	0.084431	0.4941	0.6625	202.5	126.8	0.7930	854	356
nte_03273.jpg	0.074051	0.4258	0.4161	168.3	133.8	0.7295	854	356
nte_03273.jpg	0.119364	0.7719	0.5407	166.5	218.0	0.2910	854	356
nte_03274.jpg	0.085269	0.3848	0.4179	184.5	140.5	0.8320	854	356
nte_03274.jpg	0.077784	0.4906	0.6709	195.2	121.2	0.8091	854	356
nte_03274.jpg	0.000405	0.5590	0.3402	13.5	9.1	0.2710	854	356
nte_03275.jpg	0.107041	0.3463	0.4254	214.2	152.0	0.8091	854	356
nte_03275.jpg	0.087790	0.4957	0.6381	187.8	142.1	0.5850	854	356
nte_03276.jpg	0.157463	0.2852	0.4385	264.0	181.3	0.8887	854	356
nte_03277.jpg	0.231664	0.2146	0.4648	334.6	210.5	0.8921	854	356
nte_03277.jpg	0.067251	0.4957	0.6578	179.5	113.9	0.2642	854	356
nte_03278.jpg	0.056377	0.4879	0.6503	150.8	113.7	0.8691	854	356
nte_03278.jpg	0.316041	0.1921	0.4451	328.4	292.6	0.7891	854	356
nte_03279.jpg	0.352582	0.1768	0.4938	302.6	354.3	0.9180	854	356
nte_03279.jpg	0.051552	0.5012	0.6484	135.7	115.5	0.9053	854	356
nte_03279.jpg	0.000453	0.5137	0.3542	15.1	9.1	0.2839	854	356
nte_03280.jpg	0.334551	0.1677	0.4938	286.6	354.9	0.9106	854	356
nte_03280.jpg	0.160756	0.5711	0.6672	248.5	196.7	0.5811	854	356
nte_03281.jpg	0.324340	0.1623	0.5004	277.6	355.3	0.8916	854	356
nte_03281.jpg	0.064628	0.5145	0.6278	146.7	133.9	0.8096	854	356
nte_03281.jpg	0.001373	0.9742	0.9764	29.1	14.4	0.2974	854	356
nte_03282.jpg	0.081924	0.5113	0.5969	155.9	159.8	0.6611	854	356
nte_03282.jpg	0.205640	0.1033	0.4966	176.5	354.3	0.5952	854	356
nte_03283.jpg	0.058848	0.5082	0.6391	138.9	128.8	0.6465	854	356
nte_03284.jpg	0.050346	0.4996	0.6475	133.8	114.4	0.8667	854	356
nte_03285.jpg	0.050138	0.5000	0.6419	135.2	112.8	0.8730	854	356
nte_03286.jpg	0.053785	0.4957	0.6466	135.7	120.5	0.8340	854	356
nte_03286.jpg	0.025902	0.5703	0.4742	113.4	69.4	0.5244	854	356
nte_03287.jpg	0.054446	0.4926	0.6466	138.0	119.9	0.8208	854	356
nte_03287.jpg	0.000598	0.5941	0.3701	18.8	9.7	0.3694	854	356
nte_03288.jpg	0.052319	0.4941	0.6409	138.1	115.2	0.8125	854	356
nte_03288.jpg	0.000514	0.5883	0.3720	15.4	10.1	0.4014	854	356
nte_03289.jpg	0.060895	0.4957	0.6325	135.9	136.2	0.7812	854	356
nte_03289.jpg	0.000563	0.5773	0.3730	18.1	9.5	0.4958	854	356
nte_03289.jpg	0.002009	0.5641	0.4226	28.0	21.8	0.2583	854	356
nte_03290.jpg	0.058758	0.4965	0.6363	136.6	130.8	0.7905	854	356
nte_03290.jpg	0.000446	0.5805	0.3748	14.3	9.5	0.4683	854	356
nte_03290.jpg	0.000303	0.5703	0.3748	11.0	8.4	0.2546	854	356
nte_03291.jpg	0.052328	0.4945	0.6484	139.4	114.1	0.8564	854	356
nte_03291.jpg	0.000385	0.5695	0.3776	12.2	9.6	0.3389	854	356
nte_03291.jpg	0.000500	0.5832	0.3776	14.3	10.6	0.3044	854	356
nte_03292.jpg	0.000594	0.5793	0.3786	15.3	11.8	0.3530	854	356
nte_03292.jpg	0.066450	0.4906	0.6138	146.3	138.1	0.2712	854	356
nte_03293.jpg	0.059449	0.4910	0.6325	142.1	127.2	0.7695	854	356
nte_03293.jpg	0.000620	0.5523	0.3861	16.3	11.6	0.4583	854	356
nte_03293.jpg	0.000512	0.5688	0.3870	14.4	10.8	0.3127	854	356
nte_03294.jpg	0.057082	0.4969	0.6306	134.8	128.8	0.8198	854	356
nte_03294.jpg	0.000550	0.4945	0.3851	14.9	11.2	0.5923	854	356
nte_03295.jpg	0.057315	0.4980	0.6260	135.9	128.2	0.8223	854	356
nte_03295.jpg	0.000729	0.4855	0.3879	17.7	12.5	0.7114	854	356
nte_03295.jpg	0.000518	0.5074	0.3861	14.3	11.0	0.4302	854	356
nte_03296.jpg	0.051934	0.4980	0.6372	134.3	117.6	0.8599	854	356
nte_03296.jpg	0.000836	0.4789	0.3954	19.1	13.3	0.7305	854	356
nte_03296.jpg	0.000487	0.5043	0.3861	13.6	10.9	0.3823	854	356
nte_03296.jpg	0.000332	0.5184	0.3889	11.6	8.7	0.3735	854	356
nte_03297.jpg	0.050997	0.4969	0.6456	133.9	115.8	0.8491	854	356
nte_03297.jpg	0.000696	0.4973	0.3917	16.1	13.1	0.6167	854	356
nte_03297.jpg	0.001343	0.4648	0.4048	22.6	18.1	0.5684	854	356
nte_03297.jpg	0.000355	0.5145	0.3926	11.5	9.4	0.4221	854	356
nte_03298.jpg	0.051244	0.4969	0.6428	136.4	114.3	0.8652	854	356
nte_03298.jpg	0.002095	0.4410	0.4132	30.9	20.6	0.7305	854	356
nte_03298.jpg	0.001055	0.4871	0.3964	18.5	17.3	0.6523	854	356
nte_03298.jpg	0.000486	0.5078	0.3983	14.2	10.4	0.4336	854	356
nte_03299.jpg	0.053622	0.4988	0.6447	141.4	115.3	0.8418	854	356
nte_03299.jpg	0.004524	0.4082	0.4310	49.1	28.0	0.7930	854	356
nte_03299.jpg	0.001494	0.4746	0.4011	23.1	19.7	0.7061	854	356
nte_03299.jpg	0.002054	0.4969	0.3814	28.9	21.6	0.3049	854	356
nte_03300.jpg	0.050566	0.4977	0.6447	135.9	113.1	0.8486	854	356
nte_03300.jpg	0.010089	0.3516	0.4582	75.6	40.6	0.7539	854	356
nte_03300.jpg	0.002366	0.4594	0.4057	28.6	25.2	0.6816	854	356
nte_03300.jpg	0.004734	0.3730	0.3973	50.5	28.5	0.3198	854	356
nte_03300.jpg	0.001648	0.4859	0.3720	31.5	15.9	0.2661	854	356
nte_03301.jpg	0.063613	0.1555	0.5632	212.2	91.2	0.8521	854	356
nte_03301.jpg	0.051142	0.4969	0.6438	137.7	112.9	0.8325	854	356
nte_03301.jpg	0.003860	0.4414	0.4142	39.0	30.1	0.8120	854	356
nte_03301.jpg	0.000860	0.4785	0.4132	18.9	13.9	0.4312	854	356
nte_03301.jpg	0.000544	0.4961	0.4161	13.2	12.6	0.4009	854	356
nte_03302.jpg	0.048641	0.4953	0.6438	135.8	108.9	0.8540	854	356
nte_03302.jpg	0.009309	0.3922	0.4395	63.1	44.8	0.8325	854	356
nte_03302.jpg	0.001673	0.4582	0.4207	25.9	19.6	0.6704	854	356
nte_03302.jpg	0.000815	0.4871	0.4170	19.1	13.0	0.4436	854	356
nte_03303.jpg	0.034927	0.2924	0.4685	127.5	83.3	0.8647	854	356
nte_03303.jpg	0.051250	0.4969	0.6419	137.3	113.5	0.8267	854	356
nte_03303.jpg	0.003203	0.4363	0.4357	37.3	26.1	0.7583	854	356
nte_03303.jpg	0.000733	0.4824	0.4236	16.3	13.7	0.5420	854	356
nte_03303.jpg	0.000699	0.4664	0.4236	17.1	12.4	0.3464	854	356
nte_03304.jpg	0.076358	0.0899	0.6391	153.6	151.1	0.8906	854	356
nte_03304.jpg	0.049375	0.4977	0.6419	137.2	109.4	0.8345	854	356
nte_03304.jpg	0.006301	0.4039	0.4563	53.7	35.7	0.8228	854	356
nte_03304.jpg	0.001251	0.4551	0.4310	23.8	16.0	0.5078	854	356
nte_03304.jpg	0.000614	0.4793	0.4301	14.3	13.1	0.4475	854	356
nte_03305.jpg	0.053499	0.4996	0.6531	137.4	118.3	0.8696	854	356
nte_03305.jpg	0.032304	0.2893	0.5173	140.5	69.9	0.8682	854	356
nte_03305.jpg	0.002859	0.4281	0.4507	34.5	25.2	0.6919	854	356
nte_03305.jpg	0.004103	0.2367	0.4638	47.0	26.5	0.4885	854	356
nte_03305.jpg	0.001158	0.4680	0.4404	21.9	16.1	0.3232	854	356
nte_03306.jpg	0.052086	0.5016	0.6456	138.2	114.6	0.8691	854	356
nte_03306.jpg	0.008702	0.3857	0.4845	68.2	38.8	0.7788	854	356
nte_03306.jpg	0.003375	0.4484	0.4535	40.9	25.1	0.7432	854	356
nte_03306.jpg	0.001535	0.4633	0.4489	19.6	23.9	0.3611	854	356
nte_03307.jpg	0.054540	0.2420	0.5885	198.8	83.4	0.8872	854	356
nte_03307.jpg	0.048260	0.4977	0.6409	136.3	107.7	0.8735	854	356
nte_03307.jpg	0.006101	0.4164	0.4788	53.2	34.9	0.7969	854	356
nte_03307.jpg	0.002421	0.4504	0.4610	26.7	27.5	0.7207	854	356
nte_03307.jpg	0.004602	0.5164	0.4573	49.7	28.1	0.3467	854	356
nte_03308.jpg	0.049300	0.4977	0.6438	136.8	109.6	0.8936	854	356
nte_03308.jpg	0.040895	0.2975	0.5632	155.5	80.0	0.8828	854	356
nte_03308.jpg	0.006762	0.4109	0.4826	49.7	41.3	0.8184	854	356
nte_03309.jpg	0.050860	0.2635	0.5426	163.2	94.7	0.8770	854	356
nte_03309.jpg	0.060596	0.4949	0.5922	136.3	135.2	0.7803	854	356
nte_03310.jpg	0.044862	0.4980	0.6400	134.3	101.6	0.8618	854	356
nte_03311.jpg	0.046637	0.4996	0.6222	137.1	103.4	0.7944	854	356
nte_03311.jpg	0.000488	0.4980	0.3983	13.6	10.9	0.3408	854	356
nte_03312.jpg	0.047911	0.4992	0.6166	133.9	108.8	0.8003	854	356
nte_03313.jpg	0.046804	0.5016	0.6381	134.8	105.6	0.8662	854	356
nte_03313.jpg	0.000764	0.1926	0.3664	21.3	10.9	0.3665	854	356
nte_03314.jpg	0.059271	0.5016	0.6288	137.3	131.3	0.7988	854	356
nte_03314.jpg	0.001171	0.1467	0.3655	30.3	11.8	0.3875	854	356
nte_03314.jpg	0.000600	0.4930	0.3908	14.8	12.3	0.2527	854	356
nte_03315.jpg	0.066973	0.5039	0.6203	135.9	149.8	0.7935	854	356
nte_03316.jpg	0.060203	0.5094	0.6438	139.6	131.1	0.8228	854	356
nte_03316.jpg	0.008122	0.5051	0.3870	57.4	43.0	0.5859	854	356
nte_03317.jpg	0.053502	0.5016	0.6475	133.8	121.6	0.8848	854	356
nte_03317.jpg	0.000724	0.4734	0.4732	23.0	9.5	0.2771	854	356
nte_03318.jpg	0.049122	0.5020	0.6438	133.4	111.9	0.9009	854	356
nte_03319.jpg	0.048231	0.5004	0.6522	133.6	109.8	0.9004	854	356
nte_03320.jpg	0.048670	0.4996	0.6559	132.6	111.6	0.8867	854	356
nte_03320.jpg	0.000957	0.5020	0.4676	28.5	10.2	0.4058	854	356
nte_03321.jpg	0.049381	0.4992	0.6850	132.9	113.0	0.8560	854	356
nte_03321.jpg	0.009699	0.4324	0.5472	64.1	46.0	0.7783	854	356
nte_03321.jpg	0.002373	0.4961	0.4995	34.4	21.0	0.6992	854	356
nte_03322.jpg	0.196259	0.1838	0.7281	313.2	190.5	0.9141	854	356
nte_03322.jpg	0.045541	0.4879	0.6269	144.6	95.7	0.8359	854	356
nte_03323.jpg	0.052463	0.4898	0.6344	163.5	97.6	0.8750	854	356
nte_03323.jpg	0.022024	0.3846	0.5379	109.1	61.4	0.7793	854	356
nte_03323.jpg	0.002309	0.4688	0.4891	34.5	20.3	0.5840	854	356
nte_03324.jpg	0.052854	0.4949	0.6381	167.0	96.2	0.8887	854	356
nte_03324.jpg	0.014404	0.3648	0.5276	91.3	48.0	0.8584	854	356
nte_03325.jpg	0.047015	0.4945	0.6288	145.9	98.0	0.8657	854	356
nte_03326.jpg	0.046212	0.4965	0.6419	134.8	104.2	0.8501	854	356
nte_03327.jpg	0.048016	0.4953	0.6316	134.4	108.6	0.8472	854	356
nte_03328.jpg	0.049971	0.4953	0.6250	135.4	112.2	0.5728	854	356
nte_03329.jpg	0.067665	0.4918	0.6559	152.5	134.9	0.6147	854	356
nte_03332.jpg	0.051299	0.5148	0.6559	137.6	113.3	0.8525	854	356
nte_03333.jpg	0.049826	0.5145	0.6428	146.4	103.5	0.8511	854	356
nte_03334.jpg	0.055118	0.5109	0.6588	150.3	111.5	0.8979	854	356
nte_03335.jpg	0.044152	0.5047	0.6438	135.9	98.7	0.8813	854	356
nte_03336.jpg	0.047080	0.4988	0.6391	132.0	108.4	0.7852	854	356
nte_03337.jpg	0.050314	0.4988	0.6316	133.1	114.9	0.8057	854	356
nte_03338.jpg	0.049903	0.4980	0.6513	134.9	112.5	0.8628	854	356
nte_03339.jpg	0.046867	0.5023	0.6466	134.1	106.2	0.7798	854	356
nte_03340.jpg	0.049049	0.5023	0.6456	133.4	111.8	0.8535	854	356
nte_03341.jpg	0.049172	0.4980	0.6363	133.8	111.8	0.8457	854	356
nte_03342.jpg	0.050921	0.4973	0.6541	133.4	116.1	0.8599	854	356
nte_03343.jpg	0.050452	0.4992	0.6606	136.4	112.4	0.8032	854	356
nte_03344.jpg	0.046422	0.4977	0.6438	132.9	106.2	0.8574	854	356
nte_03344.jpg	0.001026	0.4168	0.4198	21.3	14.6	0.2603	854	356
nte_03345.jpg	0.056194	0.4980	0.6766	134.8	126.8	0.8643	854	356
nte_03345.jpg	0.002394	0.6414	0.4142	35.7	20.4	0.2625	854	356
nte_03346.jpg	0.051377	0.4961	0.6625	140.6	111.1	0.8755	854	356
nte_03346.jpg	0.003633	0.6652	0.4282	43.3	25.5	0.2761	854	356
nte_03347.jpg	0.049477	0.4973	0.6550	142.7	105.4	0.8687	854	356
nte_03347.jpg	0.000584	0.3574	0.4592	16.7	10.6	0.3406	854	356
nte_03347.jpg	0.001257	0.3783	0.4460	22.1	17.3	0.3210	854	356
nte_03348.jpg	0.051739	0.4996	0.6606	145.2	108.3	0.8521	854	356
nte_03349.jpg	0.055551	0.5000	0.6691	148.0	114.1	0.8398	854	356
nte_03350.jpg	0.053238	0.5043	0.6663	147.7	109.6	0.8940	854	356
nte_03351.jpg	0.055214	0.5043	0.6663	151.5	110.8	0.8853	854	356
nte_03352.jpg	0.062114	0.5047	0.6634	154.0	122.6	0.7510	854	356
nte_03353.jpg	0.072230	0.5035	0.6700	155.6	141.1	0.7661	854	356
nte_03354.jpg	0.061658	0.5031	0.6841	154.0	121.8	0.8447	854	356
nte_03355.jpg	0.068935	0.5051	0.6831	157.5	133.1	0.8325	854	356
nte_03356.jpg	0.076471	0.4992	0.6869	158.1	147.0	0.8462	854	356
nte_03357.jpg	0.069818	0.4992	0.6691	156.0	136.1	0.8540	854	356
nte_03358.jpg	0.060823	0.5031	0.6597	152.3	121.4	0.8286	854	356
nte_03359.jpg	0.061206	0.5039	0.6550	151.8	122.6	0.8594	854	356
nte_03360.jpg	0.058069	0.5113	0.6578	153.3	115.2	0.8438	854	356
nte_03360.jpg	0.000867	0.5984	0.4629	23.1	11.4	0.2822	854	356
nte_03361.jpg	0.077926	0.5063	0.6522	203.5	116.4	0.8975	854	356
nte_03362.jpg	0.102222	0.4461	0.6700	311.6	99.7	0.9004	854	356
nte_03363.jpg	0.115422	0.4359	0.6672	325.9	107.7	0.9053	854	356
nte_03364.jpg	0.104637	0.4383	0.6653	317.1	100.3	0.8779	854	356
nte_03365.jpg	0.061616	0.5047	0.6428	168.6	111.1	0.7666	854	356
nte_03366.jpg	0.021710	0.4414	0.5810	97.8	67.5	0.8901	854	356
nte_03366.jpg	0.005931	0.7465	0.4910	81.4	22.1	0.4312	854	356
nte_03367.jpg	0.140001	0.5141	0.7103	252.5	168.5	0.8872	854	356
nte_03369.jpg	0.193844	0.1041	0.4826	177.6	331.8	0.2969	854	356
nte_03371.jpg	0.458058	0.6121	0.7103	673.9	206.7	0.3701	854	356
nte_03372.jpg	0.206167	0.1103	0.5116	188.6	332.3	0.3816	854	356
nte_03373.jpg	0.210180	0.1131	0.5098	193.5	330.3	0.4600	854	356
nte_03382.jpg	0.655298	0.6047	0.6185	715.2	278.6	0.4863	854	356
nte_03388.jpg	0.048109	0.5051	0.6522	141.8	103.2	0.9033	854	356
nte_03389.jpg	0.048591	0.5051	0.6513	142.3	103.8	0.8872	854	356
nte_03390.jpg	0.054079	0.5039	0.6625	142.4	115.4	0.8760	854	356
nte_03390.jpg	0.004171	0.8281	0.5144	56.6	22.4	0.4651	854	356
nte_03390.jpg	0.000328	0.4480	0.4929	13.1	7.6	0.3264	854	356
nte_03391.jpg	0.057611	0.5043	0.6541	145.9	120.0	0.8584	854	356
nte_03391.jpg	0.000588	0.4379	0.4657	16.2	11.0	0.6650	854	356
nte_03392.jpg	0.053048	0.5043	0.6559	143.8	112.2	0.8228	854	356
nte_03392.jpg	0.000646	0.4324	0.4479	16.3	12.1	0.5039	854	356
nte_03392.jpg	0.000945	0.3123	0.4264	21.4	13.4	0.2520	854	356
nte_03393.jpg	0.057065	0.5039	0.6447	144.4	120.2	0.7915	854	356
nte_03393.jpg	0.000929	0.4258	0.4554	19.4	14.5	0.7739	854	356
nte_03394.jpg	0.001563	0.4281	0.4592	25.4	18.7	0.7993	854	356
nte_03394.jpg	0.060527	0.5027	0.6513	143.3	128.4	0.7563	854	356
nte_03394.jpg	0.000548	0.4508	0.4442	14.5	11.5	0.3469	854	356
nte_03395.jpg	0.003181	0.4246	0.4676	37.9	25.5	0.8213	854	356
nte_03395.jpg	0.056078	0.4992	0.6634	144.8	117.8	0.8145	854	356
nte_03395.jpg	0.000763	0.4688	0.4460	16.6	14.0	0.6206	854	356
nte_03395.jpg	0.000819	0.2883	0.4451	20.5	12.1	0.3032	854	356
nte_03396.jpg	0.013267	0.3502	0.5079	85.1	47.4	0.8740	854	356
nte_03396.jpg	0.052923	0.4996	0.6644	142.3	113.1	0.7891	854	356
nte_03396.jpg	0.001030	0.4574	0.4470	20.4	15.4	0.7534	854	356
nte_03397.jpg	0.051894	0.5004	0.6531	140.4	112.3	0.8716	854	356
nte_03397.jpg	0.001573	0.4426	0.4545	25.5	18.7	0.7783	854	356
nte_03397.jpg	0.103521	0.1209	0.6906	206.0	152.8	0.7773	854	356
nte_03397.jpg	0.000598	0.4598	0.4479	13.3	13.6	0.4045	854	356
nte_03398.jpg	0.061615	0.5008	0.6681	139.9	133.9	0.8301	854	356
nte_03398.jpg	0.003240	0.4187	0.4657	37.7	26.1	0.7998	854	356
nte_03398.jpg	0.001182	0.4461	0.4498	20.8	17.3	0.7666	854	356
nte_03398.jpg	0.000628	0.4590	0.4395	14.2	13.5	0.3591	854	356
nte_03399.jpg	0.010817	0.3730	0.4891	76.0	43.3	0.8535	854	356
nte_03399.jpg	0.091376	0.5320	0.6260	199.8	139.0	0.7725	854	356
nte_03399.jpg	0.002639	0.4430	0.4451	32.8	24.5	0.7603	854	356
nte_03399.jpg	0.000954	0.4691	0.4282	18.9	15.3	0.7090	854	356
nte_03400.jpg	0.006538	0.4125	0.4610	57.3	34.7	0.7925	854	356
nte_03400.jpg	0.001669	0.4586	0.4264	27.1	18.7	0.5869	854	356
nte_03400.jpg	0.000789	0.4703	0.4236	14.2	16.9	0.3723	854	356
nte_03400.jpg	0.065859	0.5035	0.6278	152.0	131.8	0.3091	854	356
nte_03401.jpg	0.044791	0.2898	0.5538	162.8	83.6	0.8857	854	356
nte_03401.jpg	0.003159	0.4305	0.4442	36.7	26.1	0.6587	854	356
nte_03401.jpg	0.001293	0.4609	0.4161	20.9	18.8	0.5898	854	356
nte_03401.jpg	0.053601	0.4965	0.6559	140.8	115.8	0.5767	854	356
nte_03402.jpg	0.011878	0.3645	0.4901	77.6	46.5	0.8281	854	356
nte_03402.jpg	0.065255	0.5004	0.6691	142.4	139.3	0.7109	854	356
nte_03402.jpg	0.002297	0.4406	0.4292	30.8	22.6	0.6855	854	356
nte_03402.jpg	0.018225	0.8281	0.3983	119.9	46.2	0.4424	854	356
nte_03402.jpg	0.002123	0.4102	0.4676	22.9	28.2	0.2903	854	356
nte_03403.jpg	0.058142	0.4992	0.6503	138.4	127.7	0.8423	854	356
nte_03403.jpg	0.134506	0.1428	0.7609	244.2	167.5	0.8120	854	356
nte_03403.jpg	0.005802	0.3988	0.4554	52.9	33.4	0.7559	854	356
nte_03404.jpg	0.094939	0.2018	0.6072	241.9	119.3	0.8174	854	356
nte_03404.jpg	0.058982	0.5051	0.6466	142.1	126.2	0.7886	854	356
nte_03404.jpg	0.002409	0.4156	0.4310	32.2	22.7	0.7720	854	356
nte_03405.jpg	0.005426	0.3826	0.4610	46.2	35.7	0.8169	854	356
nte_03405.jpg	0.059595	0.5051	0.6522	143.8	126.0	0.7993	854	356
nte_03406.jpg	0.061916	0.5086	0.6709	146.3	128.7	0.8838	854	356
nte_03406.jpg	0.058598	0.2469	0.5978	169.1	105.3	0.8726	854	356
nte_03408.jpg	0.060704	0.5086	0.6578	161.3	114.4	0.7930	854	356
nte_03409.jpg	0.063306	0.5082	0.6625	160.7	119.8	0.8145	854	356
nte_03410.jpg	0.060484	0.5105	0.6766	143.4	128.3	0.7500	854	356
nte_03411.jpg	0.063829	0.5109	0.6869	143.3	135.4	0.6133	854	356
nte_03412.jpg	0.065831	0.5090	0.6803	153.0	130.9	0.8169	854	356
nte_03413.jpg	0.075299	0.5113	0.6756	155.8	146.9	0.6870	854	356
nte_03416.jpg	0.092186	0.4926	0.7028	159.9	175.3	0.4797	854	356
nte_03417.jpg	0.070816	0.5078	0.6990	155.0	138.9	0.8867	854	356
nte_03418.jpg	0.081019	0.5063	0.6990	169.0	145.8	0.8892	854	356
nte_03419.jpg	0.085636	0.5074	0.6897	168.4	154.6	0.7925	854	356
nte_03420.jpg	0.076862	0.5059	0.6859	165.8	140.9	0.7310	854	356
nte_03421.jpg	0.067536	0.5047	0.6803	154.5	132.9	0.8662	854	356
nte_03422.jpg	0.069246	0.4941	0.6775	152.6	137.9	0.8267	854	356
nte_03423.jpg	0.069418	0.4984	0.6841	150.5	140.3	0.7954	854	356
nte_03424.jpg	0.061584	0.4930	0.6681	145.8	128.4	0.8247	854	356
nte_03425.jpg	0.078045	0.4926	0.6878	166.4	142.6	0.8062	854	356
nte_03426.jpg	0.074408	0.4887	0.6438	155.6	145.4	0.6592	854	356
nte_03427.jpg	0.063282	0.4992	0.6700	144.4	133.3	0.8589	854	356
nte_03428.jpg	0.073357	0.5094	0.6775	160.7	138.8	0.3811	854	356
nte_03429.jpg	0.068440	0.4973	0.6794	147.3	141.3	0.6436	854	356
nte_03430.jpg	0.066686	0.4977	0.6559	144.5	140.3	0.6948	854	356
nte_03431.jpg	0.065312	0.4996	0.6663	147.7	134.4	0.7710	854	356
nte_03432.jpg	0.074351	0.5055	0.6784	152.8	147.9	0.8003	854	356
nte_03433.jpg	0.068357	0.5035	0.6663	148.9	139.5	0.8198	854	356
nte_03434.jpg	0.061922	0.4992	0.6653	139.9	134.6	0.7925	854	356
nte_03435.jpg	0.067518	0.5043	0.6756	142.0	144.5	0.7944	854	356
nte_03436.jpg	0.058772	0.5082	0.6672	138.9	128.6	0.8779	854	356
nte_03437.jpg	0.056977	0.5051	0.6578	139.8	123.9	0.8652	854	356
nte_03438.jpg	0.055321	0.5023	0.6297	137.9	121.9	0.8701	854	356
nte_03438.jpg	0.000491	0.4039	0.4292	14.7	10.2	0.3411	854	356
nte_03438.jpg	0.000770	0.4414	0.4217	17.5	13.4	0.2563	854	356
nte_03439.jpg	0.052547	0.4980	0.6428	135.9	117.6	0.8755	854	356
nte_03439.jpg	0.000371	0.4441	0.4320	11.5	9.8	0.3591	854	356
nte_03440.jpg	0.060435	0.4973	0.6663	139.5	131.7	0.8477	854	356
nte_03440.jpg	0.000993	0.4148	0.4451	18.9	16.0	0.5088	854	356
nte_03440.jpg	0.000396	0.4340	0.4292	12.7	9.5	0.2734	854	356
nte_03441.jpg	0.055252	0.4984	0.6634	139.8	120.2	0.8647	854	356
nte_03441.jpg	0.002899	0.3180	0.4489	39.3	22.4	0.7686	854	356
nte_03441.jpg	0.000764	0.4199	0.4310	17.6	13.2	0.3748	854	356
nte_03441.jpg	0.000612	0.3873	0.4507	15.6	11.9	0.3452	854	356
nte_03442.jpg	0.054481	0.5000	0.6597	139.3	118.9	0.8667	854	356
nte_03442.jpg	0.006140	0.2443	0.4620	63.6	29.4	0.7280	854	356
nte_03442.jpg	0.001451	0.4059	0.4367	23.1	19.1	0.5186	854	356
nte_03442.jpg	0.000539	0.3789	0.4376	14.2	11.6	0.3022	854	356
nte_03442.jpg	0.000450	0.4719	0.4226	14.3	9.6	0.2673	854	356
nte_03443.jpg	0.057178	0.5008	0.6709	137.9	126.1	0.8428	854	356
nte_03443.jpg	0.024234	0.0807	0.5060	137.6	53.5	0.6987	854	356
nte_03443.jpg	0.001365	0.3865	0.4357	24.4	17.0	0.5166	854	356
nte_03443.jpg	0.001226	0.3545	0.4432	23.2	16.1	0.3989	854	356
nte_03443.jpg	0.004646	0.1789	0.5144	58.5	24.1	0.3147	854	356
nte_03444.jpg	0.051021	0.5004	0.6597	137.8	112.6	0.8672	854	356
nte_03444.jpg	0.006008	0.3250	0.4498	62.0	29.4	0.5806	854	356
nte_03444.jpg	0.000334	0.4465	0.4198	10.5	9.6	0.4028	854	356
nte_03445.jpg	0.053963	0.5012	0.6616	135.9	120.8	0.8750	854	356
nte_03446.jpg	0.054635	0.5000	0.6691	137.4	120.9	0.8540	854	356
nte_03446.jpg	0.000367	0.4445	0.4236	12.0	9.3	0.2825	854	356
nte_03447.jpg	0.054838	0.5000	0.6625	138.4	120.4	0.8501	854	356
nte_03447.jpg	0.000452	0.4387	0.4236	13.6	10.1	0.4780	854	356
nte_03448.jpg	0.055026	0.5000	0.6606	136.3	122.8	0.8623	854	356
nte_03448.jpg	0.000458	0.4332	0.4264	14.5	9.6	0.5195	854	356
nte_03449.jpg	0.055938	0.5000	0.6681	137.7	123.5	0.8618	854	356
nte_03449.jpg	0.000613	0.4285	0.4254	17.2	10.8	0.5469	854	356
nte_03450.jpg	0.051210	0.4996	0.6597	137.8	113.0	0.8779	854	356
nte_03450.jpg	0.000571	0.4145	0.4292	15.6	11.1	0.3108	854	356
nte_03451.jpg	0.052562	0.5000	0.6634	134.9	118.4	0.8867	854	356
nte_03451.jpg	0.000776	0.3988	0.4320	18.8	12.6	0.4680	854	356
nte_03451.jpg	0.000699	0.4211	0.4282	18.3	11.6	0.2805	854	356
nte_03452.jpg	0.056006	0.4992	0.6756	137.9	123.5	0.8755	854	356
nte_03452.jpg	0.000935	0.3766	0.4357	21.3	13.3	0.4822	854	356
nte_03453.jpg	0.052318	0.4996	0.6569	137.6	115.6	0.8940	854	356
nte_03453.jpg	0.001359	0.3494	0.4395	28.4	14.6	0.4275	854	356
nte_03453.jpg	0.000480	0.4852	0.4282	13.0	11.2	0.3525	854	356
nte_03454.jpg	0.052594	0.4996	0.6634	135.7	117.8	0.8862	854	356
nte_03454.jpg	0.004378	0.2955	0.4442	50.7	26.3	0.5127	854	356
nte_03455.jpg	0.058454	0.5008	0.6794	139.3	127.6	0.8516	854	356
nte_03455.jpg	0.012636	0.1887	0.4592	97.1	39.6	0.7979	854	356
nte_03455.jpg	0.005535	0.5020	0.4667	62.5	26.9	0.3672	854	356
nte_03456.jpg	0.056109	0.4992	0.6691	141.9	120.2	0.8667	854	356
nte_03457.jpg	0.059194	0.5004	0.6737	146.2	123.1	0.8530	854	356
nte_03458.jpg	0.061289	0.5016	0.6569	148.9	125.1	0.6621	854	356
nte_03459.jpg	0.062569	0.4992	0.6756	155.0	122.8	0.8208	854	356
nte_03459.jpg	0.017656	0.4016	0.4489	73.0	73.6	0.5146	854	356
nte_03460.jpg	0.073431	0.5008	0.6475	154.3	144.7	0.8188	854	356
nte_03461.jpg	0.076700	0.5020	0.6616	159.0	146.7	0.8257	854	356
nte_03461.jpg	0.000415	0.4785	0.4282	13.0	9.7	0.3403	854	356
nte_03462.jpg	0.070249	0.5020	0.6869	159.5	133.9	0.8618	854	356
nte_03462.jpg	0.000307	0.4793	0.4292	10.7	8.7	0.2683	854	356
nte_03463.jpg	0.070163	0.5008	0.6878	162.3	131.4	0.8687	854	356
nte_03464.jpg	0.071322	0.5008	0.6906	161.8	134.0	0.8525	854	356
nte_03465.jpg	0.075113	0.5012	0.6887	162.8	140.3	0.8501	854	356
nte_03465.jpg	0.000375	0.4566	0.4329	12.7	9.0	0.3909	854	356
nte_03466.jpg	0.072342	0.5008	0.6972	163.3	134.7	0.8433	854	356
nte_03466.jpg	0.000430	0.4484	0.4348	12.9	10.1	0.5210	854	356
nte_03466.jpg	0.000423	0.4543	0.4320	13.8	9.4	0.2527	854	356
nte_03467.jpg	0.075458	0.5012	0.6944	164.1	139.8	0.8535	854	356
nte_03467.jpg	0.000530	0.4402	0.4357	15.2	10.6	0.4551	854	356
nte_03467.jpg	0.000320	0.4547	0.4301	11.3	8.6	0.3298	854	356
nte_03468.jpg	0.074559	0.5012	0.7009	164.6	137.7	0.8569	854	356
nte_03468.jpg	0.000532	0.4434	0.4339	14.3	11.3	0.5312	854	356
nte_03468.jpg	0.000968	0.4262	0.4414	20.6	14.3	0.5151	854	356
nte_03468.jpg	0.007306	0.5043	0.4704	69.2	32.1	0.3372	854	356
nte_03468.jpg	0.000247	0.4574	0.4310	9.7	7.7	0.3242	854	356
nte_03469.jpg	0.076789	0.5012	0.7075	166.1	140.5	0.8589	854	356
nte_03469.jpg	0.001712	0.4070	0.4470	28.6	18.2	0.6577	854	356
nte_03469.jpg	0.000727	0.4328	0.4339	18.3	12.1	0.6021	854	356
nte_03469.jpg	0.000270	0.4520	0.4254	11.0	7.5	0.3577	854	356
nte_03469.jpg	0.019220	0.5281	0.4929	117.8	49.6	0.2961	854	356
nte_03470.jpg	0.076671	0.5020	0.7009	168.9	138.0	0.8286	854	356
nte_03470.jpg	0.003371	0.3730	0.4563	44.4	23.1	0.7686	854	356
nte_03470.jpg	0.001282	0.4168	0.4367	25.1	15.5	0.6958	854	356
nte_03470.jpg	0.000311	0.4441	0.4264	11.4	8.3	0.4138	854	356
nte_03471.jpg	0.075651	0.5023	0.7028	164.0	140.3	0.8604	854	356
nte_03471.jpg	0.014677	0.2758	0.4891	101.9	43.8	0.8506	854	356
nte_03471.jpg	0.002823	0.3840	0.4442	38.5	22.3	0.7695	854	356
nte_03471.jpg	0.000564	0.4301	0.4254	15.5	11.1	0.6626	854	356
nte_03472.jpg	0.073649	0.5035	0.6925	162.1	138.1	0.8491	854	356
nte_03472.jpg	0.006434	0.3357	0.4582	62.5	31.3	0.7632	854	356
nte_03472.jpg	0.000889	0.4172	0.4273	21.0	12.9	0.5591	854	356
nte_03473.jpg	0.071807	0.5023	0.6822	156.4	139.6	0.8184	854	356
nte_03473.jpg	0.001707	0.3902	0.4376	30.9	16.8	0.7466	854	356
nte_03473.jpg	0.044272	0.1607	0.5407	189.3	71.1	0.7202	854	356
nte_03474.jpg	0.064138	0.5027	0.6709	152.6	127.8	0.8511	854	356
nte_03474.jpg	0.003084	0.3520	0.4535	41.9	22.4	0.7568	854	356
nte_03475.jpg	0.060911	0.4961	0.6756	148.0	125.1	0.8613	854	356
nte_03475.jpg	0.017768	0.2393	0.5013	118.1	45.7	0.6357	854	356
nte_03476.jpg	0.061776	0.4961	0.6634	146.6	128.1	0.8726	854	356
nte_03477.jpg	0.056781	0.4969	0.6644	144.4	119.5	0.8730	854	356
nte_03478.jpg	0.053478	0.4898	0.6625	149.6	108.7	0.8525	854	356
nte_03479.jpg	0.055325	0.4871	0.6531	149.6	112.4	0.7109	854	356
nte_03480.jpg	0.054047	0.4969	0.6419	144.4	113.8	0.7417	854	356
nte_03481.jpg	0.055609	0.5039	0.6550	140.8	120.1	0.8003	854	356
nte_03481.jpg	0.000432	0.4621	0.3954	13.1	10.0	0.3062	854	356
nte_03481.jpg	0.006121	0.4438	0.3523	47.5	39.2	0.2544	854	356
nte_03482.jpg	0.059402	0.5055	0.6260	142.3	126.9	0.5430	854	356
nte_03482.jpg	0.000497	0.4563	0.3983	14.6	10.4	0.3894	854	356
nte_03483.jpg	0.063344	0.5023	0.6203	139.4	138.1	0.7944	854	356
nte_03483.jpg	0.000825	0.4496	0.4039	18.5	13.6	0.4963	854	356
nte_03484.jpg	0.061465	0.5000	0.6316	141.3	132.3	0.8232	854	356
nte_03484.jpg	0.001491	0.4437	0.4114	26.3	17.3	0.4885	854	356
nte_03484.jpg	0.007754	0.4371	0.3476	53.3	44.2	0.3032	854	356
nte_03485.jpg	0.062138	0.4945	0.6213	144.3	130.9	0.7979	854	356
nte_03485.jpg	0.001855	0.4211	0.4217	27.9	20.2	0.7139	854	356
nte_03485.jpg	0.000909	0.4445	0.4132	18.2	15.2	0.5635	854	356
nte_03486.jpg	0.005984	0.3598	0.4507	53.7	33.9	0.8408	854	356
nte_03486.jpg	0.056515	0.4949	0.6297	141.1	121.8	0.8398	854	356
nte_03486.jpg	0.001948	0.4156	0.4245	30.0	19.7	0.7871	854	356
nte_03487.jpg	0.051416	0.4965	0.6428	140.6	111.2	0.8413	854	356
nte_03487.jpg	0.044566	0.1621	0.5491	178.1	76.1	0.8174	854	356
nte_03487.jpg	0.004387	0.3705	0.4432	48.0	27.8	0.7930	854	356
nte_03488.jpg	0.049034	0.5016	0.6438	137.6	108.3	0.8779	854	356
nte_03488.jpg	0.013421	0.2889	0.4798	92.5	44.1	0.6895	854	356
nte_03489.jpg	0.048022	0.5012	0.6409	136.0	107.3	0.8608	854	356
nte_03489.jpg	0.043869	0.0858	0.5866	146.4	91.1	0.6230	854	356
nte_03490.jpg	0.049142	0.5070	0.6438	136.4	109.5	0.8770	854	356
nte_03491.jpg	0.047354	0.5047	0.6484	135.6	106.2	0.8950	854	356
nte_03492.jpg	0.047255	0.5055	0.6438	135.9	105.7	0.8755	854	356
nte_03493.jpg	0.048738	0.5008	0.6494	135.9	109.0	0.8740	854	356
nte_03493.jpg	0.004973	0.5613	0.5707	37.9	39.9	0.3604	854	356
nte_03494.jpg	0.049521	0.4984	0.6513	135.9	110.8	0.8555	854	356
nte_03494.jpg	0.007527	0.4379	0.5510	46.1	49.6	0.2920	854	356
nte_03495.jpg	0.050814	0.4992	0.6531	135.6	113.9	0.8940	854	356
nte_03496.jpg	0.050849	0.5059	0.6522	137.1	112.8	0.8862	854	356
nte_03496.jpg	0.003848	0.3906	0.3673	39.1	29.9	0.4033	854	356
nte_03497.jpg	0.058802	0.5102	0.6278	137.9	129.6	0.7725	854	356
nte_03497.jpg	0.004127	0.3922	0.3645	41.4	30.3	0.4451	854	356
nte_03498.jpg	0.052432	0.4965	0.6541	137.6	115.8	0.8403	854	356
nte_03498.jpg	0.004175	0.4430	0.3645	43.5	29.2	0.2661	854	356
nte_03499.jpg	0.054346	0.4988	0.6438	140.1	117.9	0.8452	854	356
nte_03500.jpg	0.051777	0.5027	0.6597	137.3	114.7	0.8198	854	356
nte_03500.jpg	0.000401	0.4445	0.3954	12.7	9.6	0.6255	854	356
nte_03501.jpg	0.055656	0.4992	0.6616	137.3	123.3	0.8120	854	356
nte_03501.jpg	0.002314	0.5594	0.4451	31.6	22.3	0.2954	854	356
nte_03501.jpg	0.000630	0.3664	0.3992	18.1	10.6	0.2949	854	356
nte_03501.jpg	0.000420	0.4363	0.3964	13.2	9.7	0.2761	854	356
nte_03502.jpg	0.059117	0.5039	0.6456	137.4	130.8	0.8325	854	356
nte_03502.jpg	0.000518	0.4273	0.3992	14.1	11.2	0.6250	854	356
nte_03502.jpg	0.000458	0.4039	0.3870	12.9	10.8	0.4060	854	356
nte_03503.jpg	0.063789	0.5000	0.6213	144.6	134.1	0.7666	854	356
nte_03503.jpg	0.000495	0.4199	0.4029	13.7	11.0	0.6558	854	356
nte_03504.jpg	0.055016	0.5031	0.6400	139.3	120.1	0.8018	854	356
nte_03504.jpg	0.000966	0.4051	0.4095	20.1	14.6	0.6768	854	356
nte_03505.jpg	0.055372	0.5008	0.6185	137.7	122.3	0.7876	854	356
nte_03505.jpg	0.001618	0.3996	0.4217	26.8	18.3	0.7593	854	356
nte_03506.jpg	0.051201	0.4961	0.6466	136.4	114.1	0.8306	854	356
nte_03506.jpg	0.003732	0.3736	0.4442	43.0	26.4	0.6948	854	356
nte_03506.jpg	0.000334	0.4402	0.3889	11.8	8.6	0.3464	854	356
nte_03507.jpg	0.055908	0.4996	0.6438	137.5	123.6	0.8286	854	356
nte_03507.jpg	0.000428	0.4324	0.3936	12.9	10.1	0.6313	854	356
nte_03508.jpg	0.060965	0.5012	0.6419	139.8	132.6	0.7905	854	356
nte_03508.jpg	0.000609	0.4195	0.3945	16.7	11.1	0.5249	854	356
nte_03508.jpg	0.000609	0.3869	0.4011	15.9	11.7	0.4124	854	356
nte_03509.jpg	0.060179	0.5094	0.6297	136.9	133.6	0.7324	854	356
nte_03509.jpg	0.000854	0.4082	0.3992	19.3	13.5	0.6416	854	356
nte_03509.jpg	0.000956	0.3664	0.4067	21.0	13.8	0.5610	854	356
nte_03509.jpg	0.000426	0.3863	0.3973	12.7	10.2	0.3564	854	356
nte_03510.jpg	0.061608	0.5109	0.6494	140.2	133.6	0.7983	854	356
nte_03510.jpg	0.001115	0.3961	0.4039	20.7	16.4	0.5840	854	356
nte_03510.jpg	0.001058	0.3391	0.4095	23.9	13.5	0.5024	854	356
nte_03510.jpg	0.000522	0.3746	0.3992	14.6	10.9	0.3997	854	356
nte_03511.jpg	0.002222	0.3922	0.4123	29.1	23.2	0.6821	854	356
nte_03511.jpg	0.063802	0.5047	0.6250	138.8	139.8	0.6738	854	356
nte_03511.jpg	0.000691	0.3734	0.4029	15.2	13.9	0.4756	854	356
nte_03511.jpg	0.000565	0.4133	0.3908	14.1	12.2	0.4314	854	356
nte_03511.jpg	0.002619	0.3227	0.4217	40.7	19.6	0.3911	854	356
nte_03512.jpg	0.063193	0.5016	0.6185	138.9	138.3	0.7944	854	356
nte_03512.jpg	0.005319	0.3674	0.4320	49.5	32.7	0.6782	854	356
nte_03512.jpg	0.007452	0.2623	0.4404	71.0	31.9	0.5425	854	356
nte_03512.jpg	0.007209	0.0352	0.4816	60.0	36.5	0.3745	854	356
nte_03513.jpg	0.062392	0.5000	0.6185	139.0	136.4	0.7803	854	356
nte_03513.jpg	0.007783	0.2848	0.4788	62.3	38.0	0.6079	854	356
nte_03513.jpg	0.001038	0.3736	0.4161	21.5	14.7	0.3938	854	356
nte_03513.jpg	0.000642	0.4051	0.3973	16.7	11.7	0.2969	854	356
nte_03513.jpg	0.009535	0.0760	0.4985	75.8	38.2	0.2607	854	356
nte_03513.jpg	0.000400	0.4156	0.3936	11.8	10.3	0.2532	854	356
nte_03514.jpg	0.063498	0.5012	0.6269	138.9	138.9	0.7617	854	356
nte_03514.jpg	0.003959	0.2684	0.4357	42.5	28.3	0.5957	854	356
nte_03514.jpg	0.000849	0.4004	0.4011	18.4	14.0	0.4426	854	356
nte_03514.jpg	0.000788	0.3752	0.4048	18.5	12.9	0.3293	854	356
nte_03514.jpg	0.001250	0.3426	0.4161	25.3	15.0	0.3167	854	356
nte_03515.jpg	0.019938	0.1412	0.4742	116.8	51.9	0.6924	854	356
nte_03515.jpg	0.002111	0.2959	0.4273	31.6	20.3	0.6743	854	356
nte_03515.jpg	0.061446	0.5039	0.6316	138.4	134.9	0.6675	854	356
nte_03516.jpg	0.065181	0.5027	0.6203	139.6	141.9	0.8267	854	356
nte_03516.jpg	0.010927	0.2074	0.4526	98.0	33.9	0.4280	854	356
nte_03516.jpg	0.001589	0.3047	0.4273	27.8	17.4	0.4124	854	356
nte_03516.jpg	0.003084	0.3580	0.4245	37.0	25.4	0.2781	854	356
nte_03517.jpg	0.063838	0.5031	0.6231	138.3	140.4	0.8579	854	356
nte_03517.jpg	0.004203	0.2205	0.4479	45.2	28.3	0.4861	854	356
nte_03517.jpg	0.006449	0.3180	0.4404	57.0	34.4	0.4756	854	356
nte_03517.jpg	0.002301	0.3539	0.4264	26.3	26.6	0.3772	854	356
nte_03518.jpg	0.066321	0.5039	0.6213	139.1	144.9	0.7456	854	356
nte_03518.jpg	0.013290	0.2445	0.4676	78.3	51.6	0.6289	854	356
nte_03518.jpg	0.005337	0.3109	0.4460	44.1	36.8	0.4231	854	356
nte_03518.jpg	0.009301	0.4254	0.4348	62.2	45.5	0.2559	854	356
nte_03519.jpg	0.008097	0.2406	0.4451	74.0	33.3	0.7085	854	356
nte_03519.jpg	0.056115	0.5031	0.6400	137.1	124.4	0.6953	854	356
nte_03519.jpg	0.026609	0.0926	0.4873	156.7	51.6	0.3279	854	356
nte_03520.jpg	0.064864	0.5031	0.6269	138.4	142.4	0.7095	854	356
nte_03521.jpg	0.054225	0.5031	0.6484	139.1	118.5	0.7837	854	356
nte_03522.jpg	0.061338	0.5055	0.6803	144.4	129.1	0.7964	854	356
nte_03523.jpg	0.065732	0.5051	0.6831	150.0	133.3	0.8457	854	356
nte_03524.jpg	0.065681	0.5105	0.6897	149.4	133.7	0.8125	854	356
nte_03525.jpg	0.070865	0.5078	0.6972	154.0	139.9	0.7637	854	356
nte_03526.jpg	0.072170	0.5141	0.6878	156.8	139.9	0.7617	854	356
nte_03527.jpg	0.073900	0.5137	0.6981	159.1	141.2	0.7793	854	356
nte_03528.jpg	0.071416	0.5059	0.6925	156.5	138.8	0.7271	854	356
nte_03529.jpg	0.076729	0.4973	0.6728	154.5	151.0	0.6118	854	356
nte_03530.jpg	0.080939	0.5051	0.6606	151.7	162.2	0.7656	854	356
nte_03531.jpg	0.066461	0.5035	0.6644	147.3	137.2	0.8218	854	356
nte_03531.jpg	0.000495	0.3709	0.4001	14.8	10.1	0.3098	854	356
nte_03532.jpg	0.068155	0.5020	0.6663	150.0	138.1	0.8198	854	356
nte_03533.jpg	0.066092	0.5043	0.6672	146.2	137.4	0.8286	854	356
nte_03533.jpg	0.000704	0.3570	0.4114	18.6	11.5	0.5269	854	356
nte_03534.jpg	0.065851	0.5051	0.6606	146.2	136.9	0.8452	854	356
nte_03534.jpg	0.001229	0.3324	0.4179	23.7	15.8	0.7002	854	356
nte_03535.jpg	0.062803	0.5043	0.6709	146.2	130.6	0.8276	854	356
nte_03535.jpg	0.001608	0.3016	0.4282	29.9	16.3	0.5669	854	356
nte_03536.jpg	0.058338	0.5043	0.6522	141.8	125.1	0.8379	854	356
nte_03536.jpg	0.004555	0.2531	0.4442	54.0	25.6	0.8208	854	356
nte_03537.jpg	0.057216	0.5051	0.6597	142.3	122.3	0.8481	854	356
nte_03537.jpg	0.014506	0.1530	0.4770	108.9	40.5	0.7646	854	356
nte_03538.jpg	0.060997	0.5023	0.6625	137.9	134.4	0.8179	854	356
nte_03539.jpg	0.055612	0.5035	0.6578	139.5	121.2	0.8730	854	356
nte_03540.jpg	0.055670	0.4992	0.6494	137.8	122.8	0.8457	854	356
nte_03541.jpg	0.056191	0.5012	0.6513	137.9	123.8	0.8311	854	356
nte_03542.jpg	0.049102	0.5027	0.6681	137.7	108.4	0.8755	854	356
nte_03543.jpg	0.048807	0.5082	0.6569	142.1	104.4	0.8442	854	356
nte_03544.jpg	0.051978	0.5078	0.6559	139.9	112.9	0.8530	854	356
nte_03544.jpg	0.000351	0.3719	0.4339	13.5	7.9	0.4290	854	356
nte_03545.jpg	0.055227	0.5023	0.6550	138.9	120.8	0.8188	854	356
nte_03545.jpg	0.000332	0.3969	0.4348	12.1	8.4	0.2559	854	356
nte_03546.jpg	0.046673	0.5055	0.6588	138.4	102.5	0.8716	854	356
nte_03547.jpg	0.046905	0.5094	0.6503	136.4	104.6	0.8848	854	356
nte_03548.jpg	0.055661	0.5004	0.6438	136.3	124.2	0.8662	854	356
nte_03549.jpg	0.053138	0.5000	0.6484	137.2	117.8	0.8589	854	356
nte_03550.jpg	0.053798	0.5020	0.6409	135.4	120.8	0.8560	854	356
nte_03550.jpg	0.000437	0.4328	0.4470	14.6	9.1	0.3765	854	356
nte_03551.jpg	0.058266	0.5039	0.6625	134.6	131.6	0.8179	854	356
nte_03551.jpg	0.000533	0.4242	0.4498	16.3	10.0	0.3748	854	356
nte_03552.jpg	0.055618	0.5031	0.6372	135.4	124.8	0.8579	854	356
nte_03552.jpg	0.000577	0.4109	0.4517	17.0	10.4	0.6006	854	356
nte_03552.jpg	0.000333	0.4258	0.4432	11.6	8.7	0.2627	854	356
nte_03553.jpg	0.059650	0.5035	0.6325	137.1	132.3	0.8555	854	356
nte_03553.jpg	0.000969	0.4047	0.4545	22.8	12.9	0.6187	854	356
nte_03553.jpg	0.000513	0.4281	0.4432	15.1	10.3	0.3601	854	356
nte_03554.jpg	0.057612	0.5059	0.6344	133.8	130.9	0.8438	854	356
nte_03554.jpg	0.002613	0.3736	0.4638	37.1	21.4	0.5762	854	356
nte_03554.jpg	0.000703	0.4074	0.4517	18.8	11.4	0.3223	854	356
nte_03555.jpg	0.009110	0.3117	0.4920	73.5	37.7	0.8340	854	356
nte_03555.jpg	0.053385	0.5051	0.6363	133.9	121.2	0.8320	854	356
nte_03555.jpg	0.001753	0.3898	0.4554	30.2	17.6	0.6084	854	356
nte_03555.jpg	0.000647	0.4137	0.4404	14.8	13.3	0.4360	854	356
nte_03556.jpg	0.057960	0.5039	0.6541	137.0	128.6	0.8169	854	356
nte_03556.jpg	0.064679	0.1105	0.6044	190.1	103.4	0.7456	854	356
nte_03556.jpg	0.003888	0.3545	0.4742	44.2	26.8	0.7139	854	356
nte_03556.jpg	0.001056	0.3957	0.4479	20.3	15.8	0.4241	854	356
nte_03557.jpg	0.022242	0.2414	0.5276	125.5	53.9	0.8657	854	356
nte_03557.jpg	0.056790	0.5031	0.6409	138.1	125.0	0.8574	854	356
nte_03557.jpg	0.003804	0.3654	0.4629	43.0	26.9	0.7568	854	356
nte_03557.jpg	0.000414	0.4355	0.3936	12.7	9.9	0.3230	854	356
nte_03558.jpg	0.058766	0.5031	0.6531	139.1	128.4	0.8408	854	356
nte_03558.jpg	0.014459	0.2912	0.5013	88.1	49.9	0.7437	854	356
nte_03558.jpg	0.000356	0.4297	0.3926	12.3	8.8	0.2815	854	356
nte_03559.jpg	0.059131	0.0884	0.6325	151.0	119.1	0.8398	854	356
nte_03559.jpg	0.059025	0.5035	0.6466	138.1	129.9	0.8042	854	356
nte_03559.jpg	0.000388	0.4219	0.3954	13.0	9.1	0.3813	854	356
nte_03559.jpg	0.000406	0.4289	0.3954	14.0	8.8	0.2573	854	356
nte_03560.jpg	0.056916	0.5031	0.6409	138.7	124.8	0.8032	854	356
nte_03561.jpg	0.054585	0.5039	0.6625	141.5	117.3	0.7964	854	356
nte_03561.jpg	0.000661	0.4098	0.3936	18.8	10.7	0.4941	854	356
nte_03562.jpg	0.076831	0.5043	0.6147	146.9	159.0	0.7593	854	356
nte_03562.jpg	0.000284	0.4152	0.3954	10.8	8.0	0.4690	854	356
nte_03562.jpg	0.000368	0.4027	0.3964	13.4	8.3	0.3074	854	356
nte_03563.jpg	0.066234	0.5074	0.6588	149.8	134.4	0.6890	854	356
nte_03563.jpg	0.000703	0.3895	0.4048	19.9	10.8	0.3440	854	356
nte_03563.jpg	0.000356	0.4062	0.4001	12.2	8.9	0.3176	854	356
nte_03563.jpg	0.000362	0.4121	0.4039	11.9	9.2	0.2524	854	356
nte_03564.jpg	0.066590	0.5063	0.6822	148.2	136.6	0.8223	854	356
nte_03564.jpg	0.000390	0.4066	0.4020	13.9	8.5	0.5571	854	356
nte_03564.jpg	0.001108	0.3826	0.4095	25.0	13.5	0.4709	854	356
nte_03565.jpg	0.067759	0.5035	0.6719	150.6	136.8	0.8086	854	356
nte_03565.jpg	0.000273	0.4340	0.3945	11.0	7.5	0.4858	854	356
nte_03565.jpg	0.000755	0.6523	0.4376	18.4	12.5	0.4749	854	356
nte_03565.jpg	0.001083	0.3555	0.4245	24.3	13.6	0.4084	854	356
nte_03565.jpg	0.003145	0.5699	0.4507	36.6	26.1	0.2876	854	356
nte_03566.jpg	0.071203	0.5008	0.6719	154.0	140.6	0.8486	854	356
nte_03566.jpg	0.004723	0.3029	0.4423	54.9	26.2	0.8135	854	356
nte_03566.jpg	0.000387	0.4281	0.4001	13.5	8.7	0.6455	854	356
nte_03566.jpg	0.001037	0.3766	0.4207	26.5	11.9	0.3076	854	356
nte_03567.jpg	0.073076	0.4984	0.6822	153.5	144.8	0.8311	854	356
nte_03567.jpg	0.022005	0.1401	0.4938	142.6	46.9	0.7471	854	356
nte_03567.jpg	0.000692	0.4172	0.4001	16.8	12.5	0.6836	854	356
nte_03567.jpg	0.001442	0.3232	0.4357	27.2	16.1	0.3716	854	356
nte_03568.jpg	0.070594	0.4996	0.6916	155.1	138.4	0.7993	854	356
nte_03568.jpg	0.000963	0.4051	0.4029	19.8	14.8	0.7124	854	356
nte_03568.jpg	0.005879	0.2652	0.4526	64.5	27.7	0.5762	854	356
nte_03569.jpg	0.072325	0.5016	0.6962	160.4	137.1	0.8315	854	356
nte_03569.jpg	0.001465	0.3828	0.4104	25.5	17.5	0.7441	854	356
nte_03569.jpg	0.000305	0.4547	0.3983	10.9	8.5	0.2981	854	356
nte_03570.jpg	0.075815	0.5062	0.6934	161.6	142.6	0.8091	854	356
nte_03570.jpg	0.002678	0.3480	0.4198	35.6	22.9	0.7808	854	356
nte_03570.jpg	0.000389	0.4473	0.4001	12.3	9.6	0.4045	854	356
nte_03571.jpg	0.004533	0.3084	0.4292	47.5	29.0	0.8506	854	356
nte_03571.jpg	0.069713	0.5039	0.6850	157.5	134.6	0.8364	854	356
nte_03571.jpg	0.000622	0.4430	0.4067	14.3	13.2	0.4263	854	356
nte_03571.jpg	0.000295	0.4688	0.4020	11.3	7.9	0.2815	854	356
nte_03572.jpg	0.013790	0.2045	0.4517	92.1	45.5	0.8481	854	356
nte_03572.jpg	0.066883	0.5082	0.6672	154.1	131.9	0.7422	854	356
nte_03572.jpg	0.000423	0.4680	0.3983	13.4	9.6	0.4258	854	356
nte_03572.jpg	0.000836	0.4344	0.4057	18.5	13.7	0.3950	854	356
nte_03573.jpg	0.064491	0.5066	0.6672	151.3	129.6	0.7339	854	356
nte_03573.jpg	0.002224	0.4230	0.4189	26.7	25.3	0.6431	854	356
nte_03573.jpg	0.002876	0.4512	0.3804	27.8	31.5	0.3828	854	356
nte_03574.jpg	0.062934	0.5063	0.6756	148.8	128.6	0.7964	854	356
nte_03574.jpg	0.002156	0.4078	0.4161	28.7	22.9	0.7319	854	356
nte_03575.jpg	0.056684	0.5043	0.6616	146.4	117.7	0.8086	854	356
nte_03575.jpg	0.004812	0.3719	0.4310	45.6	32.1	0.7749	854	356
nte_03576.jpg	0.014889	0.3051	0.4545	86.6	52.3	0.8545	854	356
nte_03576.jpg	0.060493	0.5043	0.6709	147.1	125.0	0.8301	854	356
nte_03576.jpg	0.002651	0.8063	0.5013	39.4	20.5	0.5542	854	356
nte_03576.jpg	0.007618	0.4977	0.4563	63.5	36.4	0.4321	854	356
nte_03576.jpg	0.000525	0.4477	0.4198	13.9	11.4	0.3162	854	356
nte_03577.jpg	0.059663	0.5027	0.6606	144.6	125.4	0.8154	854	356
nte_03577.jpg	0.059600	0.0951	0.5922	162.6	111.4	0.3186	854	356
nte_03577.jpg	0.000562	0.4434	0.4226	15.0	11.4	0.2693	854	356
nte_03578.jpg	0.065031	0.4996	0.6578	144.1	137.2	0.7695	854	356
nte_03578.jpg	0.000601	0.4352	0.4254	17.2	10.6	0.4485	854	356
nte_03579.jpg	0.078385	0.5023	0.6578	149.4	159.5	0.7935	854	356
nte_03580.jpg	0.074453	0.5023	0.6578	150.3	150.6	0.8032	854	356
nte_03581.jpg	0.071573	0.5031	0.6766	153.1	142.1	0.7832	854	356
nte_03581.jpg	0.009302	0.3209	0.4816	73.6	38.4	0.7808	854	356
nte_03581.jpg	0.000320	0.4781	0.4282	11.6	8.4	0.3374	854	356
nte_03582.jpg	0.071462	0.5000	0.6616	149.0	145.8	0.8398	854	356
nte_03583.jpg	0.068382	0.4984	0.6625	149.4	139.1	0.8359	854	356
nte_03583.jpg	0.001881	0.6113	0.4142	25.7	22.2	0.4802	854	356
nte_03583.jpg	0.000394	0.4719	0.4301	13.4	8.9	0.2620	854	356
nte_03584.jpg	0.065705	0.4941	0.6569	151.1	132.2	0.8677	854	356
nte_03584.jpg	0.000344	0.4711	0.4320	12.4	8.5	0.4978	854	356
nte_03585.jpg	0.061554	0.4969	0.6850	145.6	128.5	0.8193	854	356
nte_03585.jpg	0.000557	0.4676	0.4348	15.4	11.0	0.4297	854	356
nte_03586.jpg	0.057587	0.4973	0.6784	144.8	120.9	0.8374	854	356
nte_03586.jpg	0.032337	0.7582	0.4029	164.3	59.8	0.4275	854	356
nte_03586.jpg	0.000645	0.4586	0.4404	16.2	12.1	0.3237	854	356
nte_03586.jpg	0.000606	0.4383	0.4376	17.0	10.8	0.2554	854	356
nte_03587.jpg	0.049256	0.5023	0.6644	140.6	106.5	0.8633	854	356
nte_03587.jpg	0.001286	0.4246	0.4479	25.0	15.6	0.4448	854	356
nte_03588.jpg	0.052777	0.5023	0.6756	140.0	114.6	0.8428	854	356
nte_03588.jpg	0.001242	0.4070	0.4526	23.8	15.9	0.6484	854	356
nte_03588.jpg	0.000357	0.4277	0.4329	12.9	8.4	0.2585	854	356
nte_03589.jpg	0.058009	0.5063	0.6766	144.4	122.1	0.8350	854	356
nte_03589.jpg	0.002689	0.3783	0.4620	36.9	22.2	0.7354	854	356
nte_03589.jpg	0.000483	0.4207	0.4357	15.8	9.3	0.4033	854	356
nte_03590.jpg	0.053296	0.5020	0.6578	139.8	115.9	0.8330	854	356
nte_03590.jpg	0.006357	0.3236	0.4863	64.5	30.0	0.7930	854	356
nte_03590.jpg	0.000587	0.4102	0.4367	17.6	10.2	0.4185	854	356
nte_03590.jpg	0.000791	0.3688	0.4395	20.8	11.6	0.3774	854	356
nte_03591.jpg	0.058009	0.5012	0.6363	139.9	126.1	0.8198	854	356
nte_03591.jpg	0.001172	0.3498	0.4414	25.7	13.9	0.6440	854	356
nte_03591.jpg	0.032210	0.1730	0.5435	165.4	59.2	0.3748	854	356
nte_03591.jpg	0.000629	0.3977	0.4385	17.1	11.2	0.3342	854	356
nte_03592.jpg	0.052172	0.4996	0.6522	140.8	112.7	0.7949	854	356
nte_03592.jpg	0.001706	0.3207	0.4451	34.0	15.3	0.4670	854	356
nte_03593.jpg	0.051499	0.4938	0.6578	140.9	111.1	0.8350	854	356
nte_03593.jpg	0.003022	0.2662	0.4507	46.8	19.6	0.5591	854	356
nte_03593.jpg	0.001656	0.3496	0.4451	31.4	16.1	0.2769	854	356
nte_03594.jpg	0.050529	0.4945	0.6625	140.6	109.3	0.8286	854	356
nte_03594.jpg	0.008199	0.1736	0.4676	84.3	29.6	0.4023	854	356
nte_03595.jpg	0.060054	0.5004	0.6306	139.4	130.9	0.7241	854	356
nte_03596.jpg	0.056527	0.4988	0.6456	138.9	123.8	0.7642	854	356
nte_03597.jpg	0.057094	0.4949	0.6494	142.4	121.9	0.7554	854	356
nte_03598.jpg	0.050553	0.4957	0.6531	137.9	111.4	0.8062	854	356
nte_03599.jpg	0.052020	0.4895	0.6634	143.4	110.3	0.7788	854	356
nte_03600.jpg	0.057992	0.4875	0.6372	145.2	121.4	0.5884	854	356
nte_03601.jpg	0.057122	0.5043	0.6428	139.9	124.1	0.8096	854	356
nte_03601.jpg	0.000402	0.4559	0.3636	14.1	8.7	0.2983	854	356
nte_03602.jpg	0.052857	0.5066	0.6513	140.4	114.4	0.7119	854	356
nte_03602.jpg	0.001317	0.5293	0.3795	23.7	16.9	0.5112	854	356
nte_03602.jpg	0.000422	0.4555	0.3645	14.2	9.0	0.4160	854	356
nte_03602.jpg	0.000540	0.4355	0.3739	15.2	10.8	0.3550	854	356
nte_03602.jpg	0.000623	0.3898	0.3739	18.4	10.3	0.2686	854	356
nte_03603.jpg	0.050266	0.4973	0.6494	138.6	110.3	0.8735	854	356
nte_03603.jpg	0.001305	0.5344	0.3814	22.9	17.3	0.6187	854	356
nte_03603.jpg	0.000446	0.4539	0.3655	14.7	9.2	0.4875	854	356
nte_03603.jpg	0.000376	0.4313	0.3692	11.9	9.6	0.3176	854	356
nte_03604.jpg	0.053835	0.4984	0.6456	138.1	118.5	0.8140	854	356
nte_03604.jpg	0.000603	0.4207	0.3748	15.5	11.8	0.2673	854	356
nte_03604.jpg	0.000386	0.4324	0.3711	12.5	9.4	0.2561	854	356
nte_03605.jpg	0.049825	0.4988	0.6494	138.4	109.4	0.8301	854	356
nte_03605.jpg	0.002699	0.5566	0.4048	31.4	26.2	0.6641	854	356
nte_03605.jpg	0.002415	0.2963	0.3898	37.8	19.4	0.4856	854	356
nte_03605.jpg	0.000635	0.4488	0.3683	17.6	11.0	0.4214	854	356
nte_03605.jpg	0.000753	0.3654	0.3870	18.5	12.3	0.3220	854	356
nte_03605.jpg	0.000370	0.4688	0.3664	13.6	8.3	0.3081	854	356
nte_03605.jpg	0.000619	0.4297	0.3758	16.6	11.3	0.2654	854	356
nte_03606.jpg	0.054027	0.4977	0.6400	137.4	119.5	0.8247	854	356
nte_03606.jpg	0.004503	0.5773	0.4404	43.4	31.6	0.7173	854	356
nte_03606.jpg	0.001233	0.3227	0.3973	24.4	15.4	0.3879	854	356
nte_03606.jpg	0.000439	0.4555	0.3673	13.4	10.0	0.2996	854	356
nte_03606.jpg	0.000672	0.4410	0.3673	18.2	11.2	0.2527	854	356
nte_03607.jpg	0.016554	0.6258	0.5126	84.4	59.6	0.8423	854	356
nte_03607.jpg	0.052126	0.4984	0.6513	139.1	113.9	0.8330	854	356
nte_03607.jpg	0.004980	0.5633	0.4170	49.9	30.4	0.6753	854	356
nte_03607.jpg	0.006005	0.2580	0.4179	63.1	28.9	0.5972	854	356
nte_03607.jpg	0.001056	0.3551	0.3898	22.7	14.2	0.3752	854	356
nte_03607.jpg	0.000770	0.4359	0.3683	18.7	12.5	0.2585	854	356
nte_03608.jpg	0.057178	0.5020	0.6588	141.0	123.3	0.7744	854	356
nte_03608.jpg	0.015923	0.6090	0.4723	83.0	58.3	0.6455	854	356
nte_03609.jpg	0.168323	0.8227	0.7543	302.6	169.1	0.8428	854	356
nte_03609.jpg	0.061448	0.5023	0.6653	144.6	129.2	0.7441	854	356
nte_03609.jpg	0.005306	0.1426	0.4545	52.4	30.8	0.4392	854	356
nte_03609.jpg	0.019794	0.6879	0.5969	85.9	70.1	0.3694	854	356
nte_03610.jpg	0.057071	0.4961	0.6578	142.1	122.1	0.8374	854	356
nte_03611.jpg	0.058651	0.4914	0.6363	140.1	127.3	0.7002	854	356
nte_03611.jpg	0.000324	0.5180	0.3617	12.9	7.7	0.3293	854	356
nte_03612.jpg	0.059284	0.4922	0.6297	140.6	128.2	0.7632	854	356
nte_03612.jpg	0.000233	0.5336	0.3645	10.0	7.1	0.4084	854	356
nte_03612.jpg	0.000332	0.5453	0.3655	12.6	8.0	0.3940	854	356
nte_03612.jpg	0.000294	0.5078	0.3636	11.0	8.1	0.3564	854	356
nte_03612.jpg	0.000281	0.5160	0.3645	11.5	7.4	0.3215	854	356
nte_03613.jpg	0.068056	0.5039	0.6578	141.4	146.3	0.7314	854	356
nte_03613.jpg	0.000308	0.4797	0.3598	11.9	7.9	0.2646	854	356
nte_03614.jpg	0.064449	0.5023	0.6522	138.8	141.2	0.7900	854	356
nte_03614.jpg	0.000316	0.4664	0.3617	11.7	8.2	0.4353	854	356
nte_03614.jpg	0.000299	0.4531	0.3626	11.6	7.9	0.4053	854	356
nte_03614.jpg	0.000412	0.4273	0.3626	14.4	8.7	0.3931	854	356
nte_03614.jpg	0.000382	0.5207	0.2422	14.0	8.3	0.3245	854	356
nte_03614.jpg	0.000290	0.4406	0.3626	11.2	7.8	0.3164	854	356
nte_03615.jpg	0.060757	0.5031	0.6606	140.4	131.6	0.7681	854	356
nte_03615.jpg	0.001909	0.4977	0.3505	25.6	22.7	0.5454	854	356
nte_03615.jpg	0.000449	0.4586	0.3683	14.4	9.5	0.5103	854	356
nte_03615.jpg	0.000484	0.4184	0.3673	14.9	9.9	0.4900	854	356
nte_03615.jpg	0.000314	0.4711	0.3664	10.5	9.1	0.3994	854	356
nte_03615.jpg	0.000288	0.4348	0.3683	11.1	7.9	0.3027	854	356
nte_03615.jpg	0.000286	0.4430	0.3683	11.1	7.8	0.2676	854	356
nte_03616.jpg	0.057684	0.5004	0.6597	136.1	128.9	0.8496	854	356
nte_03616.jpg	0.000558	0.4477	0.3748	15.6	10.9	0.5537	854	356
nte_03616.jpg	0.000492	0.4715	0.3767	14.6	10.3	0.4788	854	356
nte_03616.jpg	0.000609	0.4023	0.3776	16.3	11.4	0.3462	854	356
nte_03616.jpg	0.001910	0.4980	0.3542	24.7	23.5	0.2969	854	356
nte_03617.jpg	0.059376	0.5004	0.6353	139.1	129.8	0.6919	854	356
nte_03617.jpg	0.000869	0.3867	0.3861	21.0	12.6	0.4536	854	356
nte_03617.jpg	0.000505	0.4656	0.3776	12.7	12.1	0.4285	854	356
nte_03617.jpg	0.000808	0.4387	0.3861	19.1	12.9	0.3999	854	356
nte_03617.jpg	0.000660	0.4531	0.3861	14.8	13.5	0.3884	854	356
nte_03618.jpg	0.061547	0.4898	0.6241	141.1	132.6	0.6714	854	356
nte_03618.jpg	0.000657	0.4160	0.3917	16.8	11.9	0.4209	854	356
nte_03618.jpg	0.000634	0.3566	0.3926	16.3	11.8	0.3755	854	356
nte_03618.jpg	0.001002	0.3680	0.3898	22.1	13.8	0.3674	854	356
nte_03618.jpg	0.000342	0.4672	0.3730	11.2	9.3	0.3611	854	356
nte_03618.jpg	0.000481	0.4293	0.3898	13.7	10.7	0.2769	854	356
nte_03619.jpg	0.058757	0.4895	0.6269	141.9	125.8	0.7578	854	356
nte_03619.jpg	0.002050	0.3684	0.3926	32.8	19.0	0.7476	854	356
nte_03619.jpg	0.001312	0.4074	0.3917	23.6	16.9	0.6084	854	356
nte_03619.jpg	0.000535	0.4395	0.3730	13.0	12.5	0.4167	854	356
nte_03619.jpg	0.001260	0.2877	0.3954	26.5	14.5	0.3901	854	356
nte_03619.jpg	0.000777	0.4297	0.3767	16.0	14.8	0.3865	854	356
nte_03620.jpg	0.052474	0.4930	0.6391	139.5	114.3	0.8125	854	356
nte_03620.jpg	0.004724	0.3016	0.4086	52.7	27.2	0.7339	854	356
nte_03620.jpg	0.007683	0.2059	0.4039	71.7	32.6	0.6729	854	356
nte_03620.jpg	0.000675	0.4285	0.3730	14.4	14.3	0.4778	854	356
nte_03620.jpg	0.001008	0.4070	0.3879	20.6	14.9	0.3364	854	356
nte_03620.jpg	0.002055	0.2590	0.3954	28.1	22.2	0.2627	854	356
nte_03620.jpg	0.001599	0.3711	0.3973	28.9	16.8	0.2551	854	356
nte_03621.jpg	0.054902	0.4977	0.6466	141.9	117.6	0.7495	854	356
nte_03621.jpg	0.001625	0.3227	0.4029	34.3	14.4	0.4648	854	356
nte_03621.jpg	0.000418	0.3754	0.3954	15.4	8.3	0.3926	854	356
nte_03621.jpg	0.007980	0.1356	0.4507	69.4	35.0	0.3440	854	356
nte_03622.jpg	0.053744	0.4977	0.6503	139.9	116.8	0.7974	854	356
nte_03622.jpg	0.000521	0.4457	0.3954	15.4	10.3	0.4707	854	356
nte_03622.jpg	0.001154	0.3504	0.4029	29.2	12.0	0.4148	854	356
nte_03623.jpg	0.057582	0.4988	0.6597	137.1	127.7	0.8105	854	356
nte_03623.jpg	0.000388	0.4938	0.3973	13.7	8.6	0.3865	854	356
nte_03623.jpg	0.000626	0.4289	0.4057	15.4	12.3	0.3438	854	356
nte_03623.jpg	0.001343	0.2871	0.4161	26.4	15.4	0.3425	854	356
nte_03624.jpg	0.052330	0.4988	0.6597	137.4	115.8	0.8511	854	356
nte_03624.jpg	0.005673	0.2184	0.4273	73.3	23.5	0.6196	854	356
nte_03624.jpg	0.000457	0.4914	0.3983	15.1	9.2	0.5024	854	356
nte_03624.jpg	0.000703	0.4094	0.4123	19.0	11.3	0.4590	854	356
nte_03625.jpg	0.050966	0.4996	0.6559	138.9	111.6	0.8467	854	356
nte_03625.jpg	0.000984	0.3910	0.4123	27.0	11.1	0.5649	854	356
nte_03625.jpg	0.000411	0.4902	0.4001	15.4	8.1	0.2842	854	356
nte_03626.jpg	0.053144	0.4996	0.6616	139.3	116.0	0.8389	854	356
nte_03626.jpg	0.000827	0.3459	0.4264	24.4	10.3	0.4697	854	356
nte_03626.jpg	0.000823	0.4867	0.3973	19.7	12.7	0.3508	854	356
nte_03626.jpg	0.000480	0.3830	0.4086	17.5	8.4	0.2563	854	356
nte_03627.jpg	0.052837	0.4988	0.6550	137.2	117.1	0.8286	854	356
nte_03627.jpg	0.001623	0.3098	0.4273	33.9	14.5	0.5864	854	356
nte_03627.jpg	0.000856	0.5285	0.4582	19.3	13.5	0.5210	854	356
nte_03627.jpg	0.001149	0.2748	0.4414	30.0	11.7	0.3369	854	356
nte_03627.jpg	0.001030	0.4840	0.3992	22.5	13.9	0.2676	854	356
nte_03628.jpg	0.048708	0.4977	0.6578	135.4	109.3	0.8589	854	356
nte_03628.jpg	0.001621	0.4801	0.3964	25.9	19.0	0.2527	854	356
nte_03629.jpg	0.053414	0.4988	0.6691	134.9	120.3	0.8667	854	356
nte_03630.jpg	0.051050	0.5004	0.6550	135.9	114.2	0.8794	854	356
nte_03630.jpg	0.002725	0.5266	0.4685	31.9	26.0	0.2644	854	356
nte_03631.jpg	0.054568	0.4988	0.6634	137.2	120.9	0.8569	854	356
nte_03632.jpg	0.057202	0.5004	0.6672	141.3	123.1	0.8374	854	356
nte_03633.jpg	0.049295	0.4973	0.6513	135.5	110.6	0.8589	854	356
nte_03633.jpg	0.001195	0.8367	0.4648	27.2	13.4	0.4106	854	356
nte_03634.jpg	0.048888	0.4961	0.6541	137.9	107.8	0.8662	854	356
nte_03635.jpg	0.050193	0.4961	0.6559	135.9	112.3	0.8975	854	356
nte_03636.jpg	0.049751	0.4969	0.6484	137.2	110.3	0.8516	854	356
nte_03637.jpg	0.047690	0.4965	0.6503	137.1	105.7	0.8730	854	356
nte_03638.jpg	0.049608	0.4965	0.6559	137.5	109.7	0.8838	854	356
nte_03638.jpg	0.001803	0.6602	0.3739	24.9	22.0	0.2976	854	356
nte_03639.jpg	0.049270	0.4957	0.6522	139.8	107.2	0.8130	854	356
nte_03640.jpg	0.053274	0.4922	0.6400	140.5	115.3	0.8330	854	356
nte_03640.jpg	0.006234	0.7504	0.3758	47.4	40.0	0.3687	854	356
nte_03641.jpg	0.051454	0.4926	0.6484	140.6	111.3	0.8535	854	356
nte_03641.jpg	0.018757	0.9359	0.3945	109.7	52.0	0.2654	854	356
nte_03642.jpg	0.058323	0.4996	0.6691	137.5	128.9	0.7769	854	356
nte_03643.jpg	0.053537	0.5051	0.6625	138.0	117.9	0.8301	854	356
nte_03643.jpg	0.015564	0.9727	0.3748	47.2	100.2	0.4404	854	356
nte_03644.jpg	0.052595	0.5105	0.6447	142.4	112.3	0.6523	854	356
nte_03645.jpg	0.060885	0.5113	0.6541	142.3	130.1	0.6416	854	356
nte_03645.jpg	0.002286	0.8656	0.4076	26.5	26.2	0.2983	854	356
nte_03646.jpg	0.052714	0.5105	0.6597	153.1	104.7	0.8359	854	356
nte_03646.jpg	0.005822	0.9828	0.4095	29.3	60.5	0.7632	854	356
nte_03647.jpg	0.061385	0.5051	0.6456	172.1	108.4	0.8140	854	356
nte_03647.jpg	0.001004	0.6711	0.3664	22.1	13.8	0.2581	854	356
nte_03648.jpg	0.062108	0.4953	0.6550	183.5	102.9	0.8604	854	356
nte_03649.jpg	0.073126	0.4918	0.6456	203.5	109.3	0.8770	854	356
nte_03650.jpg	0.079618	0.4836	0.6531	228.2	106.1	0.9136	854	356
nte_03651.jpg	0.082918	0.4676	0.6541	249.2	101.2	0.9043	854	356
nte_03651.jpg	0.037696	0.5375	0.6325	132.8	86.3	0.2998	854	356
nte_03652.jpg	0.084692	0.4500	0.6531	269.9	95.4	0.8833	854	356
nte_03653.jpg	0.090666	0.4395	0.6578	283.2	97.3	0.9077	854	356
nte_03653.jpg	0.022271	0.5516	0.6335	95.7	70.7	0.2886	854	356
nte_03654.jpg	0.095510	0.4328	0.6653	295.6	98.2	0.8989	854	356
nte_03654.jpg	0.005768	0.5684	0.5697	62.7	28.0	0.3025	854	356
nte_03655.jpg	0.102123	0.4324	0.6775	294.1	105.6	0.8989	854	356
nte_03656.jpg	0.081608	0.4980	0.6719	214.3	115.8	0.8931	854	356
nte_03656.jpg	0.008571	0.0859	0.2830	43.0	60.7	0.4797	854	356
nte_03656.jpg	0.001901	0.1330	0.3261	26.8	21.6	0.4565	854	356
nte_03656.jpg	0.001125	0.0090	0.2933	15.5	22.0	0.2864	854	356
nte_03657.jpg	0.084248	0.5109	0.6803	186.8	137.1	0.6602	854	356
nte_03657.jpg	0.002999	0.2078	0.3673	41.6	21.9	0.5376	854	356
nte_03657.jpg	0.000711	0.3018	0.3355	15.2	14.3	0.4395	854	356
nte_03657.jpg	0.001865	0.2678	0.3523	29.1	19.5	0.3899	854	356
nte_03657.jpg	0.000483	0.3148	0.3308	11.7	12.6	0.3789	854	356
nte_03657.jpg	0.000924	0.2855	0.3439	17.9	15.7	0.3772	854	356
nte_03657.jpg	0.001095	0.3773	0.3402	16.3	20.4	0.2544	854	356
nte_03658.jpg	0.002860	0.2551	0.3730	37.6	23.1	0.6909	854	356
nte_03658.jpg	0.000565	0.3518	0.3392	13.6	12.6	0.3130	854	356
nte_03658.jpg	0.000431	0.3660	0.3336	13.1	10.0	0.2778	854	356
nte_03659.jpg	0.090088	0.5215	0.6869	219.7	124.7	0.6548	854	356
nte_03659.jpg	0.003429	0.2703	0.3804	43.8	23.8	0.4958	854	356
nte_03660.jpg	0.078066	0.5254	0.7037	167.8	141.4	0.7520	854	356
nte_03660.jpg	0.001510	0.3332	0.4020	26.7	17.2	0.4465	854	356
nte_03660.jpg	0.000570	0.5203	0.3430	13.5	12.9	0.2795	854	356
nte_03660.jpg	0.000434	0.4812	0.1260	12.3	10.7	0.2556	854	356
nte_03660.jpg	0.000639	0.4715	0.1312	17.2	11.3	0.2534	854	356
nte_03661.jpg	0.003938	0.3387	0.4011	49.0	24.4	0.6782	854	356
nte_03661.jpg	0.118487	0.5391	0.6681	200.2	180.0	0.6367	854	356
nte_03661.jpg	0.000579	0.3846	0.3767	17.6	10.0	0.2896	854	356
nte_03661.jpg	0.000502	0.4703	0.3617	12.9	11.9	0.2815	854	356
nte_03661.jpg	0.000529	0.5309	0.3383	14.7	10.9	0.2783	854	356
nte_03662.jpg	0.003737	0.3289	0.4104	45.5	25.0	0.5435	854	356
nte_03662.jpg	0.000650	0.5508	0.3420	15.7	12.6	0.4346	854	356
nte_03662.jpg	0.002170	0.4160	0.3645	27.4	24.1	0.3796	854	356
nte_03662.jpg	0.000497	0.4906	0.3561	14.3	10.5	0.3342	854	356
nte_03662.jpg	0.000353	0.4574	0.3673	11.9	9.0	0.3093	854	356
nte_03662.jpg	0.000542	0.4449	0.3720	16.4	10.0	0.2712	854	356
nte_03662.jpg	0.115632	0.5570	0.6269	225.2	156.1	0.2690	854	356
nte_03663.jpg	0.088144	0.5203	0.6363	167.9	159.6	0.6616	854	356
nte_03663.jpg	0.004097	0.3152	0.4264	44.0	28.3	0.5884	854	356
nte_03663.jpg	0.000419	0.5086	0.3664	11.9	10.7	0.4912	854	356
nte_03663.jpg	0.002710	0.4332	0.3748	31.3	26.3	0.4302	854	356
nte_03663.jpg	0.000558	0.5711	0.3467	14.3	11.9	0.4219	854	356
nte_03664.jpg	0.052303	0.5012	0.6588	144.4	110.1	0.6787	854	356
nte_03664.jpg	0.006779	0.2623	0.4414	60.7	33.9	0.6167	854	356
nte_03664.jpg	0.001391	0.3482	0.4329	29.3	14.4	0.5215	854	356
nte_03664.jpg	0.001260	0.3996	0.4048	25.1	15.3	0.4907	854	356
nte_03664.jpg	0.000939	0.5789	0.3598	17.3	16.5	0.4043	854	356
nte_03664.jpg	0.000463	0.5109	0.3701	13.2	10.7	0.2576	854	356
nte_03665.jpg	0.047928	0.5035	0.6503	138.8	105.0	0.8818	854	356
nte_03665.jpg	0.013161	0.1990	0.4629	84.0	47.6	0.7651	854	356
nte_03665.jpg	0.001307	0.3914	0.4114	24.9	16.0	0.6211	854	356
nte_03665.jpg	0.001279	0.5844	0.3673	19.5	19.9	0.5620	854	356
nte_03665.jpg	0.000576	0.5137	0.3748	14.3	12.2	0.3066	854	356
nte_03666.jpg	0.052418	0.4992	0.6578	139.3	114.4	0.8535	854	356
nte_03666.jpg	0.001161	0.5871	0.3795	20.1	17.6	0.6279	854	356
nte_03666.jpg	0.001723	0.3732	0.4207	27.9	18.8	0.5586	854	356
nte_03666.jpg	0.025294	0.0667	0.4995	113.8	67.6	0.3665	854	356
nte_03666.jpg	0.000493	0.4688	0.3964	14.0	10.7	0.3540	854	356
nte_03666.jpg	0.005576	0.3883	0.3917	53.0	32.0	0.3210	854	356
nte_03667.jpg	0.050369	0.5000	0.6597	139.5	109.8	0.8550	854	356
nte_03667.jpg	0.008871	0.3627	0.4001	66.3	40.7	0.7529	854	356
nte_03667.jpg	0.001511	0.5844	0.3804	22.3	20.6	0.6523	854	356
nte_03667.jpg	0.000661	0.5051	0.3908	14.6	13.8	0.5161	854	356
nte_03667.jpg	0.001975	0.1533	0.4451	34.8	17.2	0.4492	854	356
nte_03667.jpg	0.000494	0.4586	0.4029	14.5	10.4	0.3372	854	356
nte_03667.jpg	0.001902	0.3422	0.4310	31.1	18.6	0.2585	854	356
nte_03668.jpg	0.051325	0.4996	0.6475	139.9	111.5	0.8628	854	356
nte_03668.jpg	0.012217	0.3342	0.4086	78.5	47.3	0.7842	854	356
nte_03668.jpg	0.001748	0.5852	0.3833	23.6	22.5	0.5083	854	356
nte_03668.jpg	0.000657	0.5020	0.3936	14.6	13.7	0.5078	854	356
nte_03668.jpg	0.002735	0.3094	0.4432	35.9	23.2	0.4768	854	356
nte_03669.jpg	0.051768	0.4965	0.6550	141.4	111.3	0.8579	854	356
nte_03669.jpg	0.021477	0.2820	0.4161	106.7	61.2	0.8359	854	356
nte_03669.jpg	0.000667	0.4996	0.3954	15.2	13.3	0.4631	854	356
nte_03669.jpg	0.001192	0.5891	0.3917	21.1	17.1	0.4509	854	356
nte_03669.jpg	0.000581	0.4438	0.4048	17.1	10.4	0.2961	854	356
nte_03669.jpg	0.002579	0.5102	0.3711	30.7	25.6	0.2632	854	356
nte_03670.jpg	0.056240	0.4898	0.6391	144.3	118.5	0.8164	854	356
nte_03670.jpg	0.040257	0.2018	0.4301	156.5	78.2	0.8027	854	356
nte_03670.jpg	0.000945	0.4293	0.4104	21.6	13.3	0.5137	854	356
nte_03670.jpg	0.001189	0.5895	0.3926	21.6	16.8	0.4531	854	356
nte_03670.jpg	0.000755	0.4941	0.3973	15.9	14.5	0.3940	854	356
nte_03670.jpg	0.003255	0.5082	0.3776	34.9	28.3	0.3284	854	356
nte_03671.jpg	0.061395	0.4910	0.6297	144.9	128.9	0.7275	854	356
nte_03671.jpg	0.049729	0.0897	0.4348	153.4	98.6	0.6924	854	356
nte_03671.jpg	0.001619	0.5742	0.3964	22.0	22.4	0.6089	854	356
nte_03671.jpg	0.000812	0.4742	0.4020	18.1	13.6	0.5791	854	356
nte_03671.jpg	0.001243	0.3951	0.4217	25.9	14.6	0.5234	854	356
nte_03671.jpg	0.002647	0.4898	0.3786	31.7	25.4	0.2847	854	356
nte_03671.jpg	0.000337	0.4559	0.4039	12.9	7.9	0.2651	854	356
nte_03672.jpg	0.054759	0.4957	0.6438	143.6	115.9	0.8086	854	356
nte_03672.jpg	0.001096	0.4551	0.4142	20.7	16.1	0.6812	854	356
nte_03672.jpg	0.001733	0.5648	0.4011	21.6	24.4	0.6187	854	356
nte_03672.jpg	0.002016	0.3607	0.4357	34.4	17.8	0.5981	854	356
nte_03672.jpg	0.000445	0.4359	0.4198	13.8	9.8	0.4453	854	356
nte_03673.jpg	0.053836	0.4965	0.6419	142.1	115.2	0.8398	854	356
nte_03673.jpg	0.003650	0.3313	0.4404	50.2	22.1	0.6543	854	356
nte_03673.jpg	0.001860	0.5656	0.4029	23.1	24.4	0.6226	854	356
nte_03673.jpg	0.001441	0.4453	0.4189	24.7	17.7	0.3865	854	356
nte_03673.jpg	0.000487	0.4234	0.4217	16.2	9.1	0.2849	854	356
nte_03674.jpg	0.053876	0.4969	0.6456	143.8	113.9	0.8257	854	356
nte_03674.jpg	0.006106	0.2686	0.4517	69.7	26.6	0.6426	854	356
nte_03674.jpg	0.002256	0.5668	0.4039	24.4	28.1	0.6245	854	356
nte_03674.jpg	0.002644	0.4266	0.4236	35.3	22.8	0.4314	854	356
nte_03675.jpg	0.051031	0.4969	0.6559	141.4	109.8	0.8311	854	356
nte_03675.jpg	0.002926	0.4141	0.4264	36.4	24.4	0.7134	854	356
nte_03675.jpg	0.013127	0.1777	0.4742	109.5	36.4	0.6904	854	356
nte_03675.jpg	0.002515	0.5680	0.4029	25.9	29.5	0.5649	854	356
nte_03676.jpg	0.006811	0.3723	0.4385	53.2	38.9	0.7529	854	356
nte_03676.jpg	0.061007	0.4973	0.6756	143.9	128.9	0.7144	854	356
nte_03676.jpg	0.002708	0.5711	0.4057	29.3	28.1	0.7109	854	356
nte_03677.jpg	0.010894	0.3252	0.4489	78.6	42.2	0.8003	854	356
nte_03677.jpg	0.054064	0.4953	0.6522	142.6	115.3	0.7983	854	356
nte_03677.jpg	0.003152	0.5730	0.4029	30.3	31.6	0.7642	854	356
nte_03678.jpg	0.004159	0.5758	0.4029	35.6	35.5	0.7720	854	356
nte_03678.jpg	0.056965	0.4957	0.6428	142.5	121.5	0.7622	854	356
nte_03678.jpg	0.035917	0.1929	0.4835	148.3	73.6	0.7446	854	356
nte_03678.jpg	0.004238	0.3117	0.4395	51.4	25.1	0.5967	854	356
nte_03678.jpg	0.000592	0.3541	0.4226	18.3	9.8	0.2712	854	356
nte_03679.jpg	0.008644	0.2262	0.4573	82.1	32.0	0.7646	854	356
nte_03679.jpg	0.005298	0.5797	0.4057	40.3	39.9	0.7578	854	356
nte_03679.jpg	0.056845	0.4957	0.6494	143.1	120.8	0.7451	854	356
nte_03680.jpg	0.024190	0.0804	0.5013	137.4	53.5	0.8364	854	356
nte_03680.jpg	0.005930	0.5844	0.3992	43.4	41.5	0.8027	854	356
nte_03680.jpg	0.053830	0.4953	0.6494	142.6	114.8	0.7622	854	356
nte_03681.jpg	0.007193	0.5871	0.3833	47.0	46.5	0.7852	854	356
nte_03681.jpg	0.057076	0.4953	0.6438	140.8	123.3	0.7749	854	356
nte_03681.jpg	0.001182	0.3900	0.3973	28.5	12.6	0.2878	854	356
nte_03682.jpg	0.010024	0.5934	0.3730	55.9	54.5	0.8027	854	356
nte_03682.jpg	0.063824	0.4957	0.6559	141.6	137.0	0.7944	854	356
nte_03683.jpg	0.012710	0.5996	0.3673	64.2	60.2	0.8501	854	356
nte_03683.jpg	0.066069	0.4969	0.6494	143.3	140.2	0.7998	854	356
nte_03684.jpg	0.019550	0.6129	0.3711	82.1	72.4	0.8892	854	356
nte_03684.jpg	0.059795	0.4984	0.6719	141.4	128.6	0.8477	854	356
nte_03685.jpg	0.032274	0.6324	0.3814	107.3	91.5	0.8291	854	356
nte_03685.jpg	0.066499	0.5000	0.6634	143.6	140.8	0.7842	854	356
nte_03685.jpg	0.027248	0.5699	0.2905	70.3	117.8	0.4243	854	356
nte_03686.jpg	0.061356	0.6801	0.4039	153.6	121.4	0.8809	854	356
nte_03686.jpg	0.063983	0.5012	0.6691	141.4	137.6	0.7456	854	356
nte_03687.jpg	0.178672	0.7887	0.4582	289.2	187.8	0.8599	854	356
nte_03687.jpg	0.069496	0.5039	0.6700	143.9	146.8	0.7949	854	356
nte_03687.jpg	0.005463	0.4707	0.4189	56.3	29.5	0.3230	854	356
nte_03688.jpg	0.301130	0.8469	0.5079	262.9	348.3	0.8994	854	356
nte_03688.jpg	0.091030	0.5086	0.6663	159.5	173.5	0.5479	854	356
nte_03689.jpg	0.067774	0.5016	0.6841	148.0	139.2	0.8481	854	356
nte_03689.jpg	0.112235	0.9359	0.5576	108.6	314.2	0.6943	854	356
nte_03689.jpg	0.000731	0.4914	0.3917	18.5	12.1	0.4546	854	356
nte_03690.jpg	0.068570	0.5000	0.6719	146.8	142.0	0.8335	854	356
nte_03690.jpg	0.001997	0.4672	0.4076	27.9	21.8	0.6064	854	356
nte_03690.jpg	0.002398	0.4254	0.4067	30.3	24.1	0.2605	854	356
nte_03690.jpg	0.000701	0.4934	0.3926	18.1	11.8	0.2546	854	356
nte_03691.jpg	0.065093	0.5023	0.6766	144.8	136.7	0.8486	854	356
nte_03691.jpg	0.003488	0.4645	0.4254	33.0	32.2	0.3357	854	356
nte_03692.jpg	0.059704	0.5027	0.6691	143.9	126.1	0.8833	854	356
nte_03692.jpg	0.000484	0.4949	0.3964	14.3	10.3	0.2783	854	356
nte_03692.jpg	0.000327	0.4418	0.3917	10.7	9.3	0.2742	854	356
nte_03693.jpg	0.056845	0.5016	0.6681	143.1	120.8	0.8809	854	356
nte_03693.jpg	0.000476	0.4969	0.3992	14.2	10.2	0.2505	854	356
nte_03694.jpg	0.052238	0.5016	0.6625	142.1	111.8	0.8511	854	356
nte_03694.jpg	0.000545	0.5055	0.3964	15.3	10.9	0.3123	854	356
nte_03694.jpg	0.000502	0.4340	0.3954	13.5	11.3	0.3069	854	356
nte_03694.jpg	0.000355	0.4422	0.3954	10.3	10.5	0.2947	854	356
nte_03695.jpg	0.056237	0.5047	0.6597	143.4	119.3	0.8447	854	356
nte_03695.jpg	0.000458	0.4434	0.3945	12.3	11.3	0.2747	854	356
nte_03695.jpg	0.000760	0.4359	0.3973	16.7	13.9	0.2742	854	356
nte_03695.jpg	0.000458	0.5082	0.3936	13.2	10.5	0.2590	854	356
nte_03696.jpg	0.055548	0.5008	0.6531	139.9	120.7	0.8140	854	356
nte_03696.jpg	0.001249	0.4164	0.4301	23.4	16.2	0.3945	854	356
nte_03696.jpg	0.000401	0.5191	0.3898	12.4	9.9	0.3723	854	356
nte_03696.jpg	0.000734	0.4391	0.3954	16.2	13.7	0.3545	854	356
nte_03696.jpg	0.000302	0.4531	0.3898	9.8	9.4	0.2805	854	356
nte_03697.jpg	0.053741	0.4988	0.6531	141.9	115.2	0.8442	854	356
nte_03697.jpg	0.001455	0.4051	0.4357	23.7	18.7	0.5532	854	356
nte_03697.jpg	0.000671	0.4355	0.3767	15.5	13.2	0.3613	854	356
nte_03697.jpg	0.000535	0.5297	0.3861	14.5	11.2	0.2856	854	356
nte_03698.jpg	0.050083	0.5027	0.6597	140.4	108.4	0.8447	854	356
nte_03698.jpg	0.002582	0.3875	0.4385	35.2	22.3	0.5513	854	356
nte_03698.jpg	0.000699	0.4133	0.3655	16.3	13.1	0.4270	854	356
nte_03698.jpg	0.001463	0.4316	0.4001	25.1	17.7	0.4255	854	356
nte_03699.jpg	0.051890	0.5016	0.6438	139.2	113.3	0.7632	854	356
nte_03699.jpg	0.004021	0.3543	0.4526	45.7	26.8	0.6865	854	356
nte_03699.jpg	0.001560	0.4180	0.4039	26.6	17.8	0.6831	854	356
nte_03699.jpg	0.000539	0.5355	0.3776	14.6	11.2	0.5439	854	356
nte_03699.jpg	0.000648	0.4406	0.3804	14.7	13.4	0.4343	854	356
nte_03699.jpg	0.000319	0.4805	0.3655	10.8	9.0	0.2795	854	356
nte_03699.jpg	0.000335	0.4527	0.3767	11.0	9.3	0.2681	854	356
nte_03700.jpg	0.053896	0.5020	0.6391	137.1	119.5	0.7451	854	356
nte_03700.jpg	0.013648	0.2730	0.4779	94.4	44.0	0.7319	854	356
nte_03700.jpg	0.000536	0.5398	0.3692	15.2	10.8	0.7100	854	356
nte_03700.jpg	0.002062	0.3939	0.4057	29.4	21.3	0.6660	854	356
nte_03700.jpg	0.000888	0.4309	0.3786	19.2	14.1	0.6313	854	356
nte_03700.jpg	0.000565	0.4473	0.3711	15.1	11.4	0.5596	854	356
nte_03701.jpg	0.062622	0.5000	0.6335	141.5	134.5	0.7617	854	356
nte_03701.jpg	0.005053	0.3539	0.4198	51.2	30.0	0.7388	854	356
nte_03701.jpg	0.001581	0.4148	0.3833	27.4	17.6	0.6577	854	356
nte_03701.jpg	0.000893	0.4391	0.3664	18.0	15.1	0.6548	854	356
nte_03701.jpg	0.000784	0.5437	0.3683	16.6	14.4	0.5469	854	356
nte_03702.jpg	0.012243	0.2891	0.4573	81.8	45.5	0.8457	854	356
nte_03702.jpg	0.058572	0.4992	0.6578	139.2	127.9	0.8013	854	356
nte_03702.jpg	0.000798	0.5465	0.3683	17.2	14.1	0.6978	854	356
nte_03702.jpg	0.001093	0.4285	0.3683	20.1	16.5	0.6621	854	356
nte_03702.jpg	0.001801	0.3932	0.3964	28.5	19.2	0.6245	854	356
nte_03702.jpg	0.000942	0.4090	0.3823	17.1	16.7	0.3540	854	356
nte_03703.jpg	0.060687	0.5000	0.6391	138.4	133.3	0.8140	854	356
nte_03703.jpg	0.005694	0.3525	0.4142	53.9	32.1	0.7798	854	356
nte_03703.jpg	0.002640	0.4125	0.3758	33.2	24.2	0.7188	854	356
nte_03703.jpg	0.000967	0.5520	0.3711	19.6	15.0	0.6924	854	356
nte_03704.jpg	0.058760	0.5004	0.6719	138.1	129.4	0.8555	854	356
nte_03704.jpg	0.016841	0.2639	0.4685	102.6	49.9	0.8496	854	356
nte_03704.jpg	0.004154	0.3848	0.3833	40.5	31.2	0.7246	854	356
nte_03704.jpg	0.001075	0.5566	0.3748	21.5	15.2	0.6851	854	356
nte_03704.jpg	0.000576	0.4156	0.3617	17.2	10.2	0.3525	854	356
nte_03705.jpg	0.059644	0.5000	0.6691	140.3	129.3	0.8608	854	356
nte_03705.jpg	0.008537	0.3391	0.4048	61.0	42.6	0.7866	854	356
nte_03705.jpg	0.001278	0.5648	0.3804	24.4	15.9	0.5962	854	356
nte_03705.jpg	0.000833	0.4086	0.3636	24.9	10.2	0.2737	854	356
nte_03706.jpg	0.055388	0.4996	0.6597	138.1	121.9	0.8486	854	356
nte_03706.jpg	0.021561	0.2207	0.4442	93.2	70.3	0.7534	854	356
nte_03706.jpg	0.001772	0.5730	0.3842	29.2	18.5	0.6904	854	356
nte_03706.jpg	0.001331	0.3061	0.3917	22.6	17.9	0.4004	854	356
nte_03707.jpg	0.055813	0.4988	0.6691	140.6	120.7	0.8403	854	356
nte_03707.jpg	0.002884	0.5852	0.3926	36.0	24.4	0.7544	854	356
nte_03707.jpg	0.010257	0.4895	0.4348	72.2	43.2	0.4722	854	356
nte_03707.jpg	0.014417	0.1535	0.4414	103.7	42.3	0.4688	854	356
nte_03708.jpg	0.004420	0.6031	0.4076	47.5	28.3	0.7480	854	356
nte_03708.jpg	0.070485	0.5031	0.6663	154.0	139.2	0.6372	854	356
nte_03708.jpg	0.001488	0.5699	0.3917	22.5	20.1	0.2690	854	356
nte_03709.jpg	0.071152	0.4883	0.6831	161.7	133.8	0.6704	854	356
nte_03709.jpg	0.007458	0.6266	0.4292	63.7	35.6	0.5679	854	356
nte_03709.jpg	0.007280	0.4941	0.4357	66.6	33.2	0.3804	854	356
nte_03710.jpg	0.060554	0.5004	0.6850	144.3	127.6	0.8662	854	356
nte_03710.jpg	0.015654	0.6648	0.4554	94.3	50.5	0.8608	854	356
nte_03710.jpg	0.009030	0.4902	0.4489	74.2	37.0	0.5557	854	356
nte_03711.jpg	0.048002	0.7602	0.5323	179.5	81.3	0.8823	854	356
nte_03711.jpg	0.060443	0.5000	0.6878	146.1	125.8	0.8677	854	356
nte_03711.jpg	0.010661	0.4848	0.4667	84.4	38.4	0.4128	854	356
nte_03711.jpg	0.001116	0.5746	0.3926	21.1	16.1	0.2917	854	356
nte_03712.jpg	0.062208	0.5004	0.6934	147.4	128.3	0.8691	854	356
nte_03712.jpg	0.097838	0.8992	0.7300	172.8	172.1	0.6230	854	356
nte_03712.jpg	0.000302	0.4199	0.4011	10.9	8.4	0.4404	854	356
nte_03712.jpg	0.000416	0.4078	0.4067	12.1	10.4	0.2996	854	356
nte_03712.jpg	0.000228	0.4281	0.3954	9.4	7.4	0.2976	854	356
nte_03712.jpg	0.000571	0.3893	0.4207	16.2	10.7	0.2590	854	356
nte_03713.jpg	0.071649	0.5000	0.7000	150.3	144.9	0.8423	854	356
nte_03713.jpg	0.000399	0.3777	0.4348	12.6	9.6	0.3540	854	356
nte_03713.jpg	0.000343	0.3910	0.4282	11.3	9.3	0.3469	854	356
nte_03714.jpg	0.067272	0.5008	0.6972	149.5	136.8	0.8857	854	356
nte_03715.jpg	0.062153	0.5004	0.6822	150.0	126.0	0.8770	854	356
nte_03716.jpg	0.061370	0.5008	0.6869	150.5	124.0	0.8657	854	356
nte_03716.jpg	0.001236	0.3814	0.4357	22.9	16.4	0.2795	854	356
nte_03717.jpg	0.062436	0.5000	0.6887	150.5	126.1	0.8755	854	356
nte_03718.jpg	0.062154	0.5004	0.6841	151.0	125.2	0.8760	854	356
nte_03718.jpg	0.000692	0.3598	0.4545	20.5	10.2	0.4050	854	356
nte_03718.jpg	0.000308	0.4684	0.4320	10.6	8.9	0.3142	854	356
nte_03718.jpg	0.000461	0.5152	0.4470	13.7	10.2	0.3115	854	356
nte_03719.jpg	0.065404	0.5023	0.6906	154.6	128.6	0.8379	854	356
nte_03720.jpg	0.063130	0.5008	0.6859	155.3	123.6	0.8774	854	356
nte_03720.jpg	0.000476	0.5230	0.4489	14.3	10.1	0.2549	854	356
nte_03721.jpg	0.063978	0.5016	0.6906	153.0	127.1	0.8857	854	356
nte_03721.jpg	0.000393	0.3736	0.4507	13.7	8.7	0.2561	854	356
nte_03722.jpg	0.064811	0.5016	0.6962	153.1	128.7	0.8740	854	356
nte_03722.jpg	0.000506	0.5238	0.4517	13.4	11.5	0.3384	854	356
nte_03723.jpg	0.064825	0.5016	0.6944	154.5	127.6	0.8716	854	356
nte_03724.jpg	0.064784	0.5008	0.6916	154.0	127.9	0.8652	854	356
nte_03725.jpg	0.068668	0.5008	0.6972	155.3	134.4	0.8716	854	356
nte_03726.jpg	0.068703	0.5023	0.6906	161.0	129.8	0.8096	854	356
nte_03726.jpg	0.000331	0.4543	0.4339	10.5	9.6	0.2712	854	356
nte_03727.jpg	0.065132	0.5016	0.6953	155.3	127.5	0.8774	854	356
nte_03727.jpg	0.000631	0.4480	0.4357	14.3	13.4	0.5005	854	356
nte_03727.jpg	0.000300	0.4582	0.4310	9.6	9.5	0.2537	854	356
nte_03728.jpg	0.063164	0.5008	0.6906	155.0	123.9	0.8872	854	356
nte_03728.jpg	0.000886	0.4398	0.4385	17.0	15.8	0.5005	854	356
nte_03728.jpg	0.003279	0.8578	0.4470	37.5	26.6	0.4338	854	356
nte_03728.jpg	0.000869	0.5422	0.4207	18.0	14.7	0.3618	854	356
nte_03728.jpg	0.000327	0.4555	0.4348	11.1	9.0	0.3325	854	356
nte_03728.jpg	0.000921	0.4293	0.4451	19.5	14.4	0.2734	854	356
nte_03729.jpg	0.069648	0.4996	0.7047	158.3	133.8	0.8774	854	356
nte_03729.jpg	0.000968	0.4090	0.4563	19.5	15.1	0.6147	854	356
nte_03729.jpg	0.001220	0.4305	0.4423	21.5	17.3	0.4075	854	356
nte_03730.jpg	0.071373	0.4992	0.6972	158.5	136.9	0.8296	854	356
nte_03730.jpg	0.002394	0.3896	0.4638	35.2	20.7	0.6694	854	356
nte_03730.jpg	0.001527	0.4148	0.4432	23.9	19.5	0.4712	854	356
nte_03730.jpg	0.001286	0.5262	0.4732	19.0	20.6	0.3547	854	356
nte_03730.jpg	0.000483	0.4465	0.4357	13.5	10.8	0.2881	854	356
nte_03731.jpg	0.071448	0.5000	0.6953	158.6	136.9	0.8765	854	356
nte_03731.jpg	0.004783	0.3500	0.4760	50.8	28.6	0.8232	854	356
nte_03731.jpg	0.002934	0.3893	0.4507	30.8	29.0	0.5898	854	356
nte_03732.jpg	0.074032	0.5008	0.7019	165.0	136.4	0.8569	854	356
nte_03732.jpg	0.018889	0.2359	0.5173	112.4	51.1	0.7817	854	356
nte_03732.jpg	0.006406	0.3334	0.4582	55.2	35.3	0.7334	854	356
nte_03732.jpg	0.003474	0.3850	0.4310	33.0	32.0	0.3491	854	356
nte_03732.jpg	0.000590	0.4336	0.4489	14.6	12.3	0.2981	854	356
nte_03732.jpg	0.000288	0.4781	0.4301	9.7	9.0	0.2578	854	356
nte_03733.jpg	0.076798	0.4996	0.7065	165.5	141.1	0.8623	854	356
nte_03733.jpg	0.005224	0.3156	0.4770	55.0	28.9	0.6045	854	356
nte_03733.jpg	0.036714	0.1799	0.5088	152.8	73.1	0.4629	854	356
nte_03733.jpg	0.000372	0.4770	0.4310	11.2	10.1	0.3467	854	356
nte_03733.jpg	0.000972	0.3965	0.4545	18.6	15.8	0.3096	854	356
nte_03733.jpg	0.000496	0.4250	0.4432	13.2	11.4	0.2729	854	356
nte_03733.jpg	0.000891	0.4066	0.4507	20.0	13.6	0.2661	854	356
nte_03734.jpg	0.077067	0.5008	0.7112	164.3	142.6	0.8813	854	356
nte_03734.jpg	0.002677	0.3504	0.4704	35.2	23.1	0.4722	854	356
nte_03734.jpg	0.001002	0.3783	0.4554	20.3	15.0	0.4224	854	356
nte_03734.jpg	0.000661	0.4055	0.4254	16.7	12.1	0.3491	854	356
nte_03734.jpg	0.004929	0.1849	0.4910	62.0	24.2	0.3425	854	356
nte_03734.jpg	0.000408	0.4766	0.4329	11.9	10.4	0.2937	854	356
nte_03734.jpg	0.000654	0.3945	0.4554	15.8	12.6	0.2766	854	356
nte_03734.jpg	0.000645	0.4027	0.4554	17.6	11.1	0.2576	854	356
nte_03735.jpg	0.075816	0.5004	0.7065	165.8	139.0	0.8774	854	356
nte_03735.jpg	0.020500	0.2354	0.5173	120.9	51.5	0.8223	854	356
nte_03735.jpg	0.001920	0.3318	0.4742	26.9	21.7	0.5620	854	356
nte_03735.jpg	0.003689	0.3652	0.4732	41.7	26.9	0.4575	854	356
nte_03735.jpg	0.002023	0.3088	0.4845	27.1	22.7	0.2629	854	356
nte_03736.jpg	0.077066	0.5008	0.7075	166.6	140.6	0.8818	854	356
nte_03736.jpg	0.008634	0.2869	0.4910	74.0	35.5	0.5767	854	356
nte_03736.jpg	0.001576	0.3574	0.4442	28.1	17.1	0.4553	854	356
nte_03736.jpg	0.012784	0.2969	0.4179	86.0	45.2	0.2642	854	356
nte_03737.jpg	0.075923	0.5008	0.7037	166.1	138.9	0.8652	854	356
nte_03738.jpg	0.077734	0.5004	0.7075	167.4	141.2	0.9009	854	356
nte_03738.jpg	0.007594	0.2416	0.4620	69.5	33.2	0.6479	854	356
nte_03739.jpg	0.081552	0.4996	0.7150	170.5	145.4	0.8535	854	356
nte_03739.jpg	0.073261	0.0687	0.6663	117.3	189.8	0.4258	854	356
nte_03739.jpg	0.022644	0.0681	0.4901	114.2	60.3	0.2524	854	356
nte_03740.jpg	0.079590	0.5004	0.7178	168.9	143.3	0.8779	854	356
nte_03740.jpg	0.001376	0.7801	0.4489	33.0	12.7	0.4285	854	356
nte_03741.jpg	0.077852	0.5004	0.7140	169.1	139.9	0.8887	854	356
nte_03741.jpg	0.002970	0.8586	0.4526	52.5	17.2	0.3591	854	356
nte_03741.jpg	0.000231	0.4547	0.4320	10.3	6.9	0.2598	854	356
nte_03742.jpg	0.080322	0.4996	0.7150	171.1	142.7	0.8989	854	356
nte_03743.jpg	0.079838	0.5000	0.7131	170.8	142.1	0.8784	854	356
nte_03743.jpg	0.000321	0.4457	0.4339	12.4	7.9	0.2556	854	356
nte_03744.jpg	0.078770	0.5008	0.7131	168.7	141.9	0.8760	854	356
nte_03744.jpg	0.000365	0.4461	0.4367	11.9	9.3	0.2593	854	356
nte_03744.jpg	0.000494	0.4469	0.4470	12.6	11.9	0.2566	854	356
nte_03745.jpg	0.085033	0.5004	0.6925	170.1	152.0	0.8491	854	356
nte_03745.jpg	0.000639	0.4395	0.4460	15.7	12.4	0.2610	854	356
nte_03746.jpg	0.078346	0.5000	0.7103	168.8	141.1	0.9019	854	356
nte_03746.jpg	0.000467	0.5156	0.4170	14.1	10.1	0.2742	854	356
nte_03747.jpg	0.079463	0.4996	0.7140	169.8	142.3	0.8760	854	356
nte_03747.jpg	0.001164	0.4074	0.4507	23.5	15.0	0.5557	854	356
nte_03748.jpg	0.081496	0.4992	0.7150	171.1	144.8	0.8667	854	356
nte_03748.jpg	0.003007	0.3721	0.4667	40.2	22.8	0.7358	854	356
nte_03749.jpg	0.076890	0.4996	0.7084	169.5	137.9	0.8896	854	356
nte_03749.jpg	0.007193	0.3199	0.4845	65.6	33.3	0.7979	854	356
nte_03749.jpg	0.001060	0.3582	0.4498	21.5	15.0	0.2827	854	356
nte_03750.jpg	0.078986	0.4992	0.7103	171.8	139.8	0.8730	854	356
nte_03750.jpg	0.003125	0.3232	0.4507	38.9	24.4	0.5640	854	356
nte_03750.jpg	0.018858	0.1472	0.5351	106.7	53.8	0.4929	854	356
nte_03750.jpg	0.006824	0.2346	0.5004	59.8	34.7	0.3521	854	356
nte_03750.jpg	0.000419	0.5180	0.4198	13.1	9.8	0.2512	854	356
nte_03751.jpg	0.079571	0.5000	0.7065	171.1	141.4	0.8237	854	356
nte_03752.jpg	0.081843	0.4992	0.7094	171.5	145.1	0.8262	854	356
nte_03753.jpg	0.079884	0.4996	0.7075	170.3	142.6	0.8296	854	356
nte_03754.jpg	0.082568	0.5004	0.7150	170.6	147.1	0.8491	854	356
nte_03755.jpg	0.078974	0.5004	0.7075	169.5	141.6	0.8242	854	356
nte_03755.jpg	0.000617	0.5215	0.4198	16.9	11.1	0.2786	854	356
nte_03755.jpg	0.000716	0.3688	0.4310	16.4	13.3	0.2720	854	356
nte_03756.jpg	0.079718	0.5004	0.7178	169.5	142.9	0.8857	854	356
nte_03757.jpg	0.078197	0.5008	0.7103	169.9	139.9	0.8853	854	356
nte_03757.jpg	0.000236	0.4836	0.4310	9.4	7.6	0.2798	854	356
nte_03758.jpg	0.078834	0.5008	0.7131	169.5	141.4	0.8599	854	356
nte_03758.jpg	0.000252	0.4828	0.4310	10.0	7.7	0.3530	854	356
nte_03759.jpg	0.078130	0.5000	0.7103	169.1	140.4	0.8799	854	356
nte_03760.jpg	0.085173	0.5000	0.7262	170.1	152.2	0.8569	854	356
nte_03760.jpg	0.000292	0.4793	0.4310	10.5	8.4	0.3154	854	356
nte_03761.jpg	0.079323	0.5008	0.7131	170.3	141.6	0.8701	854	356
nte_03761.jpg	0.000385	0.4777	0.4273	11.3	10.3	0.3684	854	356
nte_03762.jpg	0.077960	0.5000	0.7131	169.0	140.3	0.8809	854	356
nte_03762.jpg	0.000394	0.4430	0.4217	12.4	9.7	0.2891	854	356
nte_03763.jpg	0.079992	0.4996	0.7112	170.1	142.9	0.8564	854	356
nte_03763.jpg	0.000517	0.4715	0.4385	13.8	11.4	0.2737	854	356
nte_03764.jpg	0.079502	0.5008	0.7094	169.9	142.3	0.8638	854	356
nte_03764.jpg	0.000478	0.4109	0.4376	15.0	9.7	0.4180	854	356
nte_03764.jpg	0.000484	0.4676	0.4301	14.2	10.3	0.3450	854	356
nte_03764.jpg	0.000332	0.4328	0.4226	11.6	8.7	0.2673	854	356
nte_03765.jpg	0.078870	0.5004	0.7122	168.6	142.2	0.8774	854	356
nte_03765.jpg	0.000383	0.4285	0.4207	11.3	10.3	0.4912	854	356
nte_03765.jpg	0.000600	0.3969	0.4442	17.7	10.3	0.2576	854	356
nte_03766.jpg	0.080714	0.5008	0.7140	169.9	144.4	0.8594	854	356
nte_03766.jpg	0.001114	0.3830	0.4460	24.0	14.1	0.7812	854	356
nte_03766.jpg	0.000410	0.4266	0.4207	11.7	10.7	0.3508	854	356
nte_03767.jpg	0.078702	0.5000	0.7103	170.0	140.8	0.8906	854	356
nte_03767.jpg	0.001553	0.3539	0.4507	30.5	15.5	0.5005	854	356
nte_03767.jpg	0.000712	0.4184	0.4207	16.3	13.3	0.3884	854	356
nte_03768.jpg	0.079323	0.5004	0.7112	170.3	141.6	0.8809	854	356
nte_03768.jpg	0.002953	0.3137	0.4592	44.6	20.1	0.7334	854	356
nte_03768.jpg	0.000397	0.4691	0.4292	13.1	9.2	0.3396	854	356
nte_03769.jpg	0.079479	0.5008	0.7122	170.1	142.0	0.8716	854	356
nte_03769.jpg	0.005652	0.2461	0.4713	69.4	24.7	0.4824	854	356
nte_03769.jpg	0.000361	0.4664	0.4329	12.6	8.7	0.2717	854	356
nte_03770.jpg	0.082903	0.5000	0.7197	172.3	146.3	0.8784	854	356
nte_03770.jpg	0.009157	0.0806	0.4966	74.1	37.6	0.3579	854	356
nte_03770.jpg	0.001438	0.1418	0.4610	34.8	12.6	0.3333	854	356
nte_03770.jpg	0.000358	0.4680	0.4320	12.5	8.7	0.3237	854	356
nte_03771.jpg	0.077481	0.5027	0.7159	169.1	139.3	0.8770	854	356
nte_03772.jpg	0.078254	0.5012	0.7150	168.8	140.9	0.8818	854	356
nte_03773.jpg	0.076903	0.5008	0.7112	168.9	138.4	0.8940	854	356
nte_03774.jpg	0.078695	0.5012	0.7131	169.5	141.1	0.8882	854	356
nte_03774.jpg	0.000331	0.4711	0.4348	12.1	8.3	0.2949	854	356
nte_03775.jpg	0.078066	0.5000	0.7140	169.8	139.8	0.8936	854	356
nte_03776.jpg	0.077020	0.5004	0.7112	169.5	138.1	0.8828	854	356
nte_03776.jpg	0.001012	0.4098	0.4498	22.9	13.4	0.4536	854	356
nte_03776.jpg	0.000403	0.4539	0.4489	11.9	10.3	0.4053	854	356
nte_03777.jpg	0.077017	0.5008	0.7103	169.1	138.4	0.8887	854	356
nte_03777.jpg	0.001532	0.3838	0.4535	29.5	15.8	0.5811	854	356
nte_03778.jpg	0.077358	0.5008	0.7122	169.0	139.2	0.8931	854	356
nte_03778.jpg	0.004156	0.3277	0.4685	53.9	23.4	0.6870	854	356
nte_03779.jpg	0.078014	0.5000	0.7150	168.9	140.4	0.8789	854	356
nte_03779.jpg	0.019531	0.2045	0.5098	126.3	47.0	0.7324	854	356
nte_03779.jpg	0.000271	0.4797	0.4320	10.1	8.2	0.3154	854	356
nte_03780.jpg	0.077194	0.5008	0.7131	169.2	138.7	0.8911	854	356
nte_03780.jpg	0.000233	0.4789	0.4310	9.3	7.6	0.3303	854	356
nte_03781.jpg	0.078211	0.5008	0.7122	170.2	139.7	0.8936	854	356
nte_03781.jpg	0.000427	0.5156	0.4535	12.5	10.4	0.2908	854	356
nte_03782.jpg	0.077460	0.5000	0.7094	169.8	138.7	0.8887	854	356
nte_03783.jpg	0.077822	0.5004	0.7150	168.5	140.4	0.8945	854	356
nte_03784.jpg	0.077836	0.5008	0.7103	169.3	139.8	0.9033	854	356
nte_03785.jpg	0.075718	0.5004	0.7084	170.0	135.4	0.8872	854	356
nte_03786.jpg	0.078393	0.5004	0.7084	169.3	140.8	0.8921	854	356
nte_03787.jpg	0.080211	0.5012	0.7197	170.3	143.2	0.8613	854	356
nte_03788.jpg	0.076416	0.5004	0.7094	169.5	137.0	0.8955	854	356
nte_03789.jpg	0.076187	0.5004	0.7103	168.6	137.4	0.8887	854	356
nte_03790.jpg	0.077976	0.5012	0.7140	168.8	140.4	0.8652	854	356
nte_03791.jpg	0.084120	0.4996	0.7262	169.0	151.3	0.8789	854	356
nte_03791.jpg	0.000267	0.4664	0.4320	10.6	7.7	0.3164	854	356
nte_03792.jpg	0.079643	0.5004	0.7187	168.8	143.4	0.8643	854	356
nte_03793.jpg	0.075408	0.5000	0.7065	168.1	136.4	0.8809	854	356
nte_03794.jpg	0.076465	0.5004	0.7094	168.6	137.9	0.9058	854	356
nte_03795.jpg	0.083083	0.4996	0.7272	169.3	149.2	0.8804	854	356
nte_03796.jpg	0.077420	0.5008	0.7103	168.8	139.4	0.8877	854	356
nte_03796.jpg	0.000761	0.5211	0.4507	18.6	12.5	0.2593	854	356
nte_03797.jpg	0.075717	0.5000	0.7065	169.1	136.1	0.8721	854	356
nte_03797.jpg	0.000527	0.4766	0.4367	16.0	10.0	0.4736	854	356
nte_03798.jpg	0.078927	0.5008	0.7150	171.5	139.9	0.8804	854	356
nte_03798.jpg	0.000502	0.4730	0.4367	15.5	9.8	0.5986	854	356
nte_03799.jpg	0.077012	0.5000	0.7037	169.6	138.0	0.8760	854	356
nte_03799.jpg	0.000608	0.4707	0.4348	18.2	10.2	0.3401	854	356
nte_03800.jpg	0.078422	0.5000	0.7150	170.0	140.3	0.8853	854	356
nte_03800.jpg	0.001941	0.4691	0.4620	25.3	23.4	0.6909	854	356
nte_03801.jpg	0.076464	0.5008	0.7075	170.0	136.8	0.8770	854	356
nte_03802.jpg	0.085501	0.5004	0.7150	173.0	150.3	0.8101	854	356
nte_03803.jpg	0.088334	0.5004	0.7272	171.5	156.6	0.8203	854	356
nte_03804.jpg	0.093160	0.4992	0.6859	173.8	163.0	0.7954	854	356
nte_03805.jpg	0.079772	0.5000	0.7065	169.5	143.1	0.8579	854	356
nte_03806.jpg	0.095245	0.5020	0.6784	174.3	166.1	0.8530	854	356
nte_03807.jpg	0.079246	0.5008	0.7094	170.1	141.6	0.8901	854	356
nte_03807.jpg	0.000254	0.4785	0.4301	10.4	7.5	0.3687	854	356
nte_03808.jpg	0.080189	0.5012	0.7122	170.5	142.9	0.8447	854	356
nte_03808.jpg	0.000269	0.4781	0.4301	11.1	7.4	0.4187	854	356
nte_03809.jpg	0.080871	0.5012	0.7075	171.8	143.1	0.8140	854	356
nte_03809.jpg	0.000258	0.4785	0.4301	10.6	7.4	0.2502	854	356
nte_03810.jpg	0.080789	0.5008	0.7028	170.6	143.9	0.8135	854	356
nte_03810.jpg	0.000353	0.4594	0.4310	13.2	8.1	0.3696	854	356
nte_03810.jpg	0.000283	0.4777	0.4301	11.3	7.6	0.2732	854	356
nte_03811.jpg	0.079415	0.5004	0.7009	169.3	142.6	0.8169	854	356
nte_03812.jpg	0.093245	0.5016	0.6953	172.6	164.2	0.8018	854	356
nte_03812.jpg	0.000342	0.4570	0.4310	12.2	8.5	0.2832	854	356
nte_03813.jpg	0.078964	0.5004	0.7103	170.6	140.7	0.8623	854	356
nte_03813.jpg	0.000473	0.5035	0.4592	15.6	9.2	0.2971	854	356
nte_03813.jpg	0.000319	0.4555	0.4310	11.3	8.6	0.2942	854	356
nte_03813.jpg	0.000305	0.4691	0.4320	11.2	8.3	0.2629	854	356
nte_03814.jpg	0.077223	0.5004	0.7103	169.4	138.6	0.8857	854	356
nte_03815.jpg	0.077282	0.5004	0.7056	169.7	138.4	0.8755	854	356
nte_03815.jpg	0.000374	0.4559	0.4329	12.7	8.9	0.3577	854	356
nte_03816.jpg	0.076814	0.5004	0.7028	169.3	137.9	0.8477	854	356
nte_03816.jpg	0.000565	0.4547	0.4348	15.6	11.1	0.3633	854	356
nte_03817.jpg	0.086315	0.5043	0.7075	177.0	148.3	0.8052	854	356
nte_03818.jpg	0.088982	0.5016	0.6841	174.3	155.2	0.7773	854	356
nte_03819.jpg	0.079385	0.5012	0.7009	170.6	141.4	0.8169	854	356
nte_03819.jpg	0.000349	0.4574	0.4339	11.4	9.3	0.2837	854	356
nte_03820.jpg	0.079385	0.5004	0.7065	169.6	142.3	0.8662	854	356
nte_03820.jpg	0.000664	0.4266	0.4432	16.1	12.5	0.3674	854	356
nte_03820.jpg	0.000502	0.4434	0.4376	13.4	11.4	0.2842	854	356
nte_03821.jpg	0.090846	0.5016	0.6803	174.3	158.5	0.8589	854	356
nte_03822.jpg	0.082649	0.5008	0.6972	170.8	147.1	0.8740	854	356
nte_03822.jpg	0.000562	0.3854	0.4545	16.5	10.3	0.4148	854	356
nte_03822.jpg	0.000621	0.4031	0.4489	16.1	11.7	0.3467	854	356
nte_03822.jpg	0.000458	0.4543	0.4339	13.6	10.2	0.2942	854	356
nte_03822.jpg	0.000275	0.4926	0.4273	10.1	8.3	0.2620	854	356
nte_03823.jpg	0.076528	0.5000	0.6990	168.5	138.1	0.8613	854	356
nte_03823.jpg	0.000644	0.3877	0.4517	17.0	11.5	0.4216	854	356
nte_03823.jpg	0.001474	0.3518	0.4592	30.6	14.6	0.3774	854	356
nte_03823.jpg	0.000591	0.5043	0.4264	17.7	10.2	0.3381	854	356
nte_03823.jpg	0.000748	0.3654	0.4573	18.6	12.2	0.3069	854	356
nte_03823.jpg	0.000328	0.4820	0.4245	11.6	8.6	0.2542	854	356
nte_03824.jpg	0.083589	0.5027	0.7019	176.1	144.3	0.8286	854	356
nte_03824.jpg	0.001031	0.3674	0.4498	21.1	14.9	0.6377	854	356
nte_03824.jpg	0.004100	0.2953	0.4732	54.3	23.0	0.4812	854	356
nte_03824.jpg	0.000486	0.5066	0.4282	15.6	9.5	0.2563	854	356
nte_03825.jpg	0.084381	0.5008	0.6897	172.1	149.0	0.8208	854	356
nte_03825.jpg	0.022331	0.1000	0.5276	155.2	43.7	0.6978	854	356
nte_03825.jpg	0.002084	0.3303	0.4563	32.2	19.7	0.4895	854	356
nte_03826.jpg	0.084771	0.5000	0.6990	171.3	150.5	0.8447	854	356
nte_03826.jpg	0.003145	0.2883	0.4601	44.8	21.3	0.7559	854	356
nte_03826.jpg	0.001003	0.3520	0.4526	22.7	13.5	0.2815	854	356
nte_03826.jpg	0.000329	0.4301	0.4339	11.4	8.7	0.2583	854	356
nte_03827.jpg	0.082456	0.5004	0.7075	169.6	147.8	0.8647	854	356
nte_03827.jpg	0.009865	0.1771	0.4779	89.4	33.5	0.7173	854	356
nte_03827.jpg	0.000366	0.4215	0.4339	12.2	9.1	0.2681	854	356
nte_03828.jpg	0.077298	0.5000	0.7103	168.6	139.4	0.8789	854	356
nte_03828.jpg	0.001976	0.5152	0.4451	29.2	20.5	0.2576	854	356
nte_03829.jpg	0.077675	0.5000	0.7103	168.5	140.1	0.8828	854	356
nte_03829.jpg	0.000705	0.4023	0.4348	18.5	11.6	0.5952	854	356
nte_03829.jpg	0.022638	0.5453	0.5594	95.1	72.4	0.3242	854	356
nte_03829.jpg	0.001485	0.5141	0.4470	28.9	15.6	0.2749	854	356
nte_03830.jpg	0.076174	0.5008	0.7103	169.6	136.5	0.8862	854	356
nte_03830.jpg	0.000751	0.3826	0.4367	17.1	13.3	0.3049	854	356
nte_03830.jpg	0.001721	0.5137	0.4507	33.4	15.6	0.2588	854	356
nte_03831.jpg	0.076657	0.5004	0.7140	169.5	137.5	0.9092	854	356
nte_03831.jpg	0.000594	0.4387	0.4142	14.2	12.7	0.2607	854	356
nte_03832.jpg	0.074356	0.5008	0.7065	170.0	132.9	0.8926	854	356
nte_03832.jpg	0.049576	0.5023	0.5323	171.5	87.9	0.3855	854	356
nte_03833.jpg	0.081936	0.5035	0.7103	174.5	142.8	0.8623	854	356
nte_03833.jpg	0.003574	0.3066	0.4489	46.4	23.4	0.5293	854	356
nte_03833.jpg	0.000853	0.4148	0.4076	20.1	12.9	0.2908	854	356
nte_03833.jpg	0.002188	0.4172	0.3505	30.9	21.6	0.2683	854	356
nte_03833.jpg	0.000482	0.3879	0.4104	17.1	8.6	0.2632	854	356
nte_03834.jpg	0.076389	0.5000	0.7122	169.8	136.8	0.8560	854	356
nte_03834.jpg	0.006262	0.2453	0.4554	63.7	29.9	0.7134	854	356
nte_03834.jpg	0.000813	0.3648	0.4048	19.2	12.9	0.4263	854	356
nte_03835.jpg	0.078807	0.5000	0.7047	170.8	140.3	0.8042	854	356
nte_03835.jpg	0.001841	0.3621	0.4057	33.8	16.6	0.4709	854	356
nte_03836.jpg	0.005758	0.3008	0.4011	59.5	29.4	0.7993	854	356
nte_03836.jpg	0.092596	0.4973	0.7234	177.5	158.6	0.6606	854	356
nte_03836.jpg	0.000907	0.4176	0.4076	20.2	13.6	0.2832	854	356
nte_03837.jpg	0.095860	0.5008	0.7553	170.0	171.5	0.8960	854	356
nte_03837.jpg	0.016413	0.1927	0.4404	115.2	43.3	0.8501	854	356
nte_03837.jpg	0.000777	0.4078	0.4161	19.5	12.1	0.5420	854	356
nte_03838.jpg	0.093390	0.5004	0.7496	169.8	167.2	0.8867	854	356
nte_03838.jpg	0.001554	0.3871	0.4357	24.6	19.2	0.5942	854	356
nte_03839.jpg	0.083275	0.5012	0.7365	168.5	150.3	0.8818	854	356
nte_03839.jpg	0.000818	0.3727	0.4310	17.4	14.3	0.4622	854	356
nte_03839.jpg	0.002195	0.3512	0.4685	35.8	18.6	0.4373	854	356
nte_03840.jpg	0.075591	0.5008	0.7290	164.7	139.5	0.8813	854	356
nte_03840.jpg	0.005647	0.2908	0.4788	55.4	31.0	0.8008	854	356
nte_03840.jpg	0.000997	0.3480	0.4320	20.8	14.6	0.5757	854	356
nte_03841.jpg	0.069192	0.5004	0.6990	161.8	130.0	0.8931	854	356
nte_03841.jpg	0.002137	0.3102	0.4339	35.1	18.5	0.7373	854	356
nte_03841.jpg	0.024505	0.1069	0.5191	139.7	53.3	0.6890	854	356
nte_03842.jpg	0.070614	0.5086	0.6990	163.5	131.3	0.8530	854	356
nte_03842.jpg	0.005668	0.2250	0.4460	69.2	24.9	0.2898	854	356
nte_03843.jpg	0.073573	0.5070	0.7075	162.0	138.1	0.8618	854	356
nte_03843.jpg	0.001970	0.1138	0.4395	40.7	14.7	0.2642	854	356
nte_03844.jpg	0.077911	0.5020	0.7178	165.1	143.4	0.8711	854	356
nte_03844.jpg	0.002970	0.5813	0.6194	33.8	26.7	0.2766	854	356
nte_03845.jpg	0.089953	0.5020	0.7487	167.0	163.8	0.8408	854	356
nte_03846.jpg	0.085055	0.5098	0.7337	168.0	154.0	0.8687	854	356
nte_03847.jpg	0.081802	0.5074	0.7140	166.1	149.7	0.8691	854	356
nte_03848.jpg	0.075209	0.4977	0.7065	159.1	143.7	0.8242	854	356
nte_03849.jpg	0.074335	0.4996	0.6934	157.5	143.5	0.8662	854	356
nte_03850.jpg	0.074892	0.5039	0.7009	155.1	146.8	0.8188	854	356
nte_03851.jpg	0.069649	0.4992	0.6878	151.0	140.3	0.8091	854	356
nte_03852.jpg	0.069224	0.4977	0.6681	152.2	138.3	0.7759	854	356
nte_03852.jpg	0.000440	0.4379	0.3580	12.7	10.5	0.3784	854	356
nte_03853.jpg	0.063736	0.4973	0.6719	147.6	131.3	0.8774	854	356
nte_03853.jpg	0.000318	0.4469	0.3608	11.2	8.6	0.3313	854	356
nte_03854.jpg	0.059813	0.4938	0.6700	145.9	124.6	0.8862	854	356
nte_03855.jpg	0.059407	0.4977	0.6719	144.3	125.2	0.8726	854	356
nte_03855.jpg	0.000433	0.4469	0.3580	12.4	10.6	0.2751	854	356
nte_03856.jpg	0.059432	0.4977	0.6681	143.9	125.6	0.8740	854	356
nte_03856.jpg	0.000642	0.4426	0.3570	15.0	13.0	0.6304	854	356
nte_03857.jpg	0.060985	0.4965	0.6737	142.7	129.9	0.8857	854	356
nte_03857.jpg	0.001032	0.4379	0.3561	19.6	16.0	0.6597	854	356
nte_03858.jpg	0.057783	0.4973	0.6653	141.9	123.8	0.8774	854	356
nte_03858.jpg	0.001432	0.4273	0.3617	22.8	19.1	0.7163	854	356
nte_03859.jpg	0.055822	0.4973	0.6588	141.6	119.8	0.8760	854	356
nte_03859.jpg	0.002155	0.4066	0.3683	29.9	21.9	0.7280	854	356
nte_03860.jpg	0.057403	0.4988	0.6672	139.7	124.9	0.8789	854	356
nte_03860.jpg	0.005127	0.3643	0.3861	48.5	32.2	0.8320	854	356
nte_03861.jpg	0.057055	0.5000	0.6550	138.1	125.6	0.8276	854	356
nte_03861.jpg	0.018469	0.2682	0.4339	101.2	55.5	0.7261	854	356
nte_03861.jpg	0.000639	0.4328	0.3898	15.7	12.4	0.3613	854	356
nte_03861.jpg	0.000478	0.4938	0.3954	15.2	9.6	0.2910	854	356
nte_03862.jpg	0.052787	0.5000	0.6616	138.4	115.9	0.8379	854	356
nte_03863.jpg	0.053564	0.5004	0.6550	139.3	116.9	0.8691	854	356
nte_03864.jpg	0.053311	0.5020	0.6550	137.4	117.9	0.8799	854	356
nte_03864.jpg	0.002881	0.5129	0.4498	33.5	26.1	0.2856	854	356
nte_03865.jpg	0.053618	0.4977	0.6503	137.9	118.2	0.8706	854	356
nte_03866.jpg	0.053509	0.4938	0.6513	142.3	114.3	0.8442	854	356
nte_03867.jpg	0.052071	0.4957	0.6522	141.0	112.3	0.8589	854	356
nte_03868.jpg	0.055995	0.5004	0.6409	140.8	120.9	0.7427	854	356
nte_03869.jpg	0.053319	0.4984	0.6466	138.4	117.1	0.7812	854	356
nte_03870.jpg	0.054122	0.4961	0.6409	138.4	118.9	0.7988	854	356
nte_03871.jpg	0.051371	0.4957	0.6494	139.9	111.7	0.8691	854	356
nte_03872.jpg	0.053884	0.4945	0.6409	139.6	117.3	0.8604	854	356
nte_03873.jpg	0.051765	0.4910	0.6456	141.8	111.0	0.8198	854	356
nte_03873.jpg	0.000224	0.4434	0.3964	11.2	6.1	0.2788	854	356
nte_03874.jpg	0.052641	0.4902	0.6456	144.6	110.7	0.8662	854	356
nte_03874.jpg	0.000363	0.4176	0.3983	12.7	8.7	0.2822	854	356
nte_03875.jpg	0.054798	0.4949	0.6569	140.8	118.3	0.8428	854	356
nte_03875.jpg	0.000399	0.4434	0.4020	13.1	9.3	0.5591	854	356
nte_03875.jpg	0.000389	0.4086	0.4057	12.8	9.2	0.3943	854	356
nte_03876.jpg	0.050559	0.4934	0.6484	140.7	109.3	0.8730	854	356
nte_03876.jpg	0.000658	0.4348	0.4104	17.1	11.7	0.5908	854	356
nte_03876.jpg	0.000416	0.4191	0.4067	13.5	9.4	0.5444	854	356
nte_03876.jpg	0.000482	0.3967	0.4086	13.6	10.8	0.3997	854	356
nte_03877.jpg	0.050810	0.4926	0.6447	140.1	110.3	0.8525	854	356
nte_03877.jpg	0.000637	0.4133	0.4151	16.9	11.4	0.5854	854	356
nte_03877.jpg	0.000560	0.3742	0.4170	15.3	11.2	0.4954	854	356
nte_03878.jpg	0.055670	0.4980	0.6325	139.2	121.6	0.8247	854	356
nte_03878.jpg	0.000873	0.3883	0.4236	19.6	13.5	0.6221	854	356
nte_03878.jpg	0.000923	0.3449	0.4254	19.4	14.5	0.5244	854	356
nte_03879.jpg	0.055351	0.4992	0.6344	138.8	121.3	0.8193	854	356
nte_03879.jpg	0.001799	0.3643	0.4357	30.8	17.8	0.7368	854	356
nte_03879.jpg	0.001165	0.3207	0.4329	21.4	16.6	0.5649	854	356
nte_03879.jpg	0.000588	0.3912	0.4254	15.3	11.7	0.5386	854	356
nte_03879.jpg	0.000741	0.5719	0.4264	18.9	11.9	0.2634	854	356
nte_03879.jpg	0.000558	0.5543	0.4226	16.3	10.4	0.2605	854	356
nte_03880.jpg	0.053399	0.4945	0.6484	144.9	112.0	0.8569	854	356
nte_03880.jpg	0.000917	0.4031	0.4320	21.7	12.8	0.4788	854	356
nte_03880.jpg	0.000457	0.4211	0.4245	14.5	9.6	0.3196	854	356
nte_03881.jpg	0.051624	0.4945	0.6428	139.6	112.4	0.8740	854	356
nte_03881.jpg	0.025606	0.1128	0.5285	144.9	53.7	0.4705	854	356
nte_03881.jpg	0.001275	0.3789	0.4376	26.4	14.7	0.4375	854	356
nte_03881.jpg	0.006509	0.2008	0.4751	57.8	34.2	0.4324	854	356
nte_03881.jpg	0.000483	0.4152	0.4236	15.7	9.4	0.3789	854	356
nte_03882.jpg	0.049229	0.4984	0.6503	139.4	107.3	0.8599	854	356
nte_03882.jpg	0.002902	0.3252	0.4563	41.4	21.3	0.6860	854	356
nte_03883.jpg	0.052991	0.4980	0.6438	138.8	116.1	0.8306	854	356
nte_03883.jpg	0.000364	0.4199	0.4245	12.0	9.2	0.6240	854	356
nte_03883.jpg	0.012135	0.2086	0.4938	91.1	40.5	0.4707	854	356
nte_03883.jpg	0.000357	0.4555	0.4592	12.7	8.6	0.3237	854	356
nte_03884.jpg	0.048513	0.5027	0.6484	135.1	109.2	0.8521	854	356
nte_03884.jpg	0.000369	0.4082	0.4273	12.5	9.0	0.4458	854	356
nte_03884.jpg	0.001375	0.2311	0.4292	27.6	15.2	0.4045	854	356
nte_03884.jpg	0.000362	0.4172	0.4226	12.5	8.8	0.2588	854	356
nte_03885.jpg	0.049607	0.5070	0.6597	136.7	110.3	0.8555	854	356
nte_03885.jpg	0.001176	0.3066	0.4451	23.1	15.5	0.6152	854	356
nte_03885.jpg	0.000444	0.3982	0.4301	14.0	9.6	0.4456	854	356
nte_03885.jpg	0.000316	0.5211	0.4339	12.5	7.7	0.3235	854	356
nte_03885.jpg	0.000377	0.4141	0.4236	13.2	8.7	0.3062	854	356
nte_03886.jpg	0.046444	0.5055	0.6475	135.8	104.0	0.8623	854	356
nte_03886.jpg	0.001933	0.2668	0.4535	30.9	19.0	0.6514	854	356
nte_03886.jpg	0.000559	0.3824	0.4339	17.3	9.8	0.4602	854	356
nte_03886.jpg	0.000618	0.4035	0.4245	17.2	10.9	0.4231	854	356
nte_03886.jpg	0.000972	0.4781	0.4695	19.0	15.6	0.3997	854	356
nte_03887.jpg	0.045670	0.5043	0.6484	135.4	102.6	0.8818	854	356
nte_03887.jpg	0.003822	0.1979	0.4629	49.5	23.5	0.7119	854	356
nte_03887.jpg	0.000946	0.3611	0.4404	23.9	12.1	0.5562	854	356
nte_03887.jpg	0.002517	0.5102	0.4142	30.9	24.8	0.5195	854	356
nte_03887.jpg	0.003259	0.5652	0.5669	37.8	26.2	0.5005	854	356
nte_03887.jpg	0.000455	0.4777	0.4620	15.7	8.8	0.2673	854	356
nte_03888.jpg	0.045903	0.5047	0.6475	135.6	102.9	0.8838	854	356
nte_03888.jpg	0.004714	0.5637	0.5576	42.2	34.0	0.6050	854	356
nte_03888.jpg	0.000657	0.4777	0.4667	16.7	11.9	0.5513	854	356
nte_03888.jpg	0.000506	0.3598	0.4479	15.0	10.2	0.4497	854	356
nte_03888.jpg	0.001064	0.3205	0.4535	26.2	12.4	0.3716	854	356
nte_03888.jpg	0.000413	0.3439	0.4498	13.3	9.4	0.2844	854	356
nte_03888.jpg	0.001394	0.2445	0.4845	29.5	14.4	0.2812	854	356
nte_03888.jpg	0.000507	0.3773	0.4367	15.5	10.0	0.2747	854	356
nte_03889.jpg	0.045438	0.5047	0.6475	135.4	102.0	0.8833	854	356
nte_03889.jpg	0.000728	0.4785	0.4676	17.5	12.6	0.5938	854	356
nte_03889.jpg	0.000371	0.4543	0.4657	11.5	9.8	0.5352	854	356
nte_03889.jpg	0.000666	0.3186	0.4610	20.1	10.1	0.4922	854	356
nte_03889.jpg	0.000520	0.3898	0.4376	15.9	10.0	0.4919	854	356
nte_03890.jpg	0.047292	0.5039	0.6466	135.9	105.8	0.8931	854	356
nte_03890.jpg	0.001459	0.2592	0.4845	31.2	14.2	0.5820	854	356
nte_03890.jpg	0.000458	0.4531	0.4816	14.4	9.7	0.4521	854	356
nte_03890.jpg	0.002798	0.2791	0.4601	49.7	17.1	0.4116	854	356
nte_03890.jpg	0.000488	0.6086	0.4526	16.9	8.8	0.3643	854	356
nte_03890.jpg	0.003460	0.5645	0.5613	35.7	29.5	0.3621	854	356
nte_03890.jpg	0.000427	0.3713	0.4442	14.0	9.3	0.2793	854	356
nte_03890.jpg	0.000423	0.4789	0.4816	15.0	8.6	0.2769	854	356
nte_03890.jpg	0.010652	0.1156	0.4713	80.1	40.4	0.2695	854	356
nte_03890.jpg	0.000829	0.3203	0.4554	22.8	11.1	0.2622	854	356
nte_03891.jpg	0.051677	0.5105	0.6494	151.0	104.1	0.8057	854	356
nte_03891.jpg	0.000887	0.3777	0.4807	18.6	14.5	0.5078	854	356
nte_03891.jpg	0.000802	0.2625	0.4620	20.8	11.7	0.2979	854	356
nte_03892.jpg	0.115715	0.4250	0.6709	307.9	114.3	0.9092	854	356
nte_03893.jpg	0.203565	0.3797	0.7487	384.3	161.0	0.8218	854	356
nte_03894.jpg	0.283940	0.3039	0.7534	510.4	169.1	0.6792	854	356
nte_03894.jpg	0.042683	0.9109	0.5932	152.0	85.4	0.4849	854	356
nte_03895.jpg	0.179905	0.3914	0.7272	367.6	148.8	0.9087	854	356
nte_03896.jpg	0.170395	0.3916	0.7150	370.6	139.8	0.9170	854	356
nte_03897.jpg	0.170853	0.3906	0.7131	373.6	139.0	0.9014	854	356
nte_03898.jpg	0.172688	0.3887	0.7140	377.0	139.3	0.8936	854	356
nte_03899.jpg	0.172594	0.3902	0.7159	375.0	139.9	0.9087	854	356
nte_03900.jpg	0.172695	0.3893	0.7140	375.6	139.8	0.9199	854	356
nte_03901.jpg	0.177706	0.3922	0.7281	368.3	146.7	0.9155	854	356
nte_03902.jpg	0.184914	0.3918	0.7384	367.0	153.2	0.9048	854	356
nte_03903.jpg	0.265633	0.3182	0.7515	491.1	164.5	0.7036	854	356
nte_03903.jpg	0.007302	0.5590	0.5576	75.1	29.5	0.2612	854	356
nte_03904.jpg	0.288469	0.2979	0.7553	506.1	173.3	0.6812	854	356
nte_03905.jpg	0.172916	0.3818	0.7150	360.6	145.8	0.9204	854	356
nte_03906.jpg	0.152908	0.3842	0.6578	370.6	125.4	0.9131	854	356
nte_03907.jpg	0.142285	0.3842	0.6288	372.6	116.1	0.7085	854	356
nte_03908.jpg	0.151174	0.3834	0.6156	373.6	123.0	0.7446	854	356
nte_03909.jpg	0.133682	0.3938	0.6409	374.3	108.6	0.8877	854	356
nte_03910.jpg	0.079410	0.4691	0.6597	242.9	99.4	0.9023	854	356
nte_03911.jpg	0.056047	0.5055	0.6484	162.5	104.8	0.8750	854	356
nte_03911.jpg	0.000607	0.8797	0.4816	22.1	8.4	0.3235	854	356
nte_03911.jpg	0.001176	0.2520	0.4432	26.8	13.3	0.2725	854	356
nte_03912.jpg	0.050907	0.5102	0.6484	142.9	108.3	0.8740	854	356
nte_03912.jpg	0.001790	0.2736	0.4329	31.1	17.5	0.4902	854	356
nte_03912.jpg	0.000536	0.3238	0.4264	17.2	9.5	0.3210	854	356
nte_03913.jpg	0.048049	0.5070	0.6503	141.9	102.9	0.8608	854	356
nte_03913.jpg	0.000442	0.3414	0.4207	15.5	8.6	0.5254	854	356
nte_03913.jpg	0.005378	0.2113	0.4339	49.0	33.4	0.4873	854	356
nte_03913.jpg	0.000780	0.3127	0.4320	22.6	10.5	0.4224	854	356
nte_03913.jpg	0.000302	0.3727	0.4189	11.9	7.7	0.2573	854	356
nte_03914.jpg	0.048328	0.5039	0.6541	135.9	108.1	0.8218	854	356
nte_03914.jpg	0.001203	0.2842	0.4451	29.9	12.2	0.4084	854	356
nte_03914.jpg	0.000730	0.3465	0.4189	22.4	9.9	0.3901	854	356
nte_03914.jpg	0.000472	0.3848	0.4179	16.6	8.6	0.3879	854	356
nte_03914.jpg	0.000417	0.4102	0.4282	11.8	10.7	0.3501	854	356
nte_03915.jpg	0.047841	0.5023	0.6569	136.4	106.7	0.8599	854	356
nte_03915.jpg	0.000518	0.3682	0.4226	16.4	9.6	0.5234	854	356
nte_03915.jpg	0.000790	0.3348	0.4226	21.7	11.1	0.3767	854	356
nte_03915.jpg	0.002426	0.1775	0.4751	48.5	15.2	0.2991	854	356
nte_03915.jpg	0.000917	0.3182	0.4217	21.8	12.8	0.2639	854	356
nte_03916.jpg	0.049075	0.5020	0.6494	136.4	109.4	0.8306	854	356
nte_03917.jpg	0.054894	0.5008	0.6260	137.4	121.4	0.8730	854	356
nte_03917.jpg	0.002636	0.2250	0.4592	43.8	18.3	0.2869	854	356
nte_03918.jpg	0.051276	0.5016	0.6409	136.4	114.3	0.8755	854	356
nte_03919.jpg	0.051699	0.5016	0.6569	136.3	115.3	0.8755	854	356
nte_03919.jpg	0.002322	0.4703	0.4104	31.0	22.8	0.2747	854	356
nte_03920.jpg	0.047934	0.5020	0.6522	135.8	107.3	0.8569	854	356
nte_03921.jpg	0.046866	0.5012	0.6541	135.3	105.3	0.8496	854	356
nte_03922.jpg	0.046838	0.5016	0.6559	135.2	105.3	0.8872	854	356
nte_03923.jpg	0.044950	0.5016	0.6466	136.4	100.2	0.8682	854	356
nte_03924.jpg	0.045048	0.5012	0.6494	135.3	101.2	0.8799	854	356
nte_03925.jpg	0.044226	0.5012	0.6484	134.7	99.8	0.8809	854	356
nte_03926.jpg	0.044972	0.5043	0.6494	137.2	99.7	0.8892	854	356
nte_03927.jpg	0.047513	0.5043	0.6550	141.3	102.2	0.8936	854	356
nte_03927.jpg	0.000390	0.4793	0.4226	10.8	11.0	0.2776	854	356
nte_03928.jpg	0.048088	0.5035	0.6578	141.9	103.0	0.9058	854	356
nte_03929.jpg	0.050739	0.5031	0.6644	144.3	106.9	0.8892	854	356
nte_03929.jpg	0.000297	0.4828	0.4273	10.6	8.5	0.2756	854	356
nte_03930.jpg	0.054370	0.5047	0.6691	149.7	110.4	0.8726	854	356
nte_03930.jpg	0.000570	0.3541	0.4592	20.8	8.4	0.3279	854	356
nte_03930.jpg	0.000348	0.4848	0.4273	10.9	9.7	0.2842	854	356
nte_03931.jpg	0.052192	0.5020	0.6653	147.9	107.3	0.8760	854	356
nte_03932.jpg	0.054956	0.4984	0.6737	149.3	111.9	0.8862	854	356
nte_03932.jpg	0.000382	0.4844	0.4292	11.4	10.2	0.2732	854	356
nte_03933.jpg	0.057231	0.4992	0.6756	152.3	114.3	0.8696	854	356
nte_03934.jpg	0.056854	0.4996	0.6756	152.6	113.3	0.8735	854	356
nte_03935.jpg	0.057585	0.5000	0.6766	153.5	114.1	0.8687	854	356
nte_03935.jpg	0.000497	0.4785	0.4310	12.9	11.7	0.4011	854	356
nte_03936.jpg	0.061111	0.5004	0.6841	155.8	119.3	0.8481	854	356
nte_03936.jpg	0.000543	0.4781	0.4273	12.4	13.3	0.4377	854	356
nte_03937.jpg	0.062660	0.5008	0.6869	156.5	121.8	0.8750	854	356
nte_03937.jpg	0.000709	0.3020	0.4592	18.2	11.8	0.4143	854	356
nte_03938.jpg	0.064225	0.5012	0.6897	158.6	123.1	0.8789	854	356
nte_03939.jpg	0.064714	0.5004	0.6925	159.3	123.5	0.8745	854	356
nte_03939.jpg	0.002598	0.5777	0.5875	32.7	24.2	0.4241	854	356
nte_03939.jpg	0.001523	0.5977	0.4254	33.1	14.0	0.3604	854	356
nte_03939.jpg	0.000555	0.4723	0.4310	13.9	12.2	0.3196	854	356
nte_03940.jpg	0.067062	0.5031	0.6953	160.6	126.9	0.8677	854	356
nte_03940.jpg	0.000443	0.4656	0.4264	12.7	10.6	0.3613	854	356
nte_03940.jpg	0.000334	0.5277	0.4310	12.3	8.3	0.3118	854	356
nte_03941.jpg	0.065868	0.5098	0.6887	160.3	124.9	0.8774	854	356
nte_03942.jpg	0.073687	0.5105	0.7028	164.3	136.4	0.8550	854	356
nte_03942.jpg	0.000695	0.4020	0.3861	15.7	13.4	0.3735	854	356
nte_03943.jpg	0.066458	0.5148	0.6859	156.7	128.9	0.8701	854	356
nte_03943.jpg	0.001008	0.2377	0.3879	23.1	13.3	0.5342	854	356
nte_03943.jpg	0.000818	0.3869	0.3711	17.5	14.2	0.4744	854	356
nte_03944.jpg	0.066557	0.5137	0.6822	154.0	131.4	0.8452	854	356
nte_03944.jpg	0.000843	0.3771	0.3626	18.7	13.7	0.5166	854	356
nte_03945.jpg	0.065182	0.5133	0.6747	150.9	131.4	0.8354	854	356
nte_03945.jpg	0.001117	0.3727	0.3589	21.3	15.9	0.2646	854	356
nte_03946.jpg	0.063264	0.5121	0.6681	150.0	128.3	0.8228	854	356
nte_03946.jpg	0.001517	0.3660	0.3505	23.2	19.9	0.4626	854	356
nte_03947.jpg	0.067292	0.5133	0.6466	149.0	137.3	0.7754	854	356
nte_03948.jpg	0.067032	0.5105	0.6503	145.3	140.3	0.7285	854	356
nte_03949.jpg	0.058934	0.5055	0.6681	142.3	125.9	0.8701	854	356
nte_03949.jpg	0.001210	0.2994	0.3551	30.3	12.1	0.3667	854	356
nte_03950.jpg	0.055268	0.5078	0.6606	140.1	119.9	0.8730	854	356
nte_03951.jpg	0.053638	0.4973	0.6513	138.8	117.5	0.8701	854	356
nte_03951.jpg	0.005505	0.4965	0.2970	61.1	27.4	0.2966	854	356
nte_03952.jpg	0.053680	0.4930	0.6494	139.8	116.8	0.8643	854	356
nte_03953.jpg	0.059677	0.4906	0.6400	150.0	120.9	0.7793	854	356
nte_03954.jpg	0.062155	0.4949	0.6513	169.0	111.8	0.8477	854	356
nte_03954.jpg	0.003716	0.7559	0.4310	36.9	30.6	0.7168	854	356
nte_03954.jpg	0.000565	0.7004	0.3664	17.8	9.7	0.5322	854	356
nte_03954.jpg	0.023798	0.5109	0.3036	145.2	49.8	0.3044	854	356
nte_03955.jpg	0.065253	0.4984	0.6494	182.1	108.9	0.8638	854	356
nte_03955.jpg	0.000589	0.7195	0.3711	17.1	10.4	0.3630	854	356
nte_03955.jpg	0.003038	0.5852	0.3345	36.5	25.3	0.3037	854	356
nte_03956.jpg	0.071846	0.5039	0.6531	199.3	109.6	0.8921	854	356
nte_03956.jpg	0.032597	0.5035	0.3092	181.1	54.7	0.3538	854	356
nte_03956.jpg	0.000969	0.7410	0.3795	23.1	12.7	0.3181	854	356
nte_03957.jpg	0.076517	0.5102	0.6541	211.0	110.3	0.9053	854	356
nte_03957.jpg	0.001811	0.7465	0.3898	30.1	18.3	0.3469	854	356
nte_03958.jpg	0.088340	0.5215	0.6531	231.7	115.9	0.8882	854	356
nte_03958.jpg	0.001953	0.7289	0.3992	32.2	18.5	0.4109	854	356
nte_03959.jpg	0.098384	0.5344	0.6644	251.9	118.8	0.9072	854	356
nte_03960.jpg	0.011972	0.3939	0.4432	77.3	47.1	0.7993	854	356
nte_03960.jpg	0.068081	0.4988	0.6494	180.0	115.0	0.7529	854	356
nte_03961.jpg	0.059975	0.4902	0.6475	151.6	120.3	0.6562	854	356
nte_03962.jpg	0.065334	0.4922	0.6363	148.1	134.1	0.7417	854	356
nte_03963.jpg	0.050006	0.4984	0.6475	135.9	111.8	0.8843	854	356
nte_03964.jpg	0.052091	0.5031	0.6409	134.8	117.5	0.8809	854	356
nte_03965.jpg	0.050512	0.5020	0.6419	134.6	114.1	0.8896	854	356
nte_03966.jpg	0.050657	0.5008	0.6438	135.2	113.9	0.8926	854	356
nte_03966.jpg	0.000808	0.5074	0.4545	19.4	12.7	0.2859	854	356
nte_03967.jpg	0.049135	0.5012	0.6475	134.3	111.3	0.8838	854	356
nte_03967.jpg	0.000417	0.4523	0.3673	14.3	8.9	0.3479	854	356
nte_03967.jpg	0.000334	0.4355	0.3664	12.3	8.2	0.2524	854	356
nte_03968.jpg	0.055303	0.4984	0.6419	138.3	121.6	0.8428	854	356
nte_03969.jpg	0.054580	0.5012	0.6625	134.4	123.4	0.8589	854	356
nte_03969.jpg	0.000359	0.4422	0.3692	12.6	8.7	0.3718	854	356
nte_03969.jpg	0.000370	0.4227	0.3711	12.2	9.2	0.3044	854	356
nte_03970.jpg	0.055270	0.5020	0.6484	134.8	124.7	0.8545	854	356
nte_03970.jpg	0.000373	0.4406	0.3701	12.7	8.9	0.3633	854	356
nte_03970.jpg	0.000378	0.4176	0.3720	12.6	9.1	0.3633	854	356
nte_03970.jpg	0.000508	0.7395	0.3730	16.9	9.1	0.3552	854	356
nte_03970.jpg	0.000396	0.5137	0.3673	11.9	10.1	0.3315	854	356
nte_03971.jpg	0.059592	0.5020	0.6522	135.7	133.5	0.8096	854	356
nte_03971.jpg	0.000452	0.4320	0.3720	13.4	10.3	0.4409	854	356
nte_03971.jpg	0.000500	0.5156	0.3683	13.8	11.0	0.3718	854	356
nte_03971.jpg	0.000515	0.7477	0.3739	16.5	9.5	0.3274	854	356
nte_03971.jpg	0.000497	0.4027	0.3767	14.2	10.6	0.3203	854	356
nte_03971.jpg	0.000259	0.4176	0.3692	10.7	7.4	0.3105	854	356
nte_03972.jpg	0.051664	0.5008	0.6419	135.1	116.3	0.8203	854	356
nte_03972.jpg	0.000691	0.5172	0.3711	16.4	12.8	0.6631	854	356
nte_03972.jpg	0.001187	0.3805	0.3945	23.5	15.3	0.6479	854	356
nte_03972.jpg	0.000681	0.4219	0.3776	16.0	12.9	0.5581	854	356
nte_03972.jpg	0.000483	0.3953	0.3758	13.5	10.9	0.5273	854	356
nte_03972.jpg	0.000274	0.4070	0.3730	9.9	8.4	0.3564	854	356
nte_03973.jpg	0.054147	0.5012	0.6372	135.1	121.8	0.8271	854	356
nte_03973.jpg	0.000899	0.4090	0.3889	18.9	14.5	0.6221	854	356
nte_03973.jpg	0.000523	0.4324	0.3720	14.2	11.2	0.6074	854	356
nte_03973.jpg	0.000968	0.5191	0.3720	19.1	15.4	0.5991	854	356
nte_03973.jpg	0.004189	0.3396	0.4217	42.5	29.9	0.5942	854	356
nte_03973.jpg	0.000757	0.3775	0.3851	17.8	12.9	0.5107	854	356
nte_03973.jpg	0.000609	0.7762	0.3730	19.0	9.7	0.4360	854	356
nte_03973.jpg	0.000451	0.4457	0.3776	11.6	11.8	0.2539	854	356
nte_03974.jpg	0.049416	0.5008	0.6494	134.9	111.3	0.9121	854	356
nte_03974.jpg	0.007921	0.2727	0.4414	66.3	36.3	0.8076	854	356
nte_03974.jpg	0.001177	0.3568	0.3889	23.3	15.4	0.6318	854	356
nte_03974.jpg	0.000955	0.3910	0.3945	19.3	15.1	0.4697	854	356
nte_03974.jpg	0.000777	0.7922	0.3739	23.0	10.3	0.4053	854	356
nte_03974.jpg	0.000893	0.5230	0.3692	21.2	12.8	0.3999	854	356
nte_03974.jpg	0.000659	0.4262	0.3748	16.3	12.3	0.3867	854	356
nte_03974.jpg	0.000766	0.3992	0.3870	16.3	14.3	0.2773	854	356
nte_03975.jpg	0.058407	0.4996	0.6241	135.3	131.3	0.8198	854	356
nte_03975.jpg	0.002157	0.3684	0.4020	32.1	20.4	0.6670	854	356
nte_03975.jpg	0.001679	0.5312	0.3767	26.3	19.4	0.5063	854	356
nte_03975.jpg	0.001641	0.3287	0.3973	30.6	16.3	0.4670	854	356
nte_03975.jpg	0.001393	0.4332	0.3917	19.7	21.5	0.3408	854	356
nte_03975.jpg	0.000632	0.4176	0.3776	14.8	13.0	0.3286	854	356
nte_03975.jpg	0.000830	0.3889	0.3879	16.2	15.6	0.2583	854	356
nte_03976.jpg	0.061082	0.4988	0.6175	136.1	136.4	0.8228	854	356
nte_03976.jpg	0.005052	0.3246	0.4236	53.5	28.7	0.7725	854	356
nte_03976.jpg	0.003479	0.2738	0.4132	46.5	22.7	0.4790	854	356
nte_03976.jpg	0.000817	0.4059	0.3936	16.5	15.1	0.4768	854	356
nte_03976.jpg	0.000610	0.3666	0.3908	16.0	11.6	0.4167	854	356
nte_03977.jpg	0.054328	0.4996	0.6381	134.3	123.0	0.7808	854	356
nte_03977.jpg	0.031459	0.1658	0.4863	149.6	63.9	0.7793	854	356
nte_03977.jpg	0.001521	0.3293	0.3973	28.4	16.3	0.6323	854	356
nte_03977.jpg	0.001520	0.3824	0.3964	27.1	17.1	0.3689	854	356
nte_03977.jpg	0.000665	0.4207	0.3954	17.3	11.7	0.2942	854	356
nte_03977.jpg	0.002587	0.4285	0.4592	25.6	30.8	0.2756	854	356
nte_03977.jpg	0.000334	0.6082	0.4254	12.0	8.4	0.2646	854	356
nte_03978.jpg	0.051745	0.4996	0.6522	134.4	117.1	0.8516	854	356
nte_03978.jpg	0.003698	0.2674	0.4132	46.2	24.3	0.8008	854	356
nte_03978.jpg	0.003670	0.3393	0.4151	40.6	27.5	0.4348	854	356
nte_03978.jpg	0.000828	0.3727	0.3786	18.5	13.6	0.2915	854	356
nte_03979.jpg	0.050787	0.5000	0.6494	133.8	115.4	0.8525	854	356
nte_03979.jpg	0.007171	0.2621	0.4348	66.0	33.0	0.5850	854	356
nte_03979.jpg	0.005031	0.1709	0.4376	52.6	29.1	0.3967	854	356
nte_03979.jpg	0.002087	0.3209	0.3926	28.9	22.0	0.3416	854	356
nte_03979.jpg	0.001603	0.3387	0.4451	26.0	18.7	0.2832	854	356
nte_03979.jpg	0.000662	0.3744	0.4207	15.4	13.0	0.2542	854	356
nte_03980.jpg	0.052638	0.4996	0.6456	134.2	119.3	0.8379	854	356
nte_03980.jpg	0.006323	0.2484	0.4057	58.8	32.7	0.8052	854	356
nte_03980.jpg	0.002666	0.3201	0.3889	36.5	22.2	0.7217	854	356
nte_03980.jpg	0.011522	0.0379	0.5182	64.7	54.1	0.6514	854	356
nte_03981.jpg	0.051418	0.4996	0.6447	134.3	116.4	0.8901	854	356
nte_03981.jpg	0.019587	0.1027	0.4404	117.9	50.5	0.8418	854	356
nte_03981.jpg	0.005717	0.2605	0.4039	55.9	31.1	0.8208	854	356
nte_03982.jpg	0.052291	0.5000	0.6466	135.8	117.1	0.8291	854	356
nte_03982.jpg	0.015136	0.1516	0.4264	97.7	47.1	0.7578	854	356
nte_03982.jpg	0.003414	0.3104	0.4114	42.7	24.3	0.5073	854	356
nte_03983.jpg	0.051113	0.4996	0.6456	135.0	115.1	0.8809	854	356
nte_03983.jpg	0.000731	0.3494	0.4057	20.4	10.9	0.4819	854	356
nte_03983.jpg	0.014121	0.1834	0.4563	105.0	40.9	0.4561	854	356
nte_03984.jpg	0.050236	0.4996	0.6484	134.9	113.3	0.8896	854	356
nte_03985.jpg	0.054423	0.5000	0.6541	137.8	120.1	0.8267	854	356
nte_03986.jpg	0.059691	0.5035	0.6691	141.9	127.8	0.8564	854	356
nte_03987.jpg	0.083402	0.4969	0.6644	217.2	116.8	0.8979	854	356
nte_03988.jpg	0.102638	0.4598	0.6719	272.7	114.4	0.9062	854	356
nte_03989.jpg	0.106888	0.4422	0.6728	297.9	109.1	0.9175	854	356
nte_03990.jpg	0.107222	0.4379	0.6719	300.9	108.3	0.9141	854	356
nte_03991.jpg	0.120098	0.4250	0.6766	329.9	110.7	0.9033	854	356
nte_03992.jpg	0.136729	0.4133	0.6850	350.3	118.7	0.8950	854	356
nte_03993.jpg	0.140953	0.4121	0.6897	351.9	121.8	0.8975	854	356
nte_03993.jpg	0.006163	0.5684	0.5585	75.4	24.9	0.3252	854	356
nte_03994.jpg	0.134423	0.4102	0.6887	350.3	116.7	0.8994	854	356
nte_03995.jpg	0.131512	0.4098	0.6822	349.9	114.3	0.9028	854	356
nte_03996.jpg	0.136153	0.4094	0.6887	350.3	118.2	0.8892	854	356
nte_03997.jpg	0.132732	0.4094	0.6869	347.6	116.1	0.8896	854	356
nte_03998.jpg	0.133685	0.4082	0.6897	347.6	116.9	0.9033	854	356
nte_03999.jpg	0.137932	0.4082	0.6934	348.9	120.2	0.8833	854	356
nte_04000.jpg	0.135375	0.4113	0.6869	348.3	118.2	0.8984	854	356
nte_04001.jpg	0.126257	0.4176	0.6803	337.9	113.6	0.9155	854	356
nte_04001.jpg	0.003671	0.5883	0.5669	48.7	22.9	0.3101	854	356
nte_04002.jpg	0.108548	0.4332	0.6663	317.6	103.9	0.9141	854	356
nte_04002.jpg	0.003069	0.5973	0.5669	39.5	23.6	0.2529	854	356
nte_04003.jpg	0.109009	0.4359	0.6709	307.6	107.8	0.9136	854	356
nte_04003.jpg	0.234892	0.1751	0.3373	299.4	238.5	0.2708	854	356
nte_04004.jpg	0.071578	0.5012	0.6653	199.5	109.1	0.8804	854	356
nte_04005.jpg	0.053531	0.4902	0.6625	145.2	112.1	0.9019	854	356
nte_04005.jpg	0.000406	0.5820	0.4535	12.9	9.6	0.3123	854	356
nte_04006.jpg	0.053592	0.4895	0.6578	147.8	110.3	0.8442	854	356
nte_04007.jpg	0.053794	0.4895	0.6531	148.4	110.2	0.8413	854	356
nte_04008.jpg	0.052746	0.4957	0.6475	139.9	114.6	0.8550	854	356
nte_04008.jpg	0.009051	0.5516	0.5332	54.6	50.4	0.2686	854	356
nte_04009.jpg	0.051149	0.4961	0.6494	138.9	111.9	0.8760	854	356
nte_04010.jpg	0.053159	0.4965	0.6419	138.0	117.1	0.8701	854	356
nte_04010.jpg	0.002354	0.5215	0.4179	29.0	24.6	0.3994	854	356
nte_04011.jpg	0.053207	0.4965	0.6428	139.4	116.0	0.8374	854	356
nte_04011.jpg	0.001826	0.5188	0.4151	28.6	19.4	0.4377	854	356
nte_04012.jpg	0.053211	0.4969	0.6428	138.4	116.9	0.8574	854	356
nte_04012.jpg	0.001603	0.5188	0.4142	27.2	17.9	0.2915	854	356
nte_04012.jpg	0.000798	0.4215	0.3739	18.9	12.8	0.2539	854	356
nte_04013.jpg	0.055741	0.4973	0.6363	138.6	122.3	0.8604	854	356
nte_04013.jpg	0.001367	0.5152	0.4489	32.3	12.9	0.3481	854	356
nte_04013.jpg	0.000677	0.4918	0.4498	17.5	11.8	0.3101	854	356
nte_04013.jpg	0.002369	0.5137	0.4151	33.8	21.3	0.3008	854	356
nte_04013.jpg	0.000915	0.4129	0.3701	19.3	14.4	0.2830	854	356
nte_04014.jpg	0.050010	0.5039	0.6353	136.4	111.5	0.8608	854	356
nte_04014.jpg	0.001184	0.4770	0.4376	21.2	17.0	0.3706	854	356
nte_04014.jpg	0.000903	0.4461	0.4423	19.6	14.0	0.3577	854	356
nte_04015.jpg	0.050738	0.5094	0.6522	142.3	108.4	0.8511	854	356
nte_04016.jpg	0.050502	0.5090	0.6494	141.9	108.2	0.8560	854	356
nte_04016.jpg	0.001593	0.4105	0.4610	24.5	19.8	0.4934	854	356
nte_04016.jpg	0.001282	0.4430	0.4451	25.1	15.5	0.4788	854	356
nte_04017.jpg	0.055785	0.5105	0.6531	143.1	118.5	0.8618	854	356
nte_04018.jpg	0.053801	0.5027	0.6419	137.4	119.0	0.8706	854	356
nte_04018.jpg	0.001040	0.4531	0.4479	23.4	13.5	0.4368	854	356
nte_04018.jpg	0.001962	0.4840	0.4451	34.6	17.2	0.3030	854	356
nte_04019.jpg	0.049447	0.5020	0.6438	135.9	110.6	0.8774	854	356
nte_04019.jpg	0.001209	0.4527	0.4507	22.0	16.7	0.4099	854	356
nte_04020.jpg	0.049363	0.5020	0.6381	135.6	110.7	0.8960	854	356
nte_04020.jpg	0.001265	0.4535	0.4620	24.6	15.6	0.5498	854	356
nte_04020.jpg	0.001156	0.4961	0.4638	23.9	14.7	0.5181	854	356
nte_04021.jpg	0.049823	0.5012	0.6466	134.9	112.3	0.8950	854	356
nte_04021.jpg	0.001695	0.4547	0.4648	30.0	17.2	0.5703	854	356
nte_04022.jpg	0.048472	0.5016	0.6447	134.3	109.8	0.9043	854	356
nte_04022.jpg	0.001408	0.4969	0.4732	25.0	17.1	0.5332	854	356
nte_04023.jpg	0.048515	0.5016	0.6503	134.2	109.9	0.8999	854	356
nte_04023.jpg	0.003094	0.4480	0.4910	31.5	29.8	0.3999	854	356
nte_04024.jpg	0.049353	0.5016	0.6475	135.3	110.9	0.9009	854	356
nte_04024.jpg	0.002845	0.5012	0.4638	33.7	25.7	0.2678	854	356
nte_04025.jpg	0.048522	0.5016	0.6456	134.1	110.0	0.9014	854	356
nte_04025.jpg	0.000530	0.4578	0.3917	13.2	12.2	0.4822	854	356
nte_04026.jpg	0.049636	0.5020	0.6494	135.4	111.4	0.8716	854	356
nte_04026.jpg	0.000467	0.4527	0.3908	13.4	10.6	0.3918	854	356
nte_04027.jpg	0.051889	0.5020	0.6475	136.8	115.3	0.8691	854	356
nte_04027.jpg	0.000538	0.4473	0.3926	14.2	11.5	0.5737	854	356
nte_04028.jpg	0.058027	0.5016	0.6541	139.4	126.5	0.8589	854	356
nte_04028.jpg	0.000632	0.4418	0.4001	13.0	14.8	0.4087	854	356
nte_04029.jpg	0.056876	0.5020	0.6672	142.1	121.7	0.8721	854	356
nte_04029.jpg	0.000657	0.4332	0.4039	16.5	12.1	0.5059	854	356
nte_04030.jpg	0.060970	0.5012	0.6719	147.8	125.4	0.8301	854	356
nte_04030.jpg	0.000763	0.4234	0.4104	17.8	13.0	0.4929	854	356
nte_04031.jpg	0.059993	0.4992	0.6812	149.3	122.2	0.8794	854	356
nte_04031.jpg	0.001083	0.3977	0.4264	22.6	14.6	0.4148	854	356
nte_04032.jpg	0.064645	0.5000	0.6803	151.5	129.8	0.8794	854	356
nte_04032.jpg	0.002397	0.3588	0.4357	34.3	21.2	0.4290	854	356
nte_04032.jpg	0.001320	0.5879	0.5135	23.0	17.4	0.3503	854	356
nte_04033.jpg	0.066686	0.5004	0.6897	155.0	130.8	0.8838	854	356
nte_04033.jpg	0.003215	0.2871	0.4648	43.5	22.5	0.5107	854	356
nte_04033.jpg	0.001278	0.3611	0.4788	25.0	15.5	0.2896	854	356
nte_04034.jpg	0.067682	0.5000	0.6916	156.5	131.5	0.8848	854	356
nte_04035.jpg	0.068881	0.5000	0.7009	158.1	132.4	0.8779	854	356
nte_04035.jpg	0.003953	0.4246	0.5978	35.4	34.0	0.4431	854	356
nte_04035.jpg	0.000554	0.4418	0.5519	14.4	11.7	0.3235	854	356
nte_04036.jpg	0.067652	0.5004	0.7009	159.6	128.9	0.8823	854	356
nte_04036.jpg	0.000436	0.2170	0.4282	15.1	8.8	0.4014	854	356
nte_04037.jpg	0.068881	0.5008	0.7019	161.4	129.8	0.8818	854	356
nte_04038.jpg	0.074348	0.5098	0.7075	165.0	137.0	0.8887	854	356
nte_04039.jpg	0.087148	0.5219	0.7328	169.8	156.0	0.8765	854	356
nte_04040.jpg	0.081616	0.5176	0.7159	169.0	146.8	0.8345	854	356
nte_04041.jpg	0.075921	0.5113	0.7103	164.0	140.8	0.8652	854	356
nte_04041.jpg	0.004361	0.4535	0.5388	43.3	30.6	0.5933	854	356
nte_04042.jpg	0.068083	0.5156	0.6944	160.1	129.3	0.8833	854	356
nte_04042.jpg	0.000320	0.4066	0.4816	10.8	9.0	0.2534	854	356
nte_04043.jpg	0.072156	0.5223	0.6990	160.3	136.9	0.8716	854	356
nte_04044.jpg	0.064718	0.5188	0.6766	161.0	122.2	0.8838	854	356
nte_04045.jpg	0.068302	0.5156	0.6709	175.5	118.3	0.8843	854	356
nte_04046.jpg	0.071279	0.5121	0.6737	184.8	117.3	0.8931	854	356
nte_04047.jpg	0.070270	0.5086	0.6691	192.3	111.1	0.9097	854	356
nte_04048.jpg	0.059366	0.5121	0.6588	166.0	108.8	0.8545	854	356
nte_04049.jpg	0.051151	0.5004	0.6700	140.9	110.3	0.8711	854	356
nte_04050.jpg	0.058478	0.5066	0.6822	145.6	122.1	0.8657	854	356
nte_04051.jpg	0.049601	0.5105	0.6597	143.3	105.2	0.8887	854	356
nte_04052.jpg	0.053104	0.5129	0.6447	152.0	106.2	0.8760	854	356
nte_04053.jpg	0.065415	0.5020	0.6513	185.1	107.4	0.8965	854	356
nte_04054.jpg	0.079247	0.4914	0.6625	213.8	112.7	0.9146	854	356
nte_04055.jpg	0.081298	0.4832	0.6541	220.8	111.9	0.8989	854	356
nte_04056.jpg	0.055044	0.5090	0.6513	158.6	105.5	0.8843	854	356
nte_04056.jpg	0.000485	0.2465	0.4610	15.6	9.4	0.5513	854	356
nte_04057.jpg	0.050328	0.5105	0.6606	143.1	106.9	0.8877	854	356
nte_04058.jpg	0.048467	0.5082	0.6578	138.4	106.5	0.8896	854	356
nte_04058.jpg	0.000594	0.2869	0.4526	17.1	10.6	0.5107	854	356
nte_04058.jpg	0.000291	0.3088	0.4545	11.7	7.6	0.4097	854	356
nte_04059.jpg	0.050363	0.5094	0.6588	141.4	108.3	0.8901	854	356
nte_04059.jpg	0.001144	0.2516	0.4554	26.4	13.2	0.3696	854	356
nte_04059.jpg	0.000286	0.2971	0.4526	11.2	7.7	0.3450	854	356
nte_04059.jpg	0.000340	0.3516	0.4610	11.8	8.8	0.2625	854	356
nte_04060.jpg	0.047064	0.5074	0.6559	136.3	105.0	0.8950	854	356
nte_04060.jpg	0.001916	0.2320	0.4535	37.1	15.7	0.6738	854	356
nte_04060.jpg	0.000519	0.3324	0.4554	15.0	10.5	0.5596	854	356
nte_04060.jpg	0.000318	0.3070	0.4526	11.9	8.1	0.3958	854	356
nte_04060.jpg	0.000579	0.3555	0.4592	16.2	10.9	0.3472	854	356
nte_04061.jpg	0.048190	0.5105	0.6513	141.4	103.6	0.8975	854	356
nte_04061.jpg	0.003586	0.1719	0.4573	50.0	21.8	0.5244	854	356
nte_04061.jpg	0.000534	0.3471	0.4582	14.4	11.3	0.4585	854	356
nte_04061.jpg	0.000440	0.3180	0.4601	13.0	10.3	0.4155	854	356
nte_04062.jpg	0.050790	0.5109	0.6541	143.5	107.6	0.8960	854	356
nte_04062.jpg	0.001049	0.3295	0.4638	19.6	16.3	0.3743	854	356
nte_04062.jpg	0.000444	0.3916	0.4573	12.4	10.9	0.2754	854	356
nte_04063.jpg	0.058859	0.5066	0.6409	139.7	128.1	0.8320	854	356
nte_04063.jpg	0.003186	0.2842	0.4723	47.4	20.4	0.6870	854	356
nte_04063.jpg	0.005033	0.4406	0.4301	40.9	37.4	0.4446	854	356
nte_04064.jpg	0.053016	0.4973	0.6381	141.3	114.1	0.8433	854	356
nte_04064.jpg	0.005468	0.2670	0.4835	66.6	25.0	0.7114	854	356
nte_04064.jpg	0.005336	0.4375	0.5435	42.4	38.2	0.4075	854	356
nte_04064.jpg	0.000689	0.3326	0.4601	19.6	10.7	0.3987	854	356
nte_04064.jpg	0.000912	0.3908	0.4732	22.2	12.5	0.2683	854	356
nte_04065.jpg	0.052773	0.5023	0.6391	139.6	114.9	0.8638	854	356
nte_04065.jpg	0.002551	0.3064	0.5041	35.8	21.6	0.3987	854	356
nte_04065.jpg	0.000356	0.4090	0.4554	12.2	8.9	0.3730	854	356
nte_04065.jpg	0.002560	0.4371	0.5519	27.7	28.1	0.2520	854	356
nte_04066.jpg	0.051790	0.5012	0.6325	137.6	114.4	0.8516	854	356
nte_04066.jpg	0.000508	0.3857	0.4517	16.2	9.5	0.4346	854	356
nte_04067.jpg	0.053526	0.5020	0.6297	137.6	118.3	0.8296	854	356
nte_04067.jpg	0.001404	0.3498	0.4404	26.7	16.0	0.6147	854	356
nte_04067.jpg	0.001434	0.0166	0.4863	28.4	15.3	0.3254	854	356
nte_04068.jpg	0.046428	0.5027	0.6438	136.3	103.6	0.8286	854	356
nte_04068.jpg	0.002716	0.2943	0.4357	37.0	22.3	0.3538	854	356
nte_04069.jpg	0.046965	0.4984	0.6513	135.8	105.2	0.8926	854	356
nte_04069.jpg	0.001561	0.3254	0.3383	29.1	16.3	0.3940	854	356
nte_04070.jpg	0.046567	0.4992	0.6513	136.0	104.1	0.8911	854	356
nte_04071.jpg	0.046841	0.4922	0.6466	140.2	101.6	0.8975	854	356
nte_04072.jpg	0.048911	0.4891	0.6475	143.4	103.7	0.8604	854	356
nte_04072.jpg	0.001136	0.4324	0.3617	22.9	15.1	0.2793	854	356
nte_04073.jpg	0.048275	0.4906	0.6494	143.8	102.1	0.8442	854	356
nte_04074.jpg	0.053257	0.4930	0.6644	137.7	117.6	0.8716	854	356
nte_04075.jpg	0.051002	0.4949	0.6531	140.1	110.7	0.8906	854	356
nte_04076.jpg	0.051124	0.4992	0.6625	137.4	113.1	0.8789	854	356
nte_04077.jpg	0.049112	0.4996	0.6541	136.8	109.2	0.8755	854	356
nte_04078.jpg	0.051394	0.4965	0.6559	139.6	111.9	0.8887	854	356
nte_04079.jpg	0.050259	0.4902	0.6475	142.0	107.6	0.8813	854	356
nte_04080.jpg	0.051868	0.4898	0.6494	144.4	109.2	0.8687	854	356
nte_04081.jpg	0.051759	0.4977	0.6578	137.5	114.4	0.8423	854	356
nte_04082.jpg	0.055183	0.4941	0.6606	137.7	121.8	0.8545	854	356
nte_04082.jpg	0.003111	0.3996	0.4057	35.6	26.6	0.4509	854	356
nte_04083.jpg	0.050981	0.4965	0.6550	138.7	111.8	0.8770	854	356
nte_04083.jpg	0.004108	0.3838	0.4076	40.9	30.6	0.2622	854	356
nte_04084.jpg	0.052036	0.4941	0.6606	139.3	113.6	0.8579	854	356
nte_04085.jpg	0.053195	0.4895	0.6466	141.4	114.3	0.7798	854	356
nte_04086.jpg	0.051355	0.4906	0.6503	140.4	111.2	0.8374	854	356
nte_04087.jpg	0.057110	0.4941	0.6438	138.6	125.3	0.7939	854	356
nte_04088.jpg	0.049779	0.4969	0.6494	136.4	110.9	0.8555	854	356
nte_04089.jpg	0.050380	0.4961	0.6531	138.6	110.5	0.8599	854	356
nte_04090.jpg	0.048658	0.4969	0.6597	143.3	103.2	0.7969	854	356
nte_04091.jpg	0.049159	0.4910	0.6400	147.6	101.2	0.8828	854	356
nte_04092.jpg	0.050916	0.4922	0.6475	155.5	99.6	0.8594	854	356
nte_04093.jpg	0.045698	0.4898	0.6447	143.6	96.7	0.8140	854	356
nte_04094.jpg	0.049051	0.4926	0.6531	140.0	106.5	0.5215	854	356
nte_04095.jpg	0.043993	0.4969	0.6456	137.2	97.5	0.8003	854	356
nte_04096.jpg	0.046167	0.4953	0.6466	136.6	102.7	0.8721	854	356
nte_04097.jpg	0.044122	0.4934	0.6438	136.8	98.1	0.8779	854	356
nte_04098.jpg	0.046778	0.4895	0.6503	139.8	101.7	0.8667	854	356
nte_04099.jpg	0.046623	0.4926	0.6522	138.9	102.1	0.8599	854	356
nte_04100.jpg	0.046475	0.5000	0.6503	138.2	102.2	0.8335	854	356
nte_04100.jpg	0.000642	0.4285	0.3739	15.0	13.0	0.3438	854	356
nte_04101.jpg	0.046522	0.4977	0.6531	136.4	103.7	0.8740	854	356
nte_04101.jpg	0.000625	0.4156	0.3645	15.5	12.3	0.3538	854	356
nte_04101.jpg	0.000517	0.4539	0.3364	16.2	9.7	0.2542	854	356
nte_04102.jpg	0.046619	0.5031	0.6400	134.8	105.2	0.8799	854	356
nte_04102.jpg	0.000655	0.3973	0.3655	16.4	12.1	0.3621	854	356
nte_04103.jpg	0.045323	0.5117	0.6484	136.8	100.7	0.8564	854	356
nte_04103.jpg	0.000264	0.4555	0.3083	10.9	7.4	0.4192	854	356
nte_04103.jpg	0.000528	0.3785	0.3327	16.6	9.6	0.3606	854	356
nte_04103.jpg	0.000429	0.4340	0.3092	14.1	9.3	0.3416	854	356
nte_04104.jpg	0.055830	0.5109	0.6550	135.8	125.0	0.8257	854	356
nte_04104.jpg	0.000941	0.3689	0.3252	22.9	12.5	0.5752	854	356
nte_04104.jpg	0.000325	0.4594	0.2999	12.9	7.7	0.3389	854	356
nte_04105.jpg	0.055179	0.5051	0.6503	139.1	120.6	0.7900	854	356
nte_04105.jpg	0.000408	0.4664	0.3036	13.6	9.1	0.5098	854	356
nte_04105.jpg	0.000708	0.4398	0.3045	19.8	10.9	0.4587	854	356
nte_04105.jpg	0.000289	0.4590	0.3036	10.3	8.5	0.3186	854	356
nte_04106.jpg	0.056594	0.5070	0.6588	137.4	125.3	0.8623	854	356
nte_04106.jpg	0.004441	0.3186	0.3542	50.1	26.9	0.8169	854	356
nte_04106.jpg	0.000854	0.4332	0.3083	19.8	13.1	0.4150	854	356
nte_04106.jpg	0.000408	0.4676	0.3045	13.9	8.9	0.4036	854	356
nte_04106.jpg	0.000392	0.4590	0.3083	12.5	9.5	0.3940	854	356
nte_04107.jpg	0.056700	0.5098	0.6475	139.9	123.2	0.8545	854	356
nte_04107.jpg	0.012898	0.2459	0.4011	87.2	45.0	0.7861	854	356
nte_04107.jpg	0.001519	0.4254	0.3158	27.7	16.7	0.7749	854	356
nte_04107.jpg	0.000906	0.4641	0.3092	22.2	12.4	0.5908	854	356
nte_04107.jpg	0.002732	0.1930	0.4048	32.7	25.4	0.2981	854	356
nte_04108.jpg	0.051929	0.5055	0.6438	135.6	116.4	0.8867	854	356
nte_04108.jpg	0.045230	0.0802	0.5707	136.6	100.7	0.8223	854	356
nte_04108.jpg	0.002483	0.4156	0.3289	35.3	21.4	0.7202	854	356
nte_04108.jpg	0.001211	0.4645	0.3149	25.8	14.3	0.5752	854	356
nte_04109.jpg	0.056118	0.4988	0.6588	133.2	128.1	0.8853	854	356
nte_04109.jpg	0.004144	0.3973	0.3458	46.2	27.3	0.8228	854	356
nte_04109.jpg	0.001834	0.4613	0.3233	32.6	17.1	0.7583	854	356
nte_04110.jpg	0.053615	0.4957	0.6522	133.7	121.9	0.8740	854	356
nte_04110.jpg	0.002975	0.4398	0.3383	39.7	22.8	0.8535	854	356
nte_04110.jpg	0.008799	0.3412	0.3758	69.4	38.5	0.8501	854	356
nte_04110.jpg	0.002185	0.6141	0.3327	41.8	15.9	0.3289	854	356
nte_04111.jpg	0.057821	0.4961	0.6653	134.8	130.4	0.8511	854	356
nte_04111.jpg	0.005655	0.3869	0.3664	56.7	30.3	0.8301	854	356
nte_04111.jpg	0.056254	0.1496	0.4966	200.7	85.2	0.8276	854	356
nte_04112.jpg	0.018420	0.2637	0.4310	105.7	53.0	0.8628	854	356
nte_04112.jpg	0.057894	0.5012	0.6616	136.7	128.8	0.8560	854	356
nte_04113.jpg	0.052840	0.0847	0.6203	144.6	111.1	0.8462	854	356
nte_04113.jpg	0.058167	0.4949	0.6484	137.7	128.4	0.8403	854	356
nte_04114.jpg	0.061155	0.4898	0.6681	141.3	131.6	0.8149	854	356
nte_04115.jpg	0.057300	0.5004	0.6550	138.6	125.7	0.8228	854	356
nte_04116.jpg	0.053602	0.4945	0.6466	139.3	117.0	0.8140	854	356
nte_04117.jpg	0.053860	0.4926	0.6447	146.2	112.0	0.6011	854	356
nte_04118.jpg	0.061270	0.4984	0.6466	169.5	109.9	0.3059	854	356
nte_04119.jpg	0.069077	0.4996	0.6634	182.5	115.1	0.4795	854	356
nte_04120.jpg	0.161643	0.8922	0.6203	184.1	266.9	0.2725	854	356
nte_04121.jpg	0.055232	0.4867	0.6466	143.6	116.9	0.7661	854	356
nte_04122.jpg	0.058372	0.4887	0.6456	144.4	122.9	0.8232	854	356
nte_04123.jpg	0.070631	0.4945	0.6663	156.0	137.7	0.4370	854	356
nte_04124.jpg	0.066332	0.4930	0.6644	146.2	137.9	0.7461	854	356
nte_04125.jpg	0.059933	0.4902	0.6466	143.4	127.1	0.7803	854	356
nte_04125.jpg	0.000456	0.5309	0.2783	13.5	10.2	0.3853	854	356
nte_04126.jpg	0.067689	0.4941	0.6409	162.1	126.9	0.7632	854	356
nte_04128.jpg	0.073031	0.4965	0.6428	170.5	130.2	0.4065	854	356
nte_04129.jpg	0.073115	0.4898	0.6475	162.1	137.1	0.4099	854	356
nte_04130.jpg	0.063359	0.4949	0.6550	147.1	130.9	0.8442	854	356
nte_04131.jpg	0.064716	0.4941	0.6588	147.4	133.4	0.8115	854	356
nte_04132.jpg	0.063555	0.4926	0.6569	145.5	132.8	0.7959	854	356
nte_04133.jpg	0.068208	0.4949	0.6681	146.8	141.3	0.8013	854	356
nte_04134.jpg	0.062247	0.4953	0.6597	140.9	134.3	0.8657	854	356
nte_04135.jpg	0.066684	0.4965	0.6578	154.0	131.7	0.7588	854	356
nte_04136.jpg	0.068213	0.4996	0.6578	156.8	132.3	0.7681	854	356
nte_04137.jpg	0.062536	0.4961	0.6503	145.9	130.3	0.8022	854	356
nte_04137.jpg	0.000495	0.3910	0.3045	14.5	10.4	0.4407	854	356
nte_04138.jpg	0.071702	0.4930	0.6156	139.1	156.7	0.7876	854	356
nte_04139.jpg	0.055765	0.4969	0.6531	134.3	126.3	0.8481	854	356
nte_04140.jpg	0.056519	0.5035	0.6522	135.1	127.2	0.8691	854	356
nte_04140.jpg	0.001296	0.4273	0.3270	21.3	18.5	0.3989	854	356
nte_04141.jpg	0.054970	0.5051	0.6522	132.3	126.3	0.8853	854	356
nte_04142.jpg	0.059484	0.5023	0.6569	140.4	128.8	0.8447	854	356
nte_04143.jpg	0.054767	0.4977	0.6503	134.4	123.9	0.8867	854	356
nte_04144.jpg	0.057497	0.4992	0.6559	136.1	128.4	0.8716	854	356
nte_04145.jpg	0.056081	0.4961	0.6522	134.9	126.4	0.8691	854	356
nte_04146.jpg	0.057529	0.4965	0.6522	134.5	130.0	0.8374	854	356
nte_04146.jpg	0.000305	0.4184	0.2708	11.8	7.9	0.2722	854	356
nte_04147.jpg	0.058558	0.5004	0.6569	135.0	131.9	0.8428	854	356
nte_04148.jpg	0.061072	0.5008	0.6616	134.5	138.0	0.8330	854	356
nte_04148.jpg	0.000400	0.4059	0.2746	13.5	9.0	0.5542	854	356
nte_04149.jpg	0.059920	0.5016	0.6578	136.6	133.4	0.8447	854	356
nte_04149.jpg	0.000381	0.4055	0.2783	13.3	8.7	0.5649	854	356
nte_04150.jpg	0.061789	0.5020	0.6484	135.9	138.3	0.7671	854	356
nte_04150.jpg	0.000445	0.4051	0.2849	14.2	9.6	0.5493	854	356
nte_04150.jpg	0.000431	0.3824	0.2755	13.9	9.4	0.3606	854	356
nte_04151.jpg	0.061596	0.5023	0.6541	135.1	138.6	0.7896	854	356
nte_04151.jpg	0.000619	0.3973	0.2886	16.0	11.7	0.4353	854	356
nte_04152.jpg	0.064783	0.5066	0.6494	135.1	145.8	0.7529	854	356
nte_04152.jpg	0.000755	0.3873	0.3017	17.8	12.9	0.5366	854	356
nte_04152.jpg	0.194367	0.1150	0.5369	196.8	300.2	0.2815	854	356
nte_04153.jpg	0.060292	0.5055	0.6484	133.9	136.9	0.8198	854	356
nte_04153.jpg	0.001144	0.3717	0.3083	23.3	14.9	0.3076	854	356
nte_04154.jpg	0.059512	0.5082	0.6484	136.3	132.8	0.8267	854	356
nte_04154.jpg	0.002549	0.3510	0.3233	33.7	23.0	0.7407	854	356
nte_04154.jpg	0.000602	0.3641	0.2830	18.1	10.1	0.3052	854	356
nte_04155.jpg	0.063344	0.5090	0.6475	138.3	139.3	0.8237	854	356
nte_04155.jpg	0.006092	0.3158	0.3533	54.8	33.8	0.7959	854	356
nte_04155.jpg	0.000997	0.3527	0.2980	19.6	15.5	0.4099	854	356
nte_04156.jpg	0.057959	0.5063	0.6484	135.4	130.1	0.8467	854	356
nte_04156.jpg	0.019872	0.2529	0.4254	104.9	57.6	0.7549	854	356
nte_04156.jpg	0.001652	0.3563	0.3111	25.9	19.4	0.6895	854	356
nte_04157.jpg	0.060404	0.5027	0.6597	136.9	134.1	0.8398	854	356
nte_04157.jpg	0.002580	0.3838	0.3327	33.5	23.4	0.7393	854	356
nte_04157.jpg	0.000825	0.4066	0.3027	18.8	13.3	0.3706	854	356
nte_04158.jpg	0.007065	0.3324	0.3730	57.2	37.6	0.8247	854	356
nte_04158.jpg	0.063649	0.5012	0.6419	138.4	139.8	0.7598	854	356
nte_04158.jpg	0.001616	0.3908	0.3102	23.4	21.0	0.7554	854	356
nte_04159.jpg	0.046459	0.1937	0.4863	155.0	91.2	0.8169	854	356
nte_04159.jpg	0.060073	0.5070	0.6503	136.3	134.0	0.7998	854	356
nte_04159.jpg	0.003806	0.3801	0.3233	36.7	31.6	0.7896	854	356
nte_04160.jpg	0.055104	0.5055	0.6447	135.3	123.8	0.8584	854	356
nte_04160.jpg	0.007622	0.3488	0.3523	54.4	42.6	0.8208	854	356
nte_04160.jpg	0.000623	0.3980	0.3045	16.4	11.5	0.6147	854	356
nte_04160.jpg	0.001319	0.3691	0.3120	22.8	17.6	0.2502	854	356
nte_04161.jpg	0.054642	0.5070	0.6428	134.8	123.3	0.8652	854	356
nte_04161.jpg	0.032747	0.2584	0.4310	125.3	79.5	0.8564	854	356
nte_04161.jpg	0.000976	0.3975	0.3111	19.2	15.5	0.6846	854	356
nte_04161.jpg	0.000365	0.3805	0.3036	12.5	8.9	0.3569	854	356
nte_04162.jpg	0.056007	0.5020	0.6447	136.0	125.2	0.8491	854	356
nte_04162.jpg	0.001942	0.3986	0.3205	25.1	23.5	0.7725	854	356
nte_04163.jpg	0.054642	0.5016	0.6428	134.8	123.3	0.8472	854	356
nte_04163.jpg	0.003787	0.3861	0.3392	36.2	31.8	0.7974	854	356
nte_04164.jpg	0.008655	0.3486	0.3720	58.2	45.2	0.8389	854	356
nte_04164.jpg	0.053769	0.5008	0.6456	134.4	121.6	0.8364	854	356
nte_04164.jpg	0.001232	0.3990	0.3402	20.4	18.4	0.6704	854	356
nte_04165.jpg	0.048761	0.2195	0.4676	155.8	95.2	0.8799	854	356
nte_04165.jpg	0.057450	0.5066	0.6494	140.3	124.5	0.7764	854	356
nte_04165.jpg	0.000853	0.3975	0.3355	17.5	14.8	0.4358	854	356
nte_04165.jpg	0.025429	0.2488	0.3177	124.1	62.3	0.3052	854	356
nte_04166.jpg	0.063211	0.5102	0.6428	141.1	136.2	0.6997	854	356
nte_04166.jpg	0.000806	0.3920	0.3411	17.3	14.2	0.5425	854	356
nte_04167.jpg	0.054381	0.5086	0.6559	135.7	121.8	0.7412	854	356
nte_04167.jpg	0.000998	0.3908	0.3495	19.4	15.6	0.5923	854	356
nte_04168.jpg	0.054716	0.5090	0.6466	137.9	120.6	0.6753	854	356
nte_04168.jpg	0.001500	0.3881	0.3617	24.6	18.5	0.4951	854	356
nte_04168.jpg	0.000689	0.4141	0.3420	18.2	11.5	0.3770	854	356
nte_04168.jpg	0.002847	0.6133	0.3383	42.9	20.2	0.3311	854	356
nte_04169.jpg	0.052915	0.5098	0.6569	135.3	118.9	0.7754	854	356
nte_04169.jpg	0.002758	0.3633	0.3804	35.5	23.6	0.7642	854	356
nte_04169.jpg	0.003508	0.6305	0.3430	42.2	25.3	0.4922	854	356
nte_04169.jpg	0.000632	0.4125	0.3467	16.5	11.6	0.4795	854	356
nte_04170.jpg	0.006765	0.3324	0.4151	59.4	34.6	0.8315	854	356
nte_04170.jpg	0.054875	0.5070	0.6438	135.4	123.2	0.7109	854	356
nte_04170.jpg	0.000559	0.4238	0.3476	15.8	10.7	0.5400	854	356
nte_04170.jpg	0.011867	0.7676	0.4104	123.4	29.2	0.2742	854	356
nte_04171.jpg	0.057477	0.1681	0.5463	190.5	91.7	0.8354	854	356
nte_04171.jpg	0.056255	0.5023	0.6559	135.3	126.4	0.8076	854	356
nte_04171.jpg	0.000686	0.4461	0.3514	16.0	13.1	0.5864	854	356
nte_04172.jpg	0.056679	0.5000	0.6644	134.6	128.0	0.8530	854	356
nte_04172.jpg	0.001225	0.4461	0.3636	20.8	17.9	0.5732	854	356
nte_04172.jpg	0.004028	0.4922	0.3739	43.3	28.3	0.4553	854	356
nte_04172.jpg	0.002569	0.2307	0.3842	45.0	17.4	0.2734	854	356
nte_04173.jpg	0.055678	0.5008	0.6578	136.8	123.8	0.8320	854	356
nte_04173.jpg	0.001457	0.4313	0.3720	24.2	18.3	0.7461	854	356
nte_04173.jpg	0.006011	0.0919	0.4161	78.4	23.3	0.3979	854	356
nte_04174.jpg	0.054853	0.5004	0.6531	136.8	121.9	0.8330	854	356
nte_04174.jpg	0.003959	0.3945	0.4001	44.2	27.2	0.7520	854	356
nte_04174.jpg	0.001734	0.2391	0.4001	41.8	12.6	0.3010	854	356
nte_04175.jpg	0.015166	0.3168	0.4554	95.1	48.5	0.8594	854	356
nte_04175.jpg	0.055786	0.5000	0.6578	135.9	124.8	0.8535	854	356
nte_04176.jpg	0.057446	0.5027	0.6597	137.8	126.8	0.7656	854	356
nte_04176.jpg	0.067377	0.0804	0.7047	137.5	148.9	0.6445	854	356
nte_04177.jpg	0.074989	0.5105	0.6156	146.0	156.1	0.7954	854	356
nte_04178.jpg	0.070043	0.5082	0.6260	136.7	155.8	0.7607	854	356
nte_04179.jpg	0.059660	0.5117	0.6541	141.8	127.9	0.5146	854	356
nte_04180.jpg	0.071851	0.4988	0.6747	158.5	137.9	0.7866	854	356
nte_04181.jpg	0.062489	0.5074	0.6766	140.4	135.3	0.8486	854	356
nte_04182.jpg	0.066883	0.5027	0.6822	147.9	137.4	0.7837	854	356
nte_04183.jpg	0.071672	0.5047	0.6700	147.1	148.1	0.7881	854	356
nte_04184.jpg	0.069940	0.5047	0.6972	146.7	144.9	0.8452	854	356
nte_04185.jpg	0.063226	0.5020	0.6728	143.7	133.8	0.8481	854	356
nte_04186.jpg	0.065029	0.5035	0.6822	145.6	135.8	0.8262	854	356
nte_04187.jpg	0.066765	0.5008	0.6728	147.9	137.3	0.8057	854	356
nte_04188.jpg	0.068059	0.4961	0.6784	154.9	133.6	0.8496	854	356
nte_04189.jpg	0.062968	0.5039	0.6681	146.1	131.0	0.7510	854	356
nte_04190.jpg	0.060128	0.5059	0.6663	142.6	128.2	0.8501	854	356
nte_04191.jpg	0.066971	0.5043	0.6775	151.5	134.4	0.8501	854	356
nte_04192.jpg	0.067811	0.5031	0.6550	151.3	136.3	0.7935	854	356
nte_04193.jpg	0.062464	0.5047	0.6737	150.7	126.0	0.8555	854	356
nte_04193.jpg	0.000307	0.4090	0.3936	11.6	8.1	0.4417	854	356
nte_04194.jpg	0.071787	0.5023	0.6916	158.1	138.0	0.7759	854	356
nte_04194.jpg	0.000438	0.4109	0.3964	13.4	9.9	0.3816	854	356
nte_04195.jpg	0.067927	0.5063	0.6812	151.5	136.4	0.8052	854	356
nte_04195.jpg	0.000559	0.4102	0.4057	14.6	11.6	0.5630	854	356
nte_04196.jpg	0.067350	0.5063	0.6859	152.1	134.6	0.8628	854	356
nte_04196.jpg	0.000634	0.4062	0.4151	15.2	12.7	0.6748	854	356
nte_04197.jpg	0.074093	0.5055	0.6953	162.1	138.9	0.8003	854	356
nte_04197.jpg	0.000723	0.3959	0.4292	17.1	12.8	0.4751	854	356
nte_04198.jpg	0.064153	0.5121	0.6784	158.1	123.3	0.8447	854	356
nte_04198.jpg	0.001272	0.3857	0.4339	21.2	18.2	0.6543	854	356
nte_04199.jpg	0.073744	0.5090	0.6953	166.0	135.0	0.8887	854	356
nte_04199.jpg	0.002088	0.3725	0.4385	25.6	24.8	0.7529	854	356
nte_04200.jpg	0.066450	0.5145	0.6869	171.8	117.6	0.8457	854	356
nte_04200.jpg	0.003918	0.3520	0.4489	36.7	32.4	0.8193	854	356
nte_04201.jpg	0.015814	0.3063	0.4554	76.6	62.8	0.8682	854	356
nte_04201.jpg	0.077419	0.5285	0.6916	170.6	137.9	0.8560	854	356
nte_04202.jpg	0.145563	0.1462	0.5960	249.4	177.5	0.9072	854	356
nte_04202.jpg	0.078393	0.5266	0.7056	168.8	141.2	0.8877	854	356
nte_04203.jpg	0.074832	0.5121	0.6953	163.0	139.6	0.8691	854	356
nte_04204.jpg	0.073162	0.5160	0.7009	162.6	136.8	0.8687	854	356
nte_04205.jpg	0.070359	0.5211	0.6906	160.7	133.1	0.8647	854	356
nte_04206.jpg	0.065517	0.5102	0.6766	154.3	129.1	0.8315	854	356
nte_04207.jpg	0.063817	0.5066	0.6803	150.3	129.1	0.8647	854	356
nte_04208.jpg	0.062147	0.5145	0.6841	148.9	126.8	0.8765	854	356
nte_04209.jpg	0.064203	0.5070	0.6541	172.0	113.5	0.8560	854	356
nte_04210.jpg	0.064583	0.5117	0.6812	169.1	116.1	0.8281	854	356
nte_04211.jpg	0.061341	0.5145	0.6700	155.3	120.1	0.8560	854	356
nte_04212.jpg	0.056928	0.5133	0.6681	154.0	112.4	0.7964	854	356
nte_04213.jpg	0.062299	0.5105	0.6634	154.7	122.4	0.8809	854	356
nte_04214.jpg	0.058255	0.5063	0.6719	142.5	124.3	0.8535	854	356
nte_04215.jpg	0.055255	0.5086	0.6681	140.9	119.3	0.8779	854	356
nte_04216.jpg	0.057183	0.5082	0.6653	144.9	120.0	0.8804	854	356
nte_04217.jpg	0.053795	0.5090	0.6513	148.1	110.4	0.8882	854	356
nte_04218.jpg	0.054284	0.5090	0.6569	145.6	113.3	0.8843	854	356
nte_04219.jpg	0.056365	0.5070	0.6672	141.6	121.0	0.8745	854	356
nte_04220.jpg	0.054144	0.5055	0.6588	143.0	115.1	0.8765	854	356
nte_04221.jpg	0.053148	0.5113	0.6559	147.4	109.6	0.8975	854	356
nte_04222.jpg	0.056106	0.5078	0.6550	160.3	106.4	0.8848	854	356
nte_04223.jpg	0.051041	0.5121	0.6588	149.4	103.8	0.8682	854	356
nte_04223.jpg	0.000573	0.3635	0.4779	15.2	11.4	0.3677	854	356
nte_04224.jpg	0.055012	0.5102	0.6578	150.8	110.9	0.8940	854	356
nte_04224.jpg	0.001990	0.3723	0.4882	28.2	21.4	0.8164	854	356
nte_04225.jpg	0.049703	0.5109	0.6531	142.4	106.1	0.8975	854	356
nte_04225.jpg	0.005216	0.3945	0.5107	46.5	34.1	0.8311	854	356
nte_04226.jpg	0.047409	0.5086	0.6466	141.8	101.7	0.9053	854	356
nte_04226.jpg	0.026225	0.3543	0.5754	103.7	76.9	0.8931	854	356
nte_04226.jpg	0.001735	0.4168	0.4976	27.8	19.0	0.4919	854	356
nte_04227.jpg	0.051211	0.5078	0.6653	139.5	111.6	0.8960	854	356
nte_04227.jpg	0.006455	0.4074	0.5032	46.1	42.6	0.7964	854	356
nte_04227.jpg	0.001043	0.3680	0.5144	18.7	16.9	0.6123	854	356
nte_04228.jpg	0.038412	0.3473	0.5650	114.6	101.9	0.8872	854	356
nte_04228.jpg	0.048130	0.5063	0.6588	143.1	102.2	0.8809	854	356
nte_04229.jpg	0.045994	0.5090	0.6578	141.6	98.7	0.8970	854	356
nte_04229.jpg	0.009249	0.3369	0.5650	63.3	44.5	0.8330	854	356
nte_04229.jpg	0.317506	0.1594	0.4966	272.2	354.6	0.7236	854	356
nte_04230.jpg	0.137057	0.1388	0.7487	237.0	175.8	0.9175	854	356
nte_04230.jpg	0.046687	0.5117	0.6578	147.9	96.0	0.7646	854	356
nte_04230.jpg	0.004781	0.2730	0.5707	41.4	35.1	0.4004	854	356
nte_04231.jpg	0.048109	0.5074	0.6531	164.2	89.1	0.8452	854	356
nte_04231.jpg	0.091220	0.1170	0.5566	200.3	138.4	0.7666	854	356
nte_04232.jpg	0.052483	0.5012	0.6513	178.5	89.4	0.8882	854	356
nte_04232.jpg	0.000349	0.3680	0.5173	12.3	8.6	0.3147	854	356
nte_04233.jpg	0.059201	0.4965	0.6597	190.6	94.4	0.9116	854	356
nte_04233.jpg	0.000450	0.3719	0.5135	13.9	9.9	0.3989	854	356
nte_04234.jpg	0.056939	0.4930	0.6550	195.8	88.4	0.9014	854	356
nte_04235.jpg	0.060616	0.4938	0.6559	192.5	95.7	0.9111	854	356
nte_04236.jpg	0.058649	0.4965	0.6588	184.3	96.7	0.9048	854	356
nte_04237.jpg	0.053150	0.5016	0.6475	167.5	96.5	0.8857	854	356
nte_04238.jpg	0.048586	0.5004	0.6541	158.7	93.1	0.8477	854	356
nte_04239.jpg	0.048668	0.5051	0.6494	158.1	93.6	0.7744	854	356
nte_04239.jpg	0.007311	0.4309	0.6147	36.6	60.7	0.3865	854	356
nte_04240.jpg	0.050632	0.5039	0.6438	161.6	95.2	0.8647	854	356
nte_04241.jpg	0.050858	0.5066	0.6447	155.5	99.4	0.8403	854	356
nte_04241.jpg	0.000635	0.6059	0.4704	22.0	8.8	0.3159	854	356
nte_04241.jpg	0.005262	0.4320	0.6091	31.2	51.3	0.3137	854	356
nte_04242.jpg	0.047560	0.5063	0.6466	142.1	101.7	0.8916	854	356
nte_04242.jpg	0.008798	0.8203	0.4592	75.6	35.4	0.4062	854	356
nte_04242.jpg	0.028092	0.2143	0.4404	143.0	59.7	0.3672	854	356
nte_04243.jpg	0.044111	0.5031	0.6419	137.4	97.6	0.8804	854	356
nte_04244.jpg	0.048534	0.4980	0.6550	136.9	107.8	0.8579	854	356
nte_04245.jpg	0.045398	0.4926	0.6466	139.8	98.7	0.8770	854	356
nte_04246.jpg	0.050998	0.4879	0.6513	147.8	104.9	0.8765	854	356
nte_04246.jpg	0.005357	0.4270	0.5622	51.1	31.9	0.3240	854	356
nte_04247.jpg	0.056479	0.4863	0.6597	157.3	109.2	0.8877	854	356
nte_04247.jpg	0.004011	0.4090	0.5594	39.3	31.0	0.6157	854	356
nte_04248.jpg	0.062263	0.4859	0.6681	168.1	112.6	0.8657	854	356
nte_04249.jpg	0.052948	0.4965	0.6663	146.4	109.9	0.8442	854	356
nte_04250.jpg	0.052207	0.4945	0.6728	145.3	109.3	0.8516	854	356
nte_04251.jpg	0.050929	0.4949	0.6625	145.6	106.3	0.8564	854	356
nte_04251.jpg	0.000476	0.4660	0.4329	14.6	9.9	0.2605	854	356
nte_04252.jpg	0.055020	0.4984	0.6691	143.8	116.3	0.8423	854	356
nte_04253.jpg	0.048772	0.5063	0.6616	141.4	104.8	0.8457	854	356
nte_04253.jpg	0.000688	0.4590	0.4470	16.8	12.4	0.3772	854	356
nte_04254.jpg	0.047957	0.5055	0.6569	141.4	103.1	0.8687	854	356
nte_04255.jpg	0.048812	0.5051	0.6541	141.1	105.2	0.8530	854	356
nte_04255.jpg	0.000832	0.4531	0.4442	18.0	14.1	0.4626	854	356
nte_04256.jpg	0.052780	0.5035	0.6569	140.4	114.3	0.8345	854	356
nte_04256.jpg	0.000848	0.4484	0.4479	19.9	12.9	0.5474	854	356
nte_04257.jpg	0.051431	0.5066	0.6494	143.8	108.8	0.8042	854	356
nte_04257.jpg	0.000938	0.4441	0.4507	21.7	13.1	0.5918	854	356
nte_04258.jpg	0.052815	0.5047	0.6475	141.4	113.6	0.8594	854	356
nte_04258.jpg	0.001436	0.4320	0.4592	27.8	15.7	0.5273	854	356
nte_04258.jpg	0.000789	0.4445	0.4535	19.0	12.6	0.2949	854	356
nte_04259.jpg	0.051635	0.5047	0.6522	141.5	110.9	0.8403	854	356
nte_04259.jpg	0.002189	0.4133	0.4695	32.0	20.8	0.7593	854	356
nte_04259.jpg	0.000873	0.4414	0.4563	19.5	13.6	0.6733	854	356
nte_04260.jpg	0.057257	0.5039	0.6578	147.2	118.3	0.8218	854	356
nte_04260.jpg	0.005373	0.3773	0.4920	50.1	32.6	0.7153	854	356
nte_04260.jpg	0.001221	0.4324	0.4620	22.4	16.6	0.5366	854	356
nte_04261.jpg	0.060886	0.1988	0.5978	197.8	93.6	0.8804	854	356
nte_04261.jpg	0.060086	0.5035	0.6644	148.2	123.3	0.8271	854	356
nte_04261.jpg	0.004127	0.4027	0.4835	45.2	27.7	0.7876	854	356
nte_04262.jpg	0.067068	0.5016	0.6634	152.0	134.2	0.8340	854	356
nte_04262.jpg	0.009040	0.3375	0.5332	74.5	36.9	0.6353	854	356
nte_04262.jpg	0.006750	0.8469	0.5004	67.1	30.6	0.4478	854	356
nte_04263.jpg	0.069795	0.5004	0.6700	155.0	136.9	0.8569	854	356
nte_04263.jpg	0.076668	0.0990	0.7450	169.8	137.3	0.8472	854	356
nte_04264.jpg	0.070461	0.5008	0.6869	156.6	136.8	0.8613	854	356
nte_04265.jpg	0.069520	0.5000	0.6916	158.8	133.1	0.8589	854	356
nte_04266.jpg	0.070058	0.5000	0.6841	158.0	134.8	0.8555	854	356
nte_04267.jpg	0.076904	0.4996	0.7000	160.3	145.9	0.8872	854	356
nte_04268.jpg	0.086668	0.5008	0.6887	164.2	160.5	0.8320	854	356
nte_04269.jpg	0.077736	0.5113	0.7028	165.0	143.2	0.8633	854	356
nte_04270.jpg	0.083130	0.5230	0.7187	169.3	149.3	0.8662	854	356
nte_04271.jpg	0.083832	0.5211	0.7009	169.2	150.6	0.8613	854	356
nte_04272.jpg	0.081199	0.5125	0.7131	166.3	148.4	0.8950	854	356
nte_04273.jpg	0.072784	0.5109	0.6887	160.7	137.7	0.8667	854	356
nte_04274.jpg	0.072319	0.5180	0.6953	158.6	138.6	0.8867	854	356
nte_04275.jpg	0.063983	0.5172	0.6794	155.7	124.9	0.8726	854	356
nte_04276.jpg	0.067232	0.5078	0.6794	158.1	129.3	0.8809	854	356
nte_04276.jpg	0.000583	0.3592	0.4742	20.9	8.5	0.2854	854	356
nte_04277.jpg	0.060404	0.5160	0.6700	148.8	123.4	0.8838	854	356
nte_04277.jpg	0.000507	0.3783	0.4779	15.8	9.8	0.3735	854	356
nte_04278.jpg	0.060024	0.5129	0.6700	150.3	121.4	0.8896	854	356
nte_04278.jpg	0.000570	0.3834	0.4826	16.2	10.7	0.5127	854	356
nte_04279.jpg	0.058836	0.5074	0.6653	144.5	123.8	0.8838	854	356
nte_04279.jpg	0.000967	0.3980	0.4873	21.2	13.9	0.5679	854	356
nte_04280.jpg	0.055655	0.5047	0.6653	142.8	118.5	0.8755	854	356
nte_04280.jpg	0.002903	0.3791	0.5004	34.1	25.9	0.8296	854	356
nte_04281.jpg	0.056418	0.5086	0.6681	142.5	120.3	0.8940	854	356
nte_04281.jpg	0.007615	0.3396	0.5266	58.6	39.5	0.8569	854	356
nte_04281.jpg	0.001637	0.3738	0.4882	25.4	19.6	0.7080	854	356
nte_04282.jpg	0.110771	0.1313	0.7009	223.8	150.5	0.9141	854	356
nte_04282.jpg	0.051576	0.5141	0.6541	145.9	107.5	0.8887	854	356
nte_04282.jpg	0.004140	0.3365	0.5051	40.6	31.0	0.8286	854	356
nte_04283.jpg	0.050751	0.5008	0.6634	138.3	111.6	0.8911	854	356
nte_04283.jpg	0.010780	0.3441	0.5360	65.7	49.9	0.7788	854	356
nte_04283.jpg	0.001875	0.4156	0.4948	27.4	20.8	0.6045	854	356
nte_04283.jpg	0.003524	0.3867	0.5173	31.5	34.0	0.5693	854	356
nte_04283.jpg	0.001055	0.4305	0.4713	19.6	16.3	0.3289	854	356
nte_04284.jpg	0.140022	0.1483	0.7169	253.7	167.8	0.8691	854	356
nte_04284.jpg	0.055104	0.5008	0.6503	139.7	119.9	0.8662	854	356
nte_04284.jpg	0.005321	0.3764	0.5144	49.0	33.0	0.7690	854	356
nte_04284.jpg	0.001818	0.4148	0.4854	27.5	20.1	0.3149	854	356
nte_04284.jpg	0.000614	0.4469	0.4592	17.0	11.0	0.2690	854	356
nte_04285.jpg	0.051538	0.4984	0.6625	140.9	111.2	0.8721	854	356
nte_04285.jpg	0.005913	0.3705	0.5041	55.1	32.6	0.6445	854	356
nte_04285.jpg	0.078344	0.2195	0.5416	187.6	126.9	0.5312	854	356
nte_04285.jpg	0.000592	0.4477	0.4592	14.8	12.1	0.3113	854	356
nte_04286.jpg	0.049294	0.5023	0.6606	138.4	108.3	0.8887	854	356
nte_04286.jpg	0.026899	0.2662	0.5557	127.5	64.1	0.8848	854	356
nte_04286.jpg	0.000557	0.4484	0.4610	15.1	11.2	0.2563	854	356
nte_04286.jpg	0.000468	0.4332	0.4592	14.1	10.1	0.2563	854	356
nte_04287.jpg	0.051286	0.5059	0.6597	137.8	113.2	0.8579	854	356
nte_04288.jpg	0.057721	0.5047	0.6681	138.5	126.7	0.8442	854	356
nte_04288.jpg	0.000565	0.4473	0.4638	15.3	11.2	0.2698	854	356
nte_04289.jpg	0.049500	0.5051	0.6419	138.3	108.8	0.8945	854	356
nte_04290.jpg	0.050463	0.5043	0.6475	138.9	110.4	0.8828	854	356
nte_04291.jpg	0.048513	0.5047	0.6475	139.7	105.6	0.8799	854	356
nte_04291.jpg	0.000586	0.4090	0.4676	16.2	11.0	0.2717	854	356
nte_04292.jpg	0.053471	0.5035	0.6541	138.4	117.4	0.8628	854	356
nte_04292.jpg	0.000733	0.6145	0.4723	25.6	8.7	0.3083	854	356
nte_04292.jpg	0.000364	0.4438	0.4629	11.5	9.6	0.2861	854	356
nte_04293.jpg	0.050824	0.5051	0.6513	141.1	109.5	0.8672	854	356
nte_04293.jpg	0.000989	0.8000	0.5426	23.0	13.1	0.4556	854	356
nte_04293.jpg	0.000816	0.3971	0.4695	19.4	12.8	0.2971	854	356
nte_04293.jpg	0.001099	0.8781	0.5594	23.5	14.2	0.2722	854	356
nte_04293.jpg	0.000365	0.4418	0.4610	11.0	10.1	0.2678	854	356
nte_04294.jpg	0.051371	0.5086	0.6419	143.6	108.8	0.8950	854	356
nte_04294.jpg	0.000715	0.3965	0.4695	17.1	12.7	0.3621	854	356
nte_04294.jpg	0.000356	0.4094	0.4704	10.6	10.2	0.2920	854	356
nte_04295.jpg	0.048639	0.5055	0.6484	138.5	106.8	0.8931	854	356
nte_04295.jpg	0.000354	0.4711	0.4573	10.8	9.9	0.3511	854	356
nte_04296.jpg	0.048031	0.5043	0.6531	138.5	105.4	0.8950	854	356
nte_04296.jpg	0.000438	0.4848	0.4535	11.5	11.6	0.2764	854	356
nte_04296.jpg	0.000424	0.4387	0.4685	11.5	11.2	0.2549	854	356
nte_04296.jpg	0.000702	0.4242	0.4667	15.9	13.4	0.2549	854	356
nte_04297.jpg	0.046972	0.5023	0.6494	136.4	104.7	0.8716	854	356
nte_04297.jpg	0.000704	0.4973	0.4545	15.5	13.8	0.5195	854	356
nte_04297.jpg	0.000576	0.4457	0.4657	13.0	13.5	0.3745	854	356
nte_04297.jpg	0.000993	0.4293	0.4629	19.9	15.2	0.3479	854	356
nte_04298.jpg	0.047649	0.5016	0.6456	136.8	105.9	0.8530	854	356
nte_04298.jpg	0.000815	0.4410	0.4695	17.2	14.4	0.4246	854	356
nte_04298.jpg	0.000838	0.4227	0.4638	17.0	15.0	0.4175	854	356
nte_04299.jpg	0.048880	0.5020	0.6578	136.9	108.6	0.8818	854	356
nte_04299.jpg	0.000983	0.4297	0.4760	19.9	15.0	0.5957	854	356
nte_04300.jpg	0.048862	0.5020	0.6541	137.4	108.1	0.8330	854	356
nte_04300.jpg	0.001321	0.4164	0.4835	22.7	17.7	0.6250	854	356
nte_04300.jpg	0.000492	0.4344	0.4563	14.6	10.3	0.2864	854	356
nte_04301.jpg	0.044434	0.5043	0.6531	137.9	98.0	0.8638	854	356
nte_04301.jpg	0.004065	0.3846	0.5004	43.3	28.5	0.7803	854	356
nte_04301.jpg	0.000595	0.4254	0.4526	16.6	10.9	0.3777	854	356
nte_04301.jpg	0.000627	0.3965	0.4601	17.9	10.6	0.2693	854	356
nte_04302.jpg	0.046064	0.5035	0.6438	136.9	102.3	0.8486	854	356
nte_04302.jpg	0.015188	0.3105	0.5444	92.7	49.8	0.8486	854	356
nte_04302.jpg	0.001072	0.4156	0.4489	19.8	16.5	0.5752	854	356
nte_04303.jpg	0.048761	0.5039	0.6363	136.1	108.9	0.8696	854	356
nte_04303.jpg	0.002336	0.3975	0.4470	28.8	24.7	0.8081	854	356
nte_04304.jpg	0.006724	0.3562	0.4563	50.0	40.9	0.8521	854	356
nte_04304.jpg	0.050788	0.5047	0.6634	135.4	114.0	0.8438	854	356
nte_04305.jpg	0.025922	0.2754	0.4826	109.8	71.8	0.8940	854	356
nte_04305.jpg	0.050342	0.5059	0.6475	138.6	110.4	0.8843	854	356
nte_04306.jpg	0.063621	0.5031	0.6672	159.3	121.4	0.8628	854	356
nte_04307.jpg	0.060262	0.5043	0.6691	161.3	113.6	0.8457	854	356
nte_04308.jpg	0.057057	0.5121	0.6569	148.8	116.6	0.8350	854	356
nte_04308.jpg	0.000978	0.3117	0.4179	20.7	14.4	0.6348	854	356
nte_04309.jpg	0.064026	0.5090	0.6728	153.5	126.8	0.8364	854	356
nte_04309.jpg	0.001259	0.3273	0.4245	22.9	16.7	0.6953	854	356
nte_04310.jpg	0.053796	0.5133	0.6475	145.7	112.3	0.8774	854	356
nte_04310.jpg	0.001775	0.3428	0.4310	25.6	21.1	0.7827	854	356
nte_04311.jpg	0.054883	0.5117	0.6606	145.6	114.6	0.8740	854	356
nte_04311.jpg	0.002617	0.3504	0.4432	30.4	26.2	0.7129	854	356
nte_04312.jpg	0.055144	0.5109	0.6541	153.5	109.3	0.8447	854	356
nte_04312.jpg	0.005433	0.3396	0.4451	41.2	40.1	0.7891	854	356
nte_04312.jpg	0.070481	0.9383	0.5501	106.1	202.0	0.2722	854	356
nte_04313.jpg	0.014807	0.3273	0.4732	72.0	62.5	0.8325	854	356
nte_04313.jpg	0.067220	0.5117	0.6597	165.8	123.3	0.6519	854	356
nte_04314.jpg	0.209893	0.1692	0.6850	289.4	220.5	0.9185	854	356
nte_04314.jpg	0.060771	0.5145	0.6466	171.5	107.8	0.8481	854	356
nte_04315.jpg	0.061029	0.5168	0.6569	168.8	109.9	0.7349	854	356
nte_04316.jpg	0.066291	0.5098	0.6672	169.5	118.9	0.7588	854	356
nte_04317.jpg	0.059857	0.5055	0.6531	167.5	108.7	0.8916	854	356
nte_04317.jpg	0.000438	0.4047	0.4479	14.3	9.3	0.2520	854	356
nte_04318.jpg	0.059842	0.5039	0.6578	173.1	105.1	0.8770	854	356
nte_04319.jpg	0.062847	0.5023	0.6672	173.3	110.3	0.8789	854	356
nte_04319.jpg	0.000591	0.4570	0.4442	14.5	12.4	0.2505	854	356
nte_04320.jpg	0.054213	0.5039	0.6569	165.8	99.4	0.8760	854	356
nte_04320.jpg	0.000834	0.4664	0.4395	18.9	13.4	0.4626	854	356
nte_04321.jpg	0.049871	0.5074	0.6550	156.5	96.9	0.8267	854	356
nte_04321.jpg	0.000844	0.4773	0.4385	18.8	13.7	0.4973	854	356
nte_04322.jpg	0.065415	0.5039	0.6222	172.8	115.1	0.7476	854	356
nte_04322.jpg	0.000682	0.4906	0.4432	16.9	12.3	0.2708	854	356
nte_04323.jpg	0.062202	0.5070	0.6166	159.1	118.8	0.8208	854	356
nte_04323.jpg	0.001412	0.5160	0.4348	22.2	19.4	0.4790	854	356
nte_04324.jpg	0.049304	0.5094	0.6541	144.9	103.4	0.8540	854	356
nte_04324.jpg	0.001208	0.5352	0.4329	20.5	17.9	0.2678	854	356
nte_04325.jpg	0.046360	0.5070	0.6484	139.4	101.1	0.8389	854	356
nte_04325.jpg	0.001454	0.5641	0.4254	23.0	19.2	0.4844	854	356
nte_04326.jpg	0.047928	0.5016	0.6419	142.3	102.4	0.7974	854	356
nte_04326.jpg	0.002278	0.5930	0.4320	28.6	24.2	0.5342	854	356
nte_04327.jpg	0.048903	0.5027	0.6391	136.6	108.8	0.8550	854	356
nte_04327.jpg	0.007117	0.6418	0.4610	44.6	48.5	0.6802	854	356
nte_04328.jpg	0.050719	0.4898	0.6447	139.9	110.3	0.8105	854	356
nte_04328.jpg	0.000860	0.6699	0.4545	17.3	15.1	0.6016	854	356
nte_04329.jpg	0.054442	0.4926	0.6475	163.2	101.4	0.8813	854	356
nte_04329.jpg	0.044671	0.9469	0.5697	90.6	150.0	0.7510	854	356
nte_04330.jpg	0.060706	0.4984	0.6466	174.8	105.6	0.8965	854	356
nte_04330.jpg	0.003378	0.3377	0.4610	34.1	30.1	0.4458	854	356
nte_04330.jpg	0.000691	0.7090	0.4667	15.9	13.2	0.3145	854	356
nte_04330.jpg	0.000531	0.7527	0.4863	14.7	11.0	0.2822	854	356
nte_04331.jpg	0.068047	0.5031	0.6466	190.8	108.4	0.8218	854	356
nte_04331.jpg	0.004952	0.2455	0.4582	60.6	24.8	0.5137	854	356
nte_04331.jpg	0.001147	0.6578	0.4938	23.2	15.0	0.4421	854	356
nte_04331.jpg	0.000773	0.7164	0.4685	18.8	12.5	0.3914	854	356
nte_04332.jpg	0.066004	0.5016	0.6503	186.8	107.4	0.9048	854	356
nte_04332.jpg	0.011753	0.0576	0.4685	95.2	37.6	0.5444	854	356
nte_04332.jpg	0.000731	0.6762	0.4713	17.3	12.8	0.3623	854	356
nte_04332.jpg	0.001323	0.6109	0.4985	26.9	14.9	0.2527	854	356
nte_04333.jpg	0.060668	0.4992	0.6456	175.8	104.9	0.9028	854	356
nte_04333.jpg	0.001131	0.6117	0.4695	22.9	15.0	0.6816	854	356
nte_04334.jpg	0.066564	0.5039	0.6531	187.8	107.8	0.8950	854	356
nte_04334.jpg	0.001965	0.6016	0.4873	29.5	20.3	0.4036	854	356
nte_04335.jpg	0.064818	0.5066	0.6531	188.0	104.8	0.8677	854	356
nte_04335.jpg	0.002391	0.5469	0.4826	36.3	20.0	0.5605	854	356
nte_04336.jpg	0.061247	0.4992	0.6503	175.8	105.9	0.8828	854	356
nte_04336.jpg	0.008267	0.3949	0.5697	61.0	41.2	0.6792	854	356
nte_04337.jpg	0.058137	0.4973	0.6559	169.5	104.2	0.8521	854	356
nte_04337.jpg	0.064108	0.0858	0.7328	146.6	132.9	0.8052	854	356
nte_04337.jpg	0.003373	0.3941	0.5501	38.1	26.9	0.7485	854	356
nte_04337.jpg	0.000800	0.4422	0.5444	19.0	12.8	0.2795	854	356
nte_04338.jpg	0.012524	0.2691	0.5688	90.9	41.9	0.8560	854	356
nte_04338.jpg	0.055475	0.4926	0.6250	148.7	113.4	0.8252	854	356
nte_04338.jpg	0.003135	0.3693	0.5538	41.4	23.0	0.6357	854	356
nte_04338.jpg	0.004011	0.4234	0.5229	33.7	36.2	0.3201	854	356
nte_04338.jpg	0.005067	0.1568	0.4854	68.5	22.5	0.2954	854	356
nte_04339.jpg	0.046426	0.5051	0.6522	135.9	103.8	0.8779	854	356
nte_04339.jpg	0.010254	0.2496	0.5782	87.2	35.7	0.8052	854	356
nte_04339.jpg	0.003132	0.3354	0.5613	40.0	23.8	0.7095	854	356
nte_04339.jpg	0.004301	0.4488	0.5229	43.7	29.9	0.4285	854	356
nte_04339.jpg	0.000747	0.3688	0.5566	19.3	11.7	0.4158	854	356
nte_04339.jpg	0.000530	0.3957	0.5482	14.0	11.6	0.2932	854	356
nte_04340.jpg	0.046613	0.5176	0.6559	138.9	102.0	0.8809	854	356
nte_04340.jpg	0.006850	0.2641	0.5725	63.4	32.9	0.7461	854	356
nte_04340.jpg	0.024986	0.0814	0.6063	139.3	54.5	0.7402	854	356
nte_04340.jpg	0.002569	0.3285	0.5622	39.4	19.8	0.4858	854	356
nte_04340.jpg	0.001958	0.3695	0.5454	33.7	17.7	0.3792	854	356
nte_04340.jpg	0.000833	0.3600	0.5491	18.2	13.9	0.3213	854	356
nte_04341.jpg	0.045028	0.5109	0.6484	139.1	98.4	0.8438	854	356
nte_04341.jpg	0.019835	0.1587	0.5885	125.1	48.2	0.7744	854	356
nte_04341.jpg	0.004790	0.2887	0.5660	55.8	26.1	0.6494	854	356
nte_04341.jpg	0.003807	0.5641	0.5023	41.7	27.7	0.5679	854	356
nte_04341.jpg	0.001273	0.3357	0.5491	24.0	16.1	0.3870	854	356
nte_04341.jpg	0.004194	0.2266	0.5482	39.4	32.3	0.3025	854	356
nte_04341.jpg	0.002316	0.3520	0.5407	36.2	19.4	0.2922	854	356
nte_04342.jpg	0.045126	0.5027	0.6513	137.8	99.6	0.8330	854	356
nte_04342.jpg	0.008815	0.2543	0.5669	79.4	33.8	0.7866	854	356
nte_04342.jpg	0.004451	0.3387	0.5397	53.3	25.4	0.3611	854	356
nte_04342.jpg	0.001740	0.3234	0.5501	29.0	18.2	0.3518	854	356
nte_04342.jpg	0.004903	0.0770	0.5472	70.1	21.3	0.3472	854	356
nte_04342.jpg	0.015975	0.0779	0.5660	131.6	36.9	0.3079	854	356
nte_04343.jpg	0.047026	0.5008	0.6466	136.3	104.9	0.8120	854	356
nte_04343.jpg	0.007269	0.3139	0.5369	72.6	30.4	0.7642	854	356
nte_04343.jpg	0.026517	0.1625	0.5669	145.4	55.5	0.7495	854	356
nte_04344.jpg	0.018949	0.0519	0.6025	88.9	64.8	0.8403	854	356
nte_04344.jpg	0.016606	0.2438	0.5491	111.6	45.2	0.8184	854	356
nte_04344.jpg	0.049856	0.5023	0.6597	136.9	110.8	0.7534	854	356
nte_04345.jpg	0.044192	0.5012	0.6503	135.6	99.1	0.8760	854	356
nte_04345.jpg	0.047306	0.1024	0.5576	176.0	81.7	0.8086	854	356
nte_04345.jpg	0.004005	0.8070	0.5041	57.2	21.3	0.4712	854	356
nte_04346.jpg	0.047837	0.4988	0.6559	136.8	106.3	0.8550	854	356
nte_04347.jpg	0.048600	0.4918	0.6475	140.6	105.1	0.8882	854	356
nte_04347.jpg	0.001166	0.5566	0.2085	27.0	13.1	0.4551	854	356
nte_04348.jpg	0.051517	0.4926	0.6522	139.9	111.9	0.8359	854	356
nte_04348.jpg	0.001818	0.6047	0.4320	25.1	22.1	0.3740	854	356
nte_04349.jpg	0.054290	0.4945	0.6578	139.3	118.5	0.6001	854	356
nte_04350.jpg	0.054881	0.4949	0.6475	140.7	118.6	0.8345	854	356
nte_04351.jpg	0.051551	0.4926	0.6372	137.3	114.2	0.8638	854	356
nte_04351.jpg	0.000782	0.4465	0.4554	18.2	13.1	0.3052	854	356
nte_04352.jpg	0.054380	0.5012	0.6569	137.2	120.5	0.8853	854	356
nte_04353.jpg	0.051553	0.5004	0.6588	135.1	116.0	0.8877	854	356
nte_04354.jpg	0.049202	0.4988	0.6541	134.4	111.3	0.8906	854	356
nte_04355.jpg	0.048884	0.4969	0.6438	138.4	107.4	0.8975	854	356
nte_04356.jpg	0.051821	0.4980	0.6475	139.1	113.3	0.8867	854	356
nte_04357.jpg	0.048306	0.4984	0.6438	135.8	108.2	0.8481	854	356
nte_04358.jpg	0.047033	0.4957	0.6466	138.9	102.9	0.8394	854	356
nte_04359.jpg	0.046083	0.4949	0.6466	138.6	101.1	0.8652	854	356
nte_04360.jpg	0.047814	0.4949	0.6456	138.8	104.7	0.8271	854	356
nte_04361.jpg	0.049827	0.5000	0.6522	137.2	110.4	0.8521	854	356
nte_04362.jpg	0.051348	0.4902	0.6466	140.1	111.4	0.8374	854	356
nte_04363.jpg	0.050325	0.4883	0.6428	144.1	106.2	0.7930	854	356
nte_04364.jpg	0.050311	0.4934	0.6606	138.5	110.4	0.6909	854	356
nte_04365.jpg	0.046826	0.4961	0.6503	137.4	103.6	0.8750	854	356
nte_04366.jpg	0.049405	0.4945	0.6522	137.3	109.4	0.7842	854	356
nte_04367.jpg	0.048321	0.4926	0.6456	137.9	106.5	0.8198	854	356
nte_04368.jpg	0.048209	0.5008	0.6409	136.0	107.8	0.8438	854	356
nte_04369.jpg	0.052386	0.4992	0.6363	139.2	114.4	0.7192	854	356
nte_04370.jpg	0.049318	0.4984	0.6372	134.8	111.3	0.7847	854	356
nte_04371.jpg	0.050777	0.4961	0.6494	136.1	113.4	0.8604	854	356
nte_04372.jpg	0.050504	0.4961	0.6475	135.8	113.1	0.8105	854	356
nte_04373.jpg	0.052756	0.4965	0.6325	134.8	119.0	0.7451	854	356
nte_04374.jpg	0.061006	0.4957	0.6269	136.8	135.6	0.7119	854	356
nte_04375.jpg	0.053557	0.4965	0.6428	137.1	118.8	0.8354	854	356
nte_04375.jpg	0.003201	0.8430	0.3664	50.1	19.4	0.2651	854	356
nte_04376.jpg	0.056828	0.4996	0.6513	138.1	125.1	0.8262	854	356
nte_04377.jpg	0.057549	0.4992	0.6494	136.9	127.8	0.8174	854	356
nte_04378.jpg	0.058897	0.5051	0.6569	138.6	129.2	0.8247	854	356
nte_04378.jpg	0.000551	0.4531	0.3327	15.0	11.1	0.2920	854	356
nte_04378.jpg	0.000321	0.5074	0.3439	11.6	8.4	0.2571	854	356
nte_04379.jpg	0.052548	0.5027	0.6456	133.8	119.4	0.8652	854	356
nte_04379.jpg	0.000411	0.5023	0.3392	12.6	9.9	0.4854	854	356
nte_04380.jpg	0.053821	0.5023	0.6447	134.9	121.3	0.8335	854	356
nte_04380.jpg	0.000442	0.5023	0.3289	13.4	10.0	0.4897	854	356
nte_04381.jpg	0.056846	0.5027	0.6325	133.4	129.5	0.7505	854	356
nte_04381.jpg	0.000680	0.5063	0.3205	15.3	13.5	0.5483	854	356
nte_04382.jpg	0.056093	0.5004	0.6503	132.4	128.8	0.8413	854	356
nte_04382.jpg	0.000803	0.5066	0.3195	16.5	14.8	0.6636	854	356
nte_04383.jpg	0.054817	0.4945	0.6438	135.9	122.6	0.7954	854	356
nte_04383.jpg	0.001356	0.4973	0.3214	20.3	20.3	0.7192	854	356
nte_04383.jpg	0.002051	0.6523	0.2961	32.3	19.3	0.3289	854	356
nte_04384.jpg	0.051961	0.4980	0.6353	133.0	118.8	0.8296	854	356
nte_04384.jpg	0.001756	0.4781	0.3167	27.0	19.8	0.7456	854	356
nte_04385.jpg	0.053337	0.5000	0.6381	132.3	122.6	0.8379	854	356
nte_04385.jpg	0.002992	0.4566	0.3252	35.9	25.3	0.7778	854	356
nte_04385.jpg	0.004901	0.5629	0.3626	43.4	34.4	0.2942	854	356
nte_04386.jpg	0.052707	0.4973	0.6372	131.6	121.8	0.8242	854	356
nte_04386.jpg	0.007468	0.4273	0.3626	57.0	39.8	0.8081	854	356
nte_04387.jpg	0.094379	0.2531	0.5772	218.2	131.5	0.7686	854	356
nte_04387.jpg	0.054716	0.4922	0.6391	137.9	120.6	0.7544	854	356
nte_04387.jpg	0.000406	0.5047	0.3130	12.7	9.7	0.4941	854	356
nte_04387.jpg	0.000903	0.4645	0.3017	18.3	15.0	0.4397	854	356
nte_04387.jpg	0.001495	0.2555	0.3486	32.5	14.0	0.2620	854	356
nte_04388.jpg	0.057001	0.4965	0.6447	135.1	128.3	0.8022	854	356
nte_04388.jpg	0.000599	0.4988	0.3308	16.6	10.9	0.5659	854	356
nte_04388.jpg	0.001685	0.4527	0.3102	23.3	22.0	0.3064	854	356
nte_04389.jpg	0.056321	0.4965	0.6466	134.1	127.7	0.8540	854	356
nte_04389.jpg	0.001098	0.4934	0.3467	21.6	15.5	0.6973	854	356
nte_04390.jpg	0.056175	0.4941	0.6400	135.4	126.1	0.8403	854	356
nte_04390.jpg	0.001916	0.4832	0.3673	27.7	21.0	0.6357	854	356
nte_04390.jpg	0.000810	0.3807	0.3476	19.7	12.5	0.4128	854	356
nte_04391.jpg	0.051087	0.4969	0.6428	132.3	117.4	0.8926	854	356
nte_04391.jpg	0.003369	0.4605	0.4076	36.1	28.4	0.7817	854	356
nte_04391.jpg	0.001372	0.4820	0.3767	21.5	19.4	0.6118	854	356
nte_04392.jpg	0.049553	0.4969	0.6428	132.4	113.8	0.8984	854	356
nte_04392.jpg	0.010962	0.4172	0.4667	72.7	45.8	0.8198	854	356
nte_04392.jpg	0.002179	0.4699	0.3936	27.5	24.1	0.6118	854	356
nte_04392.jpg	0.012178	0.5430	0.4610	78.6	47.1	0.5752	854	356
nte_04393.jpg	0.046875	0.4973	0.6363	133.6	106.7	0.8638	854	356
nte_04393.jpg	0.005074	0.4461	0.4151	41.2	37.4	0.8223	854	356
nte_04393.jpg	0.017249	0.5438	0.4845	93.6	56.0	0.5317	854	356
nte_04393.jpg	0.190315	0.1798	0.7347	308.1	187.8	0.4524	854	356
nte_04394.jpg	0.015260	0.3848	0.4526	73.4	63.2	0.7837	854	356
nte_04394.jpg	0.052867	0.4961	0.6260	134.8	119.3	0.6562	854	356
nte_04394.jpg	0.042241	0.4922	0.4526	134.6	95.4	0.2830	854	356
nte_04395.jpg	0.211692	0.1444	0.6194	247.0	260.5	0.9214	854	356
nte_04395.jpg	0.051218	0.4980	0.6475	139.9	111.3	0.8491	854	356
nte_04395.jpg	0.005170	0.4684	0.3692	45.0	34.9	0.4480	854	356
nte_04395.jpg	0.000450	0.4969	0.3111	12.7	10.8	0.3350	854	356
nte_04395.jpg	0.000534	0.5148	0.3045	15.8	10.3	0.3188	854	356
nte_04395.jpg	0.004789	0.5172	0.3701	40.5	35.9	0.2520	854	356
nte_04396.jpg	0.062993	0.4992	0.6663	140.2	136.6	0.7969	854	356
nte_04397.jpg	0.065820	0.5027	0.6616	147.1	136.0	0.5469	854	356
nte_04397.jpg	0.003654	0.5227	0.2877	52.1	21.3	0.2646	854	356
nte_04398.jpg	0.064108	0.4996	0.6606	140.1	139.1	0.5034	854	356
nte_04398.jpg	0.003266	0.5246	0.2896	40.8	24.3	0.4102	854	356
nte_04398.jpg	0.001440	0.0724	0.2446	28.8	15.2	0.4023	854	356
nte_04399.jpg	0.000619	0.4996	0.3533	14.3	13.2	0.2664	854	356
nte_04400.jpg	0.059447	0.4949	0.6503	134.9	133.9	0.8433	854	356
nte_04400.jpg	0.000819	0.4977	0.3804	16.6	15.0	0.6509	854	356
nte_04401.jpg	0.055635	0.4961	0.6522	134.9	125.3	0.8892	854	356
nte_04401.jpg	0.000683	0.4934	0.4020	15.5	13.4	0.7012	854	356
nte_04402.jpg	0.054010	0.4961	0.6569	133.9	122.6	0.8828	854	356
nte_04402.jpg	0.001109	0.4863	0.4264	20.6	16.3	0.6816	854	356
nte_04402.jpg	0.004249	0.4289	0.6091	32.1	40.3	0.3979	854	356
nte_04403.jpg	0.053612	0.4965	0.6663	132.8	122.8	0.8901	854	356
nte_04403.jpg	0.001849	0.4789	0.4367	26.6	21.1	0.7109	854	356
nte_04404.jpg	0.054467	0.4973	0.6719	133.4	124.1	0.8564	854	356
nte_04404.jpg	0.004741	0.4559	0.4357	44.2	32.6	0.7983	854	356
nte_04404.jpg	0.002502	0.5473	0.4282	36.7	20.7	0.2566	854	356
nte_04405.jpg	0.046830	0.4992	0.6306	132.9	107.2	0.8643	854	356
nte_04405.jpg	0.018185	0.3945	0.4854	88.6	62.4	0.8491	854	356
nte_04406.jpg	0.048952	0.4992	0.6419	133.8	111.3	0.8726	854	356
nte_04406.jpg	0.202317	0.1558	0.6700	265.9	231.3	0.5649	854	356
nte_04407.jpg	0.050032	0.4988	0.6438	134.6	113.0	0.8218	854	356
nte_04407.jpg	0.000343	0.6016	0.4592	11.1	9.4	0.4128	854	356
nte_04408.jpg	0.048488	0.4934	0.6363	134.5	109.6	0.8965	854	356
nte_04409.jpg	0.050540	0.4914	0.6428	135.3	113.6	0.8638	854	356
nte_04410.jpg	0.054594	0.4930	0.6222	136.7	121.4	0.7603	854	356
nte_04410.jpg	0.000336	0.5109	0.3570	11.3	9.0	0.3289	854	356
nte_04411.jpg	0.061415	0.4930	0.6053	137.8	135.5	0.6372	854	356
nte_04411.jpg	0.000451	0.5023	0.3655	13.7	10.0	0.3074	854	356
nte_04412.jpg	0.050107	0.4941	0.6484	138.3	110.2	0.8330	854	356
nte_04412.jpg	0.000733	0.4867	0.3983	18.1	12.3	0.3794	854	356
nte_04413.jpg	0.062093	0.4941	0.6316	143.4	131.6	0.7974	854	356
nte_04413.jpg	0.001218	0.4688	0.4254	23.5	15.8	0.5010	854	356
nte_04413.jpg	0.000464	0.4785	0.4254	12.4	11.4	0.3857	854	356
nte_04414.jpg	0.063842	0.4949	0.6484	144.2	134.6	0.8447	854	356
nte_04414.jpg	0.001608	0.4437	0.4479	25.6	19.1	0.6836	854	356
nte_04414.jpg	0.000741	0.4645	0.4451	15.7	14.4	0.5308	854	356
nte_04415.jpg	0.060167	0.4980	0.6728	145.4	125.8	0.8701	854	356
nte_04415.jpg	0.005055	0.3980	0.4910	48.6	31.6	0.8252	854	356
nte_04415.jpg	0.001703	0.4426	0.4713	26.8	19.3	0.7300	854	356
nte_04416.jpg	0.026196	0.2975	0.5547	122.4	65.1	0.8833	854	356
nte_04416.jpg	0.056150	0.4973	0.6719	148.9	114.7	0.8804	854	356
nte_04416.jpg	0.002948	0.4195	0.4966	37.7	23.7	0.7725	854	356
nte_04417.jpg	0.059171	0.5039	0.6812	152.1	118.3	0.8960	854	356
nte_04417.jpg	0.010630	0.3586	0.5369	78.6	41.1	0.8525	854	356
nte_04418.jpg	0.107767	0.1635	0.6391	279.2	117.3	0.9019	854	356
nte_04418.jpg	0.059031	0.5023	0.6803	152.6	117.6	0.8662	854	356
nte_04419.jpg	0.063243	0.5039	0.6775	156.6	122.8	0.8530	854	356
nte_04420.jpg	0.065821	0.5039	0.6916	156.6	127.8	0.8438	854	356
nte_04421.jpg	0.060407	0.5039	0.6784	156.0	117.8	0.8145	854	356
nte_04422.jpg	0.059959	0.5027	0.6550	151.0	120.8	0.7979	854	356
nte_04423.jpg	0.057141	0.5023	0.6438	146.3	118.8	0.8701	854	356
nte_04424.jpg	0.062972	0.5051	0.6531	146.0	131.1	0.8569	854	356
nte_04425.jpg	0.055328	0.5039	0.6475	142.9	117.7	0.8442	854	356
nte_04426.jpg	0.051596	0.5031	0.6513	142.3	110.3	0.8350	854	356
nte_04427.jpg	0.057027	0.5023	0.6559	140.3	123.6	0.8530	854	356
nte_04427.jpg	0.001455	0.6051	0.4517	28.9	15.3	0.2603	854	356
nte_04428.jpg	0.055071	0.5008	0.6503	139.6	119.9	0.8477	854	356
nte_04428.jpg	0.000587	0.3064	0.4620	19.9	9.0	0.4080	854	356
nte_04428.jpg	0.002174	0.2389	0.4545	38.1	17.4	0.3342	854	356
nte_04428.jpg	0.001494	0.3709	0.4489	25.1	18.1	0.3320	854	356
nte_04428.jpg	0.002930	0.6086	0.4348	38.1	23.4	0.3096	854	356
nte_04428.jpg	0.005486	0.6473	0.4282	53.8	31.0	0.2781	854	356
nte_04429.jpg	0.051150	0.5012	0.6381	137.1	113.4	0.8491	854	356
nte_04429.jpg	0.004010	0.1484	0.4423	52.5	23.2	0.3250	854	356
nte_04429.jpg	0.000722	0.3328	0.4545	19.8	11.1	0.2742	854	356
nte_04429.jpg	0.002842	0.6359	0.4357	32.9	26.2	0.2700	854	356
nte_04430.jpg	0.051977	0.5008	0.6503	138.6	114.0	0.8691	854	356
nte_04431.jpg	0.056694	0.5016	0.6578	137.7	125.2	0.8657	854	356
nte_04432.jpg	0.057737	0.5035	0.6381	138.1	127.1	0.8604	854	356
nte_04433.jpg	0.047791	0.5031	0.6494	136.9	106.2	0.8579	854	356
nte_04434.jpg	0.049400	0.5027	0.6325	135.6	110.8	0.8706	854	356
nte_04435.jpg	0.056085	0.5070	0.6522	139.3	122.4	0.7954	854	356
nte_04436.jpg	0.054196	0.5070	0.6494	137.8	119.6	0.8311	854	356
nte_04437.jpg	0.051587	0.5047	0.6522	136.3	115.1	0.8657	854	356
nte_04438.jpg	0.055889	0.5066	0.6503	142.3	119.4	0.7852	854	356
nte_04438.jpg	0.001924	0.6652	0.4264	34.7	16.8	0.2578	854	356
nte_04439.jpg	0.061141	0.5102	0.6672	143.6	129.4	0.8223	854	356
nte_04440.jpg	0.057997	0.5035	0.6597	141.6	124.5	0.8335	854	356
nte_04441.jpg	0.054449	0.5027	0.6644	140.3	118.0	0.8521	854	356
nte_04441.jpg	0.004358	0.6875	0.4104	54.1	24.5	0.3591	854	356
nte_04442.jpg	0.057759	0.5008	0.6541	139.4	125.9	0.8496	854	356
nte_04443.jpg	0.059794	0.5016	0.6588	139.2	130.6	0.8706	854	356
nte_04444.jpg	0.053943	0.5023	0.6428	136.9	119.8	0.8560	854	356
nte_04444.jpg	0.001028	0.3420	0.3908	21.6	14.5	0.3525	854	356
nte_04445.jpg	0.055036	0.5020	0.6494	138.9	120.4	0.7974	854	356
nte_04446.jpg	0.056635	0.5027	0.6475	137.3	125.4	0.8228	854	356
nte_04447.jpg	0.054012	0.5027	0.6484	136.4	120.4	0.7974	854	356
nte_04447.jpg	0.004159	0.3250	0.3908	65.1	19.4	0.3911	854	356
nte_04448.jpg	0.050379	0.5027	0.6447	135.9	112.7	0.7788	854	356
nte_04448.jpg	0.002760	0.2699	0.3898	49.5	17.0	0.2534	854	356
nte_04449.jpg	0.050163	0.5027	0.6513	136.8	111.5	0.8296	854	356
nte_04450.jpg	0.068414	0.5031	0.6185	137.9	150.8	0.4792	854	356
nte_04451.jpg	0.057393	0.5031	0.6531	138.2	126.3	0.7617	854	356
nte_04452.jpg	0.057272	0.5031	0.6691	142.0	122.6	0.7461	854	356
nte_04453.jpg	0.060913	0.5023	0.6503	146.3	126.6	0.7461	854	356
nte_04454.jpg	0.072206	0.5043	0.6634	156.1	140.6	0.4604	854	356
nte_04455.jpg	0.072744	0.5012	0.6709	153.3	144.3	0.7437	854	356
nte_04456.jpg	0.075144	0.5020	0.6559	153.0	149.3	0.7090	854	356
nte_04457.jpg	0.076732	0.5012	0.6681	158.1	147.5	0.8149	854	356
nte_04458.jpg	0.077994	0.5016	0.7094	159.4	148.8	0.7524	854	356
nte_04459.jpg	0.067899	0.5016	0.7365	157.5	131.1	0.2605	854	356
nte_04460.jpg	0.080636	0.5012	0.7234	160.5	152.7	0.8315	854	356
nte_04460.jpg	0.014819	0.8195	0.3964	102.4	44.0	0.2759	854	356
nte_04461.jpg	0.093164	0.5043	0.7112	168.8	167.8	0.2903	854	356
nte_04464.jpg	0.081271	0.5004	0.7300	166.6	148.3	0.4011	854	356
nte_04467.jpg	0.107853	0.5074	0.6681	166.9	196.5	0.2842	854	356
nte_04469.jpg	0.000227	0.4527	0.3373	9.9	7.0	0.3142	854	356
nte_04469.jpg	0.090087	0.5031	0.7225	169.6	161.5	0.2812	854	356
nte_04470.jpg	0.118429	0.4879	0.6484	173.8	207.2	0.2734	854	356
nte_04472.jpg	0.073607	0.4891	0.6897	159.6	140.2	0.6758	854	356
nte_04473.jpg	0.079227	0.4930	0.6634	156.5	154.0	0.6025	854	356
nte_04474.jpg	0.079317	0.4934	0.6775	155.5	155.1	0.5488	854	356
nte_04475.jpg	0.001089	0.4699	0.3505	18.7	17.7	0.3579	854	356
nte_04475.jpg	0.065943	0.8953	0.3476	177.8	112.8	0.2554	854	356
nte_04476.jpg	0.001017	0.4578	0.3626	19.6	15.8	0.6113	854	356
nte_04476.jpg	0.066076	0.4984	0.6747	152.5	131.8	0.3655	854	356
nte_04477.jpg	0.001678	0.4406	0.3730	25.0	20.4	0.7656	854	356
nte_04477.jpg	0.074163	0.4977	0.6503	150.7	149.6	0.4775	854	356
nte_04477.jpg	0.001605	0.4598	0.3458	23.8	20.5	0.4729	854	356
nte_04478.jpg	0.002736	0.4094	0.3926	34.1	24.4	0.7954	854	356
nte_04478.jpg	0.001268	0.4527	0.3580	20.7	18.6	0.6099	854	356
nte_04478.jpg	0.078682	0.4980	0.6381	148.6	161.0	0.5781	854	356
nte_04478.jpg	0.000500	0.4352	0.3673	12.5	12.2	0.3154	854	356
nte_04479.jpg	0.001659	0.4375	0.3636	25.8	19.6	0.6846	854	356
nte_04479.jpg	0.009181	0.3498	0.4282	68.1	41.0	0.6714	854	356
nte_04480.jpg	0.114504	0.1254	0.5754	214.5	162.3	0.7964	854	356
nte_04480.jpg	0.003034	0.4098	0.3748	34.8	26.5	0.7480	854	356
nte_04480.jpg	0.001488	0.4328	0.3645	21.9	20.6	0.6885	854	356
nte_04480.jpg	0.067644	0.5008	0.6653	148.3	138.7	0.6274	854	356
nte_04481.jpg	0.085978	0.4469	0.2699	190.6	137.1	0.6494	854	356
nte_04481.jpg	0.001779	0.4129	0.3804	25.7	21.0	0.4155	854	356
nte_04481.jpg	0.019746	0.3680	0.3139	58.7	102.2	0.3782	854	356
nte_04481.jpg	0.080415	0.5004	0.6447	151.0	162.0	0.3406	854	356
nte_04482.jpg	0.083347	0.2049	0.4104	176.1	143.9	0.8584	854	356
nte_04482.jpg	0.004242	0.3645	0.4114	41.6	31.0	0.7725	854	356
nte_04483.jpg	0.042511	0.2465	0.4760	153.3	84.3	0.6094	854	356
nte_04483.jpg	0.075515	0.5094	0.6794	159.1	144.3	0.5635	854	356
nte_04484.jpg	0.041725	0.0600	0.7290	102.5	123.8	0.6978	854	356
nte_04484.jpg	0.070312	0.5063	0.6887	158.1	135.2	0.4812	854	356
nte_04485.jpg	0.002835	0.1250	0.3898	41.7	20.7	0.2668	854	356
nte_04485.jpg	0.087247	0.5078	0.7318	164.8	161.0	0.2561	854	356
nte_04486.jpg	0.081746	0.5086	0.7215	163.4	152.1	0.6406	854	356
nte_04487.jpg	0.089273	0.5152	0.7272	166.4	163.1	0.6689	854	356
nte_04488.jpg	0.096958	0.5285	0.7506	178.0	165.6	0.6406	854	356
nte_04488.jpg	0.000400	0.3688	0.3683	14.1	8.6	0.3506	854	356
nte_04489.jpg	0.000560	0.3738	0.3739	15.1	11.3	0.3533	854	356
nte_04490.jpg	0.084241	0.5266	0.7309	168.5	152.0	0.8081	854	356
nte_04490.jpg	0.000979	0.3813	0.3776	20.2	14.8	0.5215	854	356
nte_04491.jpg	0.001458	0.3846	0.3889	23.8	18.6	0.7734	854	356
nte_04491.jpg	0.096970	0.5230	0.7393	182.3	161.7	0.4456	854	356
nte_04492.jpg	0.003052	0.3799	0.4114	34.9	26.6	0.8086	854	356
nte_04492.jpg	0.090468	0.5223	0.7318	179.1	153.5	0.5029	854	356
nte_04493.jpg	0.010238	0.3492	0.4592	66.9	46.5	0.8770	854	356
nte_04493.jpg	0.088717	0.5172	0.7384	170.2	158.5	0.7637	854	356
nte_04494.jpg	0.152028	0.1461	0.7347	249.2	185.5	0.9351	854	356
nte_04494.jpg	0.082212	0.5113	0.7140	166.1	150.5	0.8574	854	356
nte_04495.jpg	0.081467	0.4926	0.7262	163.6	151.4	0.8687	854	356
nte_04496.jpg	0.090825	0.4922	0.7459	166.2	166.1	0.5503	854	356
nte_04497.jpg	0.098786	0.4859	0.7478	173.0	173.6	0.3796	854	356
nte_04498.jpg	0.096345	0.4895	0.7506	176.1	166.3	0.6079	854	356
nte_04499.jpg	0.097743	0.4863	0.7337	173.0	171.8	0.6621	854	356
nte_04500.jpg	0.108405	0.4910	0.7328	179.1	184.0	0.4304	854	356
