file	area	ncx	ncy	w	h	conf	W	H
nte_04501.jpg	0.000483	0.5141	0.3402	14.7	10.0	0.4036	854	356
nte_04501.jpg	0.107206	0.4914	0.7525	186.8	174.5	0.3325	854	356
nte_04502.jpg	0.000556	0.5070	0.3420	15.3	11.0	0.4778	854	356
nte_04502.jpg	0.097554	0.4914	0.7272	172.6	171.8	0.2671	854	356
nte_04503.jpg	0.108846	0.4945	0.7215	177.1	186.8	0.4814	854	356
nte_04503.jpg	0.000679	0.4941	0.3439	17.7	11.7	0.3440	854	356
nte_04504.jpg	0.001051	0.4840	0.3533	23.4	13.7	0.6753	854	356
nte_04504.jpg	0.106440	0.5020	0.7422	179.3	180.5	0.2573	854	356
nte_04505.jpg	0.001711	0.4691	0.3608	28.4	18.3	0.5498	854	356
nte_04505.jpg	0.114668	0.4961	0.7290	184.3	189.1	0.3635	854	356
nte_04506.jpg	0.002485	0.4461	0.3767	32.4	23.4	0.7896	854	356
nte_04506.jpg	0.109904	0.4980	0.7525	191.1	174.8	0.5366	854	356
nte_04507.jpg	0.006482	0.4004	0.4104	55.2	35.7	0.8491	854	356
nte_04507.jpg	0.095333	0.4848	0.7412	179.1	161.8	0.7695	854	356
nte_04508.jpg	0.044055	0.2307	0.5266	160.0	83.7	0.8726	854	356
nte_04508.jpg	0.105156	0.4793	0.7506	190.1	168.1	0.8442	854	356
nte_04509.jpg	0.122464	0.4852	0.7037	184.5	201.8	0.4119	854	356
nte_04510.jpg	0.121598	0.5016	0.7047	183.5	201.5	0.3484	854	356
nte_04511.jpg	0.122360	0.5094	0.7075	182.8	203.5	0.4192	854	356
nte_04513.jpg	0.133981	0.5035	0.7215	210.2	193.8	0.3545	854	356
nte_04515.jpg	0.107426	0.5027	0.7375	179.6	181.8	0.5591	854	356
nte_04516.jpg	0.102424	0.5074	0.7600	184.5	168.8	0.6899	854	356
nte_04517.jpg	0.109970	0.5055	0.7478	189.8	176.1	0.4487	854	356
nte_04518.jpg	0.100505	0.5047	0.7553	180.3	169.5	0.8232	854	356
nte_04518.jpg	0.001753	0.4207	0.4067	28.0	19.0	0.5698	854	356
nte_04519.jpg	0.105241	0.5051	0.7440	181.3	176.5	0.8354	854	356
nte_04519.jpg	0.004863	0.3848	0.4432	48.7	30.4	0.7764	854	356
nte_04520.jpg	0.087912	0.5023	0.7262	170.5	156.8	0.8589	854	356
nte_04520.jpg	0.021846	0.2922	0.5107	114.4	58.0	0.8481	854	356
nte_04520.jpg	0.001418	0.3727	0.4460	25.9	16.7	0.7188	854	356
nte_04520.jpg	0.000876	0.3998	0.4404	21.0	12.7	0.4529	854	356
nte_04521.jpg	0.073724	0.5012	0.6990	161.1	139.1	0.8721	854	356
nte_04521.jpg	0.002823	0.3279	0.4638	40.2	21.4	0.7886	854	356
nte_04521.jpg	0.021255	0.1257	0.5154	139.4	46.4	0.7773	854	356
nte_04521.jpg	0.001223	0.3777	0.4545	27.2	13.7	0.4517	854	356
nte_04522.jpg	0.068380	0.5023	0.6953	159.8	130.1	0.8784	854	356
nte_04522.jpg	0.006210	0.2680	0.4770	62.9	30.0	0.8477	854	356
nte_04522.jpg	0.002472	0.3514	0.4563	39.5	19.0	0.6479	854	356
nte_04523.jpg	0.069520	0.5012	0.6990	158.8	133.1	0.8784	854	356
nte_04523.jpg	0.021766	0.0738	0.5266	126.3	52.4	0.8110	854	356
nte_04523.jpg	0.005651	0.2947	0.4695	59.9	28.7	0.7246	854	356
nte_04523.jpg	0.001246	0.3777	0.4517	24.7	15.3	0.6069	854	356
nte_04524.jpg	0.076889	0.4992	0.7122	161.5	144.8	0.8779	854	356
nte_04524.jpg	0.017558	0.1784	0.5060	125.0	42.7	0.8560	854	356
nte_04524.jpg	0.001087	0.4281	0.4554	22.0	15.0	0.5093	854	356
nte_04524.jpg	0.002059	0.3408	0.4667	37.5	16.7	0.2668	854	356
nte_04525.jpg	0.080776	0.5000	0.7215	161.8	151.8	0.8848	854	356
nte_04525.jpg	0.006287	0.2756	0.4751	64.4	29.7	0.7734	854	356
nte_04525.jpg	0.002850	0.4031	0.4657	38.2	22.7	0.6465	854	356
nte_04526.jpg	0.076945	0.4980	0.7075	163.5	143.1	0.8745	854	356
nte_04526.jpg	0.025733	0.1097	0.5173	154.3	50.7	0.8574	854	356
nte_04526.jpg	0.008029	0.3514	0.4920	68.4	35.7	0.8047	854	356
nte_04527.jpg	0.082094	0.4984	0.7131	164.8	151.5	0.8735	854	356
nte_04527.jpg	0.000325	0.4820	0.4301	12.3	8.0	0.3298	854	356
nte_04528.jpg	0.086971	0.4996	0.7309	165.1	160.1	0.8735	854	356
nte_04528.jpg	0.000223	0.4676	0.4273	9.7	7.0	0.2522	854	356
nte_04529.jpg	0.080429	0.5008	0.7103	165.5	147.8	0.8223	854	356
nte_04529.jpg	0.000231	0.4918	0.4282	10.0	7.0	0.2837	854	356
nte_04530.jpg	0.083807	0.5004	0.7178	167.1	152.5	0.8730	854	356
nte_04531.jpg	0.086751	0.5004	0.7234	166.8	158.1	0.8691	854	356
nte_04532.jpg	0.080506	0.5004	0.7084	167.1	146.4	0.8823	854	356
nte_04533.jpg	0.085401	0.5004	0.7187	168.5	154.1	0.8901	854	356
nte_04533.jpg	0.000697	0.4422	0.4367	18.7	11.3	0.2581	854	356
nte_04534.jpg	0.087989	0.5008	0.7272	168.5	158.8	0.8809	854	356
nte_04535.jpg	0.081471	0.5020	0.7178	169.1	146.4	0.8911	854	356
nte_04535.jpg	0.000607	0.4082	0.4554	17.8	10.3	0.3840	854	356
nte_04536.jpg	0.090874	0.5004	0.7187	171.5	161.1	0.8696	854	356
nte_04536.jpg	0.001230	0.3828	0.4592	23.4	16.0	0.3750	854	356
nte_04537.jpg	0.091121	0.5004	0.7225	169.1	163.8	0.8926	854	356
nte_04537.jpg	0.004535	0.3271	0.4760	58.2	23.7	0.4028	854	356
nte_04537.jpg	0.000472	0.5047	0.4582	14.3	10.0	0.3274	854	356
nte_04537.jpg	0.000799	0.4012	0.4563	18.7	13.0	0.2522	854	356
nte_04538.jpg	0.083162	0.5008	0.7215	168.8	149.8	0.9023	854	356
nte_04538.jpg	0.001099	0.4031	0.4563	23.9	14.0	0.3857	854	356
nte_04539.jpg	0.087940	0.5004	0.7356	169.8	157.5	0.8989	854	356
nte_04539.jpg	0.003004	0.3693	0.4695	40.9	22.4	0.6226	854	356
nte_04539.jpg	0.027178	0.3189	0.4170	137.6	60.0	0.4475	854	356
nte_04539.jpg	0.001521	0.3414	0.4704	22.4	20.7	0.3354	854	356
nte_04540.jpg	0.082836	0.5004	0.7159	170.8	147.4	0.8691	854	356
nte_04540.jpg	0.016941	0.0362	0.5988	61.8	83.4	0.7827	854	356
nte_04540.jpg	0.010645	0.2920	0.4985	87.4	37.0	0.7290	854	356
nte_04540.jpg	0.000820	0.4074	0.4395	21.4	11.7	0.6274	854	356
nte_04540.jpg	0.000359	0.4652	0.4329	11.7	9.3	0.3191	854	356
nte_04541.jpg	0.084131	0.5004	0.6953	172.3	148.4	0.6392	854	356
nte_04541.jpg	0.038224	0.2988	0.4423	141.6	82.1	0.3447	854	356
nte_04541.jpg	0.000943	0.4816	0.4470	18.7	15.3	0.3267	854	356
nte_04541.jpg	0.000992	0.3893	0.4414	23.2	13.0	0.2639	854	356
nte_04541.jpg	0.000393	0.4648	0.4301	12.3	9.7	0.2632	854	356
nte_04542.jpg	0.079523	0.5012	0.6972	173.0	139.8	0.8511	854	356
nte_04542.jpg	0.002179	0.3502	0.4479	40.5	16.3	0.4766	854	356
nte_04542.jpg	0.001339	0.4805	0.4460	23.0	17.7	0.3911	854	356
nte_04542.jpg	0.000385	0.4602	0.4320	13.0	9.0	0.2632	854	356
nte_04543.jpg	0.084349	0.5012	0.7028	173.1	148.1	0.8330	854	356
nte_04543.jpg	0.001648	0.4773	0.4489	26.4	19.0	0.2988	854	356
nte_04544.jpg	0.091276	0.5008	0.6869	173.3	160.1	0.8403	854	356
nte_04544.jpg	0.011307	0.1927	0.4695	112.0	30.7	0.8013	854	356
nte_04544.jpg	0.000369	0.4824	0.4301	12.0	9.3	0.3076	854	356
nte_04545.jpg	0.090808	0.5023	0.6803	173.1	159.5	0.8120	854	356
nte_04545.jpg	0.000483	0.4492	0.4329	14.7	10.0	0.3655	854	356
nte_04545.jpg	0.000414	0.4805	0.4292	13.0	9.7	0.3271	854	356
nte_04546.jpg	0.080674	0.5008	0.7103	169.8	144.4	0.8145	854	356
nte_04546.jpg	0.000510	0.4418	0.4339	16.0	9.7	0.3794	854	356
nte_04546.jpg	0.000425	0.4801	0.4292	14.3	9.0	0.3086	854	356
nte_04547.jpg	0.080773	0.5023	0.7028	172.8	142.1	0.8530	854	356
nte_04547.jpg	0.000303	0.4289	0.4348	12.0	7.7	0.4219	854	356
nte_04547.jpg	0.000343	0.4441	0.4292	12.0	8.7	0.3547	854	356
nte_04547.jpg	0.000314	0.4797	0.4292	11.0	8.7	0.2512	854	356
nte_04548.jpg	0.087808	0.5023	0.7009	172.5	154.8	0.8223	854	356
nte_04548.jpg	0.000336	0.4676	0.4310	11.3	9.0	0.2695	854	356
nte_04549.jpg	0.081739	0.5000	0.7028	170.5	145.8	0.8374	854	356
nte_04549.jpg	0.000339	0.4328	0.4348	12.3	8.3	0.4226	854	356
nte_04550.jpg	0.083536	0.5016	0.6925	171.5	148.1	0.8467	854	356
nte_04550.jpg	0.001168	0.3770	0.4489	25.4	14.0	0.5830	854	356
nte_04550.jpg	0.000393	0.4570	0.4339	12.3	9.7	0.5474	854	356
nte_04550.jpg	0.000519	0.4223	0.4339	14.3	11.0	0.4854	854	356
nte_04550.jpg	0.000492	0.4070	0.4395	14.0	10.7	0.2927	854	356
nte_04551.jpg	0.080117	0.5023	0.7056	171.8	141.8	0.8545	854	356
nte_04551.jpg	0.002992	0.3346	0.4601	40.7	22.4	0.8208	854	356
nte_04551.jpg	0.000893	0.3861	0.4460	19.8	13.7	0.6113	854	356
nte_04551.jpg	0.000492	0.4484	0.4376	14.0	10.7	0.4524	854	356
nte_04551.jpg	0.000659	0.4094	0.4376	16.7	12.0	0.4231	854	356
nte_04551.jpg	0.000359	0.4539	0.4348	11.7	9.3	0.2915	854	356
nte_04551.jpg	0.000205	0.4707	0.4254	9.3	6.7	0.2646	854	356
nte_04551.jpg	0.000660	0.5375	0.4573	14.7	13.7	0.2512	854	356
nte_04552.jpg	0.092315	0.5035	0.6691	173.5	161.8	0.8359	854	356
nte_04552.jpg	0.007685	0.2486	0.4788	73.7	31.7	0.7466	854	356
nte_04552.jpg	0.001128	0.4363	0.4423	22.4	15.3	0.6606	854	356
nte_04552.jpg	0.002187	0.3576	0.4535	34.4	19.3	0.6060	854	356
nte_04552.jpg	0.000988	0.3900	0.4395	23.7	12.7	0.4939	854	356
nte_04552.jpg	0.000356	0.4555	0.4329	12.0	9.0	0.2646	854	356
nte_04553.jpg	0.100911	0.5020	0.6663	180.0	170.5	0.8970	854	356
nte_04553.jpg	0.005780	0.2881	0.4704	62.7	28.0	0.7759	854	356
nte_04553.jpg	0.002179	0.4109	0.4517	32.0	20.7	0.7544	854	356
nte_04553.jpg	0.001975	0.3533	0.4404	27.7	21.7	0.6582	854	356
nte_04553.jpg	0.000461	0.4340	0.4320	14.0	10.0	0.4443	854	356
nte_04553.jpg	0.000253	0.4590	0.4245	10.0	7.7	0.3403	854	356
nte_04554.jpg	0.080753	0.4992	0.7169	170.0	144.4	0.8652	854	356
nte_04554.jpg	0.005293	0.3645	0.4695	51.9	31.0	0.7905	854	356
nte_04554.jpg	0.023141	0.1354	0.5041	145.4	48.4	0.6748	854	356
nte_04554.jpg	0.000415	0.4211	0.4301	14.0	9.0	0.3494	854	356
nte_04555.jpg	0.081233	0.5008	0.7131	169.8	145.4	0.8496	854	356
nte_04555.jpg	0.025964	0.2406	0.5173	139.2	56.7	0.8135	854	356
nte_04555.jpg	0.000613	0.4078	0.4273	18.0	10.3	0.6030	854	356
nte_04555.jpg	0.009816	0.1665	0.4535	69.9	42.7	0.5190	854	356
nte_04555.jpg	0.000473	0.4418	0.4226	12.7	11.3	0.5083	854	356
nte_04556.jpg	0.098974	0.5027	0.6897	172.5	174.5	0.8721	854	356
nte_04556.jpg	0.000582	0.4336	0.4198	14.3	12.3	0.6855	854	356
nte_04556.jpg	0.000539	0.4016	0.4292	15.3	10.7	0.4275	854	356
nte_04557.jpg	0.087725	0.5016	0.7206	170.5	156.5	0.8457	854	356
nte_04557.jpg	0.000943	0.4227	0.4236	18.7	15.3	0.6943	854	356
nte_04557.jpg	0.001609	0.3830	0.4460	26.2	18.7	0.5352	854	356
nte_04557.jpg	0.000721	0.3627	0.4376	16.8	13.0	0.3743	854	356
nte_04558.jpg	0.089909	0.4977	0.7187	183.3	149.1	0.8076	854	356
nte_04558.jpg	0.001007	0.3691	0.4423	21.9	14.0	0.7065	854	356
nte_04558.jpg	0.001419	0.4078	0.4282	22.7	19.0	0.6948	854	356
nte_04558.jpg	0.002349	0.3371	0.4470	34.5	20.7	0.6792	854	356
nte_04559.jpg	0.085106	0.5031	0.7234	170.5	151.8	0.8643	854	356
nte_04559.jpg	0.004204	0.2842	0.4573	53.2	24.0	0.8076	854	356
nte_04559.jpg	0.002458	0.3887	0.4385	30.7	24.4	0.7910	854	356
nte_04559.jpg	0.001974	0.3441	0.4545	31.0	19.3	0.7070	854	356
nte_04560.jpg	0.084959	0.5008	0.7122	169.8	152.1	0.8618	854	356
nte_04560.jpg	0.005417	0.3459	0.4526	49.4	33.4	0.7891	854	356
nte_04560.jpg	0.003268	0.2943	0.4685	41.4	24.0	0.6846	854	356
nte_04560.jpg	0.010419	0.1628	0.4873	98.9	32.0	0.3960	854	356
nte_04560.jpg	0.000769	0.4770	0.4807	16.7	14.0	0.2793	854	356
nte_04561.jpg	0.081471	0.5008	0.7187	169.1	146.4	0.8706	854	356
nte_04561.jpg	0.020995	0.2379	0.4845	109.3	58.4	0.7803	854	356
nte_04561.jpg	0.004067	0.2824	0.4882	33.7	36.7	0.2632	854	356
nte_04562.jpg	0.075604	0.5090	0.7075	168.5	136.4	0.8872	854	356
nte_04563.jpg	0.074900	0.5121	0.7056	168.1	135.4	0.8784	854	356
nte_04563.jpg	0.006272	0.5859	0.5922	49.7	38.4	0.3137	854	356
nte_04564.jpg	0.073627	0.5039	0.7019	164.5	136.1	0.8682	854	356
nte_04565.jpg	0.073097	0.5078	0.7037	166.1	133.8	0.8892	854	356
nte_04565.jpg	0.000784	0.4734	0.4770	17.0	14.0	0.3037	854	356
nte_04566.jpg	0.078161	0.5160	0.7131	168.8	140.8	0.8745	854	356
nte_04567.jpg	0.085493	0.5117	0.6887	166.1	156.5	0.7959	854	356
nte_04568.jpg	0.070479	0.5098	0.6962	161.8	132.4	0.8345	854	356
nte_04569.jpg	0.079041	0.5137	0.6550	160.8	149.5	0.7461	854	356
nte_04569.jpg	0.000765	0.3920	0.4451	18.3	12.7	0.5083	854	356
nte_04570.jpg	0.064331	0.5137	0.6728	158.5	123.4	0.8369	854	356
nte_04570.jpg	0.001195	0.3762	0.4535	23.7	15.3	0.7075	854	356
nte_04570.jpg	0.009135	0.5844	0.5604	51.7	53.7	0.3315	854	356
nte_04571.jpg	0.061974	0.5117	0.6728	156.5	120.4	0.8589	854	356
nte_04571.jpg	0.002255	0.3516	0.4657	33.7	20.3	0.7744	854	356
nte_04572.jpg	0.058995	0.5113	0.6709	151.5	118.4	0.8706	854	356
nte_04572.jpg	0.006290	0.2926	0.4910	59.7	32.0	0.8198	854	356
nte_04572.jpg	0.007277	0.5777	0.5491	47.4	46.7	0.4304	854	356
nte_04573.jpg	0.056915	0.5164	0.6578	150.8	114.8	0.8433	854	356
nte_04574.jpg	0.054935	0.5152	0.6597	149.5	111.8	0.8809	854	356
nte_04574.jpg	0.006314	0.5801	0.5660	50.0	38.4	0.3889	854	356
nte_04574.jpg	0.000451	0.5691	0.5079	14.7	9.3	0.3252	854	356
nte_04575.jpg	0.053547	0.5125	0.6569	148.8	109.4	0.8647	854	356
nte_04575.jpg	0.005147	0.5793	0.5650	43.0	36.4	0.4792	854	356
nte_04576.jpg	0.057723	0.5121	0.6541	149.4	117.4	0.8086	854	356
nte_04577.jpg	0.051312	0.5105	0.6559	144.8	107.8	0.8652	854	356
nte_04578.jpg	0.052953	0.5121	0.6372	141.1	114.1	0.8291	854	356
nte_04578.jpg	0.000414	0.3293	0.4310	13.0	9.7	0.3662	854	356
nte_04579.jpg	0.049664	0.5129	0.6588	141.4	106.8	0.8848	854	356
nte_04579.jpg	0.003197	0.3549	0.4086	35.5	27.4	0.3250	854	356
nte_04580.jpg	0.056086	0.5129	0.6288	142.8	119.4	0.8042	854	356
nte_04580.jpg	0.010931	0.5637	0.5388	63.0	52.7	0.5137	854	356
nte_04581.jpg	0.049521	0.5109	0.6466	138.4	108.8	0.8398	854	356
nte_04581.jpg	0.371801	0.1901	0.4845	324.3	348.6	0.3872	854	356
nte_04581.jpg	0.003858	0.3678	0.4011	42.4	27.7	0.3521	854	356
nte_04582.jpg	0.052481	0.5109	0.6597	137.4	116.1	0.8301	854	356
nte_04583.jpg	0.051655	0.5090	0.6372	140.1	112.1	0.8433	854	356
nte_04583.jpg	0.000400	0.4035	0.4282	13.0	9.3	0.4905	854	356
nte_04584.jpg	0.054686	0.5051	0.6400	138.4	120.1	0.8003	854	356
nte_04584.jpg	0.000352	0.4195	0.4329	12.3	8.7	0.5430	854	356
nte_04584.jpg	0.000264	0.4094	0.4301	10.0	8.0	0.3074	854	356
nte_04585.jpg	0.050152	0.5066	0.6597	139.8	109.1	0.8813	854	356
nte_04585.jpg	0.000346	0.4176	0.4339	11.7	9.0	0.4307	854	356
nte_04585.jpg	0.000293	0.4055	0.4310	10.7	8.3	0.3938	854	356
nte_04586.jpg	0.059101	0.5031	0.6306	138.1	130.1	0.8335	854	356
nte_04586.jpg	0.000615	0.4223	0.4470	13.7	13.7	0.3677	854	356
nte_04587.jpg	0.058625	0.5020	0.6344	138.8	128.4	0.8740	854	356
nte_04587.jpg	0.000791	0.4180	0.4479	16.0	15.0	0.6240	854	356
nte_04588.jpg	0.058907	0.5039	0.6400	139.4	128.4	0.8403	854	356
nte_04588.jpg	0.000861	0.4035	0.4517	18.7	14.0	0.6069	854	356
nte_04589.jpg	0.056086	0.5105	0.6344	142.8	119.4	0.8140	854	356
nte_04589.jpg	0.001805	0.3871	0.4601	28.9	19.0	0.6968	854	356
nte_04589.jpg	0.000508	0.4020	0.4479	12.2	12.7	0.2910	854	356
nte_04590.jpg	0.056626	0.5059	0.6606	141.8	121.4	0.8281	854	356
nte_04590.jpg	0.003142	0.3813	0.4742	38.7	24.7	0.7617	854	356
nte_04590.jpg	0.000950	0.4098	0.4573	19.7	14.7	0.5405	854	356
nte_04590.jpg	0.000642	0.4184	0.4545	15.0	13.0	0.3384	854	356
nte_04590.jpg	0.000474	0.4234	0.4498	12.3	11.7	0.2795	854	356
nte_04591.jpg	0.059330	0.5023	0.6494	140.4	128.4	0.8369	854	356
nte_04591.jpg	0.010553	0.3207	0.5060	74.6	43.0	0.7705	854	356
nte_04591.jpg	0.001773	0.3979	0.4629	27.9	19.3	0.6484	854	356
nte_04591.jpg	0.000571	0.4199	0.4517	13.3	13.0	0.3652	854	356
nte_04592.jpg	0.056536	0.5020	0.6494	140.8	122.1	0.8604	854	356
nte_04592.jpg	0.004029	0.3607	0.4826	43.2	28.4	0.8105	854	356
nte_04592.jpg	0.000664	0.4098	0.4554	16.3	12.3	0.4756	854	356
nte_04592.jpg	0.001523	0.3930	0.4704	23.5	19.7	0.2517	854	356
nte_04593.jpg	0.051809	0.5012	0.6541	140.1	112.4	0.8682	854	356
nte_04593.jpg	0.015339	0.2752	0.5248	97.1	48.0	0.8335	854	356
nte_04593.jpg	0.000850	0.3984	0.4563	18.0	14.3	0.4736	854	356
nte_04594.jpg	0.053936	0.5027	0.6503	140.4	116.8	0.8584	854	356
nte_04594.jpg	0.054593	0.0932	0.6456	159.0	104.4	0.7471	854	356
nte_04594.jpg	0.000606	0.3695	0.4554	15.3	12.0	0.6963	854	356
nte_04594.jpg	0.001247	0.3889	0.4592	21.9	17.3	0.5649	854	356
nte_04594.jpg	0.000717	0.4094	0.4526	16.3	13.3	0.4731	854	356
nte_04595.jpg	0.053818	0.5078	0.6428	137.8	118.8	0.8320	854	356
nte_04595.jpg	0.002701	0.3582	0.4704	36.2	22.7	0.7778	854	356
nte_04595.jpg	0.000749	0.4008	0.4526	17.5	13.0	0.6372	854	356
nte_04596.jpg	0.052760	0.5063	0.6363	137.8	116.4	0.8501	854	356
nte_04596.jpg	0.007245	0.3039	0.4976	62.9	35.0	0.7637	854	356
nte_04596.jpg	0.001359	0.3852	0.4695	21.4	19.3	0.4531	854	356
nte_04596.jpg	0.000628	0.3572	0.4573	16.3	11.7	0.3970	854	356
nte_04597.jpg	0.051853	0.5055	0.6428	137.8	114.4	0.8433	854	356
nte_04597.jpg	0.002218	0.3658	0.4629	33.7	20.0	0.6997	854	356
nte_04597.jpg	0.044976	0.1344	0.5697	190.6	71.7	0.6919	854	356
nte_04597.jpg	0.002644	0.2932	0.4723	38.9	20.7	0.4409	854	356
nte_04597.jpg	0.000771	0.3393	0.4563	18.0	13.0	0.3557	854	356
nte_04597.jpg	0.000544	0.3975	0.4395	15.0	11.0	0.3369	854	356
nte_04598.jpg	0.050707	0.5035	0.6559	138.8	111.1	0.8584	854	356
nte_04598.jpg	0.000498	0.3941	0.4385	13.3	11.3	0.7178	854	356
nte_04598.jpg	0.004735	0.3295	0.4751	49.0	29.4	0.6729	854	356
nte_04598.jpg	0.006995	0.2236	0.4835	70.1	30.4	0.5522	854	356
nte_04598.jpg	0.003129	0.2051	0.4910	38.5	24.7	0.2842	854	356
nte_04599.jpg	0.055446	0.5074	0.6297	138.4	121.8	0.8320	854	356
nte_04599.jpg	0.021977	0.2061	0.5154	126.8	52.7	0.7124	854	356
nte_04599.jpg	0.000664	0.3871	0.4395	15.5	13.0	0.6353	854	356
nte_04600.jpg	0.054576	0.5078	0.6288	140.1	118.4	0.7812	854	356
nte_04600.jpg	0.000854	0.3721	0.4404	17.7	14.7	0.7393	854	356
nte_04601.jpg	0.050008	0.5102	0.6381	138.1	110.1	0.8438	854	356
nte_04601.jpg	0.001280	0.3539	0.4423	22.0	17.7	0.7300	854	356
nte_04602.jpg	0.054732	0.5102	0.6541	142.1	117.1	0.8340	854	356
nte_04602.jpg	0.001822	0.3316	0.4460	26.4	21.0	0.6997	854	356
nte_04602.jpg	0.008890	0.4590	0.5135	58.7	46.0	0.3669	854	356
nte_04603.jpg	0.003223	0.3016	0.4507	39.7	24.7	0.7944	854	356
nte_04603.jpg	0.053386	0.5090	0.6391	137.4	118.1	0.7031	854	356
nte_04604.jpg	0.008302	0.2406	0.4517	63.0	40.0	0.8345	854	356
nte_04604.jpg	0.048955	0.5090	0.6494	136.4	109.1	0.8232	854	356
nte_04605.jpg	0.031074	0.0842	0.4751	143.0	66.1	0.8779	854	356
nte_04605.jpg	0.051560	0.5117	0.6578	141.1	111.1	0.8472	854	356
nte_04606.jpg	0.055093	0.5055	0.6466	136.4	122.8	0.7778	854	356
nte_04607.jpg	0.052053	0.5066	0.6447	137.1	115.4	0.8374	854	356
nte_04608.jpg	0.058003	0.5039	0.6541	139.1	126.8	0.7246	854	356
nte_04609.jpg	0.054190	0.5090	0.6391	146.1	112.8	0.7783	854	356
nte_04610.jpg	0.059053	0.5098	0.6625	147.4	121.8	0.8306	854	356
nte_04611.jpg	0.060085	0.5023	0.6484	156.5	116.8	0.7578	854	356
nte_04611.jpg	0.000510	0.3094	0.4132	14.5	10.7	0.4053	854	356
nte_04612.jpg	0.058662	0.5102	0.6578	151.5	117.8	0.8545	854	356
nte_04612.jpg	0.000505	0.3145	0.4151	14.8	10.3	0.4583	854	356
nte_04613.jpg	0.059839	0.5043	0.6625	159.5	114.1	0.7905	854	356
nte_04613.jpg	0.000598	0.3006	0.4189	16.5	11.0	0.5884	854	356
nte_04614.jpg	0.060203	0.5059	0.6578	154.1	118.8	0.7427	854	356
nte_04614.jpg	0.000724	0.2855	0.4236	18.8	11.7	0.4702	854	356
nte_04615.jpg	0.054753	0.5078	0.6588	139.8	119.1	0.8789	854	356
nte_04615.jpg	0.000731	0.3164	0.4292	18.5	12.0	0.5498	854	356
nte_04616.jpg	0.050131	0.4898	0.6578	150.8	101.1	0.7944	854	356
nte_04616.jpg	0.001049	0.4371	0.4348	20.3	15.7	0.5962	854	356
nte_04617.jpg	0.074615	0.5016	0.6335	182.3	124.4	0.8213	854	356
nte_04617.jpg	0.001561	0.4648	0.4376	27.4	17.3	0.4861	854	356
nte_04618.jpg	0.073418	0.5043	0.6466	188.5	118.4	0.8374	854	356
nte_04618.jpg	0.000932	0.4820	0.4376	22.4	12.7	0.3616	854	356
nte_04618.jpg	0.003426	0.4141	0.4395	43.4	24.0	0.2910	854	356
nte_04619.jpg	0.009850	0.3176	0.4498	76.7	39.0	0.8628	854	356
nte_04619.jpg	0.069977	0.5020	0.6381	179.1	118.8	0.6938	854	356
nte_04619.jpg	0.002003	0.4391	0.4423	32.0	19.0	0.6650	854	356
nte_04620.jpg	0.032687	0.0876	0.4901	150.5	66.1	0.8647	854	356
nte_04620.jpg	0.004757	0.3660	0.4545	54.9	26.4	0.6758	854	356
nte_04621.jpg	0.015329	0.2340	0.4854	110.0	42.4	0.7197	854	356
nte_04621.jpg	0.055923	0.4945	0.6522	157.8	107.8	0.6826	854	356
nte_04622.jpg	0.053049	0.4902	0.6578	155.5	103.7	0.7495	854	356
nte_04623.jpg	0.051265	0.4941	0.6569	159.5	97.7	0.5620	854	356
nte_04624.jpg	0.056866	0.4930	0.6400	149.8	115.4	0.7661	854	356
nte_04625.jpg	0.060089	0.4938	0.6316	144.1	126.8	0.8369	854	356
nte_04626.jpg	0.055740	0.4926	0.6241	141.1	120.1	0.8530	854	356
nte_04627.jpg	0.059968	0.4910	0.6569	139.8	130.4	0.8428	854	356
nte_04628.jpg	0.055570	0.4926	0.6288	145.1	116.4	0.8428	854	356
nte_04629.jpg	0.057559	0.4914	0.6475	144.1	121.4	0.8628	854	356
nte_04630.jpg	0.053775	0.4965	0.6447	138.4	118.1	0.8574	854	356
nte_04631.jpg	0.055842	0.5004	0.6541	136.4	124.4	0.8306	854	356
nte_04632.jpg	0.048032	0.5066	0.6475	135.1	108.1	0.8862	854	356
nte_04633.jpg	0.052677	0.5039	0.6559	136.8	117.1	0.8125	854	356
nte_04634.jpg	0.046297	0.5043	0.6475	136.1	103.4	0.9038	854	356
nte_04635.jpg	0.052888	0.5016	0.6597	138.1	116.4	0.8384	854	356
nte_04636.jpg	0.051524	0.5023	0.6531	136.1	115.1	0.8711	854	356
nte_04637.jpg	0.052291	0.5086	0.6363	135.8	117.1	0.8657	854	356
nte_04638.jpg	0.055916	0.5066	0.6494	134.1	126.8	0.8696	854	356
nte_04639.jpg	0.051949	0.5059	0.6363	136.4	115.8	0.8882	854	356
nte_04639.jpg	0.000290	0.4316	0.4329	11.0	8.0	0.2859	854	356
nte_04640.jpg	0.055499	0.5043	0.6438	140.1	120.4	0.8867	854	356
nte_04640.jpg	0.000336	0.4297	0.4339	11.3	9.0	0.2942	854	356
nte_04640.jpg	0.000384	0.4309	0.4489	11.7	10.0	0.2891	854	356
nte_04641.jpg	0.056842	0.5035	0.6550	137.8	125.4	0.8647	854	356
nte_04641.jpg	0.000265	0.4410	0.4011	9.7	8.3	0.4119	854	356
nte_04641.jpg	0.000535	0.4258	0.4376	14.3	11.3	0.3508	854	356
nte_04642.jpg	0.052229	0.5031	0.6484	138.8	114.4	0.8379	854	356
nte_04642.jpg	0.000436	0.4309	0.3926	11.3	11.7	0.4712	854	356
nte_04642.jpg	0.000747	0.4160	0.4395	17.0	13.3	0.4197	854	356
nte_04643.jpg	0.052813	0.5035	0.6531	139.1	115.4	0.8545	854	356
nte_04643.jpg	0.000968	0.4027	0.4423	19.2	15.3	0.4795	854	356
nte_04644.jpg	0.050276	0.5039	0.6625	136.8	111.8	0.8657	854	356
nte_04644.jpg	0.001855	0.3832	0.4498	30.2	18.7	0.5547	854	356
nte_04645.jpg	0.054328	0.5047	0.6588	136.8	120.8	0.8672	854	356
nte_04645.jpg	0.003569	0.3527	0.4638	41.7	26.0	0.7988	854	356
nte_04645.jpg	0.000821	0.4289	0.4554	17.0	14.7	0.5708	854	356
nte_04645.jpg	0.000261	0.3967	0.4189	10.3	7.7	0.2957	854	356
nte_04645.jpg	0.011823	0.4578	0.5341	63.4	56.7	0.2686	854	356
nte_04645.jpg	0.000227	0.4117	0.4142	10.3	6.7	0.2634	854	356
nte_04646.jpg	0.009324	0.2898	0.4854	73.9	38.4	0.8486	854	356
nte_04646.jpg	0.059995	0.5051	0.6522	138.8	131.4	0.8135	854	356
nte_04646.jpg	0.002311	0.4156	0.4517	25.7	27.4	0.5171	854	356
nte_04646.jpg	0.000410	0.3865	0.4179	13.8	9.0	0.4202	854	356
nte_04647.jpg	0.058003	0.5063	0.6513	139.1	126.8	0.7490	854	356
nte_04647.jpg	0.067153	0.0935	0.6231	159.8	127.8	0.4915	854	356
nte_04647.jpg	0.000425	0.3730	0.4207	13.8	9.3	0.4036	854	356
nte_04648.jpg	0.058788	0.5059	0.6644	138.4	129.1	0.8247	854	356
nte_04648.jpg	0.000472	0.3498	0.4254	14.8	9.7	0.5747	854	356
nte_04648.jpg	0.000223	0.3873	0.4151	10.2	6.7	0.2637	854	356
nte_04649.jpg	0.056357	0.5070	0.6644	138.4	123.8	0.8013	854	356
nte_04649.jpg	0.000415	0.3578	0.4151	13.5	9.3	0.4529	854	356
nte_04649.jpg	0.000893	0.3252	0.4254	20.3	13.3	0.2686	854	356
nte_04650.jpg	0.056566	0.5012	0.6541	137.1	125.4	0.8174	854	356
nte_04650.jpg	0.002767	0.3088	0.4132	40.0	21.0	0.7578	854	356
nte_04651.jpg	0.054743	0.5043	0.6588	137.4	121.1	0.8652	854	356
nte_04651.jpg	0.007028	0.2324	0.4310	70.4	30.4	0.7612	854	356
nte_04651.jpg	0.001256	0.6562	0.4310	23.4	16.3	0.4268	854	356
nte_04652.jpg	0.060481	0.5027	0.6578	136.8	134.4	0.8501	854	356
nte_04652.jpg	0.001280	0.3021	0.4057	25.4	15.3	0.5620	854	356
nte_04652.jpg	0.008659	0.0302	0.4835	51.9	50.7	0.5020	854	356
nte_04652.jpg	0.000842	0.3594	0.3889	19.7	13.0	0.4346	854	356
nte_04653.jpg	0.057816	0.5016	0.6644	135.1	130.1	0.8262	854	356
nte_04653.jpg	0.007312	0.2396	0.4198	70.9	31.4	0.8071	854	356
nte_04653.jpg	0.001590	0.3348	0.3926	32.2	15.0	0.3889	854	356
nte_04654.jpg	0.064675	0.5023	0.6503	136.4	144.1	0.7944	854	356
nte_04654.jpg	0.006345	0.0240	0.4854	41.0	47.0	0.4121	854	356
nte_04655.jpg	0.060187	0.5020	0.6400	135.8	134.8	0.7783	854	356
nte_04655.jpg	0.020141	0.1278	0.4535	129.3	47.4	0.4016	854	356
nte_04656.jpg	0.060167	0.5031	0.6372	137.8	132.8	0.6982	854	356
nte_04657.jpg	0.066981	0.5023	0.6466	138.1	147.4	0.7065	854	356
nte_04658.jpg	0.062124	0.5027	0.6438	139.1	135.8	0.6313	854	356
nte_04658.jpg	0.000477	0.4523	0.3617	14.0	10.3	0.4734	854	356
nte_04658.jpg	0.000771	0.4348	0.3701	18.0	13.0	0.4456	854	356
nte_04658.jpg	0.000336	0.4629	0.3551	11.3	9.0	0.2761	854	356
nte_04659.jpg	0.059934	0.5027	0.6531	140.8	129.4	0.7842	854	356
nte_04659.jpg	0.001447	0.4187	0.3823	25.4	17.3	0.5283	854	356
nte_04659.jpg	0.000753	0.4426	0.3786	16.3	14.0	0.3823	854	356
nte_04659.jpg	0.000443	0.4648	0.3636	13.0	10.3	0.3521	854	356
nte_04660.jpg	0.059811	0.5020	0.6709	143.4	126.8	0.8281	854	356
nte_04660.jpg	0.003687	0.3807	0.4142	42.5	26.4	0.7720	854	356
nte_04660.jpg	0.001291	0.6715	0.4142	24.0	16.3	0.3816	854	356
nte_04660.jpg	0.000712	0.4266	0.3926	18.0	12.0	0.2549	854	356
nte_04661.jpg	0.010913	0.3080	0.4554	79.6	41.7	0.8047	854	356
nte_04661.jpg	0.061655	0.5008	0.6747	144.4	129.8	0.8008	854	356
nte_04661.jpg	0.001847	0.4082	0.4039	29.0	19.3	0.4910	854	356
nte_04661.jpg	0.001062	0.4355	0.4039	19.3	16.7	0.3228	854	356
nte_04662.jpg	0.061162	0.4996	0.6653	144.8	128.4	0.8613	854	356
nte_04662.jpg	0.005532	0.3699	0.4320	54.2	31.0	0.7212	854	356
nte_04662.jpg	0.012281	0.5117	0.4460	77.7	48.0	0.4622	854	356
nte_04662.jpg	0.000825	0.4426	0.3898	18.3	13.7	0.3293	854	356
nte_04662.jpg	0.001283	0.4148	0.4123	24.4	16.0	0.2917	854	356
nte_04663.jpg	0.032811	0.2400	0.5191	148.0	67.4	0.8218	854	356
nte_04663.jpg	0.064833	0.5000	0.6466	144.1	136.8	0.6929	854	356
nte_04663.jpg	0.004107	0.3830	0.4198	42.5	29.4	0.6167	854	356
nte_04663.jpg	0.005160	0.4230	0.4254	42.4	37.0	0.2561	854	356
nte_04664.jpg	0.063618	0.4980	0.6597	146.8	131.8	0.7432	854	356
nte_04664.jpg	0.017688	0.3100	0.4667	108.9	49.4	0.3013	854	356
nte_04665.jpg	0.061638	0.4988	0.6597	144.8	129.4	0.8018	854	356
nte_04665.jpg	0.007867	0.2971	0.4798	66.4	36.0	0.3850	854	356
nte_04666.jpg	0.059277	0.4996	0.6634	144.4	124.8	0.8257	854	356
nte_04667.jpg	0.061099	0.4988	0.6681	142.8	130.1	0.8223	854	356
nte_04667.jpg	0.016321	0.5289	0.4713	89.1	55.7	0.3320	854	356
nte_04668.jpg	0.058821	0.4961	0.6653	141.4	126.4	0.8203	854	356
nte_04668.jpg	0.000385	0.5918	0.3561	13.0	9.0	0.3274	854	356
nte_04668.jpg	0.000672	0.5730	0.3673	17.0	12.0	0.2883	854	356
nte_04669.jpg	0.060049	0.4969	0.6419	141.8	128.8	0.7954	854	356
nte_04669.jpg	0.023468	0.5312	0.5135	100.4	71.1	0.5757	854	356
nte_04669.jpg	0.001884	0.6398	0.3692	26.0	22.0	0.4565	854	356
nte_04669.jpg	0.000551	0.5957	0.3608	14.3	11.7	0.2712	854	356
nte_04670.jpg	0.062363	0.4973	0.6391	142.4	133.1	0.8374	854	356
nte_04670.jpg	0.000389	0.4934	0.3917	12.7	9.3	0.3145	854	356
nte_04671.jpg	0.059700	0.4941	0.6597	147.4	123.1	0.8594	854	356
nte_04672.jpg	0.063832	0.4945	0.6906	148.8	130.4	0.8633	854	356
nte_04673.jpg	0.061996	0.4934	0.6850	153.1	123.1	0.8403	854	356
nte_04673.jpg	0.000400	0.4801	0.3926	14.0	8.7	0.2754	854	356
nte_04674.jpg	0.074982	0.5066	0.7122	165.5	137.8	0.7861	854	356
nte_04675.jpg	0.071011	0.5074	0.7075	154.5	139.8	0.8447	854	356
nte_04675.jpg	0.000781	0.4008	0.4282	20.3	11.7	0.4915	854	356
nte_04675.jpg	0.000549	0.4660	0.4123	16.7	10.0	0.4194	854	356
nte_04675.jpg	0.001409	0.4199	0.4414	24.7	17.3	0.3618	854	356
nte_04675.jpg	0.000366	0.4441	0.4207	13.3	8.3	0.3279	854	356
nte_04676.jpg	0.071885	0.5063	0.6906	153.8	142.1	0.8389	854	356
nte_04676.jpg	0.002649	0.4062	0.4535	36.0	22.4	0.5186	854	356
nte_04676.jpg	0.000527	0.4652	0.4123	16.0	10.0	0.4441	854	356
nte_04676.jpg	0.000461	0.4406	0.4236	15.0	9.3	0.3674	854	356
nte_04676.jpg	0.000371	0.4984	0.3973	13.0	8.7	0.3218	854	356
nte_04677.jpg	0.068326	0.5043	0.7000	156.5	132.8	0.8604	854	356
nte_04677.jpg	0.006577	0.3752	0.4742	60.5	33.0	0.7231	854	356
nte_04677.jpg	0.000551	0.4609	0.4142	15.7	10.7	0.4414	854	356
nte_04677.jpg	0.000324	0.5035	0.4001	11.3	8.7	0.4275	854	356
nte_04677.jpg	0.000556	0.4328	0.4292	15.3	11.0	0.3940	854	356
nte_04677.jpg	0.000892	0.4039	0.4385	19.3	14.0	0.3125	854	356
nte_04677.jpg	0.000725	0.4406	0.4254	18.3	12.0	0.2778	854	356
nte_04678.jpg	0.065650	0.5031	0.6953	159.1	125.4	0.8354	854	356
nte_04678.jpg	0.014674	0.3152	0.5144	96.9	46.0	0.7856	854	356
nte_04678.jpg	0.001409	0.3844	0.4498	25.2	17.0	0.6328	854	356
nte_04678.jpg	0.002670	0.3641	0.4723	31.2	26.0	0.5752	854	356
nte_04678.jpg	0.000574	0.4586	0.4189	16.3	10.7	0.5278	854	356
nte_04678.jpg	0.000348	0.5043	0.4048	12.7	8.3	0.4392	854	356
nte_04678.jpg	0.000689	0.4316	0.4329	19.0	11.0	0.2986	854	356
nte_04678.jpg	0.000574	0.4191	0.4339	16.3	10.7	0.2842	854	356
nte_04679.jpg	0.074717	0.4906	0.7197	163.3	139.1	0.8691	854	356
nte_04679.jpg	0.006762	0.3158	0.4685	67.7	30.4	0.7583	854	356
nte_04679.jpg	0.001142	0.4477	0.4132	21.7	16.0	0.6338	854	356
nte_04679.jpg	0.075157	0.0983	0.6869	167.9	136.1	0.6152	854	356
nte_04679.jpg	0.000539	0.5023	0.4029	15.3	10.7	0.4326	854	356
nte_04679.jpg	0.001713	0.4051	0.4376	31.9	16.3	0.3203	854	356
nte_04679.jpg	0.000622	0.4750	0.4170	16.7	11.3	0.2744	854	356
nte_04680.jpg	0.070938	0.4766	0.7028	168.8	127.8	0.8564	854	356
nte_04680.jpg	0.002141	0.4230	0.4142	30.0	21.7	0.7017	854	356
nte_04680.jpg	0.003569	0.3523	0.4498	50.0	21.7	0.4680	854	356
nte_04680.jpg	0.000908	0.4887	0.4086	20.7	13.3	0.4553	854	356
nte_04680.jpg	0.000757	0.4484	0.4292	17.7	13.0	0.3896	854	356
nte_04680.jpg	0.020235	0.1465	0.5126	127.2	48.4	0.2832	854	356
nte_04681.jpg	0.003583	0.3783	0.4170	41.9	26.0	0.8047	854	356
nte_04681.jpg	0.075739	0.4695	0.6916	172.1	133.8	0.7822	854	356
nte_04681.jpg	0.009817	0.2484	0.4732	92.2	32.4	0.7725	854	356
nte_04681.jpg	0.001144	0.4637	0.4095	23.7	14.7	0.5322	854	356
nte_04681.jpg	0.001256	0.4215	0.4236	26.0	14.7	0.4373	854	356
nte_04682.jpg	0.009483	0.2783	0.4292	68.1	42.4	0.8667	854	356
nte_04682.jpg	0.095402	0.4648	0.7431	179.6	161.5	0.7490	854	356
nte_04682.jpg	0.001961	0.4164	0.4161	31.4	19.0	0.5864	854	356
nte_04682.jpg	0.002760	0.3529	0.4301	43.4	19.3	0.5825	854	356
nte_04683.jpg	0.086862	0.4676	0.7150	187.1	141.1	0.6362	854	356
nte_04683.jpg	0.023421	0.0584	0.4610	99.7	71.4	0.5557	854	356
nte_04683.jpg	0.003310	0.3367	0.4198	45.7	22.0	0.5342	854	356
nte_04684.jpg	0.009554	0.2279	0.4414	87.1	33.4	0.4207	854	356
nte_04685.jpg	0.070052	0.4793	0.6925	161.6	131.8	0.6992	854	356
nte_04686.jpg	0.075823	0.4934	0.6681	160.0	144.1	0.6479	854	356
nte_04687.jpg	0.066654	0.4945	0.6775	153.8	131.8	0.8569	854	356
nte_04687.jpg	0.000885	0.4699	0.3730	19.7	13.7	0.3254	854	356
nte_04688.jpg	0.063746	0.4957	0.6859	150.1	129.1	0.8467	854	356
nte_04688.jpg	0.001153	0.5633	0.3767	22.4	15.7	0.4500	854	356
nte_04689.jpg	0.062732	0.4922	0.6775	150.5	126.8	0.8232	854	356
nte_04689.jpg	0.001222	0.5664	0.3804	21.0	17.7	0.2939	854	356
nte_04690.jpg	0.063440	0.4926	0.6756	149.8	128.8	0.8525	854	356
nte_04690.jpg	0.002614	0.7477	0.5126	35.0	22.7	0.4873	854	356
nte_04691.jpg	0.062651	0.4969	0.6709	146.8	129.8	0.8330	854	356
nte_04691.jpg	0.002082	0.5645	0.3983	24.0	26.4	0.3752	854	356
nte_04692.jpg	0.055432	0.4973	0.6634	143.1	117.8	0.8838	854	356
nte_04692.jpg	0.004347	0.5793	0.4161	41.7	31.7	0.6831	854	356
nte_04693.jpg	0.062274	0.5012	0.6719	144.8	130.8	0.8276	854	356
nte_04693.jpg	0.010271	0.6242	0.4835	66.4	47.0	0.7549	854	356
nte_04694.jpg	0.058530	0.4941	0.6672	143.8	123.8	0.8735	854	356
nte_04694.jpg	0.011585	0.6352	0.4563	70.4	50.0	0.7095	854	356
nte_04694.jpg	0.002051	0.0534	0.3926	36.7	17.0	0.3022	854	356
nte_04695.jpg	0.157365	0.8336	0.7403	284.6	168.1	0.8745	854	356
nte_04695.jpg	0.058906	0.4934	0.6597	142.8	125.4	0.8398	854	356
nte_04696.jpg	0.059161	0.4895	0.6541	143.8	125.1	0.7202	854	356
nte_04697.jpg	0.058279	0.4891	0.6494	142.8	124.1	0.8179	854	356
nte_04698.jpg	0.056824	0.4926	0.6531	141.1	122.4	0.8506	854	356
nte_04699.jpg	0.062863	0.4934	0.6653	141.1	135.4	0.7539	854	356
nte_04700.jpg	0.060581	0.4906	0.6400	139.8	131.8	0.6367	854	356
nte_04700.jpg	0.000435	0.5188	0.3598	14.7	9.0	0.4055	854	356
nte_04701.jpg	0.060528	0.4922	0.6475	141.4	130.1	0.7612	854	356
nte_04701.jpg	0.000510	0.4992	0.3617	16.0	9.7	0.6021	854	356
nte_04701.jpg	0.000922	0.4414	0.3561	20.0	14.0	0.4553	854	356
nte_04702.jpg	0.056765	0.4953	0.6541	139.4	123.8	0.8091	854	356
nte_04702.jpg	0.000756	0.4125	0.3683	19.7	11.7	0.5454	854	356
nte_04702.jpg	0.000652	0.4844	0.3683	18.0	11.0	0.5034	854	356
nte_04703.jpg	0.055446	0.4984	0.6559	138.4	121.8	0.8384	854	356
nte_04703.jpg	0.001050	0.3764	0.3730	25.2	12.7	0.4685	854	356
nte_04703.jpg	0.000842	0.4637	0.3655	19.7	13.0	0.3494	854	356
nte_04703.jpg	0.000461	0.4797	0.3636	12.0	11.7	0.3022	854	356
nte_04704.jpg	0.054907	0.4977	0.6466	139.8	119.4	0.7925	854	356
nte_04704.jpg	0.002275	0.3379	0.3804	37.7	18.3	0.2871	854	356
nte_04704.jpg	0.001381	0.4492	0.3655	24.7	17.0	0.2839	854	356
nte_04705.jpg	0.055388	0.4918	0.6428	139.4	120.8	0.7227	854	356
nte_04706.jpg	0.054576	0.4930	0.6484	140.1	118.4	0.8267	854	356
nte_04706.jpg	0.001455	0.4496	0.3720	23.7	18.7	0.3389	854	356
nte_04707.jpg	0.060581	0.4973	0.6475	139.8	131.8	0.7383	854	356
nte_04707.jpg	0.001028	0.4234	0.3701	17.3	18.0	0.4060	854	356
nte_04708.jpg	0.061593	0.4992	0.6719	142.1	131.8	0.7798	854	356
nte_04708.jpg	0.002031	0.4035	0.3748	29.9	20.7	0.3201	854	356
nte_04709.jpg	0.061333	0.5027	0.6794	140.4	132.8	0.8179	854	356
nte_04709.jpg	0.019676	0.2760	0.4114	96.4	62.0	0.5601	854	356
nte_04710.jpg	0.055045	0.5004	0.6672	137.4	121.8	0.8359	854	356
nte_04711.jpg	0.054666	0.5000	0.6653	138.8	119.8	0.8159	854	356
nte_04711.jpg	0.007556	0.2375	0.4292	84.0	27.4	0.6841	854	356
nte_04712.jpg	0.054251	0.4957	0.6681	138.1	119.4	0.8428	854	356
nte_04713.jpg	0.051878	0.4973	0.6588	137.4	114.8	0.8457	854	356
nte_04714.jpg	0.051925	0.4984	0.6588	138.8	113.8	0.8442	854	356
nte_04714.jpg	0.000523	0.3734	0.3945	17.0	9.3	0.3452	854	356
nte_04715.jpg	0.051194	0.4988	0.6513	140.1	111.1	0.8184	854	356
nte_04716.jpg	0.057404	0.4996	0.6409	141.8	123.1	0.7842	854	356
nte_04717.jpg	0.049767	0.4949	0.6522	137.4	110.1	0.8389	854	356
nte_04717.jpg	0.000703	0.3221	0.3898	20.0	10.7	0.2542	854	356
nte_04717.jpg	0.000598	0.5855	0.4048	14.3	12.7	0.2502	854	356
nte_04718.jpg	0.050068	0.4945	0.6559	137.4	110.8	0.8657	854	356
nte_04718.jpg	0.005304	0.5438	0.5070	46.0	35.0	0.3542	854	356
nte_04719.jpg	0.050129	0.4945	0.6531	138.4	110.1	0.8496	854	356
nte_04720.jpg	0.049402	0.4945	0.6503	138.1	108.8	0.8647	854	356
nte_04721.jpg	0.050859	0.4949	0.6578	138.8	111.4	0.8682	854	356
nte_04722.jpg	0.050523	0.4953	0.6541	139.1	110.4	0.8540	854	356
nte_04723.jpg	0.048306	0.4957	0.6484	138.4	106.1	0.8452	854	356
nte_04724.jpg	0.049888	0.4957	0.6419	137.8	110.1	0.8467	854	356
nte_04724.jpg	0.000560	0.6320	0.3673	15.0	11.3	0.3118	854	356
nte_04725.jpg	0.049251	0.4949	0.6456	138.1	108.4	0.8188	854	356
nte_04726.jpg	0.049705	0.4949	0.6466	138.1	109.4	0.8232	854	356
nte_04726.jpg	0.000857	0.6535	0.3626	17.3	15.0	0.6123	854	356
nte_04727.jpg	0.052408	0.4953	0.6419	138.4	115.1	0.8428	854	356
nte_04727.jpg	0.000918	0.6699	0.3617	19.0	14.7	0.4375	854	356
nte_04728.jpg	0.048341	0.4949	0.6456	138.1	106.4	0.8628	854	356
nte_04729.jpg	0.047239	0.4953	0.6522	137.1	104.7	0.8896	854	356
nte_04729.jpg	0.001104	0.7031	0.3514	22.4	15.0	0.2688	854	356
nte_04730.jpg	0.046751	0.4949	0.6513	137.4	103.4	0.8760	854	356
nte_04730.jpg	0.001016	0.8086	0.4001	25.0	12.3	0.3174	854	356
nte_04730.jpg	0.000738	0.7805	0.3973	21.0	10.7	0.2925	854	356
nte_04731.jpg	0.052004	0.4977	0.6550	137.8	114.8	0.8887	854	356
nte_04732.jpg	0.049705	0.5000	0.6625	138.1	109.4	0.8892	854	356
nte_04733.jpg	0.055082	0.4938	0.6634	152.1	110.1	0.8066	854	356
nte_04734.jpg	0.058801	0.5000	0.6569	167.5	106.7	0.6216	854	356
nte_04735.jpg	0.052799	0.4930	0.6681	141.1	113.8	0.8887	854	356
nte_04735.jpg	0.000820	0.9023	0.3598	18.7	13.3	0.2979	854	356
nte_04736.jpg	0.056111	0.4922	0.6766	142.4	119.8	0.8081	854	356
nte_04737.jpg	0.054915	0.4918	0.6737	141.8	117.8	0.8481	854	356
nte_04738.jpg	0.049573	0.4941	0.6569	139.4	108.1	0.8521	854	356
nte_04738.jpg	0.004256	0.9781	0.3495	38.0	34.0	0.3596	854	356
nte_04739.jpg	0.056085	0.4957	0.6616	156.8	108.8	0.7681	854	356
nte_04740.jpg	0.054951	0.4922	0.6616	163.1	102.4	0.5693	854	356
nte_04741.jpg	0.057039	0.4945	0.6644	159.5	108.8	0.6606	854	356
nte_04742.jpg	0.052457	0.4922	0.6503	137.8	115.8	0.8745	854	356
nte_04742.jpg	0.001508	0.2078	0.3242	20.5	22.4	0.5444	854	356
nte_04742.jpg	0.000749	0.2049	0.2516	17.5	13.0	0.3345	854	356
nte_04743.jpg	0.050160	0.4965	0.6625	138.1	110.4	0.8149	854	356
nte_04743.jpg	0.001265	0.3957	0.3092	21.4	18.0	0.2612	854	356
nte_04743.jpg	0.001285	0.2467	0.2661	19.8	19.7	0.2598	854	356
nte_04744.jpg	0.050190	0.4953	0.6559	137.8	110.8	0.8564	854	356
nte_04744.jpg	0.000998	0.3184	0.2736	18.0	16.8	0.5596	854	356
nte_04745.jpg	0.056950	0.4980	0.6363	138.8	124.8	0.8521	854	356
nte_04745.jpg	0.000420	0.3475	0.2736	12.3	10.3	0.5229	854	356
nte_04745.jpg	0.001405	0.3193	0.2764	21.5	19.8	0.3945	854	356
nte_04746.jpg	0.053962	0.4992	0.6484	135.1	121.4	0.8027	854	356
nte_04747.jpg	0.058221	0.5031	0.6709	137.1	129.1	0.5786	854	356
nte_04747.jpg	0.000394	0.3459	0.2689	12.2	9.8	0.4775	854	356
nte_04748.jpg	0.056053	0.4980	0.6559	138.4	123.1	0.8145	854	356
nte_04749.jpg	0.062790	0.5004	0.6550	143.8	132.8	0.7642	854	356
nte_04749.jpg	0.000782	0.3869	0.2961	15.8	15.0	0.3433	854	356
nte_04750.jpg	0.066251	0.4938	0.6503	139.4	144.4	0.7046	854	356
nte_04750.jpg	0.000615	0.4078	0.3074	14.0	13.3	0.4902	854	356
nte_04750.jpg	0.001512	0.3199	0.3308	27.0	17.0	0.3618	854	356
nte_04750.jpg	0.000635	0.3873	0.3045	14.8	13.0	0.3374	854	356
nte_04751.jpg	0.054442	0.4941	0.6588	137.4	120.4	0.8765	854	356
nte_04751.jpg	0.001953	0.2822	0.3411	32.4	18.3	0.5020	854	356
nte_04751.jpg	0.000571	0.4047	0.3111	13.3	13.0	0.3167	854	356
nte_04751.jpg	0.005686	0.3191	0.3111	47.5	36.4	0.2771	854	356
nte_04752.jpg	0.055569	0.5023	0.6625	135.8	124.4	0.8604	854	356
nte_04752.jpg	0.000710	0.3918	0.3177	16.2	13.3	0.4744	854	356
nte_04753.jpg	0.056004	0.5012	0.6616	136.1	125.1	0.8472	854	356
nte_04753.jpg	0.026532	0.1618	0.3289	127.3	63.4	0.7446	854	356
nte_04753.jpg	0.001087	0.3791	0.3223	22.5	14.7	0.5591	854	356
nte_04754.jpg	0.055228	0.5008	0.6494	136.8	122.8	0.8530	854	356
nte_04754.jpg	0.001437	0.3629	0.3355	26.2	16.7	0.4087	854	356
nte_04754.jpg	0.033569	0.0558	0.3617	95.2	107.3	0.3843	854	356
nte_04755.jpg	0.054911	0.5035	0.6541	137.1	121.8	0.8306	854	356
nte_04755.jpg	0.002211	0.3373	0.3448	33.0	20.3	0.7002	854	356
nte_04756.jpg	0.061015	0.5055	0.6691	140.8	131.8	0.7476	854	356
nte_04756.jpg	0.004040	0.3025	0.3617	47.2	26.0	0.7129	854	356
nte_04757.jpg	0.058973	0.5023	0.6672	137.1	130.8	0.7573	854	356
nte_04757.jpg	0.005481	0.2307	0.3898	54.3	30.7	0.6099	854	356
nte_04758.jpg	0.056761	0.5012	0.6569	135.8	127.1	0.8262	854	356
nte_04759.jpg	0.059880	0.5012	0.6672	136.8	133.1	0.8257	854	356
nte_04760.jpg	0.054824	0.5012	0.6550	135.8	122.8	0.8501	854	356
nte_04760.jpg	0.003363	0.3479	0.3402	40.9	25.0	0.2515	854	356
nte_04761.jpg	0.058815	0.5043	0.6597	137.4	130.1	0.8584	854	356
nte_04762.jpg	0.059569	0.5035	0.6663	137.4	131.8	0.8496	854	356
nte_04763.jpg	0.058101	0.5016	0.6653	135.8	130.1	0.8579	854	356
nte_04763.jpg	0.001027	0.5027	0.3589	20.3	15.3	0.4983	854	356
nte_04764.jpg	0.058237	0.4996	0.6550	136.4	129.8	0.7905	854	356
nte_04765.jpg	0.060750	0.4961	0.6475	139.1	132.8	0.8247	854	356
nte_04766.jpg	0.058484	0.4957	0.6569	138.4	128.4	0.8633	854	356
nte_04767.jpg	0.061495	0.4969	0.6559	140.1	133.4	0.7920	854	356
nte_04767.jpg	0.000258	0.4582	0.3636	10.7	7.3	0.2788	854	356
nte_04768.jpg	0.057102	0.5012	0.6522	138.8	125.1	0.8506	854	356
nte_04768.jpg	0.000495	0.4586	0.3720	13.7	11.0	0.3511	854	356
nte_04768.jpg	0.000659	0.5031	0.3767	16.7	12.0	0.3369	854	356
nte_04768.jpg	0.000890	0.4805	0.3758	21.4	12.7	0.2966	854	356
nte_04769.jpg	0.058995	0.5000	0.6588	135.8	132.1	0.8535	854	356
nte_04770.jpg	0.054392	0.5016	0.6522	135.4	122.1	0.8657	854	356
nte_04770.jpg	0.000659	0.4359	0.3964	15.0	13.3	0.3936	854	356
nte_04771.jpg	0.054195	0.5023	0.6550	136.4	120.8	0.8765	854	356
nte_04771.jpg	0.000741	0.4344	0.4029	15.3	14.7	0.2571	854	356
nte_04772.jpg	0.050276	0.5012	0.6475	136.8	111.8	0.8691	854	356
nte_04772.jpg	0.000834	0.4289	0.3992	17.7	14.3	0.3979	854	356
nte_04773.jpg	0.051097	0.5016	0.6616	137.8	112.8	0.8457	854	356
nte_04773.jpg	0.000771	0.4270	0.3945	18.0	13.0	0.3716	854	356
nte_04774.jpg	0.050250	0.5012	0.6550	138.8	110.1	0.8799	854	356
nte_04774.jpg	0.000343	0.4211	0.3739	12.0	8.7	0.3176	854	356
nte_04774.jpg	0.000984	0.4129	0.4057	18.7	16.0	0.3005	854	356
nte_04775.jpg	0.054760	0.5035	0.6681	141.8	117.4	0.8794	854	356
nte_04775.jpg	0.000857	0.4023	0.4132	20.0	13.0	0.4546	854	356
nte_04775.jpg	0.000472	0.4230	0.3889	14.3	10.0	0.2754	854	356
nte_04775.jpg	0.000386	0.4098	0.3758	11.3	10.3	0.2634	854	356
nte_04776.jpg	0.053233	0.5047	0.6709	143.1	113.1	0.8657	854	356
nte_04776.jpg	0.000504	0.3908	0.3655	13.5	11.3	0.6167	854	356
nte_04776.jpg	0.000616	0.4176	0.3889	17.0	11.0	0.3147	854	356
nte_04776.jpg	0.000549	0.4176	0.3673	16.7	10.0	0.2854	854	356
nte_04776.jpg	0.000445	0.4332	0.3683	12.7	10.7	0.2725	854	356
nte_04776.jpg	0.000328	0.4438	0.3683	10.7	9.3	0.2578	854	356
nte_04776.jpg	0.001342	0.3891	0.4151	26.0	15.7	0.2527	854	356
nte_04777.jpg	0.052799	0.5027	0.6691	141.1	113.8	0.8833	854	356
nte_04777.jpg	0.002183	0.3701	0.4207	29.7	22.4	0.6431	854	356
nte_04777.jpg	0.001055	0.4121	0.3851	21.9	14.7	0.4819	854	356
nte_04777.jpg	0.000362	0.4434	0.3664	11.0	10.0	0.3726	854	356
nte_04777.jpg	0.014632	0.4727	0.4582	68.4	65.1	0.3413	854	356
nte_04777.jpg	0.000485	0.4309	0.3730	13.0	11.3	0.3154	854	356
nte_04777.jpg	0.000295	0.4547	0.3664	10.3	8.7	0.2671	854	356
nte_04778.jpg	0.004651	0.3281	0.4292	49.9	28.4	0.6958	854	356
nte_04778.jpg	0.066722	0.5027	0.6831	144.8	140.1	0.6782	854	356
nte_04778.jpg	0.000717	0.4223	0.3664	16.3	13.3	0.5806	854	356
nte_04778.jpg	0.001591	0.3984	0.3861	27.4	17.7	0.5674	854	356
nte_04778.jpg	0.000372	0.4434	0.3617	11.7	9.7	0.3901	854	356
nte_04778.jpg	0.000512	0.4383	0.3617	13.3	11.7	0.3059	854	356
nte_04779.jpg	0.062895	0.5016	0.6887	145.1	131.8	0.8574	854	356
nte_04779.jpg	0.013117	0.2359	0.4582	96.4	41.4	0.7378	854	356
nte_04779.jpg	0.002226	0.3723	0.3851	31.7	21.3	0.5596	854	356
nte_04779.jpg	0.014481	0.4805	0.4554	76.7	57.4	0.4731	854	356
nte_04779.jpg	0.000474	0.4371	0.3533	12.3	11.7	0.4214	854	356
nte_04779.jpg	0.000398	0.4277	0.3589	11.3	10.7	0.4082	854	356
nte_04779.jpg	0.001144	0.4102	0.3589	20.8	16.7	0.4053	854	356
nte_04780.jpg	0.073938	0.5023	0.6634	147.4	152.5	0.8223	854	356
nte_04780.jpg	0.004816	0.3314	0.4011	49.9	29.4	0.7676	854	356
nte_04780.jpg	0.001804	0.3939	0.3617	26.5	20.7	0.6523	854	356
nte_04780.jpg	0.000720	0.4168	0.3617	16.0	13.7	0.5679	854	356
nte_04780.jpg	0.000630	0.4309	0.3580	14.0	13.7	0.3591	854	356
nte_04781.jpg	0.013552	0.2482	0.4320	90.2	45.7	0.8247	854	356
nte_04781.jpg	0.096562	0.5020	0.6363	154.1	190.5	0.7246	854	356
nte_04781.jpg	0.002869	0.3686	0.3683	34.9	25.0	0.7026	854	356
nte_04781.jpg	0.000926	0.4016	0.3645	19.2	14.7	0.4844	854	356
nte_04781.jpg	0.001145	0.4211	0.3626	19.7	17.7	0.4468	854	356
nte_04782.jpg	0.008809	0.2402	0.3664	63.7	42.0	0.8110	854	356
nte_04782.jpg	0.001139	0.3266	0.3345	21.2	16.3	0.5723	854	356
nte_04782.jpg	0.002233	0.2986	0.3486	33.4	20.3	0.5449	854	356
nte_04782.jpg	0.075970	0.5176	0.6916	171.8	134.4	0.3701	854	356
nte_04782.jpg	0.001019	0.2836	0.3448	17.5	17.7	0.2961	854	356
nte_04783.jpg	0.106038	0.4820	0.6859	264.0	122.1	0.8892	854	356
nte_04784.jpg	0.117173	0.4500	0.6822	314.1	113.4	0.8975	854	356
nte_04785.jpg	0.115295	0.4352	0.6700	330.4	106.1	0.9004	854	356
nte_04786.jpg	0.120612	0.4301	0.6606	333.1	110.1	0.8979	854	356
nte_04786.jpg	0.010002	0.5738	0.5885	84.4	36.0	0.3557	854	356
nte_04787.jpg	0.118128	0.4266	0.6681	336.4	106.8	0.9155	854	356
nte_04787.jpg	0.009835	0.5684	0.5791	92.4	32.4	0.3354	854	356
nte_04787.jpg	0.005043	0.6035	0.5772	56.0	27.4	0.2957	854	356
nte_04788.jpg	0.115206	0.4250	0.6663	332.3	105.4	0.9014	854	356
nte_04789.jpg	0.116403	0.4293	0.6681	324.4	109.1	0.9067	854	356
nte_04789.jpg	0.006705	0.5855	0.5819	71.1	28.7	0.4761	854	356
nte_04790.jpg	0.085425	0.5031	0.6316	181.5	143.1	0.4602	854	356
nte_04790.jpg	0.000390	0.2785	0.3720	13.7	8.7	0.3101	854	356
nte_04790.jpg	0.000439	0.3916	0.3898	13.3	10.0	0.2891	854	356
nte_04791.jpg	0.062754	0.5129	0.6606	147.8	129.1	0.8550	854	356
nte_04791.jpg	0.000446	0.3451	0.3973	14.5	9.3	0.4438	854	356
nte_04791.jpg	0.000728	0.3016	0.4236	16.2	13.7	0.4155	854	356
nte_04791.jpg	0.000859	0.2850	0.4310	17.0	15.3	0.3647	854	356
nte_04791.jpg	0.000467	0.3283	0.4057	14.2	10.0	0.3254	854	356
nte_04791.jpg	0.000544	0.3137	0.4132	14.2	11.7	0.2678	854	356
nte_04792.jpg	0.064094	0.5086	0.6756	141.8	137.4	0.8486	854	356
nte_04792.jpg	0.000340	0.4926	0.3945	10.7	9.7	0.2568	854	356
nte_04793.jpg	0.054423	0.5055	0.6588	140.1	118.1	0.8574	854	356
nte_04794.jpg	0.055200	0.5063	0.6606	142.1	118.1	0.8257	854	356
nte_04795.jpg	0.054907	0.5043	0.6616	139.8	119.4	0.8428	854	356
nte_04796.jpg	0.056824	0.5051	0.6672	141.1	122.4	0.8340	854	356
nte_04797.jpg	0.050370	0.5020	0.6550	137.4	111.4	0.8584	854	356
nte_04798.jpg	0.048985	0.5020	0.6541	136.1	109.4	0.8813	854	356
nte_04798.jpg	0.000457	0.5113	0.4142	13.0	10.7	0.2595	854	356
nte_04799.jpg	0.047971	0.5027	0.6513	135.8	107.4	0.8887	854	356
nte_04799.jpg	0.000445	0.5121	0.4161	12.7	10.7	0.2542	854	356
nte_04800.jpg	0.049191	0.5023	0.6522	135.4	110.4	0.8838	854	356
nte_04801.jpg	0.048002	0.5020	0.6513	135.4	107.8	0.8916	854	356
nte_04802.jpg	0.053373	0.5000	0.6550	139.8	116.1	0.8579	854	356
nte_04802.jpg	0.000361	0.4449	0.4039	11.3	9.7	0.4651	854	356
nte_04803.jpg	0.054876	0.5012	0.6513	137.8	121.1	0.8687	854	356
nte_04803.jpg	0.000411	0.4406	0.4057	11.3	11.0	0.5933	854	356
nte_04804.jpg	0.047308	0.5023	0.6428	136.4	105.4	0.8755	854	356
nte_04804.jpg	0.000548	0.4348	0.4132	14.7	11.3	0.4509	854	356
nte_04805.jpg	0.048678	0.5031	0.6484	137.8	107.4	0.8687	854	356
nte_04805.jpg	0.000531	0.4262	0.4179	14.7	11.0	0.3369	854	356
nte_04806.jpg	0.054725	0.5023	0.6644	137.8	120.8	0.8716	854	356
nte_04806.jpg	0.000909	0.4164	0.4217	18.0	15.3	0.6514	854	356
nte_04806.jpg	0.000314	0.4332	0.3973	11.0	8.7	0.2825	854	356
nte_04807.jpg	0.058163	0.5035	0.6719	142.1	124.4	0.8584	854	356
nte_04807.jpg	0.001251	0.3979	0.4320	22.4	17.0	0.6812	854	356
nte_04807.jpg	0.000431	0.4301	0.4067	12.7	10.3	0.3574	854	356
nte_04807.jpg	0.001049	0.4039	0.3926	19.5	16.3	0.3140	854	356
nte_04808.jpg	0.055382	0.5023	0.6709	141.8	118.8	0.8794	854	356
nte_04808.jpg	0.002612	0.3768	0.4442	35.5	22.4	0.7563	854	356
nte_04808.jpg	0.001052	0.3986	0.3983	19.2	16.7	0.3188	854	356
nte_04808.jpg	0.000494	0.4242	0.4086	15.0	10.0	0.2512	854	356
nte_04809.jpg	0.057820	0.5027	0.6709	146.8	119.8	0.8931	854	356
nte_04809.jpg	0.007226	0.3227	0.4667	62.7	35.0	0.7769	854	356
nte_04809.jpg	0.000525	0.4187	0.4142	13.7	11.7	0.4229	854	356
nte_04810.jpg	0.063839	0.5035	0.6850	151.1	128.4	0.8320	854	356
nte_04810.jpg	0.000650	0.4094	0.4189	16.0	12.3	0.6655	854	356
nte_04810.jpg	0.000373	0.4270	0.4170	11.3	10.0	0.3557	854	356
nte_04810.jpg	0.000361	0.4715	0.4198	11.3	9.7	0.3083	854	356
nte_04811.jpg	0.064629	0.5043	0.6794	153.8	127.8	0.8442	854	356
nte_04811.jpg	0.000897	0.3982	0.4207	19.0	14.3	0.7441	854	356
nte_04811.jpg	0.000417	0.4195	0.4179	12.7	10.0	0.5762	854	356
nte_04811.jpg	0.000584	0.4711	0.4189	14.0	12.7	0.4292	854	356
nte_04811.jpg	0.000461	0.4133	0.4179	12.0	11.7	0.2988	854	356
nte_04812.jpg	0.065162	0.5023	0.6822	153.5	129.1	0.8682	854	356
nte_04812.jpg	0.001221	0.3814	0.4282	23.2	16.0	0.7368	854	356
nte_04812.jpg	0.000459	0.4105	0.4282	12.7	11.0	0.3992	854	356
nte_04812.jpg	0.000435	0.4668	0.4310	12.0	11.0	0.2598	854	356
nte_04813.jpg	0.069824	0.5027	0.6812	154.5	137.4	0.8232	854	356
nte_04813.jpg	0.001252	0.3533	0.4442	25.4	15.0	0.4075	854	356
nte_04813.jpg	0.000527	0.3957	0.4339	16.0	10.0	0.3367	854	356
nte_04814.jpg	0.067870	0.5020	0.6953	157.8	130.8	0.8853	854	356
nte_04814.jpg	0.004083	0.3045	0.4451	47.7	26.0	0.5767	854	356
nte_04814.jpg	0.001879	0.3729	0.4236	27.2	21.0	0.3735	854	356
nte_04814.jpg	0.000244	0.4801	0.4236	9.7	7.7	0.2847	854	356
nte_04815.jpg	0.072133	0.5020	0.6990	161.1	136.1	0.8809	854	356
nte_04815.jpg	0.012102	0.2039	0.4601	90.4	40.7	0.8481	854	356
nte_04815.jpg	0.001590	0.3439	0.4470	30.2	16.0	0.6494	854	356
nte_04815.jpg	0.000278	0.4797	0.4292	11.0	7.7	0.2666	854	356
nte_04816.jpg	0.071661	0.5012	0.7000	162.5	134.1	0.8813	854	356
nte_04816.jpg	0.003738	0.2973	0.4554	49.4	23.0	0.6187	854	356
nte_04816.jpg	0.000264	0.4793	0.4292	10.0	8.0	0.2524	854	356
nte_04817.jpg	0.073508	0.5020	0.7047	163.8	136.4	0.8799	854	356
nte_04817.jpg	0.013022	0.1653	0.4873	106.9	37.0	0.6265	854	356
nte_04818.jpg	0.083166	0.5008	0.7318	165.1	153.1	0.8457	854	356
nte_04818.jpg	0.001659	0.7832	0.4442	34.4	14.7	0.6377	854	356
nte_04819.jpg	0.074288	0.5012	0.7075	165.1	136.8	0.8867	854	356
nte_04819.jpg	0.000192	0.4586	0.4310	8.3	7.0	0.3203	854	356
nte_04820.jpg	0.079699	0.4723	0.6869	202.3	119.8	0.9150	854	356
nte_04821.jpg	0.106241	0.4867	0.6812	268.2	120.4	0.8877	854	356
nte_04821.jpg	0.000652	0.8039	0.4601	18.0	11.0	0.5444	854	356
nte_04822.jpg	0.104905	0.5254	0.6766	308.4	103.4	0.8940	854	356
nte_04822.jpg	0.003333	0.7750	0.4882	52.4	19.3	0.3975	854	356
nte_04822.jpg	0.005088	0.6594	0.4760	46.4	33.4	0.3284	854	356
nte_04823.jpg	0.126755	0.5539	0.6916	340.8	113.1	0.8848	854	356
nte_04824.jpg	0.141171	0.5668	0.7103	331.6	129.4	0.9136	854	356
nte_04824.jpg	0.133220	0.9023	0.5604	167.5	241.9	0.4150	854	356
nte_04824.jpg	0.001717	0.1843	0.4891	32.6	16.0	0.3098	854	356
nte_04825.jpg	0.150633	0.5742	0.7262	320.8	142.8	0.8955	854	356
nte_04825.jpg	0.005343	0.8211	0.5219	54.7	29.7	0.8193	854	356
nte_04825.jpg	0.003137	0.4090	0.5332	46.9	20.3	0.4670	854	356
nte_04825.jpg	0.001411	0.8820	0.4976	31.4	13.7	0.3179	854	356
nte_04826.jpg	0.160363	0.5836	0.7243	328.4	148.4	0.8892	854	356
nte_04826.jpg	0.004510	0.6684	0.5210	53.4	25.7	0.8184	854	356
nte_04826.jpg	0.001096	0.7984	0.5070	24.4	13.7	0.5898	854	356
nte_04826.jpg	0.002870	0.8313	0.4910	46.7	18.7	0.3918	854	356
nte_04826.jpg	0.006259	0.4297	0.5332	75.1	25.4	0.3057	854	356
nte_04826.jpg	0.000958	0.1899	0.4985	23.6	12.3	0.2932	854	356
nte_04826.jpg	0.002094	0.3002	0.4854	34.7	18.3	0.2817	854	356
nte_04827.jpg	0.158656	0.5855	0.7225	322.8	149.4	0.8994	854	356
nte_04827.jpg	0.001083	0.7344	0.5154	24.7	13.3	0.2622	854	356
nte_04828.jpg	0.159156	0.5887	0.7262	327.4	147.8	0.8140	854	356
nte_04828.jpg	0.002134	0.3127	0.5060	36.7	17.7	0.2607	854	356
nte_04829.jpg	0.157065	0.5930	0.7328	324.6	147.1	0.9077	854	356
nte_04829.jpg	0.008251	0.6496	0.5360	96.4	26.0	0.6558	854	356
nte_04829.jpg	0.012822	0.4504	0.5060	92.7	42.0	0.6528	854	356
nte_04829.jpg	0.003283	0.4305	0.5397	57.5	17.3	0.3564	854	356
nte_04830.jpg	0.159316	0.5938	0.7384	311.6	155.5	0.9058	854	356
nte_04830.jpg	0.009531	0.4844	0.5229	87.7	33.0	0.2925	854	356
nte_04831.jpg	0.153378	0.5797	0.7534	273.5	170.5	0.8970	854	356
nte_04831.jpg	0.001112	0.4344	0.5397	20.7	16.3	0.4946	854	356
nte_04831.jpg	0.000633	0.3922	0.5472	16.0	12.0	0.4773	854	356
nte_04832.jpg	0.146090	0.5719	0.7543	256.5	173.1	0.9097	854	356
nte_04833.jpg	0.134408	0.5652	0.7553	237.9	171.8	0.8936	854	356
nte_04833.jpg	0.004006	0.8016	0.5604	48.0	25.4	0.2769	854	356
nte_04834.jpg	0.137219	0.5348	0.7553	242.4	172.1	0.8979	854	356
nte_04835.jpg	0.137707	0.5285	0.7543	243.7	171.8	0.8848	854	356
nte_04835.jpg	0.002965	0.5875	0.5632	29.7	30.4	0.6235	854	356
nte_04836.jpg	0.138084	0.5250	0.7562	244.4	171.8	0.8906	854	356
nte_04837.jpg	0.138414	0.5094	0.7571	246.9	170.5	0.8730	854	356
nte_04837.jpg	0.017273	0.5004	0.5650	143.1	36.7	0.4399	854	356
nte_04837.jpg	0.003002	0.5883	0.5604	33.4	27.4	0.3164	854	356
nte_04838.jpg	0.139707	0.4996	0.7571	248.2	171.1	0.8979	854	356
nte_04839.jpg	0.138330	0.4844	0.7553	247.2	170.1	0.8916	854	356
nte_04840.jpg	0.134562	0.4816	0.7562	239.5	170.8	0.8828	854	356
nte_04841.jpg	0.251273	0.3215	0.7487	461.7	165.5	0.5659	854	356
nte_04841.jpg	0.000504	0.7488	0.5088	14.3	10.7	0.5483	854	356
nte_04842.jpg	0.106203	0.4332	0.6691	296.9	108.8	0.8789	854	356
nte_04843.jpg	0.092170	0.4520	0.6784	260.9	107.4	0.9043	854	356
nte_04844.jpg	0.093799	0.4453	0.6794	271.4	105.1	0.9028	854	356
nte_04845.jpg	0.057269	0.5062	0.6550	164.1	106.1	0.7783	854	356
nte_04845.jpg	0.008815	0.0867	0.4310	81.1	33.0	0.6587	854	356
nte_04845.jpg	0.000403	0.3432	0.3701	11.8	10.3	0.2893	854	356
nte_04846.jpg	0.052265	0.5105	0.6513	144.8	109.8	0.8237	854	356
nte_04846.jpg	0.000302	0.3914	0.3720	11.0	8.3	0.3413	854	356
nte_04847.jpg	0.059320	0.5113	0.6447	146.1	123.4	0.7773	854	356
nte_04847.jpg	0.000311	0.3438	0.3645	12.3	7.7	0.2700	854	356
nte_04848.jpg	0.055510	0.5070	0.6550	150.1	112.4	0.7788	854	356
nte_04849.jpg	0.052728	0.5109	0.6503	143.4	111.8	0.8218	854	356
nte_04849.jpg	0.000343	0.3959	0.3720	11.2	9.3	0.3184	854	356
nte_04850.jpg	0.050699	0.5039	0.6503	137.1	112.4	0.8647	854	356
nte_04851.jpg	0.049461	0.5031	0.6503	135.8	110.8	0.8936	854	356
nte_04852.jpg	0.048836	0.5020	0.6456	136.1	109.1	0.8696	854	356
nte_04853.jpg	0.053746	0.5031	0.6409	136.4	119.8	0.8423	854	356
nte_04854.jpg	0.052054	0.4984	0.6428	134.8	117.4	0.5322	854	356
nte_04854.jpg	0.000582	0.5176	0.3645	14.3	12.3	0.2937	854	356
nte_04855.jpg	0.058867	0.4973	0.6484	140.4	127.4	0.7637	854	356
nte_04855.jpg	0.000873	0.4523	0.3402	17.7	15.0	0.4263	854	356
nte_04855.jpg	0.000826	0.5402	0.3439	16.0	15.7	0.3669	854	356
nte_04856.jpg	0.063288	0.5027	0.6484	151.8	126.8	0.8032	854	356
nte_04856.jpg	0.001145	0.4363	0.3420	22.7	15.3	0.4280	854	356
nte_04856.jpg	0.000659	0.4184	0.3373	16.7	12.0	0.2971	854	356
nte_04856.jpg	0.004638	0.5270	0.4526	44.0	32.0	0.2893	854	356
nte_04857.jpg	0.057040	0.4938	0.6475	136.4	127.1	0.7827	854	356
nte_04857.jpg	0.001531	0.4164	0.3448	27.4	17.0	0.4065	854	356
nte_04858.jpg	0.057929	0.4938	0.6541	136.8	128.8	0.8521	854	356
nte_04858.jpg	0.003380	0.3758	0.3655	42.2	24.4	0.7324	854	356
nte_04858.jpg	0.000336	0.4824	0.3102	11.3	9.0	0.3606	854	356
nte_04858.jpg	0.000445	0.7258	0.3720	15.0	9.0	0.3459	854	356
nte_04858.jpg	0.000275	0.5160	0.3120	10.0	8.3	0.3303	854	356
nte_04859.jpg	0.052460	0.4949	0.6409	135.4	117.8	0.8306	854	356
nte_04859.jpg	0.009713	0.2795	0.4029	82.7	35.7	0.8188	854	356
nte_04859.jpg	0.000420	0.7648	0.3936	13.7	9.3	0.3635	854	356
nte_04859.jpg	0.000417	0.4797	0.3102	12.7	10.0	0.3313	854	356
nte_04859.jpg	0.000384	0.5152	0.3092	11.7	10.0	0.2930	854	356
nte_04860.jpg	0.056590	0.4941	0.6484	136.4	126.1	0.7378	854	356
nte_04860.jpg	0.000415	0.4707	0.3139	14.0	9.0	0.3245	854	356
nte_04860.jpg	0.000306	0.4785	0.3111	10.3	9.0	0.2607	854	356
nte_04861.jpg	0.055228	0.4938	0.6531	136.8	122.8	0.7578	854	356
nte_04861.jpg	0.000406	0.4711	0.3130	12.3	10.0	0.3984	854	356
nte_04862.jpg	0.054195	0.4941	0.6513	136.4	120.8	0.8218	854	356
nte_04862.jpg	0.000720	0.4602	0.3120	16.0	13.7	0.3308	854	356
nte_04863.jpg	0.050379	0.4941	0.6438	135.4	113.1	0.8560	854	356
nte_04863.jpg	0.000787	0.4527	0.3102	16.7	14.3	0.4971	854	356
nte_04863.jpg	0.000660	0.4348	0.3252	17.7	11.3	0.2922	854	356
nte_04863.jpg	0.000361	0.4672	0.3083	11.3	9.7	0.2627	854	356
nte_04864.jpg	0.062889	0.4949	0.6691	137.8	138.8	0.8584	854	356
nte_04864.jpg	0.000704	0.4125	0.3327	17.3	12.3	0.4692	854	356
nte_04864.jpg	0.000929	0.4430	0.3139	18.0	15.7	0.3738	854	356
nte_04865.jpg	0.056965	0.4949	0.6597	138.4	125.1	0.7944	854	356
nte_04865.jpg	0.001047	0.3861	0.3392	22.2	14.3	0.4404	854	356
nte_04865.jpg	0.000676	0.4238	0.3298	18.7	11.0	0.3000	854	356
nte_04866.jpg	0.058200	0.4938	0.6531	141.4	125.1	0.8013	854	356
nte_04866.jpg	0.001028	0.3949	0.3551	22.9	13.7	0.4485	854	356
nte_04867.jpg	0.057401	0.4934	0.6691	144.1	121.1	0.8926	854	356
nte_04867.jpg	0.001684	0.3633	0.3730	30.7	16.7	0.3403	854	356
nte_04867.jpg	0.000305	0.4789	0.3420	10.7	8.7	0.2903	854	356
nte_04868.jpg	0.064426	0.4957	0.6822	149.8	130.8	0.8491	854	356
nte_04868.jpg	0.003254	0.3066	0.3898	42.4	23.4	0.6704	854	356
nte_04868.jpg	0.015456	0.1149	0.4442	125.8	37.4	0.6240	854	356
nte_04869.jpg	0.010578	0.2074	0.4245	82.4	39.0	0.8184	854	356
nte_04869.jpg	0.070005	0.4949	0.6906	150.1	141.8	0.7715	854	356
nte_04870.jpg	0.069323	0.4945	0.6962	150.8	139.8	0.8369	854	356
nte_04870.jpg	0.014502	0.0546	0.4489	93.1	47.4	0.3428	854	356
nte_04870.jpg	0.001665	0.5219	0.4189	30.4	16.7	0.2812	854	356
nte_04871.jpg	0.070257	0.4969	0.6934	155.8	137.1	0.8506	854	356
nte_04871.jpg	0.002134	0.5164	0.4442	35.4	18.3	0.3284	854	356
nte_04872.jpg	0.069083	0.4953	0.6990	155.5	135.1	0.8687	854	356
nte_04873.jpg	0.080432	0.4988	0.6737	161.5	151.5	0.7905	854	356
nte_04873.jpg	0.000385	0.4652	0.4179	13.0	9.0	0.3418	854	356
nte_04874.jpg	0.077100	0.4969	0.7019	160.8	145.8	0.7632	854	356
nte_04875.jpg	0.074496	0.4977	0.7037	160.1	141.4	0.8447	854	356
nte_04875.jpg	0.000325	0.4793	0.4189	12.3	8.0	0.2544	854	356
nte_04876.jpg	0.075946	0.4984	0.7065	164.8	140.1	0.8389	854	356
nte_04876.jpg	0.000343	0.4684	0.4236	13.0	8.0	0.2795	854	356
nte_04876.jpg	0.000293	0.4473	0.4254	10.7	8.3	0.2639	854	356
nte_04877.jpg	0.073358	0.4992	0.7009	163.5	136.4	0.8647	854	356
nte_04877.jpg	0.000450	0.4434	0.4273	13.7	10.0	0.4541	854	356
nte_04877.jpg	0.000400	0.4660	0.4254	14.0	8.7	0.2712	854	356
nte_04878.jpg	0.071896	0.4992	0.6990	165.5	132.1	0.8701	854	356
nte_04878.jpg	0.000615	0.4344	0.4329	16.0	11.7	0.5376	854	356
nte_04879.jpg	0.072183	0.5004	0.7037	164.5	133.4	0.8696	854	356
nte_04879.jpg	0.000577	0.4305	0.4339	15.0	11.7	0.4182	854	356
nte_04879.jpg	0.000293	0.4531	0.4301	10.7	8.3	0.3911	854	356
nte_04880.jpg	0.075672	0.5004	0.7056	167.8	137.1	0.8687	854	356
nte_04880.jpg	0.000723	0.4109	0.4404	17.3	12.7	0.5986	854	356
nte_04880.jpg	0.000527	0.4195	0.4385	13.3	12.0	0.3335	854	356
nte_04880.jpg	0.000269	0.4691	0.4292	10.7	7.7	0.3193	854	356
nte_04880.jpg	0.000397	0.4309	0.4376	11.7	10.3	0.2571	854	356
nte_04881.jpg	0.077080	0.5012	0.7084	166.5	140.8	0.8701	854	356
nte_04881.jpg	0.001120	0.3922	0.4460	22.2	15.3	0.6440	854	356
nte_04881.jpg	0.000234	0.4426	0.4329	9.7	7.3	0.3655	854	356
nte_04881.jpg	0.000242	0.4672	0.4273	10.0	7.3	0.2644	854	356
nte_04881.jpg	0.000469	0.4297	0.4385	13.3	10.7	0.2561	854	356
nte_04882.jpg	0.076441	0.5012	0.7056	167.5	138.8	0.8779	854	356
nte_04882.jpg	0.000725	0.4227	0.4414	15.0	14.7	0.3770	854	356
nte_04882.jpg	0.000953	0.3926	0.4479	20.7	14.0	0.3687	854	356
nte_04882.jpg	0.000326	0.4340	0.4339	11.0	9.0	0.2671	854	356
nte_04883.jpg	0.091867	0.5004	0.6775	168.8	165.5	0.8486	854	356
nte_04883.jpg	0.003703	0.3238	0.4648	46.9	24.0	0.6338	854	356
nte_04883.jpg	0.000483	0.4297	0.4367	13.3	11.0	0.3975	854	356
nte_04883.jpg	0.001641	0.3637	0.4545	27.2	18.3	0.3716	854	356
nte_04883.jpg	0.001009	0.4113	0.4414	17.7	17.3	0.3401	854	356
nte_04883.jpg	0.000876	0.3961	0.4507	17.3	15.3	0.3340	854	356
nte_04883.jpg	0.000758	0.4184	0.4414	15.0	15.3	0.2773	854	356
nte_04884.jpg	0.077051	0.5004	0.7047	166.8	140.4	0.8535	854	356
nte_04884.jpg	0.007690	0.2687	0.4798	74.6	31.4	0.5938	854	356
nte_04884.jpg	0.002796	0.3330	0.4648	38.0	22.4	0.5200	854	356
nte_04884.jpg	0.000835	0.3955	0.4517	15.8	16.0	0.3479	854	356
nte_04884.jpg	0.000887	0.3842	0.4535	16.8	16.0	0.3010	854	356
nte_04884.jpg	0.000630	0.4082	0.4507	14.0	13.7	0.2578	854	356
nte_04885.jpg	0.088673	0.5000	0.6906	170.1	158.5	0.8252	854	356
nte_04885.jpg	0.010576	0.2061	0.4957	83.8	38.4	0.4253	854	356
nte_04885.jpg	0.000242	0.4785	0.4301	10.0	7.3	0.4070	854	356
nte_04885.jpg	0.002963	0.3055	0.4723	38.0	23.7	0.4036	854	356
nte_04885.jpg	0.004612	0.2389	0.4873	46.7	30.0	0.3735	854	356
nte_04885.jpg	0.001242	0.3961	0.4395	21.3	17.7	0.3486	854	356
nte_04885.jpg	0.001058	0.3348	0.4657	20.5	15.7	0.3203	854	356
nte_04885.jpg	0.000704	0.3666	0.4507	17.3	12.3	0.3191	854	356
nte_04885.jpg	0.000621	0.3529	0.4535	16.2	11.7	0.2786	854	356
nte_04886.jpg	0.079828	0.5000	0.7131	168.8	143.8	0.8667	854	356
nte_04886.jpg	0.002566	0.2537	0.4704	41.0	19.0	0.4463	854	356
nte_04886.jpg	0.000258	0.4781	0.4310	10.7	7.3	0.4238	854	356
nte_04886.jpg	0.002255	0.3264	0.4648	36.7	18.7	0.3135	854	356
nte_04886.jpg	0.000810	0.3570	0.4563	18.0	13.7	0.2837	854	356
nte_04887.jpg	0.081285	0.4996	0.7056	169.1	146.1	0.8418	854	356
nte_04887.jpg	0.013429	0.1054	0.4873	117.7	34.7	0.4724	854	356
nte_04887.jpg	0.000212	0.4785	0.4320	9.7	6.7	0.3386	854	356
nte_04887.jpg	0.001681	0.3215	0.4676	27.4	18.7	0.2996	854	356
nte_04887.jpg	0.000269	0.4574	0.4320	10.7	7.7	0.2830	854	356
nte_04887.jpg	0.001708	0.2621	0.4667	30.5	17.0	0.2593	854	356
nte_04888.jpg	0.079670	0.5000	0.7122	168.5	143.8	0.8496	854	356
nte_04889.jpg	0.031907	0.0750	0.5182	128.1	75.7	0.8799	854	356
nte_04889.jpg	0.083863	0.5012	0.7065	169.5	150.5	0.8188	854	356
nte_04890.jpg	0.087966	0.4992	0.6897	169.1	158.1	0.8560	854	356
nte_04890.jpg	0.000400	0.4738	0.4329	13.0	9.3	0.2571	854	356
nte_04891.jpg	0.086272	0.5012	0.6841	172.8	151.8	0.8438	854	356
nte_04891.jpg	0.000389	0.4719	0.4310	12.7	9.3	0.3594	854	356
nte_04892.jpg	0.081337	0.4992	0.7028	170.8	144.8	0.8481	854	356
nte_04893.jpg	0.075532	0.5012	0.6981	169.1	135.8	0.8682	854	356
nte_04893.jpg	0.000290	0.4566	0.4320	12.0	7.3	0.2556	854	356
nte_04894.jpg	0.073056	0.4996	0.7019	168.1	132.1	0.8906	854	356
nte_04895.jpg	0.077267	0.5012	0.7037	168.5	139.4	0.8530	854	356
nte_04895.jpg	0.000366	0.4695	0.4292	12.3	9.0	0.2666	854	356
nte_04896.jpg	0.078656	0.5004	0.7103	169.5	141.1	0.8740	854	356
nte_04897.jpg	0.078098	0.5004	0.7103	169.5	140.1	0.8809	854	356
nte_04897.jpg	0.000362	0.4297	0.4339	12.7	8.7	0.3315	854	356
nte_04897.jpg	0.000293	0.4563	0.4320	10.7	8.3	0.2737	854	356
nte_04898.jpg	0.081899	0.5016	0.7028	170.8	145.8	0.8711	854	356
nte_04899.jpg	0.077017	0.5008	0.7112	169.1	138.4	0.8989	854	356
nte_04899.jpg	0.000671	0.4305	0.4414	15.7	13.0	0.3770	854	356
nte_04899.jpg	0.000732	0.4152	0.4479	16.7	13.3	0.3594	854	356
nte_04899.jpg	0.000495	0.4469	0.4376	13.7	11.0	0.3003	854	356
nte_04900.jpg	0.081471	0.5008	0.7000	169.1	146.4	0.8804	854	356
nte_04900.jpg	0.000533	0.4012	0.4357	15.7	10.3	0.5820	854	356
nte_04900.jpg	0.000375	0.4938	0.4264	13.7	8.3	0.2517	854	356
nte_04901.jpg	0.081579	0.5012	0.7019	170.1	145.8	0.8818	854	356
nte_04901.jpg	0.000703	0.4512	0.4320	16.0	13.3	0.4951	854	356
nte_04901.jpg	0.001330	0.4285	0.4385	26.4	15.3	0.3718	854	356
nte_04901.jpg	0.000615	0.3855	0.4376	16.0	11.7	0.2949	854	356
nte_04902.jpg	0.078219	0.5012	0.7037	170.1	139.8	0.8877	854	356
nte_04902.jpg	0.000765	0.4465	0.4376	17.0	13.7	0.4758	854	356
nte_04902.jpg	0.001021	0.3695	0.4404	22.7	13.7	0.4580	854	356
nte_04902.jpg	0.000499	0.5031	0.4254	15.7	9.7	0.3540	854	356
nte_04903.jpg	0.078746	0.5004	0.7037	168.5	142.1	0.8770	854	356
nte_04903.jpg	0.001641	0.3365	0.4423	27.7	18.0	0.7207	854	356
nte_04903.jpg	0.000560	0.5031	0.4273	17.0	10.0	0.3149	854	356
nte_04904.jpg	0.076611	0.5008	0.6990	169.5	137.4	0.8535	854	356
nte_04904.jpg	0.002542	0.2955	0.4489	36.2	21.4	0.7749	854	356
nte_04904.jpg	0.000520	0.5047	0.4264	16.3	9.7	0.3362	854	356
nte_04905.jpg	0.080357	0.5008	0.7094	169.1	144.4	0.8633	854	356
nte_04905.jpg	0.008313	0.2123	0.4545	71.5	35.4	0.7476	854	356
nte_04906.jpg	0.085686	0.4992	0.6962	170.1	153.1	0.8584	854	356
nte_04906.jpg	0.000333	0.4648	0.4282	11.7	8.7	0.2566	854	356
nte_04906.jpg	0.001309	0.5059	0.4404	24.4	16.3	0.2537	854	356
nte_04907.jpg	0.080914	0.5004	0.7215	169.1	145.4	0.8633	854	356
nte_04907.jpg	0.000562	0.4059	0.4348	16.5	10.3	0.3193	854	356
nte_04908.jpg	0.078775	0.5004	0.7187	168.1	142.4	0.8735	854	356
nte_04908.jpg	0.000673	0.3910	0.4357	17.5	11.7	0.3821	854	356
nte_04908.jpg	0.000465	0.4367	0.4189	15.7	9.0	0.3542	854	356
nte_04909.jpg	0.075867	0.5004	0.7112	169.5	136.1	0.8828	854	356
nte_04909.jpg	0.000574	0.4281	0.4170	16.3	10.7	0.3613	854	356
nte_04910.jpg	0.075973	0.5004	0.7140	168.5	137.1	0.8921	854	356
nte_04910.jpg	0.000738	0.4195	0.4161	18.7	12.0	0.3462	854	356
nte_04911.jpg	0.076198	0.5012	0.7131	171.5	135.1	0.8516	854	356
nte_04911.jpg	0.001130	0.4055	0.4142	21.0	16.3	0.5166	854	356
nte_04912.jpg	0.081783	0.5016	0.7075	172.1	144.4	0.8530	854	356
nte_04912.jpg	0.001473	0.3832	0.4179	24.9	18.0	0.6929	854	356
nte_04912.jpg	0.000675	0.4254	0.4029	13.7	15.0	0.5718	854	356
nte_04912.jpg	0.003539	0.2686	0.4592	48.9	22.0	0.3362	854	356
nte_04913.jpg	0.080117	0.5020	0.7122	171.8	141.8	0.8584	854	356
nte_04913.jpg	0.003088	0.3494	0.4161	38.0	24.7	0.7490	854	356
nte_04913.jpg	0.001329	0.4105	0.4020	22.9	17.7	0.4465	854	356
nte_04913.jpg	0.000730	0.3754	0.4048	15.8	14.0	0.2512	854	356
nte_04914.jpg	0.006366	0.2914	0.4179	56.9	34.0	0.7964	854	356
nte_04914.jpg	0.102142	0.5023	0.6625	175.6	176.8	0.7393	854	356
nte_04914.jpg	0.001435	0.3930	0.4048	26.7	16.3	0.5356	854	356
nte_04914.jpg	0.001023	0.3354	0.4048	21.2	14.7	0.4619	854	356
nte_04914.jpg	0.000907	0.3482	0.4029	19.7	14.0	0.3118	854	356
nte_04915.jpg	0.101947	0.5023	0.6653	175.3	176.8	0.8555	854	356
nte_04915.jpg	0.020425	0.1716	0.4245	116.3	53.4	0.7002	854	356
nte_04915.jpg	0.001525	0.3635	0.4039	28.4	16.3	0.5000	854	356
nte_04915.jpg	0.002322	0.3027	0.4011	40.7	17.3	0.4702	854	356
nte_04915.jpg	0.000535	0.4223	0.4076	14.3	11.3	0.2524	854	356
nte_04916.jpg	0.104914	0.5082	0.7290	170.1	187.5	0.8940	854	356
nte_04916.jpg	0.000519	0.4125	0.4198	14.3	11.0	0.4673	854	356
nte_04916.jpg	0.002663	0.2117	0.4226	45.0	18.0	0.4290	854	356
nte_04916.jpg	0.003274	0.3176	0.4207	44.5	22.4	0.4202	854	356
nte_04916.jpg	0.000533	0.3725	0.4189	16.2	10.0	0.3401	854	356
nte_04917.jpg	0.093348	0.5039	0.7534	169.1	167.8	0.8765	854	356
nte_04917.jpg	0.000930	0.4090	0.4395	20.2	14.0	0.7363	854	356
nte_04917.jpg	0.012672	0.2146	0.4873	96.2	40.0	0.7222	854	356
nte_04917.jpg	0.000974	0.3623	0.4423	23.4	12.7	0.3457	854	356
nte_04918.jpg	0.087767	0.5000	0.7431	169.5	157.5	0.8809	854	356
nte_04918.jpg	0.001187	0.3934	0.4554	23.5	15.3	0.7085	854	356
nte_04918.jpg	0.001591	0.3359	0.4582	30.9	15.7	0.6616	854	356
nte_04918.jpg	0.000227	0.4180	0.4011	9.0	7.7	0.2705	854	356
nte_04919.jpg	0.075431	0.5008	0.7272	164.5	139.4	0.8901	854	356
nte_04919.jpg	0.003807	0.2707	0.4685	48.9	23.7	0.7612	854	356
nte_04919.jpg	0.001015	0.3457	0.4732	21.0	14.7	0.3728	854	356
nte_04919.jpg	0.005970	0.4227	0.6185	41.5	43.7	0.2747	854	356
nte_04920.jpg	0.071012	0.5012	0.7056	161.8	133.4	0.8818	854	356
nte_04920.jpg	0.008337	0.2645	0.4807	73.1	34.7	0.7979	854	356
nte_04920.jpg	0.008382	0.1101	0.4910	76.4	33.4	0.5024	854	356
nte_04920.jpg	0.000411	0.4020	0.4020	11.3	11.0	0.4038	854	356
nte_04921.jpg	0.066451	0.5008	0.6981	159.8	126.4	0.8804	854	356
nte_04921.jpg	0.022985	0.0646	0.5510	110.3	63.4	0.7607	854	356
nte_04921.jpg	0.000381	0.3902	0.3973	10.8	10.7	0.6577	854	356
nte_04922.jpg	0.075738	0.5016	0.7075	162.8	141.4	0.8745	854	356
nte_04922.jpg	0.000468	0.3740	0.3936	12.2	11.7	0.4255	854	356
nte_04923.jpg	0.075305	0.5012	0.7094	163.8	139.8	0.8882	854	356
nte_04923.jpg	0.000895	0.3531	0.3898	17.3	15.7	0.7100	854	356
nte_04923.jpg	0.000431	0.4461	0.4601	12.7	10.3	0.3479	854	356
nte_04923.jpg	0.000271	0.3721	0.3739	9.5	8.7	0.3354	854	356
nte_04924.jpg	0.081501	0.5016	0.7347	165.8	149.5	0.8706	854	356
nte_04924.jpg	0.001417	0.3279	0.3889	26.4	16.3	0.7256	854	356
nte_04924.jpg	0.000364	0.3613	0.3739	11.8	9.3	0.3232	854	356
nte_04924.jpg	0.000278	0.4434	0.4329	11.0	7.7	0.3113	854	356
nte_04925.jpg	0.079820	0.5086	0.7272	166.5	145.8	0.8633	854	356
nte_04925.jpg	0.002245	0.2867	0.3983	36.5	18.7	0.7451	854	356
nte_04925.jpg	0.000431	0.3518	0.3739	12.7	10.3	0.4006	854	356
nte_04925.jpg	0.000422	0.4328	0.4357	12.0	10.7	0.2778	854	356
nte_04926.jpg	0.091667	0.5152	0.7450	169.8	164.1	0.8442	854	356
nte_04926.jpg	0.004832	0.2383	0.4095	58.7	25.0	0.6997	854	356
nte_04926.jpg	0.000652	0.3619	0.3692	18.0	11.0	0.5015	854	356
nte_04927.jpg	0.092791	0.5066	0.7403	169.1	166.8	0.8491	854	356
nte_04927.jpg	0.014893	0.1236	0.4339	117.0	38.7	0.6846	854	356
nte_04927.jpg	0.000684	0.3609	0.3730	16.8	12.3	0.6265	854	356
nte_04927.jpg	0.013632	0.5805	0.6082	55.7	74.4	0.3701	854	356
nte_04928.jpg	0.096330	0.5078	0.7525	171.1	171.1	0.8794	854	356
nte_04928.jpg	0.000474	0.3773	0.3730	12.3	11.7	0.4397	854	356
nte_04928.jpg	0.002184	0.3570	0.3542	26.2	25.4	0.4214	854	356
nte_04928.jpg	0.001054	0.3559	0.3730	24.0	13.3	0.3296	854	356
nte_04929.jpg	0.094462	0.5055	0.7571	169.5	169.5	0.8882	854	356
nte_04929.jpg	0.000477	0.3773	0.3683	13.2	11.0	0.5776	854	356
nte_04929.jpg	0.001235	0.3354	0.3823	25.0	15.0	0.5186	854	356
nte_04930.jpg	0.093902	0.5027	0.7534	169.8	168.1	0.8184	854	356
nte_04930.jpg	0.002568	0.2988	0.3936	38.4	20.3	0.6719	854	356
nte_04930.jpg	0.000596	0.3701	0.3711	14.7	12.3	0.6694	854	356
nte_04930.jpg	0.002495	0.6781	0.3392	48.4	15.7	0.2991	854	356
nte_04931.jpg	0.092956	0.5043	0.7553	170.8	165.5	0.8467	854	356
nte_04931.jpg	0.004996	0.2383	0.4057	58.4	26.0	0.7324	854	356
nte_04931.jpg	0.000695	0.3588	0.3701	15.8	13.3	0.6143	854	356
nte_04932.jpg	0.090717	0.5047	0.7365	170.5	161.8	0.8604	854	356
nte_04932.jpg	0.000915	0.3375	0.3776	19.8	14.0	0.5820	854	356
nte_04933.jpg	0.093326	0.5043	0.7562	171.1	165.8	0.8745	854	356
nte_04933.jpg	0.001631	0.3195	0.3861	27.0	18.3	0.7241	854	356
nte_04934.jpg	0.090134	0.5109	0.7431	171.1	160.1	0.8726	854	356
nte_04934.jpg	0.003132	0.2738	0.3983	41.4	23.0	0.7607	854	356
nte_04935.jpg	0.092370	0.5066	0.7431	171.8	163.5	0.8423	854	356
nte_04935.jpg	0.008593	0.1978	0.4198	78.3	33.4	0.6904	854	356
nte_04936.jpg	0.098771	0.5023	0.7243	171.1	175.5	0.8232	854	356
nte_04937.jpg	0.099482	0.5012	0.7328	169.5	178.5	0.8677	854	356
nte_04938.jpg	0.087754	0.5063	0.7403	169.8	157.1	0.9155	854	356
nte_04939.jpg	0.090750	0.5059	0.7431	169.1	163.1	0.9092	854	356
nte_04940.jpg	0.090378	0.5051	0.7459	169.1	162.5	0.9087	854	356
nte_04941.jpg	0.089079	0.5066	0.7431	169.1	160.1	0.8921	854	356
nte_04942.jpg	0.102213	0.5125	0.7450	173.5	179.1	0.8569	854	356
nte_04943.jpg	0.091100	0.5086	0.7496	170.1	162.8	0.8911	854	356
nte_04944.jpg	0.092425	0.5047	0.7450	168.5	166.8	0.8838	854	356
nte_04945.jpg	0.093508	0.5121	0.7534	171.5	165.8	0.8799	854	356
nte_04946.jpg	0.083883	0.5078	0.7281	169.1	150.8	0.8945	854	356
nte_04947.jpg	0.084006	0.5059	0.7169	166.8	153.1	0.8682	854	356
nte_04948.jpg	0.082742	0.5066	0.7262	166.5	151.1	0.8848	854	356
nte_04949.jpg	0.079884	0.5043	0.7262	165.5	146.8	0.8833	854	356
nte_04950.jpg	0.082592	0.5035	0.7225	165.8	151.5	0.8599	854	356
nte_04951.jpg	0.081057	0.5094	0.7159	167.1	147.4	0.8853	854	356
nte_04951.jpg	0.000436	0.3463	0.4067	14.2	9.3	0.3452	854	356
nte_04952.jpg	0.089758	0.5156	0.7459	171.1	159.5	0.8833	854	356
nte_04952.jpg	0.000478	0.3604	0.4123	15.0	9.7	0.4539	854	356
nte_04953.jpg	0.079020	0.5066	0.7253	164.8	145.8	0.8701	854	356
nte_04953.jpg	0.000510	0.3729	0.4151	14.5	10.7	0.3984	854	356
nte_04954.jpg	0.076980	0.5027	0.7112	165.5	141.4	0.8301	854	356
nte_04954.jpg	0.000436	0.3686	0.4198	14.2	9.3	0.3787	854	356
nte_04954.jpg	0.000279	0.3590	0.4217	10.2	8.3	0.2776	854	356
nte_04955.jpg	0.083152	0.5023	0.7103	165.5	152.8	0.8188	854	356
nte_04955.jpg	0.000697	0.3574	0.4226	18.7	11.3	0.5557	854	356
nte_04955.jpg	0.000421	0.3799	0.4217	15.3	8.3	0.2891	854	356
nte_04956.jpg	0.079905	0.5043	0.7122	165.1	147.1	0.8530	854	356
nte_04956.jpg	0.001251	0.3373	0.4273	21.5	17.7	0.6768	854	356
nte_04956.jpg	0.000492	0.3670	0.4282	16.0	9.3	0.3618	854	356
nte_04956.jpg	0.000261	0.3932	0.4310	11.3	7.0	0.2571	854	356
nte_04957.jpg	0.080002	0.5039	0.7225	166.5	146.1	0.8315	854	356
nte_04957.jpg	0.002033	0.3152	0.4357	26.9	23.0	0.6895	854	356
nte_04957.jpg	0.000414	0.3568	0.4292	13.0	9.7	0.5562	854	356
nte_04957.jpg	0.000324	0.3695	0.4310	11.3	8.7	0.4238	854	356
nte_04957.jpg	0.004510	0.4465	0.3814	37.0	37.0	0.2737	854	356
nte_04957.jpg	0.000333	0.3342	0.4301	11.7	8.7	0.2622	854	356
nte_04958.jpg	0.078226	0.5035	0.7197	165.8	143.4	0.8662	854	356
nte_04958.jpg	0.002404	0.2574	0.4535	33.2	22.0	0.5771	854	356
nte_04958.jpg	0.000305	0.3355	0.4320	10.7	8.7	0.5503	854	356
nte_04958.jpg	0.000659	0.3561	0.4367	16.7	12.0	0.5459	854	356
nte_04958.jpg	0.000822	0.3127	0.4414	17.8	14.0	0.5259	854	356
nte_04958.jpg	0.000392	0.3469	0.4348	11.2	10.7	0.3376	854	356
nte_04958.jpg	0.000915	0.2818	0.4376	16.7	16.7	0.2573	854	356
nte_04959.jpg	0.082073	0.5121	0.7262	168.5	148.1	0.8804	854	356
nte_04959.jpg	0.015035	0.1344	0.4723	101.5	45.0	0.7876	854	356
nte_04959.jpg	0.001466	0.2811	0.4489	25.7	17.3	0.7549	854	356
nte_04959.jpg	0.000826	0.3395	0.4404	17.5	14.3	0.5308	854	356
nte_04960.jpg	0.078842	0.5160	0.7169	169.5	141.4	0.8823	854	356
nte_04960.jpg	0.002871	0.2551	0.4648	35.4	24.7	0.7749	854	356
nte_04960.jpg	0.000960	0.3281	0.4479	19.0	15.3	0.5391	854	356
nte_04960.jpg	0.000459	0.3412	0.4470	12.7	11.0	0.2832	854	356
nte_04961.jpg	0.079706	0.5164	0.7112	172.1	140.8	0.8818	854	356
nte_04961.jpg	0.006011	0.2014	0.4770	61.5	29.7	0.7593	854	356
nte_04961.jpg	0.002439	0.3051	0.4648	34.2	21.7	0.6489	854	356
nte_04961.jpg	0.001116	0.3490	0.4432	20.3	16.7	0.6357	854	356
nte_04961.jpg	0.000366	0.3686	0.4348	12.8	8.7	0.4302	854	356
nte_04961.jpg	0.000451	0.3850	0.4563	12.8	10.7	0.3997	854	356
nte_04961.jpg	0.005460	0.4285	0.4938	37.7	44.0	0.3503	854	356
nte_04962.jpg	0.074861	0.5102	0.7084	164.8	138.1	0.8989	854	356
nte_04962.jpg	0.019677	0.0691	0.5248	118.8	50.4	0.5684	854	356
nte_04962.jpg	0.001484	0.3451	0.4489	25.5	17.7	0.5107	854	356
nte_04962.jpg	0.005596	0.2240	0.4938	56.0	30.4	0.4487	854	356
nte_04962.jpg	0.000443	0.4207	0.4657	13.0	10.3	0.3066	854	356
nte_04962.jpg	0.001070	0.1848	0.4535	26.4	12.3	0.2837	854	356
nte_04963.jpg	0.077573	0.5121	0.7215	164.8	143.1	0.8682	854	356
nte_04963.jpg	0.002701	0.3121	0.4582	34.2	24.0	0.4333	854	356
nte_04963.jpg	0.000439	0.4344	0.4657	16.0	8.3	0.3271	854	356
nte_04964.jpg	0.073627	0.5137	0.7084	164.5	136.1	0.8652	854	356
nte_04964.jpg	0.008969	0.2660	0.4648	67.6	40.4	0.5776	854	356
nte_04965.jpg	0.070591	0.5051	0.7037	162.5	132.1	0.8843	854	356
nte_04965.jpg	0.000384	0.3867	0.4498	14.0	8.3	0.2615	854	356
nte_04966.jpg	0.072105	0.5027	0.7084	161.5	135.8	0.8813	854	356
nte_04966.jpg	0.010816	0.5660	0.5735	59.4	55.4	0.5469	854	356
nte_04966.jpg	0.000523	0.3666	0.4535	17.0	9.3	0.5015	854	356
nte_04967.jpg	0.070558	0.5016	0.7065	162.8	131.8	0.8696	854	356
nte_04967.jpg	0.008439	0.5695	0.5838	53.0	48.4	0.3159	854	356
nte_04968.jpg	0.072609	0.5051	0.7094	163.8	134.8	0.8926	854	356
nte_04968.jpg	0.000302	0.3916	0.4507	12.5	7.3	0.5010	854	356
nte_04968.jpg	0.000242	0.5941	0.4535	11.0	6.7	0.3740	854	356
nte_04968.jpg	0.000559	0.3480	0.4610	18.2	9.3	0.3611	854	356
nte_04968.jpg	0.007271	0.5762	0.5894	48.4	45.7	0.3577	854	356
nte_04968.jpg	0.000499	0.4887	0.4723	15.7	9.7	0.2537	854	356
nte_04969.jpg	0.072476	0.5016	0.7103	165.1	133.4	0.8726	854	356
nte_04969.jpg	0.000593	0.6613	0.4910	15.0	12.0	0.4395	854	356
nte_04969.jpg	0.000628	0.4922	0.4760	17.3	11.0	0.4119	854	356
nte_04969.jpg	0.000343	0.3674	0.4592	13.0	8.0	0.3940	854	356
nte_04969.jpg	0.000436	0.3299	0.4573	14.2	9.3	0.3237	854	356
nte_04969.jpg	0.000972	0.2855	0.4807	27.7	10.7	0.2729	854	356
nte_04969.jpg	0.000261	0.6055	0.4582	11.3	7.0	0.2725	854	356
nte_04969.jpg	0.000256	0.6164	0.4601	11.7	6.7	0.2561	854	356
nte_04970.jpg	0.074406	0.5016	0.7103	165.8	136.4	0.8765	854	356
nte_04970.jpg	0.000719	0.3227	0.4713	21.9	10.0	0.4148	854	356
nte_04970.jpg	0.001135	0.4938	0.4845	20.7	16.7	0.3928	854	356
nte_04970.jpg	0.000324	0.3820	0.4526	12.8	7.7	0.3777	854	356
nte_04970.jpg	0.003623	0.1193	0.5248	62.3	17.7	0.3264	854	356
nte_04970.jpg	0.001014	0.2830	0.4704	23.7	13.0	0.3110	854	356
nte_04970.jpg	0.000849	0.4680	0.4807	19.3	13.3	0.2866	854	356
nte_04971.jpg	0.073644	0.5008	0.7094	166.1	134.8	0.8765	854	356
nte_04971.jpg	0.000366	0.4207	0.4667	13.3	8.3	0.4341	854	356
nte_04971.jpg	0.001094	0.4930	0.4873	21.7	15.3	0.4204	854	356
nte_04971.jpg	0.000767	0.3076	0.4638	21.9	10.7	0.4070	854	356
nte_04971.jpg	0.000652	0.4652	0.4826	18.0	11.0	0.4038	854	356
nte_04971.jpg	0.000461	0.3463	0.4638	17.5	8.0	0.3855	854	356
nte_04971.jpg	0.002049	0.2230	0.4995	42.4	14.7	0.3374	854	356
nte_04971.jpg	0.000479	0.3283	0.4629	16.2	9.0	0.2544	854	356
nte_04972.jpg	0.074009	0.5008	0.7122	166.1	135.4	0.8867	854	356
nte_04972.jpg	0.000945	0.4945	0.4826	21.0	13.7	0.2627	854	356
nte_04972.jpg	0.000707	0.2098	0.4114	23.9	9.0	0.2583	854	356
nte_04973.jpg	0.077668	0.5004	0.7169	168.1	140.4	0.8643	854	356
nte_04973.jpg	0.001212	0.4938	0.4854	23.0	16.0	0.3501	854	356
nte_04974.jpg	0.075789	0.5016	0.7094	168.5	136.8	0.8813	854	356
nte_04974.jpg	0.001511	0.3248	0.3945	43.0	10.7	0.3831	854	356
nte_04975.jpg	0.076007	0.5000	0.7056	168.1	137.4	0.8750	854	356
nte_04975.jpg	0.001036	0.4594	0.4901	23.0	13.7	0.3464	854	356
nte_04975.jpg	0.001162	0.4941	0.4854	23.0	15.3	0.3274	854	356
nte_04975.jpg	0.000692	0.2492	0.4657	22.5	9.3	0.3098	854	356
nte_04976.jpg	0.076713	0.5008	0.7065	168.5	138.4	0.8828	854	356
nte_04977.jpg	0.079087	0.5012	0.7122	168.8	142.4	0.8687	854	356
nte_04978.jpg	0.076561	0.5008	0.7131	168.1	138.4	0.8828	854	356
nte_04978.jpg	0.001921	0.4836	0.5041	42.7	13.7	0.2903	854	356
nte_04979.jpg	0.078346	0.5004	0.7178	168.8	141.1	0.8701	854	356
nte_04980.jpg	0.078346	0.5008	0.7187	168.8	141.1	0.8828	854	356
nte_04980.jpg	0.000962	0.4945	0.4845	23.7	12.3	0.2761	854	356
nte_04981.jpg	0.075973	0.5008	0.7150	168.5	137.1	0.8882	854	356
nte_04981.jpg	0.001932	0.4953	0.4995	30.4	19.3	0.3987	854	356
nte_04981.jpg	0.000584	0.3818	0.4217	19.0	9.3	0.3242	854	356
nte_04982.jpg	0.081744	0.5031	0.7206	174.5	142.4	0.8628	854	356
nte_04982.jpg	0.000984	0.4953	0.4826	28.0	10.7	0.2644	854	356
nte_04983.jpg	0.077637	0.5008	0.7103	168.5	140.1	0.8823	854	356
nte_04983.jpg	0.002471	0.4437	0.3992	30.0	25.0	0.3113	854	356
nte_04984.jpg	0.075568	0.5043	0.7131	168.8	136.1	0.8789	854	356
nte_04985.jpg	0.088737	0.5055	0.7150	172.8	156.1	0.8198	854	356
nte_04985.jpg	0.003398	0.4473	0.3936	34.0	30.4	0.3127	854	356
nte_04986.jpg	0.080410	0.5016	0.7009	168.5	145.1	0.8335	854	356
nte_04987.jpg	0.092370	0.5023	0.6981	171.8	163.5	0.7949	854	356
nte_04988.jpg	0.079772	0.5008	0.7112	169.5	143.1	0.8652	854	356
nte_04989.jpg	0.078007	0.5008	0.7084	168.5	140.8	0.8838	854	356
nte_04989.jpg	0.001711	0.5113	0.4957	27.4	19.0	0.3777	854	356
nte_04990.jpg	0.081149	0.5008	0.7037	168.5	146.4	0.8770	854	356
nte_04991.jpg	0.079458	0.5008	0.7103	168.8	143.1	0.8921	854	356
nte_04991.jpg	0.001398	0.5121	0.4695	27.7	15.3	0.2910	854	356
nte_04992.jpg	0.078959	0.5004	0.7094	168.1	142.8	0.8813	854	356
nte_04993.jpg	0.078316	0.5055	0.7056	169.1	140.8	0.8853	854	356
nte_04993.jpg	0.000861	0.3266	0.4535	24.5	10.7	0.2930	854	356
nte_04993.jpg	0.000417	0.4484	0.4535	12.7	10.0	0.2520	854	356
nte_04994.jpg	0.078931	0.5031	0.7084	168.5	142.4	0.8813	854	356
nte_04994.jpg	0.000444	0.3930	0.4517	16.2	8.3	0.4958	854	356
nte_04994.jpg	0.000676	0.3486	0.4498	18.7	11.0	0.4055	854	356
nte_04994.jpg	0.005068	0.5203	0.4966	53.7	28.7	0.3320	854	356
nte_04995.jpg	0.076777	0.5012	0.7122	167.8	139.1	0.9009	854	356
nte_04995.jpg	0.000651	0.3043	0.4601	21.2	9.3	0.3455	854	356
nte_04995.jpg	0.000695	0.3799	0.4460	19.2	11.0	0.3071	854	356
nte_04996.jpg	0.084811	0.5008	0.7075	169.1	152.5	0.8735	854	356
nte_04996.jpg	0.001391	0.3529	0.4451	25.4	16.7	0.4402	854	356
nte_04997.jpg	0.080460	0.5012	0.6990	167.8	145.8	0.8916	854	356
nte_04997.jpg	0.003119	0.3178	0.4479	41.2	23.0	0.7905	854	356
nte_04997.jpg	0.007347	0.5359	0.5266	64.4	34.7	0.3865	854	356
nte_04998.jpg	0.081655	0.5035	0.7047	171.5	144.8	0.8789	854	356
nte_04998.jpg	0.002174	0.4945	0.4404	30.0	22.0	0.2844	854	356
nte_04998.jpg	0.004755	0.2402	0.4479	52.2	27.7	0.2598	854	356
nte_04999.jpg	0.080251	0.4977	0.7187	169.3	144.1	0.8833	854	356
nte_04999.jpg	0.005093	0.4160	0.6194	40.4	38.4	0.3875	854	356
nte_05000.jpg	0.076274	0.5004	0.7112	169.1	137.1	0.8945	854	356
nte_05001.jpg	0.082137	0.5008	0.7300	167.5	149.1	0.8477	854	356
nte_05002.jpg	0.069577	0.5016	0.6990	165.1	128.1	0.8701	854	356
nte_05003.jpg	0.069214	0.5020	0.6953	165.1	127.4	0.8354	854	356
nte_05004.jpg	0.065999	0.4992	0.6934	162.1	123.8	0.8838	854	356
nte_05005.jpg	0.066491	0.4988	0.6916	162.5	124.4	0.8687	854	356
nte_05006.jpg	0.066184	0.5012	0.6887	163.5	123.1	0.8428	854	356
nte_05007.jpg	0.066628	0.5012	0.6934	162.8	124.4	0.8652	854	356
nte_05008.jpg	0.067936	0.5020	0.6934	163.8	126.1	0.8696	854	356
nte_05009.jpg	0.068435	0.5016	0.6944	164.1	126.8	0.8555	854	356
nte_05010.jpg	0.066454	0.5020	0.6906	164.1	123.1	0.8325	854	356
nte_05011.jpg	0.067067	0.5016	0.6925	162.1	125.8	0.8530	854	356
nte_05012.jpg	0.067600	0.5016	0.6944	162.1	126.8	0.8442	854	356
nte_05013.jpg	0.069344	0.5012	0.6972	162.5	129.8	0.8423	854	356
nte_05014.jpg	0.067204	0.5004	0.6934	162.5	125.8	0.8613	854	356
nte_05014.jpg	0.003239	0.4492	0.4095	37.4	26.4	0.6226	854	356
nte_05015.jpg	0.065643	0.5004	0.6916	162.1	123.1	0.8799	854	356
nte_05015.jpg	0.000749	0.4277	0.4863	20.7	11.0	0.5151	854	356
nte_05015.jpg	0.004612	0.5785	0.5707	40.0	35.0	0.2908	854	356
nte_05016.jpg	0.065957	0.5008	0.6916	162.5	123.4	0.8750	854	356
nte_05016.jpg	0.001772	0.4062	0.4948	34.4	15.7	0.5166	854	356
nte_05017.jpg	0.067164	0.5000	0.6953	162.8	125.4	0.8745	854	356
nte_05017.jpg	0.005003	0.3566	0.4985	59.2	25.7	0.3701	854	356
nte_05018.jpg	0.068733	0.5004	0.6962	163.1	128.1	0.8647	854	356
nte_05018.jpg	0.000461	0.4738	0.4339	11.7	12.0	0.2676	854	356
nte_05019.jpg	0.067301	0.5004	0.6962	163.1	125.4	0.8662	854	356
nte_05019.jpg	0.000460	0.4727	0.4348	12.3	11.3	0.4026	854	356
nte_05020.jpg	0.067977	0.5008	0.6972	163.5	126.4	0.8667	854	356
nte_05021.jpg	0.068196	0.4961	0.6953	165.3	125.4	0.8682	854	356
nte_05021.jpg	0.000614	0.4668	0.4273	14.3	13.0	0.2661	854	356
nte_05022.jpg	0.067311	0.4988	0.6944	164.5	124.4	0.8760	854	356
nte_05023.jpg	0.067798	0.5000	0.6953	163.5	126.1	0.8745	854	356
nte_05023.jpg	0.000859	0.4574	0.4236	17.0	15.3	0.4839	854	356
nte_05024.jpg	0.069296	0.5004	0.6972	164.5	128.1	0.8750	854	356
nte_05024.jpg	0.000818	0.4531	0.4245	17.3	14.3	0.5464	854	356
nte_05025.jpg	0.068265	0.4953	0.6981	165.5	125.4	0.8794	854	356
nte_05026.jpg	0.068381	0.4941	0.6962	166.6	124.8	0.8784	854	356
nte_05026.jpg	0.002958	0.5727	0.5941	33.7	26.7	0.6094	854	356
nte_05026.jpg	0.001280	0.4348	0.4207	22.0	17.7	0.4373	854	356
nte_05027.jpg	0.069284	0.4961	0.7009	165.3	127.4	0.8740	854	356
nte_05027.jpg	0.008926	0.5695	0.4057	91.4	29.7	0.5210	854	356
nte_05028.jpg	0.070545	0.4945	0.7009	166.1	129.1	0.8916	854	356
nte_05029.jpg	0.077114	0.4863	0.7140	168.1	139.4	0.8647	854	356
nte_05029.jpg	0.002570	0.5840	0.4095	45.0	17.3	0.2524	854	356
nte_05030.jpg	0.076679	0.4910	0.7122	168.8	138.1	0.8809	854	356
nte_05031.jpg	0.073653	0.4910	0.7019	170.8	131.1	0.8911	854	356
nte_05031.jpg	0.002807	0.5539	0.4076	47.4	18.0	0.4858	854	356
nte_05031.jpg	0.008214	0.5055	0.3804	88.1	28.4	0.3469	854	356
nte_05032.jpg	0.081783	0.4848	0.7197	172.1	144.4	0.8843	854	356
nte_05032.jpg	0.003228	0.5332	0.4076	49.0	20.0	0.3447	854	356
nte_05033.jpg	0.075070	0.4828	0.7065	171.5	133.1	0.8872	854	356
nte_05033.jpg	0.003930	0.4977	0.4086	58.7	20.3	0.3279	854	356
nte_05034.jpg	0.076535	0.4848	0.7075	171.8	135.4	0.8965	854	356
nte_05034.jpg	0.004698	0.4727	0.4048	62.0	23.0	0.3049	854	356
nte_05035.jpg	0.080239	0.4844	0.7131	172.5	141.4	0.8921	854	356
nte_05035.jpg	0.002355	0.4590	0.4001	33.0	21.7	0.3052	854	356
nte_05036.jpg	0.074994	0.4828	0.7028	173.5	131.4	0.9038	854	356
nte_05036.jpg	0.002847	0.6363	0.4845	33.7	25.7	0.5522	854	356
nte_05036.jpg	0.002937	0.4207	0.4001	35.7	25.0	0.4360	854	356
nte_05036.jpg	0.031470	0.3166	0.3683	161.1	59.4	0.2900	854	356
nte_05037.jpg	0.077584	0.4852	0.7084	173.3	136.1	0.8945	854	356
nte_05037.jpg	0.037009	0.3074	0.3551	164.1	68.6	0.2598	854	356
nte_05038.jpg	0.075420	0.4848	0.7047	173.1	132.4	0.8975	854	356
nte_05038.jpg	0.003213	0.5887	0.5032	38.0	25.7	0.3628	854	356
nte_05038.jpg	0.000689	0.4699	0.4348	19.0	11.0	0.2688	854	356
nte_05039.jpg	0.076486	0.4840	0.7056	173.0	134.4	0.8936	854	356
nte_05039.jpg	0.004171	0.3307	0.4657	49.4	25.7	0.7197	854	356
nte_05039.jpg	0.001070	0.4164	0.4460	22.7	14.3	0.6011	854	356
nte_05039.jpg	0.004896	0.5238	0.5023	50.7	29.4	0.2878	854	356
nte_05040.jpg	0.076989	0.4863	0.6990	171.1	136.8	0.8364	854	356
nte_05040.jpg	0.077648	0.1175	0.4151	201.3	117.3	0.3289	854	356
nte_05041.jpg	0.073595	0.4938	0.7065	164.8	135.8	0.8594	854	356
nte_05041.jpg	0.005118	0.2715	0.4788	56.9	27.4	0.7524	854	356
nte_05041.jpg	0.045181	0.0782	0.4217	133.7	102.7	0.3354	854	356
nte_05041.jpg	0.000451	0.4352	0.4254	14.7	9.3	0.3267	854	356
nte_05042.jpg	0.070124	0.5012	0.7000	161.8	131.8	0.8511	854	356
nte_05042.jpg	0.000590	0.4270	0.4273	17.3	10.3	0.4209	854	356
nte_05043.jpg	0.079855	0.5141	0.7206	168.5	144.1	0.7925	854	356
nte_05043.jpg	0.000585	0.4324	0.4273	15.7	11.3	0.2627	854	356
nte_05044.jpg	0.066698	0.5039	0.6897	159.1	127.4	0.8530	854	356
nte_05044.jpg	0.000606	0.4410	0.4292	15.3	12.0	0.3228	854	356
nte_05045.jpg	0.064853	0.5016	0.6934	158.5	124.4	0.8535	854	356
nte_05045.jpg	0.001291	0.5066	0.4535	28.7	13.7	0.2644	854	356
nte_05046.jpg	0.066732	0.4969	0.6962	158.8	127.8	0.8643	854	356
nte_05047.jpg	0.066698	0.4988	0.6962	159.1	127.4	0.8823	854	356
nte_05047.jpg	0.000469	0.4285	0.4264	13.3	10.7	0.3535	854	356
nte_05048.jpg	0.066867	0.5004	0.6953	160.8	126.4	0.8662	854	356
nte_05049.jpg	0.069522	0.5016	0.6962	162.5	130.1	0.8579	854	356
nte_05049.jpg	0.005388	0.5012	0.4760	53.4	30.7	0.3840	854	356
nte_05049.jpg	0.000266	0.4090	0.4498	11.0	7.3	0.3716	854	356
nte_05050.jpg	0.067994	0.5008	0.7000	161.8	127.8	0.8721	854	356
nte_05050.jpg	0.000352	0.3977	0.4489	12.8	8.3	0.5376	854	356
nte_05050.jpg	0.000495	0.4473	0.4479	13.7	11.0	0.3972	854	356
nte_05050.jpg	0.000553	0.4793	0.4517	14.0	12.0	0.2749	854	356
nte_05050.jpg	0.006048	0.5004	0.4798	54.0	34.0	0.2622	854	356
nte_05051.jpg	0.069053	0.5008	0.7019	163.5	128.4	0.8696	854	356
nte_05051.jpg	0.001032	0.4379	0.4517	20.0	15.7	0.6816	854	356
nte_05051.jpg	0.000467	0.3865	0.4507	14.2	10.0	0.6245	854	356
nte_05051.jpg	0.000447	0.4555	0.4489	12.3	11.0	0.4907	854	356
nte_05051.jpg	0.000529	0.4762	0.4526	12.7	12.7	0.3967	854	356
nte_05052.jpg	0.072363	0.5008	0.7084	164.5	133.8	0.8779	854	356
nte_05052.jpg	0.000494	0.3703	0.4545	15.5	9.7	0.7144	854	356
nte_05052.jpg	0.001842	0.4207	0.4610	24.7	22.7	0.6592	854	356
nte_05052.jpg	0.000640	0.4484	0.4526	15.3	12.7	0.6196	854	356
nte_05052.jpg	0.000688	0.4715	0.4554	13.3	15.7	0.4839	854	356
nte_05053.jpg	0.076715	0.4957	0.7065	166.5	140.1	0.8833	854	356
nte_05053.jpg	0.003267	0.3865	0.4648	35.0	28.4	0.7998	854	356
nte_05053.jpg	0.000795	0.4320	0.4573	17.7	13.7	0.6855	854	356
nte_05053.jpg	0.000515	0.3439	0.4592	16.2	9.7	0.5601	854	356
nte_05053.jpg	0.000417	0.4148	0.4507	12.7	10.0	0.4580	854	356
nte_05054.jpg	0.075672	0.4992	0.7112	167.8	137.1	0.8857	854	356
nte_05054.jpg	0.006181	0.3445	0.4760	51.2	36.7	0.8032	854	356
nte_05054.jpg	0.001005	0.4164	0.4620	20.3	15.0	0.6206	854	356
nte_05054.jpg	0.000817	0.3150	0.4573	16.2	15.3	0.3984	854	356
nte_05054.jpg	0.000877	0.4488	0.4620	15.7	17.0	0.3767	854	356
nte_05054.jpg	0.000508	0.3805	0.4554	12.5	12.3	0.3745	854	356
nte_05054.jpg	0.000519	0.4836	0.4620	14.3	11.0	0.2847	854	356
nte_05054.jpg	0.000380	0.3920	0.4545	11.2	10.3	0.2700	854	356
nte_05054.jpg	0.001488	0.4793	0.5098	35.7	12.7	0.2578	854	356
nte_05055.jpg	0.047394	0.1565	0.5388	170.0	84.7	0.8989	854	356
nte_05055.jpg	0.075672	0.5004	0.7103	167.8	137.1	0.8784	854	356
nte_05055.jpg	0.002153	0.3270	0.4592	30.2	21.7	0.6699	854	356
nte_05055.jpg	0.002022	0.3861	0.4713	28.4	21.7	0.5991	854	356
nte_05055.jpg	0.001953	0.2691	0.4610	30.7	19.3	0.4712	854	356
nte_05055.jpg	0.000423	0.3658	0.4601	12.8	10.0	0.3650	854	356
nte_05055.jpg	0.009485	0.5441	0.4976	54.7	52.7	0.3467	854	356
nte_05055.jpg	0.007720	0.4234	0.5997	47.5	49.4	0.3223	854	356
nte_05056.jpg	0.076158	0.5008	0.7084	168.5	137.4	0.8892	854	356
nte_05056.jpg	0.004456	0.2529	0.4713	41.9	32.4	0.7148	854	356
nte_05056.jpg	0.004713	0.3332	0.4873	49.4	29.0	0.6782	854	356
nte_05056.jpg	0.003362	0.1887	0.4676	38.8	26.4	0.6567	854	356
nte_05056.jpg	0.003769	0.2996	0.4732	39.0	29.4	0.2593	854	356
nte_05057.jpg	0.077912	0.5000	0.7159	169.5	139.8	0.8940	854	356
nte_05057.jpg	0.016120	0.0599	0.5013	91.8	53.4	0.6973	854	356
nte_05057.jpg	0.024685	0.1761	0.5323	125.7	59.7	0.6826	854	356
nte_05057.jpg	0.009310	0.4258	0.5960	52.4	54.0	0.5063	854	356
nte_05057.jpg	0.001373	0.2746	0.4845	25.0	16.7	0.4954	854	356
nte_05058.jpg	0.077573	0.5008	0.7094	169.1	139.4	0.8906	854	356
nte_05058.jpg	0.009753	0.1958	0.5004	84.6	35.0	0.7402	854	356
nte_05059.jpg	0.075939	0.5008	0.7122	168.8	136.8	0.8955	854	356
nte_05060.jpg	0.076611	0.5004	0.7131	169.5	137.4	0.8853	854	356
nte_05061.jpg	0.076865	0.5035	0.7131	168.8	138.4	0.8979	854	356
nte_05061.jpg	0.000511	0.4172	0.4376	15.0	10.3	0.3545	854	356
nte_05061.jpg	0.006322	0.4234	0.6025	42.4	45.4	0.3484	854	356
nte_05061.jpg	0.000413	0.3529	0.4573	15.7	8.0	0.3425	854	356
nte_05061.jpg	0.006162	0.2855	0.4920	60.4	31.0	0.2861	854	356
nte_05062.jpg	0.075830	0.5020	0.7112	169.8	135.8	0.8945	854	356
nte_05062.jpg	0.000663	0.3055	0.4685	20.8	9.7	0.4536	854	356
nte_05062.jpg	0.000566	0.3650	0.4489	17.2	10.0	0.4224	854	356
nte_05063.jpg	0.077017	0.5008	0.7169	169.1	138.4	0.8940	854	356
nte_05063.jpg	0.001306	0.2209	0.4845	30.5	13.0	0.5786	854	356
nte_05063.jpg	0.000759	0.3346	0.4545	20.3	11.3	0.5039	854	356
nte_05063.jpg	0.001124	0.2213	0.5407	27.7	12.3	0.4082	854	356
nte_05063.jpg	0.004204	0.4930	0.5070	66.1	19.3	0.3306	854	356
nte_05063.jpg	0.000716	0.3775	0.4489	19.2	11.3	0.2974	854	356
nte_05063.jpg	0.000633	0.3553	0.4498	18.0	10.7	0.2842	854	356
nte_05064.jpg	0.075717	0.5008	0.7131	169.1	136.1	0.8926	854	356
nte_05064.jpg	0.001458	0.2803	0.4638	29.5	15.0	0.5332	854	356
nte_05064.jpg	0.009191	0.4266	0.5941	51.7	54.0	0.4119	854	356
nte_05064.jpg	0.000630	0.3090	0.4620	15.5	12.3	0.2817	854	356
nte_05065.jpg	0.076460	0.5004	0.7140	169.1	137.4	0.8872	854	356
nte_05065.jpg	0.002551	0.2004	0.4798	40.8	19.0	0.5864	854	356
nte_05065.jpg	0.004756	0.4914	0.5041	67.7	21.3	0.3577	854	356
nte_05066.jpg	0.083961	0.5000	0.7169	170.8	149.4	0.8467	854	356
nte_05067.jpg	0.080086	0.5012	0.7122	170.1	143.1	0.8691	854	356
nte_05067.jpg	0.006944	0.4223	0.6025	45.2	46.7	0.2627	854	356
nte_05068.jpg	0.083073	0.5004	0.7243	170.1	148.4	0.8467	854	356
nte_05069.jpg	0.079742	0.5004	0.7150	169.8	142.8	0.8604	854	356
nte_05070.jpg	0.084239	0.5016	0.7215	172.1	148.8	0.8569	854	356
nte_05071.jpg	0.079244	0.5008	0.7112	169.1	142.4	0.8740	854	356
nte_05072.jpg	0.079869	0.5008	0.7140	170.5	142.4	0.8716	854	356
nte_05073.jpg	0.079152	0.5008	0.7103	170.1	141.4	0.8701	854	356
nte_05074.jpg	0.082910	0.5008	0.7197	169.8	148.4	0.8760	854	356
nte_05074.jpg	0.001486	0.6598	0.4011	33.0	13.7	0.2876	854	356
nte_05075.jpg	0.080701	0.5004	0.7234	169.5	144.8	0.8579	854	356
nte_05075.jpg	0.008236	0.4906	0.5098	83.4	30.0	0.3025	854	356
nte_05076.jpg	0.079339	0.5008	0.7103	170.1	141.8	0.8774	854	356
nte_05077.jpg	0.087176	0.5023	0.7131	173.5	152.8	0.8618	854	356
nte_05077.jpg	0.000632	0.3836	0.4507	19.8	9.7	0.4358	854	356
nte_05078.jpg	0.077944	0.5012	0.7178	169.1	140.1	0.8765	854	356
nte_05079.jpg	0.083096	0.5008	0.7300	169.8	148.8	0.9077	854	356
nte_05080.jpg	0.080792	0.5004	0.7169	171.6	143.1	0.8872	854	356
nte_05081.jpg	0.077134	0.5008	0.7112	169.8	138.1	0.8926	854	356
nte_05081.jpg	0.000420	0.4227	0.3908	12.3	10.3	0.3350	854	356
nte_05082.jpg	0.079526	0.5012	0.7122	170.1	142.1	0.8916	854	356
nte_05083.jpg	0.079209	0.5004	0.7150	171.5	140.4	0.8984	854	356
nte_05084.jpg	0.081248	0.5020	0.7075	171.8	143.8	0.8882	854	356
nte_05085.jpg	0.080902	0.5016	0.7094	171.5	143.4	0.8872	854	356
nte_05086.jpg	0.080212	0.5012	0.7103	170.8	142.8	0.8945	854	356
nte_05087.jpg	0.080617	0.5008	0.7122	170.5	143.8	0.8862	854	356
nte_05088.jpg	0.080646	0.5008	0.7094	170.1	144.1	0.8970	854	356
nte_05088.jpg	0.001437	0.4863	0.4732	25.7	17.0	0.3975	854	356
nte_05089.jpg	0.080430	0.5008	0.7094	170.5	143.4	0.8735	854	356
nte_05089.jpg	0.000494	0.3891	0.4170	16.7	9.0	0.2646	854	356
nte_05090.jpg	0.081119	0.5023	0.7159	173.1	142.4	0.8564	854	356
nte_05091.jpg	0.080144	0.5004	0.7112	169.5	143.8	0.8667	854	356
nte_05091.jpg	0.001587	0.4871	0.4826	28.4	17.0	0.2615	854	356
nte_05092.jpg	0.079400	0.5004	0.7112	169.5	142.4	0.8838	854	356
nte_05092.jpg	0.002099	0.4863	0.4770	30.4	21.0	0.3247	854	356
nte_05092.jpg	0.000726	0.4590	0.4882	21.4	10.3	0.2517	854	356
nte_05093.jpg	0.079929	0.5004	0.7122	169.8	143.1	0.8701	854	356
nte_05093.jpg	0.000928	0.4586	0.4957	21.7	13.0	0.4126	854	356
nte_05093.jpg	0.002179	0.4875	0.4798	31.0	21.4	0.3918	854	356
nte_05094.jpg	0.079615	0.5008	0.7094	169.1	143.1	0.8828	854	356
nte_05094.jpg	0.002609	0.4883	0.4788	33.0	24.0	0.3215	854	356
nte_05095.jpg	0.079244	0.5008	0.7103	169.1	142.4	0.8823	854	356
nte_05095.jpg	0.002138	0.4875	0.4845	33.0	19.7	0.3167	854	356
nte_05095.jpg	0.003211	0.4520	0.3870	34.0	28.7	0.2688	854	356
nte_05096.jpg	0.083911	0.5027	0.7065	173.8	146.8	0.8618	854	356
nte_05096.jpg	0.003075	0.4875	0.4667	35.0	26.7	0.3601	854	356
nte_05097.jpg	0.079028	0.5008	0.7178	169.5	141.8	0.8857	854	356
nte_05097.jpg	0.001301	0.4547	0.5041	26.4	15.0	0.2937	854	356
nte_05097.jpg	0.002145	0.4875	0.4948	31.0	21.0	0.2837	854	356
nte_05098.jpg	0.080773	0.5020	0.7169	172.8	142.1	0.8682	854	356
nte_05099.jpg	0.081259	0.5004	0.7169	169.5	145.8	0.8901	854	356
nte_05100.jpg	0.079556	0.5012	0.7131	169.8	142.4	0.8755	854	356
nte_05101.jpg	0.080991	0.5008	0.7187	170.5	144.4	0.8701	854	356
nte_05101.jpg	0.000359	0.4137	0.4161	11.7	9.3	0.3616	854	356
nte_05102.jpg	0.081865	0.5020	0.7159	168.8	147.4	0.8496	854	356
nte_05102.jpg	0.000454	0.4109	0.4161	13.3	10.3	0.3506	854	356
nte_05102.jpg	0.000567	0.4773	0.3983	14.3	12.0	0.2979	854	356
nte_05103.jpg	0.077944	0.5012	0.7103	169.1	140.1	0.8877	854	356
nte_05103.jpg	0.000707	0.4773	0.3983	15.3	14.0	0.3584	854	356
nte_05104.jpg	0.081684	0.5008	0.7103	171.1	145.1	0.8589	854	356
nte_05105.jpg	0.082300	0.5008	0.7131	170.5	146.8	0.8896	854	356
nte_05106.jpg	0.081978	0.5008	0.7065	169.8	146.8	0.8652	854	356
nte_05107.jpg	0.092477	0.4996	0.6850	171.3	164.1	0.8022	854	356
nte_05108.jpg	0.082300	0.5008	0.7000	170.5	146.8	0.8340	854	356
nte_05109.jpg	0.076831	0.5008	0.7103	169.1	138.1	0.9092	854	356
nte_05109.jpg	0.009193	0.4266	0.5997	52.0	53.7	0.3975	854	356
nte_05109.jpg	0.000545	0.5922	0.5173	16.0	10.3	0.3101	854	356
nte_05110.jpg	0.079682	0.5008	0.7187	170.5	142.1	0.8784	854	356
nte_05111.jpg	0.075753	0.5004	0.7112	168.8	136.4	0.8984	854	356
nte_05112.jpg	0.077912	0.5012	0.7140	169.5	139.8	0.8857	854	356
nte_05112.jpg	0.000633	0.3814	0.4142	18.0	10.7	0.3450	854	356
nte_05113.jpg	0.077624	0.5082	0.7122	170.5	138.4	0.8994	854	356
nte_05113.jpg	0.004947	0.4293	0.5969	36.4	41.4	0.5093	854	356
nte_05113.jpg	0.000756	0.3842	0.4142	21.5	10.7	0.3135	854	356
nte_05114.jpg	0.080712	0.5066	0.7187	175.1	140.1	0.8813	854	356
nte_05114.jpg	0.000670	0.3867	0.4151	18.5	11.0	0.3215	854	356
nte_05114.jpg	0.000810	0.4391	0.5604	18.0	13.7	0.2583	854	356
nte_05115.jpg	0.080682	0.5023	0.7187	171.8	142.8	0.8730	854	356
nte_05116.jpg	0.079463	0.5004	0.7150	170.8	141.4	0.8926	854	356
nte_05116.jpg	0.000530	0.1734	0.4310	17.3	9.3	0.3699	854	356
nte_05117.jpg	0.082247	0.5004	0.7197	171.1	146.1	0.8833	854	356
nte_05117.jpg	0.000395	0.3586	0.4161	13.3	9.0	0.3101	854	356
nte_05118.jpg	0.082876	0.5070	0.7140	176.5	142.8	0.8379	854	356
nte_05119.jpg	0.083211	0.5059	0.7206	170.8	148.1	0.8599	854	356
nte_05119.jpg	0.000551	0.3363	0.4189	15.7	10.7	0.4141	854	356
nte_05119.jpg	0.001066	0.4422	0.5566	18.7	17.3	0.3247	854	356
nte_05120.jpg	0.088084	0.5145	0.7309	174.1	153.8	0.8833	854	356
nte_05120.jpg	0.007595	0.5930	0.6335	52.0	44.4	0.6313	854	356
nte_05120.jpg	0.000587	0.3369	0.4226	17.8	10.0	0.5640	854	356
nte_05120.jpg	0.004698	0.4570	0.5388	46.0	31.0	0.2974	854	356
nte_05121.jpg	0.082756	0.5188	0.7243	171.8	146.4	0.8809	854	356
nte_05121.jpg	0.000497	0.3486	0.4282	16.2	9.3	0.2676	854	356
nte_05122.jpg	0.082165	0.5086	0.7243	169.8	147.1	0.8828	854	356
nte_05122.jpg	0.000720	0.3469	0.4357	20.5	10.7	0.4666	854	356
nte_05123.jpg	0.083586	0.5074	0.7281	170.8	148.8	0.8677	854	356
nte_05123.jpg	0.002319	0.3156	0.4451	33.0	21.4	0.6787	854	356
nte_05123.jpg	0.004947	0.1494	0.4067	72.7	20.7	0.2896	854	356
nte_05124.jpg	0.081466	0.5066	0.7225	171.5	144.4	0.8574	854	356
nte_05124.jpg	0.007915	0.2369	0.4751	75.1	32.0	0.3076	854	356
nte_05125.jpg	0.083937	0.5152	0.7262	171.1	149.1	0.8726	854	356
nte_05126.jpg	0.083881	0.5168	0.7272	174.1	146.4	0.8916	854	356
nte_05127.jpg	0.077739	0.5184	0.7112	172.8	136.8	0.8857	854	356
nte_05128.jpg	0.078149	0.5180	0.7131	174.1	136.4	0.8921	854	356
nte_05129.jpg	0.072748	0.5141	0.7065	169.1	130.8	0.8770	854	356
nte_05129.jpg	0.000514	0.4172	0.5547	13.0	12.0	0.3464	854	356
nte_05130.jpg	0.067311	0.5152	0.6972	164.5	124.4	0.8579	854	356
nte_05130.jpg	0.004071	0.5914	0.6072	44.7	27.7	0.3333	854	356
nte_05130.jpg	0.000596	0.4125	0.5679	14.7	12.3	0.2852	854	356
nte_05131.jpg	0.067123	0.5164	0.6953	163.1	125.1	0.8652	854	356
nte_05131.jpg	0.000585	0.4121	0.5725	15.7	11.3	0.4268	854	356
nte_05132.jpg	0.063543	0.5164	0.6831	163.1	118.4	0.8740	854	356
nte_05133.jpg	0.063295	0.5090	0.6859	159.8	120.4	0.8589	854	356
nte_05134.jpg	0.063212	0.5125	0.6803	164.1	117.1	0.8853	854	356
nte_05134.jpg	0.000579	0.3676	0.5725	15.5	11.3	0.2710	854	356
nte_05135.jpg	0.062233	0.5168	0.6812	161.1	117.4	0.8921	854	356
nte_05136.jpg	0.062593	0.5090	0.6737	150.1	126.8	0.7520	854	356
nte_05137.jpg	0.065096	0.5184	0.6831	164.8	120.1	0.8564	854	356
nte_05138.jpg	0.065772	0.5168	0.6878	165.1	121.1	0.8838	854	356
nte_05139.jpg	0.074272	0.5168	0.7056	168.8	133.8	0.8530	854	356
nte_05140.jpg	0.067086	0.5121	0.6916	164.8	123.8	0.8594	854	356
nte_05140.jpg	0.000269	0.3455	0.4638	11.7	7.0	0.5186	854	356
nte_05141.jpg	0.064777	0.5055	0.6916	159.1	123.8	0.8838	854	356
nte_05141.jpg	0.000347	0.3514	0.4629	13.2	8.0	0.5288	854	356
nte_05142.jpg	0.068908	0.5023	0.7037	157.8	132.8	0.8896	854	356
nte_05142.jpg	0.000320	0.3445	0.4638	12.7	7.7	0.4626	854	356
nte_05142.jpg	0.000455	0.4035	0.4657	11.8	11.7	0.3140	854	356
nte_05143.jpg	0.065998	0.5016	0.6934	157.5	127.4	0.8682	854	356
nte_05143.jpg	0.000520	0.3238	0.4648	16.3	9.7	0.5151	854	356
nte_05144.jpg	0.065575	0.5055	0.6887	159.8	124.8	0.8691	854	356
nte_05144.jpg	0.000642	0.3072	0.4667	19.5	10.0	0.4519	854	356
nte_05144.jpg	0.000368	0.3705	0.4217	11.2	10.0	0.2781	854	356
nte_05145.jpg	0.070512	0.5070	0.6775	159.5	134.4	0.8491	854	356
nte_05145.jpg	0.001121	0.2766	0.4685	29.2	11.7	0.3591	854	356
nte_05146.jpg	0.071072	0.5055	0.6737	161.1	134.1	0.7959	854	356
nte_05147.jpg	0.071360	0.5012	0.6916	159.8	135.8	0.8413	854	356
nte_05147.jpg	0.001651	0.1072	0.4929	34.2	14.7	0.2830	854	356
nte_05148.jpg	0.068597	0.5008	0.6869	161.1	129.4	0.8726	854	356
nte_05149.jpg	0.068515	0.5012	0.6953	163.5	127.4	0.8735	854	356
nte_05149.jpg	0.000703	0.3846	0.4676	18.8	11.3	0.2639	854	356
nte_05150.jpg	0.080207	0.5012	0.7122	166.1	146.8	0.8140	854	356
nte_05150.jpg	0.003584	0.4195	0.5922	34.0	32.0	0.3120	854	356
nte_05150.jpg	0.000985	0.4266	0.4610	23.0	13.0	0.2588	854	356
nte_05151.jpg	0.073463	0.4992	0.6990	167.8	133.1	0.8574	854	356
nte_05152.jpg	0.073293	0.4891	0.6990	170.0	131.1	0.8794	854	356
nte_05152.jpg	0.002010	0.4035	0.4713	30.5	20.0	0.2905	854	356
nte_05153.jpg	0.077101	0.4883	0.7075	171.8	136.4	0.8770	854	356
nte_05154.jpg	0.072432	0.4961	0.6953	170.1	129.4	0.8530	854	356
nte_05155.jpg	0.070604	0.4988	0.6981	167.1	128.4	0.8750	854	356
nte_05156.jpg	0.069155	0.4980	0.6972	164.1	128.1	0.8828	854	356
nte_05157.jpg	0.068963	0.4934	0.6953	165.0	127.1	0.8901	854	356
nte_05158.jpg	0.068663	0.4922	0.6990	163.0	128.1	0.8818	854	356
nte_05159.jpg	0.069771	0.4859	0.7028	163.5	129.8	0.8921	854	356
nte_05160.jpg	0.066848	0.4844	0.6953	162.5	125.1	0.8774	854	356
nte_05161.jpg	0.071026	0.4855	0.7037	163.5	132.1	0.8687	854	356
nte_05162.jpg	0.070043	0.4941	0.7047	160.8	132.4	0.8638	854	356
nte_05163.jpg	0.073896	0.5023	0.7037	163.5	137.4	0.8594	854	356
nte_05164.jpg	0.063714	0.4930	0.6906	157.8	122.8	0.8955	854	356
nte_05165.jpg	0.066659	0.4875	0.6906	160.3	126.4	0.8804	854	356
nte_05165.jpg	0.003199	0.4047	0.4891	37.9	25.7	0.3984	854	356
nte_05166.jpg	0.068384	0.4871	0.6916	160.6	129.4	0.8735	854	356
nte_05166.jpg	0.003869	0.3689	0.4938	40.5	29.0	0.7109	854	356
nte_05167.jpg	0.067539	0.4871	0.6916	160.3	128.1	0.8726	854	356
nte_05168.jpg	0.064266	0.4875	0.6794	161.8	120.8	0.8672	854	356
nte_05169.jpg	0.059181	0.4969	0.6775	156.8	114.8	0.8945	854	356
nte_05169.jpg	0.004123	0.4258	0.5838	42.7	29.4	0.2585	854	356
nte_05170.jpg	0.056773	0.4996	0.6709	156.8	110.1	0.8965	854	356
nte_05171.jpg	0.057066	0.4945	0.6709	157.1	110.4	0.8999	854	356
nte_05172.jpg	0.061374	0.4875	0.6766	162.1	115.1	0.8423	854	356
nte_05173.jpg	0.062392	0.4875	0.6756	165.3	114.8	0.8784	854	356
nte_05173.jpg	0.001437	0.5594	0.5566	25.7	17.0	0.3159	854	356
nte_05174.jpg	0.063854	0.4914	0.6794	165.8	117.1	0.8711	854	356
nte_05175.jpg	0.061904	0.4945	0.6775	165.0	114.1	0.8872	854	356
nte_05176.jpg	0.068345	0.4867	0.6897	168.8	123.1	0.7910	854	356
nte_05177.jpg	0.066766	0.4836	0.6831	170.0	119.4	0.8589	854	356
nte_05178.jpg	0.067446	0.4945	0.6794	169.8	120.8	0.8672	854	356
nte_05179.jpg	0.064368	0.5020	0.6756	167.1	117.1	0.8970	854	356
nte_05180.jpg	0.065102	0.5027	0.6766	167.1	118.4	0.8862	854	356
nte_05181.jpg	0.065937	0.5121	0.6756	168.8	118.8	0.8867	854	356
nte_05182.jpg	0.067127	0.5133	0.6859	169.5	120.4	0.8779	854	356
nte_05182.jpg	0.000253	0.4031	0.4282	10.0	7.7	0.2825	854	356
nte_05183.jpg	0.066230	0.5043	0.6906	168.1	119.8	0.8926	854	356
nte_05184.jpg	0.063588	0.5008	0.6869	168.5	114.8	0.8877	854	356
nte_05184.jpg	0.000348	0.4078	0.4226	12.7	8.3	0.3333	854	356
nte_05185.jpg	0.064257	0.5078	0.6878	167.8	116.4	0.8716	854	356
nte_05185.jpg	0.000290	0.3826	0.4217	11.0	8.0	0.3552	854	356
nte_05186.jpg	0.067366	0.5102	0.6944	169.1	121.1	0.8857	854	356
nte_05186.jpg	0.000864	0.3225	0.4376	20.2	13.0	0.4846	854	356
nte_05186.jpg	0.000527	0.4355	0.4264	13.3	12.0	0.3425	854	356
nte_05186.jpg	0.000446	0.4094	0.4011	14.0	9.7	0.3311	854	356
nte_05187.jpg	0.073322	0.5203	0.7019	170.5	130.8	0.8887	854	356
nte_05187.jpg	0.002139	0.3105	0.4310	34.2	19.0	0.6475	854	356
nte_05187.jpg	0.000505	0.4285	0.3973	15.3	10.0	0.3821	854	356
nte_05187.jpg	0.000519	0.3867	0.4104	17.5	9.0	0.3127	854	356
nte_05188.jpg	0.079906	0.5281	0.7187	173.8	139.8	0.8984	854	356
nte_05188.jpg	0.003267	0.2934	0.4385	39.7	25.0	0.4568	854	356
nte_05188.jpg	0.000695	0.3695	0.4226	19.2	11.0	0.3271	854	356
nte_05188.jpg	0.000515	0.4559	0.4011	14.7	10.7	0.3252	854	356
nte_05188.jpg	0.000307	0.4363	0.4123	11.7	8.0	0.2898	854	356
nte_05188.jpg	0.000520	0.4148	0.4161	16.3	9.7	0.2588	854	356
nte_05189.jpg	0.080338	0.5344	0.7272	171.5	142.4	0.8447	854	356
nte_05189.jpg	0.013923	0.2445	0.4713	103.2	41.0	0.8438	854	356
nte_05189.jpg	0.001484	0.3916	0.4367	26.5	17.0	0.6777	854	356
nte_05189.jpg	0.000604	0.4426	0.4310	16.7	11.0	0.4675	854	356
nte_05189.jpg	0.000329	0.4730	0.4245	12.0	8.3	0.4204	854	356
nte_05189.jpg	0.000531	0.4574	0.4282	14.7	11.0	0.4016	854	356
nte_05189.jpg	0.000329	0.4859	0.4189	12.0	8.3	0.2642	854	356
nte_05190.jpg	0.045279	0.1049	0.5547	178.6	77.1	0.8989	854	356
nte_05190.jpg	0.080674	0.5270	0.7290	169.8	144.4	0.8882	854	356
nte_05190.jpg	0.003927	0.3998	0.4470	51.9	23.0	0.5093	854	356
nte_05190.jpg	0.001940	0.4715	0.4329	33.4	17.7	0.4885	854	356
nte_05190.jpg	0.000504	0.5188	0.4301	14.3	10.7	0.4478	854	356
nte_05190.jpg	0.001630	0.6625	0.3383	35.4	14.0	0.4121	854	356
nte_05190.jpg	0.000590	0.4996	0.4339	17.3	10.3	0.3796	854	356
nte_05190.jpg	0.001095	0.5406	0.4161	22.7	14.7	0.3599	854	356
nte_05191.jpg	0.085055	0.4961	0.7318	173.8	148.8	0.8760	854	356
nte_05191.jpg	0.003756	0.4750	0.4442	45.0	25.4	0.6938	854	356
nte_05191.jpg	0.013068	0.3449	0.4891	100.1	39.7	0.5913	854	356
nte_05191.jpg	0.001898	0.5680	0.4236	32.0	18.0	0.3525	854	356
nte_05191.jpg	0.000717	0.5203	0.4385	18.7	11.7	0.3059	854	356
nte_05191.jpg	0.001001	0.5371	0.4376	24.0	12.7	0.2708	854	356
nte_05192.jpg	0.089544	0.4762	0.7290	176.6	154.1	0.8975	854	356
nte_05192.jpg	0.008025	0.4305	0.4685	67.7	36.0	0.8091	854	356
nte_05192.jpg	0.090384	0.1339	0.6231	228.2	120.4	0.7651	854	356
nte_05192.jpg	0.003060	0.5543	0.4226	36.7	25.4	0.7549	854	356
nte_05192.jpg	0.003357	0.5090	0.4423	43.7	23.4	0.7354	854	356
nte_05192.jpg	0.002379	0.6875	0.3308	43.4	16.7	0.4419	854	356
nte_05193.jpg	0.032893	0.3000	0.5472	146.9	68.1	0.8848	854	356
nte_05193.jpg	0.082295	0.4711	0.7206	176.5	141.8	0.8809	854	356
nte_05193.jpg	0.006625	0.4590	0.4657	60.4	33.4	0.8076	854	356
nte_05193.jpg	0.004868	0.5219	0.4357	44.4	33.4	0.7480	854	356
nte_05194.jpg	0.080558	0.4711	0.7178	174.8	140.1	0.8730	854	356
nte_05194.jpg	0.033236	0.3465	0.5538	133.4	75.7	0.8359	854	356
nte_05194.jpg	0.010730	0.4715	0.4563	68.4	47.7	0.7783	854	356
nte_05195.jpg	0.154874	0.1638	0.7600	280.1	168.1	0.9019	854	356
nte_05195.jpg	0.077320	0.4746	0.7150	173.1	135.8	0.8823	854	356
nte_05195.jpg	0.015808	0.4375	0.4592	76.2	63.0	0.5840	854	356
nte_05195.jpg	0.012457	0.4035	0.5248	77.2	49.0	0.5825	854	356
nte_05196.jpg	0.093929	0.4797	0.7496	176.1	162.1	0.8413	854	356
nte_05197.jpg	0.083413	0.4898	0.7159	176.0	144.1	0.8491	854	356
nte_05198.jpg	0.077236	0.4852	0.7140	173.8	135.1	0.8921	854	356
nte_05199.jpg	0.077584	0.4836	0.7112	173.3	136.1	0.8989	854	356
nte_05200.jpg	0.076306	0.4816	0.7122	172.1	134.8	0.8916	854	356
nte_05201.jpg	0.072929	0.4836	0.7019	171.3	129.4	0.8896	854	356
nte_05202.jpg	0.072529	0.4824	0.7056	170.8	129.1	0.8813	854	356
nte_05203.jpg	0.072550	0.4816	0.7009	172.6	127.8	0.8657	854	356
nte_05204.jpg	0.076019	0.4828	0.7037	173.6	133.1	0.8555	854	356
nte_05205.jpg	0.071376	0.4816	0.7037	171.6	126.4	0.8623	854	356
nte_05206.jpg	0.076033	0.4805	0.7075	172.8	133.8	0.8682	854	356
nte_05207.jpg	0.073240	0.4820	0.7000	168.1	132.4	0.8721	854	356
nte_05207.jpg	0.000859	0.5801	0.4526	17.0	15.3	0.2542	854	356
nte_05208.jpg	0.089788	0.4801	0.6887	172.6	158.1	0.8174	854	356
nte_05209.jpg	0.068985	0.4914	0.7009	160.8	130.4	0.8525	854	356
nte_05210.jpg	0.063755	0.5047	0.6981	154.1	125.8	0.8936	854	356
nte_05211.jpg	0.063557	0.5055	0.6990	150.5	128.4	0.8872	854	356
nte_05212.jpg	0.064337	0.5020	0.6981	151.1	129.4	0.8486	854	356
nte_05213.jpg	0.062339	0.5016	0.6962	149.1	127.1	0.8838	854	356
nte_05214.jpg	0.065829	0.5004	0.7000	151.1	132.4	0.8701	854	356
nte_05214.jpg	0.000664	0.4039	0.4254	18.3	11.0	0.3318	854	356
nte_05215.jpg	0.067410	0.5020	0.6990	157.1	130.4	0.8667	854	356
nte_05215.jpg	0.001120	0.3910	0.4348	22.2	15.3	0.3547	854	356
nte_05216.jpg	0.068362	0.5066	0.7065	153.5	135.4	0.8652	854	356
nte_05217.jpg	0.069630	0.5023	0.7112	151.5	139.8	0.8735	854	356
nte_05218.jpg	0.064218	0.5020	0.7000	150.5	129.8	0.8862	854	356
nte_05219.jpg	0.063839	0.5102	0.6972	151.1	128.4	0.8735	854	356
nte_05220.jpg	0.063203	0.5102	0.6953	152.8	125.8	0.8833	854	356
nte_05221.jpg	0.068867	0.5059	0.7112	153.5	136.4	0.8730	854	356
nte_05222.jpg	0.066654	0.5105	0.7028	153.8	131.8	0.8784	854	356
nte_05223.jpg	0.065514	0.5152	0.6953	157.1	126.8	0.8813	854	356
nte_05224.jpg	0.069171	0.5168	0.7037	158.8	132.4	0.8750	854	356
nte_05225.jpg	0.068547	0.5082	0.7084	155.8	133.8	0.8740	854	356
nte_05226.jpg	0.068059	0.5066	0.7084	155.5	133.1	0.8730	854	356
nte_05227.jpg	0.069744	0.5082	0.7094	155.8	136.1	0.8643	854	356
nte_05227.jpg	0.000384	0.4395	0.4273	14.0	8.3	0.3950	854	356
nte_05228.jpg	0.069699	0.5082	0.7065	156.5	135.4	0.8569	854	356
nte_05228.jpg	0.000430	0.4395	0.4198	14.0	9.3	0.2554	854	356
nte_05229.jpg	0.067718	0.5102	0.7056	155.5	132.4	0.8843	854	356
nte_05230.jpg	0.071483	0.5121	0.7112	158.1	137.4	0.8833	854	356
nte_05231.jpg	0.075708	0.5055	0.7150	160.5	143.4	0.8535	854	356
nte_05231.jpg	0.000217	0.4320	0.3889	9.0	7.3	0.2598	854	356
nte_05232.jpg	0.072891	0.5027	0.7140	157.8	140.4	0.8398	854	356
nte_05233.jpg	0.072830	0.5035	0.7122	158.8	139.4	0.8765	854	356
nte_05234.jpg	0.074242	0.5063	0.7206	158.5	142.4	0.8501	854	356
nte_05234.jpg	0.000771	0.4707	0.4489	16.3	14.3	0.5337	854	356
nte_05234.jpg	0.000376	0.3797	0.3889	12.7	9.0	0.4148	854	356
nte_05234.jpg	0.000346	0.4328	0.3908	11.7	9.0	0.2756	854	356
nte_05235.jpg	0.073600	0.5074	0.7178	157.5	142.1	0.8633	854	356
nte_05235.jpg	0.000376	0.3801	0.3954	12.7	9.0	0.5698	854	356
nte_05236.jpg	0.071873	0.5059	0.7140	157.5	138.8	0.8696	854	356
nte_05236.jpg	0.000446	0.3816	0.4011	14.0	9.7	0.5430	854	356
nte_05236.jpg	0.014617	0.4656	0.5116	89.4	49.7	0.2593	854	356
nte_05237.jpg	0.072371	0.5137	0.7169	157.8	139.4	0.8818	854	356
nte_05237.jpg	0.000613	0.3865	0.4086	15.5	12.0	0.5928	854	356
nte_05237.jpg	0.011210	0.4730	0.5023	77.4	44.0	0.5537	854	356
nte_05238.jpg	0.073946	0.5082	0.7131	157.5	142.8	0.8467	854	356
nte_05238.jpg	0.001010	0.3920	0.4236	19.2	16.0	0.5928	854	356
nte_05238.jpg	0.000657	0.3811	0.3767	15.3	13.0	0.3711	854	356
nte_05238.jpg	0.000876	0.3908	0.4048	19.0	14.0	0.2520	854	356
nte_05239.jpg	0.075127	0.5063	0.7159	158.1	144.4	0.8472	854	356
nte_05239.jpg	0.000813	0.3879	0.4179	18.5	13.3	0.5464	854	356
nte_05239.jpg	0.000474	0.3969	0.3720	13.5	10.7	0.2759	854	356
nte_05240.jpg	0.081546	0.5070	0.7178	158.1	156.8	0.8530	854	356
nte_05240.jpg	0.002899	0.3523	0.4376	36.7	24.0	0.7651	854	356
nte_05240.jpg	0.000494	0.3729	0.3926	15.0	10.0	0.4780	854	356
nte_05240.jpg	0.000417	0.4020	0.3748	12.7	10.0	0.4087	854	356
nte_05240.jpg	0.000295	0.3898	0.3879	10.3	8.7	0.3352	854	356
nte_05241.jpg	0.075300	0.5066	0.7178	158.1	144.8	0.8604	854	356
nte_05241.jpg	0.008735	0.2900	0.4685	69.2	38.4	0.6763	854	356
nte_05241.jpg	0.000551	0.3771	0.3926	15.7	10.7	0.3838	854	356
nte_05241.jpg	0.000482	0.4047	0.3730	14.2	10.3	0.3374	854	356
nte_05241.jpg	0.000297	0.3537	0.3917	10.8	8.3	0.3215	854	356
nte_05242.jpg	0.075568	0.5094	0.7225	159.8	143.8	0.8608	854	356
nte_05242.jpg	0.000387	0.3668	0.3936	12.2	9.7	0.2957	854	356
nte_05242.jpg	0.000357	0.3812	0.3983	12.5	8.7	0.2893	854	356
nte_05243.jpg	0.073486	0.5105	0.7169	159.5	140.1	0.8452	854	356
nte_05243.jpg	0.000354	0.3973	0.3964	11.5	9.3	0.5010	854	356
nte_05243.jpg	0.000650	0.3793	0.4001	16.0	12.3	0.4771	854	356
nte_05244.jpg	0.074740	0.5164	0.7159	161.8	140.4	0.8750	854	356
nte_05244.jpg	0.000366	0.4203	0.3992	12.3	9.0	0.4954	854	356
nte_05244.jpg	0.000628	0.3932	0.4132	16.3	11.7	0.3726	854	356
nte_05244.jpg	0.000478	0.3951	0.4001	14.5	10.0	0.2668	854	356
nte_05245.jpg	0.077462	0.5160	0.7215	163.8	143.8	0.8638	854	356
nte_05245.jpg	0.000403	0.4492	0.4011	12.7	9.7	0.4028	854	356
nte_05246.jpg	0.075043	0.5082	0.7159	159.8	142.8	0.8696	854	356
nte_05246.jpg	0.000428	0.4688	0.3992	13.0	10.0	0.3877	854	356
nte_05246.jpg	0.001381	0.4145	0.4226	25.7	16.3	0.3799	854	356
nte_05247.jpg	0.073565	0.5070	0.7206	158.1	141.4	0.8779	854	356
nte_05247.jpg	0.003889	0.3984	0.4367	42.7	27.7	0.7485	854	356
nte_05247.jpg	0.000612	0.4801	0.4029	14.7	12.7	0.5679	854	356
nte_05247.jpg	0.000642	0.4539	0.3992	15.0	13.0	0.3621	854	356
nte_05248.jpg	0.077437	0.5051	0.7169	161.1	146.1	0.8369	854	356
nte_05248.jpg	0.008777	0.3600	0.4676	67.2	39.7	0.8076	854	356
nte_05248.jpg	0.000541	0.4074	0.4189	17.0	9.7	0.4180	854	356
nte_05248.jpg	0.000690	0.4895	0.4048	15.3	13.7	0.2859	854	356
nte_05249.jpg	0.111011	0.1555	0.6306	265.5	127.1	0.8501	854	356
nte_05249.jpg	0.074764	0.5043	0.7075	158.5	143.4	0.8057	854	356
nte_05249.jpg	0.000498	0.4074	0.4245	14.2	10.7	0.6016	854	356
nte_05250.jpg	0.071700	0.5082	0.7122	157.5	138.4	0.8804	854	356
nte_05250.jpg	0.000570	0.4094	0.4292	13.7	12.7	0.6060	854	356
nte_05251.jpg	0.071436	0.5113	0.7122	158.8	136.8	0.8770	854	356
nte_05251.jpg	0.000660	0.4219	0.4357	14.7	13.7	0.6191	854	356
nte_05252.jpg	0.073311	0.5020	0.7028	159.5	139.8	0.8472	854	356
nte_05252.jpg	0.000656	0.4266	0.4301	18.7	10.7	0.3677	854	356
nte_05252.jpg	0.002947	0.4375	0.4489	40.7	22.0	0.3223	854	356
nte_05253.jpg	0.068180	0.5020	0.6990	156.1	132.8	0.8687	854	356
nte_05253.jpg	0.000943	0.4176	0.4423	18.7	15.3	0.6235	854	356
nte_05253.jpg	0.000540	0.4285	0.4339	13.7	12.0	0.4834	854	356
nte_05254.jpg	0.069479	0.5082	0.7028	157.1	134.4	0.8525	854	356
nte_05254.jpg	0.000799	0.4289	0.4357	17.3	14.0	0.7319	854	356
nte_05254.jpg	0.001177	0.4105	0.4563	22.4	16.0	0.4651	854	356
nte_05255.jpg	0.070739	0.5031	0.6981	158.8	135.4	0.8584	854	356
nte_05255.jpg	0.003060	0.3926	0.4676	38.2	24.4	0.7329	854	356
nte_05255.jpg	0.000730	0.4242	0.4489	19.0	11.7	0.5186	854	356
nte_05255.jpg	0.000960	0.4309	0.4385	21.4	13.7	0.3416	854	356
nte_05255.jpg	0.001015	0.6340	0.4432	22.0	14.0	0.2920	854	356
nte_05256.jpg	0.009006	0.3430	0.4929	69.6	39.4	0.8389	854	356
nte_05256.jpg	0.073464	0.5051	0.6766	159.8	139.8	0.8242	854	356
nte_05256.jpg	0.001507	0.4172	0.4470	23.7	19.3	0.6060	854	356
nte_05256.jpg	0.003384	0.6570	0.4395	44.7	23.0	0.4302	854	356
nte_05256.jpg	0.001080	0.4324	0.4395	19.7	16.7	0.3782	854	356
nte_05256.jpg	0.000483	0.4414	0.4367	11.0	13.3	0.2708	854	356
nte_05257.jpg	0.088014	0.1346	0.6363	229.2	116.8	0.8896	854	356
nte_05257.jpg	0.071761	0.5063	0.6897	159.1	137.1	0.8501	854	356
nte_05257.jpg	0.002685	0.4012	0.4545	32.2	25.4	0.8257	854	356
nte_05257.jpg	0.001428	0.4270	0.4432	21.7	20.0	0.6606	854	356
nte_05257.jpg	0.006984	0.8477	0.5276	60.0	35.4	0.4888	854	356
nte_05257.jpg	0.000567	0.4418	0.4395	12.0	14.3	0.4688	854	356
nte_05257.jpg	0.004628	0.7832	0.4995	72.7	19.3	0.2581	854	356
nte_05258.jpg	0.067635	0.5055	0.6972	158.5	129.8	0.8564	854	356
nte_05258.jpg	0.006574	0.3668	0.4667	51.2	39.0	0.8218	854	356
nte_05258.jpg	0.002196	0.4152	0.4479	28.2	23.7	0.7676	854	356
nte_05258.jpg	0.000586	0.4406	0.4395	13.3	13.3	0.5381	854	356
nte_05258.jpg	0.172591	0.8195	0.7590	310.2	169.1	0.5176	854	356
nte_05259.jpg	0.034427	0.2607	0.5041	126.5	82.7	0.8994	854	356
nte_05259.jpg	0.069694	0.5047	0.6934	158.8	133.4	0.8691	854	356
nte_05259.jpg	0.004511	0.3957	0.4573	39.5	34.7	0.7812	854	356
nte_05259.jpg	0.000909	0.4383	0.4489	18.0	15.3	0.6553	854	356
nte_05260.jpg	0.067146	0.5023	0.6953	158.1	129.1	0.8682	854	356
nte_05260.jpg	0.012393	0.3500	0.4667	69.7	54.0	0.8662	854	356
nte_05260.jpg	0.001611	0.4309	0.4526	23.7	20.7	0.5938	854	356
nte_05261.jpg	0.082904	0.1781	0.5201	212.8	118.4	0.9058	854	356
nte_05261.jpg	0.071785	0.5008	0.6981	158.8	137.4	0.8276	854	356
nte_05261.jpg	0.002920	0.4117	0.4620	32.9	27.0	0.8228	854	356
nte_05261.jpg	0.005590	0.4828	0.4920	55.4	30.7	0.4641	854	356
nte_05262.jpg	0.006609	0.3729	0.4751	52.4	38.4	0.8340	854	356
nte_05262.jpg	0.073289	0.5008	0.6841	159.8	139.4	0.8198	854	356
nte_05262.jpg	0.005400	0.0988	0.5070	82.0	20.0	0.5278	854	356
nte_05263.jpg	0.029139	0.2707	0.5173	121.3	73.1	0.8926	854	356
nte_05263.jpg	0.076712	0.5047	0.6859	161.5	144.4	0.8354	854	356
nte_05264.jpg	0.076831	0.5035	0.6887	162.5	143.8	0.8496	854	356
nte_05265.jpg	0.077641	0.5043	0.7037	163.8	144.1	0.8799	854	356
nte_05266.jpg	0.088187	0.5066	0.7140	172.5	155.5	0.8594	854	356
nte_05267.jpg	0.092313	0.5027	0.7356	175.6	159.8	0.7837	854	356
nte_05268.jpg	0.087272	0.5027	0.7243	167.8	158.1	0.8345	854	356
nte_05269.jpg	0.090167	0.5004	0.7300	172.6	158.8	0.8506	854	356
nte_05270.jpg	0.090499	0.5012	0.7243	173.6	158.5	0.8418	854	356
nte_05271.jpg	0.090385	0.5000	0.7318	168.8	162.8	0.8892	854	356
nte_05272.jpg	0.101466	0.5047	0.7365	183.5	168.1	0.8286	854	356
nte_05273.jpg	0.092696	0.5047	0.7328	173.5	162.5	0.8408	854	356
nte_05274.jpg	0.086094	0.5023	0.7300	169.5	154.5	0.8882	854	356
nte_05275.jpg	0.094832	0.5008	0.7412	179.3	160.8	0.8564	854	356
nte_05276.jpg	0.088819	0.5031	0.7328	171.1	157.8	0.8594	854	356
nte_05276.jpg	0.005046	0.4957	0.4620	75.4	20.3	0.2998	854	356
nte_05277.jpg	0.087280	0.5016	0.7300	171.8	154.5	0.8989	854	356
nte_05278.jpg	0.122765	0.5008	0.7496	211.5	176.5	0.6660	854	356
nte_05278.jpg	0.005211	0.4945	0.4713	73.1	21.7	0.4341	854	356
nte_05279.jpg	0.089221	0.5004	0.7281	170.5	159.1	0.8730	854	356
nte_05280.jpg	0.084773	0.5008	0.7272	169.8	151.8	0.8848	854	356
nte_05281.jpg	0.095680	0.4973	0.7365	175.8	165.5	0.6338	854	356
nte_05282.jpg	0.084125	0.5008	0.7253	168.1	152.1	0.8755	854	356
nte_05283.jpg	0.084710	0.5035	0.7290	167.5	153.8	0.8755	854	356
nte_05284.jpg	0.083491	0.5035	0.7243	169.5	149.8	0.8398	854	356
nte_05285.jpg	0.080002	0.5055	0.7197	166.5	146.1	0.8823	854	356
nte_05286.jpg	0.085939	0.5105	0.7356	172.1	151.8	0.9004	854	356
nte_05287.jpg	0.081285	0.5086	0.7075	169.1	146.1	0.8628	854	356
nte_05288.jpg	0.082213	0.5176	0.7187	169.1	147.8	0.8647	854	356
nte_05289.jpg	0.092971	0.5184	0.7253	185.8	152.1	0.8843	854	356
nte_05290.jpg	0.084994	0.5254	0.7028	172.1	150.1	0.8428	854	356
nte_05291.jpg	0.083274	0.5254	0.7169	166.8	151.8	0.8804	854	356
nte_05292.jpg	0.085665	0.5199	0.7337	166.5	156.5	0.8672	854	356
nte_05293.jpg	0.077777	0.5109	0.7159	164.5	143.8	0.8706	854	356
nte_05294.jpg	0.077983	0.5039	0.7197	160.8	147.4	0.9058	854	356
nte_05295.jpg	0.081518	0.5012	0.7290	160.5	154.5	0.8081	854	356
nte_05296.jpg	0.083240	0.5074	0.7197	162.8	155.5	0.8701	854	356
nte_05297.jpg	0.087640	0.5145	0.7272	167.8	158.8	0.8960	854	356
nte_05298.jpg	0.082592	0.5082	0.7225	165.8	151.5	0.8350	854	356
nte_05299.jpg	0.085064	0.5137	0.7215	171.1	151.1	0.8916	854	356
nte_05300.jpg	0.088499	0.5164	0.7365	169.8	158.5	0.9106	854	356
nte_05301.jpg	0.082933	0.5121	0.7234	169.5	148.8	0.8828	854	356
nte_05302.jpg	0.083749	0.5078	0.7234	171.1	148.8	0.9175	854	356
nte_05303.jpg	0.088084	0.5160	0.7422	170.8	156.8	0.8906	854	356
nte_05304.jpg	0.081726	0.5168	0.7225	168.1	147.8	0.8691	854	356
nte_05304.jpg	0.000480	0.3215	0.4264	13.7	10.7	0.3394	854	356
nte_05305.jpg	0.086806	0.5168	0.7347	170.1	155.1	0.8887	854	356
nte_05305.jpg	0.000419	0.3426	0.4264	13.2	9.7	0.3726	854	356
nte_05306.jpg	0.087657	0.5164	0.7393	171.8	155.1	0.8643	854	356
nte_05306.jpg	0.000390	0.3666	0.4236	13.7	8.7	0.3911	854	356
nte_05307.jpg	0.083305	0.5172	0.7215	169.5	149.4	0.9004	854	356
nte_05308.jpg	0.093395	0.5176	0.7459	175.1	162.1	0.8799	854	356
nte_05309.jpg	0.079884	0.5109	0.7187	165.5	146.8	0.8682	854	356
nte_05309.jpg	0.000626	0.4215	0.4367	19.7	9.7	0.3589	854	356
nte_05310.jpg	0.084273	0.5035	0.7187	168.8	151.8	0.8608	854	356
nte_05310.jpg	0.000758	0.4215	0.4442	18.7	12.3	0.5171	854	356
nte_05311.jpg	0.078953	0.5039	0.7037	162.8	147.4	0.8374	854	356
nte_05311.jpg	0.001846	0.4012	0.4535	28.5	19.7	0.7778	854	356
nte_05312.jpg	0.077009	0.5137	0.6944	162.5	144.1	0.8711	854	356
nte_05312.jpg	0.003903	0.3785	0.4760	41.4	28.7	0.8027	854	356
nte_05312.jpg	0.000828	0.4098	0.4554	19.8	12.7	0.5479	854	356
nte_05313.jpg	0.083866	0.5113	0.7094	165.8	153.8	0.9004	854	356
nte_05313.jpg	0.022664	0.3031	0.5407	112.3	61.4	0.8955	854	356
nte_05313.jpg	0.001637	0.4152	0.4657	28.7	17.3	0.5942	854	356
nte_05313.jpg	0.000568	0.3908	0.4742	15.7	11.0	0.3149	854	356
nte_05314.jpg	0.075714	0.5055	0.6962	163.1	141.1	0.8672	854	356
nte_05314.jpg	0.003903	0.3992	0.4798	41.4	28.7	0.7930	854	356
nte_05314.jpg	0.021002	0.0344	0.8434	58.7	108.8	0.5063	854	356
nte_05315.jpg	0.074434	0.5059	0.7065	163.5	138.4	0.9136	854	356
nte_05315.jpg	0.013475	0.3457	0.5266	77.7	52.7	0.8232	854	356
nte_05315.jpg	0.001037	0.3969	0.4920	18.2	17.3	0.4829	854	356
nte_05316.jpg	0.110635	0.1179	0.7534	201.7	166.8	0.8887	854	356
nte_05316.jpg	0.080550	0.5117	0.7262	166.5	147.1	0.8735	854	356
nte_05316.jpg	0.003998	0.3617	0.5201	42.4	28.7	0.8223	854	356
nte_05316.jpg	0.000672	0.4418	0.4788	17.0	12.0	0.2859	854	356
nte_05317.jpg	0.072520	0.5121	0.7056	169.5	130.1	0.8647	854	356
nte_05317.jpg	0.022184	0.2822	0.5829	111.1	60.7	0.8232	854	356
nte_05317.jpg	0.003221	0.3570	0.5304	36.7	26.7	0.4744	854	356
nte_05317.jpg	0.000236	0.4410	0.4573	9.3	7.7	0.3701	854	356
nte_05317.jpg	0.000184	0.4281	0.4310	8.0	7.0	0.2832	854	356
nte_05318.jpg	0.064833	0.5105	0.6850	164.1	120.1	0.8740	854	356
nte_05318.jpg	0.009430	0.2939	0.5463	72.2	39.7	0.7373	854	356
nte_05318.jpg	0.002411	0.3516	0.5257	30.5	24.0	0.3904	854	356
nte_05318.jpg	0.001117	0.3695	0.5182	18.8	18.0	0.3425	854	356
nte_05319.jpg	0.071493	0.5219	0.6981	168.8	128.8	0.8818	854	356
nte_05319.jpg	0.008309	0.3002	0.5360	68.2	37.0	0.7871	854	356
nte_05319.jpg	0.079726	0.1145	0.6447	195.3	124.1	0.7236	854	356
nte_05319.jpg	0.002688	0.3582	0.5257	34.0	24.0	0.6978	854	356
nte_05319.jpg	0.003422	0.3764	0.4732	27.4	38.0	0.3005	854	356
nte_05320.jpg	0.067871	0.5242	0.6831	169.5	121.8	0.8784	854	356
nte_05320.jpg	0.067258	0.1360	0.5950	232.2	88.1	0.8589	854	356
nte_05320.jpg	0.006976	0.3391	0.5351	60.5	35.0	0.8291	854	356
nte_05321.jpg	0.037170	0.2236	0.5725	159.0	71.1	0.8945	854	356
nte_05321.jpg	0.071131	0.5188	0.6859	165.8	130.4	0.8335	854	356
nte_05322.jpg	0.062549	0.5023	0.6756	160.1	118.8	0.8804	854	356
nte_05322.jpg	0.013663	0.4281	0.4873	54.4	76.4	0.3152	854	356
nte_05323.jpg	0.061588	0.4992	0.6700	159.5	117.4	0.8735	854	356
nte_05323.jpg	0.000751	0.5430	0.4638	19.0	12.0	0.2783	854	356
nte_05324.jpg	0.062007	0.4891	0.6681	161.5	116.8	0.8516	854	356
nte_05325.jpg	0.060111	0.4871	0.6681	161.1	113.4	0.8853	854	356
nte_05326.jpg	0.063031	0.4961	0.6794	160.5	119.4	0.8677	854	356
nte_05327.jpg	0.063609	0.4949	0.6831	165.6	116.8	0.8540	854	356
nte_05328.jpg	0.069173	0.4836	0.6728	169.5	124.1	0.8213	854	356
nte_05328.jpg	0.000361	0.7266	0.4339	15.7	7.0	0.2529	854	356
nte_05329.jpg	0.063726	0.4863	0.6803	165.5	117.1	0.8076	854	356
nte_05329.jpg	0.006059	0.8500	0.4414	59.4	31.0	0.5215	854	356
nte_05329.jpg	0.000512	0.7168	0.4329	18.7	8.3	0.2776	854	356
nte_05330.jpg	0.073670	0.4938	0.6569	165.0	135.8	0.7988	854	356
nte_05330.jpg	0.013213	0.9453	0.4282	94.1	42.7	0.5791	854	356
nte_05330.jpg	0.000928	0.4473	0.4760	21.7	13.0	0.4395	854	356
nte_05330.jpg	0.001783	0.8453	0.4339	38.7	14.0	0.3933	854	356
nte_05331.jpg	0.087879	0.4875	0.6925	169.0	158.1	0.7539	854	356
nte_05332.jpg	0.095481	0.4777	0.6944	182.8	158.8	0.8218	854	356
nte_05333.jpg	0.071238	0.4832	0.7037	168.6	128.4	0.8667	854	356
nte_05333.jpg	0.000619	0.7805	0.4151	21.7	8.7	0.2878	854	356
nte_05334.jpg	0.072306	0.4891	0.7056	169.0	130.1	0.8691	854	356
nte_05335.jpg	0.076593	0.4859	0.7150	167.8	138.8	0.8989	854	356
nte_05335.jpg	0.001179	0.8531	0.3973	30.7	11.7	0.3613	854	356
nte_05335.jpg	0.001385	0.8938	0.3983	29.4	14.3	0.3323	854	356
nte_05336.jpg	0.079328	0.4820	0.7159	172.1	140.1	0.8784	854	356
nte_05337.jpg	0.074379	0.4863	0.7103	169.5	133.4	0.8809	854	356
nte_05338.jpg	0.072476	0.4988	0.7103	166.8	132.1	0.8843	854	356
nte_05339.jpg	0.071744	0.5004	0.7075	166.8	130.8	0.8721	854	356
nte_05340.jpg	0.073318	0.4949	0.7112	166.6	133.8	0.8657	854	356
nte_05341.jpg	0.076528	0.4895	0.7150	168.5	138.1	0.8638	854	356
nte_05342.jpg	0.073501	0.4961	0.7019	167.5	133.4	0.8462	854	356
nte_05343.jpg	0.077543	0.5035	0.7169	167.5	140.8	0.8833	854	356
nte_05344.jpg	0.087293	0.5109	0.7122	180.8	146.8	0.8320	854	356
nte_05345.jpg	0.080701	0.5031	0.7187	169.5	144.8	0.8848	854	356
nte_05345.jpg	0.005930	0.4871	0.4779	54.0	33.4	0.3196	854	356
nte_05346.jpg	0.088068	0.5066	0.7037	171.1	156.5	0.7769	854	356
nte_05347.jpg	0.096700	0.5035	0.6719	172.8	170.1	0.7329	854	356
nte_05348.jpg	0.091948	0.5039	0.6962	173.1	161.5	0.7471	854	356
nte_05349.jpg	0.079028	0.4992	0.7159	169.5	141.8	0.8730	854	356
nte_05350.jpg	0.082059	0.5047	0.7150	171.1	145.8	0.8931	854	356
nte_05350.jpg	0.000439	0.4715	0.4489	13.3	10.0	0.2676	854	356
nte_05350.jpg	0.001963	0.5012	0.4517	49.7	12.0	0.2563	854	356
nte_05351.jpg	0.088679	0.5047	0.6962	173.8	155.1	0.8716	854	356
nte_05351.jpg	0.000640	0.4531	0.4460	15.3	12.7	0.3999	854	356
nte_05352.jpg	0.088904	0.5043	0.6990	176.1	153.5	0.8149	854	356
nte_05352.jpg	0.001537	0.4398	0.4535	25.0	18.7	0.6499	854	356
nte_05353.jpg	0.083915	0.5000	0.7084	172.6	147.8	0.8569	854	356
nte_05353.jpg	0.003171	0.4184	0.4676	38.5	25.0	0.7900	854	356
nte_05354.jpg	0.083937	0.5004	0.7009	171.1	149.1	0.8877	854	356
nte_05354.jpg	0.009509	0.3693	0.4976	69.9	41.4	0.8608	854	356
nte_05354.jpg	0.000505	0.4145	0.4517	15.3	10.0	0.5347	854	356
nte_05355.jpg	0.087030	0.5016	0.7028	172.8	153.1	0.8862	854	356
nte_05355.jpg	0.139516	0.1503	0.7000	256.9	165.1	0.5591	854	356
nte_05356.jpg	0.099358	0.5070	0.7159	173.5	174.1	0.8550	854	356
nte_05357.jpg	0.089701	0.5059	0.7075	172.5	158.1	0.8965	854	356
nte_05358.jpg	0.092027	0.5066	0.7225	170.5	164.1	0.9097	854	356
nte_05359.jpg	0.093701	0.5078	0.7131	171.1	166.5	0.8989	854	356
nte_05360.jpg	0.092465	0.5156	0.7206	174.5	161.1	0.9004	854	356
nte_05361.jpg	0.093765	0.5156	0.7047	175.5	162.5	0.8989	854	356
nte_05362.jpg	0.086008	0.5070	0.7075	167.1	156.5	0.8994	854	356
nte_05363.jpg	0.080681	0.5023	0.7206	164.1	149.5	0.8843	854	356
nte_05364.jpg	0.078880	0.5023	0.7037	164.1	146.1	0.9048	854	356
nte_05365.jpg	0.078987	0.5105	0.7084	167.8	143.1	0.8901	854	356
nte_05365.jpg	0.000562	0.3975	0.4826	16.5	10.3	0.3796	854	356
nte_05366.jpg	0.077846	0.5137	0.7037	170.1	139.1	0.8921	854	356
nte_05366.jpg	0.000472	0.4070	0.4863	14.3	10.0	0.4558	854	356
nte_05367.jpg	0.075612	0.5078	0.6972	164.5	139.8	0.8862	854	356
nte_05367.jpg	0.000893	0.4152	0.4920	20.3	13.3	0.6099	854	356
nte_05368.jpg	0.073924	0.5063	0.6990	163.1	137.8	0.8833	854	356
nte_05368.jpg	0.002425	0.3996	0.5032	32.0	23.0	0.7979	854	356
nte_05369.jpg	0.075098	0.5129	0.7019	164.1	139.1	0.8774	854	356
nte_05369.jpg	0.005305	0.3803	0.5201	47.9	33.7	0.8447	854	356
nte_05369.jpg	0.001176	0.4035	0.4929	19.8	18.0	0.6592	854	356
nte_05370.jpg	0.081423	0.2119	0.6372	222.8	111.1	0.9023	854	356
nte_05370.jpg	0.073595	0.5137	0.7028	164.8	135.8	0.8853	854	356
nte_05370.jpg	0.002355	0.4023	0.5088	32.5	22.0	0.7637	854	356
nte_05371.jpg	0.072196	0.5051	0.6934	162.5	135.1	0.8853	854	356
nte_05371.jpg	0.010013	0.3688	0.5341	64.7	47.0	0.8579	854	356
nte_05371.jpg	0.001869	0.4078	0.4938	24.7	23.0	0.6650	854	356
nte_05371.jpg	0.016467	0.4605	0.5482	90.4	55.4	0.3774	854	356
nte_05372.jpg	0.143327	0.1448	0.7356	247.9	175.8	0.8877	854	356
nte_05372.jpg	0.077212	0.5082	0.7253	164.8	142.4	0.8672	854	356
nte_05372.jpg	0.007122	0.3629	0.5163	54.5	39.7	0.8232	854	356
nte_05372.jpg	0.001717	0.3984	0.4929	22.7	23.0	0.4912	854	356
nte_05372.jpg	0.016770	0.4699	0.5463	92.1	55.4	0.4417	854	356
nte_05372.jpg	0.000765	0.4156	0.4788	13.7	17.0	0.3472	854	356
nte_05373.jpg	0.043111	0.2611	0.5922	152.3	86.1	0.8984	854	356
nte_05373.jpg	0.081792	0.5148	0.6869	169.8	146.4	0.8779	854	356
nte_05373.jpg	0.001693	0.4066	0.4901	22.7	22.7	0.5884	854	356
nte_05373.jpg	0.005176	0.3689	0.5154	46.7	33.7	0.5879	854	356
nte_05373.jpg	0.000652	0.4297	0.4638	18.0	11.0	0.3792	854	356
nte_05374.jpg	0.068221	0.5105	0.6925	165.8	125.1	0.8696	854	356
nte_05374.jpg	0.032289	0.2865	0.5735	135.6	72.4	0.8188	854	356
nte_05374.jpg	0.005748	0.3920	0.5116	50.4	34.7	0.6841	854	356
nte_05374.jpg	0.001476	0.4129	0.4910	21.0	21.4	0.3254	854	356
nte_05375.jpg	0.070302	0.5031	0.6981	165.1	129.4	0.8765	854	356
nte_05375.jpg	0.035158	0.3076	0.5688	141.8	75.4	0.8613	854	356
nte_05376.jpg	0.073391	0.4938	0.6972	166.8	133.8	0.7158	854	356
nte_05376.jpg	0.002108	0.4574	0.4742	32.0	20.0	0.4536	854	356
nte_05377.jpg	0.069075	0.4973	0.6944	164.8	127.4	0.8530	854	356
nte_05378.jpg	0.078590	0.5012	0.7122	165.8	144.1	0.8271	854	356
nte_05379.jpg	0.072282	0.4992	0.6859	163.5	134.4	0.8525	854	356
nte_05379.jpg	0.002937	0.6602	0.5210	45.4	19.7	0.2844	854	356
nte_05380.jpg	0.075045	0.4941	0.6850	167.6	136.1	0.8301	854	356
nte_05380.jpg	0.002819	0.6809	0.5191	46.7	18.3	0.4946	854	356
nte_05380.jpg	0.000734	0.4313	0.4638	19.7	11.3	0.2603	854	356
nte_05381.jpg	0.083913	0.5164	0.7122	175.8	145.1	0.8613	854	356
nte_05381.jpg	0.000843	0.6238	0.4816	24.0	10.7	0.3887	854	356
nte_05381.jpg	0.000339	0.4187	0.4610	12.3	8.3	0.2861	854	356
nte_05381.jpg	0.000473	0.4398	0.4704	12.7	11.3	0.2751	854	356
nte_05382.jpg	0.074604	0.5199	0.7000	169.1	134.1	0.8701	854	356
nte_05382.jpg	0.001010	0.2594	0.3626	29.7	10.3	0.3833	854	356
nte_05383.jpg	0.076435	0.5109	0.7065	165.5	140.4	0.8774	854	356
nte_05383.jpg	0.001865	0.2332	0.3364	47.2	12.0	0.5117	854	356
nte_05383.jpg	0.001351	0.8438	0.5126	30.0	13.7	0.4512	854	356
nte_05383.jpg	0.000386	0.4898	0.4723	11.3	10.3	0.2917	854	356
nte_05383.jpg	0.000343	0.4668	0.4592	12.0	8.7	0.2524	854	356
nte_05384.jpg	0.068950	0.5023	0.6944	162.8	128.8	0.8833	854	356
nte_05384.jpg	0.000567	0.4359	0.4788	14.3	12.0	0.3850	854	356
nte_05385.jpg	0.068950	0.5012	0.6925	162.8	128.8	0.8696	854	356
nte_05385.jpg	0.001107	0.4379	0.4779	24.0	14.0	0.2517	854	356
nte_05386.jpg	0.072196	0.5008	0.7037	162.5	135.1	0.8760	854	356
nte_05386.jpg	0.000564	0.4266	0.4788	14.7	11.7	0.2781	854	356
nte_05387.jpg	0.063779	0.5023	0.6803	161.5	120.1	0.8843	854	356
nte_05387.jpg	0.008737	0.4328	0.5369	51.4	51.7	0.4849	854	356
nte_05388.jpg	0.066476	0.5047	0.6887	161.1	125.4	0.8730	854	356
nte_05388.jpg	0.002851	0.4852	0.5004	44.0	19.7	0.4446	854	356
nte_05389.jpg	0.067066	0.5020	0.6841	162.1	125.8	0.8477	854	356
nte_05389.jpg	0.008905	0.4332	0.5369	51.0	53.0	0.5186	854	356
nte_05389.jpg	0.003678	0.4871	0.4957	52.4	21.4	0.2957	854	356
nte_05390.jpg	0.069522	0.5027	0.6906	162.5	130.1	0.8569	854	356
nte_05391.jpg	0.076024	0.5031	0.6953	163.8	141.1	0.8418	854	356
nte_05391.jpg	0.002160	0.8547	0.5163	39.4	16.7	0.3723	854	356
nte_05391.jpg	0.000730	0.3912	0.4676	19.0	11.7	0.2827	854	356
nte_05392.jpg	0.082411	0.5008	0.6962	165.8	151.1	0.8413	854	356
nte_05392.jpg	0.003404	0.5270	0.5032	41.4	25.0	0.3284	854	356
nte_05392.jpg	0.002126	0.5664	0.4948	29.4	22.0	0.2866	854	356
nte_05393.jpg	0.076407	0.5012	0.7056	165.8	140.1	0.8413	854	356
nte_05394.jpg	0.089700	0.5105	0.7300	175.8	155.1	0.8472	854	356
nte_05395.jpg	0.077320	0.5113	0.7159	169.8	138.4	0.8657	854	356
nte_05396.jpg	0.088586	0.5160	0.7300	179.8	149.8	0.8926	854	356
nte_05397.jpg	0.091038	0.5180	0.7178	172.1	160.8	0.8643	854	356
nte_05397.jpg	0.000516	0.3410	0.4460	15.7	10.0	0.3069	854	356
nte_05398.jpg	0.083589	0.5191	0.7159	173.1	146.8	0.8940	854	356
nte_05398.jpg	0.000807	0.3561	0.4470	19.3	12.7	0.7188	854	356
nte_05399.jpg	0.085703	0.5160	0.7300	172.8	150.8	0.8896	854	356
nte_05399.jpg	0.000870	0.3691	0.4517	19.3	13.7	0.7588	854	356
nte_05400.jpg	0.078687	0.5117	0.7094	169.1	141.4	0.8623	854	356
nte_05400.jpg	0.001592	0.3750	0.4610	25.0	19.3	0.6460	854	356
nte_05401.jpg	0.087219	0.5199	0.7215	175.5	151.1	0.8496	854	356
nte_05401.jpg	0.002237	0.3738	0.4601	31.4	21.7	0.7661	854	356
nte_05402.jpg	0.085467	0.5340	0.7112	181.1	143.4	0.8350	854	356
nte_05402.jpg	0.005140	0.3760	0.4779	50.4	31.0	0.7847	854	356
nte_05402.jpg	0.000598	0.4078	0.3992	16.5	11.0	0.2598	854	356
nte_05403.jpg	0.091030	0.5281	0.7384	176.1	157.1	0.8726	854	356
nte_05403.jpg	0.028979	0.3141	0.5557	125.8	70.1	0.8525	854	356
nte_05404.jpg	0.090685	0.5195	0.7393	175.5	157.1	0.8901	854	356
nte_05405.jpg	0.076288	0.5102	0.7140	167.1	138.8	0.8975	854	356
nte_05406.jpg	0.065985	0.5023	0.6953	160.8	124.8	0.8882	854	356
nte_05406.jpg	0.000359	0.5449	0.4573	11.7	9.3	0.3486	854	356
nte_05406.jpg	0.000438	0.5137	0.4535	17.3	7.7	0.3484	854	356
nte_05407.jpg	0.065848	0.5059	0.6878	160.5	124.8	0.8745	854	356
nte_05407.jpg	0.000577	0.5617	0.4526	15.0	11.7	0.3425	854	356
nte_05408.jpg	0.063031	0.5043	0.6869	160.5	119.4	0.8594	854	356
nte_05408.jpg	0.000548	0.5766	0.4479	14.7	11.3	0.2893	854	356
nte_05409.jpg	0.063338	0.4992	0.6906	159.5	120.8	0.8159	854	356
nte_05409.jpg	0.000691	0.5883	0.4498	17.0	12.3	0.3350	854	356
nte_05410.jpg	0.061853	0.4945	0.6850	158.8	118.4	0.8584	854	356
nte_05410.jpg	0.000465	0.5828	0.4545	13.7	10.3	0.3784	854	356
nte_05411.jpg	0.065388	0.4938	0.6934	160.6	123.8	0.8433	854	356
nte_05411.jpg	0.000668	0.5840	0.4573	16.0	12.7	0.3547	854	356
nte_05411.jpg	0.019085	0.5375	0.5510	87.4	66.4	0.3435	854	356
nte_05411.jpg	0.001107	0.5914	0.4451	21.0	16.0	0.3042	854	356
nte_05412.jpg	0.070130	0.4973	0.7112	163.5	130.4	0.8813	854	356
nte_05413.jpg	0.069564	0.4953	0.7056	166.0	127.4	0.8638	854	356
nte_05413.jpg	0.000909	0.5957	0.4638	18.0	15.3	0.4729	854	356
nte_05414.jpg	0.073676	0.4918	0.7140	169.1	132.4	0.8862	854	356
nte_05415.jpg	0.078157	0.4844	0.7187	172.5	137.8	0.8857	854	356
nte_05415.jpg	0.002603	0.6266	0.4442	30.0	26.4	0.5098	854	356
nte_05416.jpg	0.082214	0.4812	0.7094	178.0	140.4	0.8633	854	356
nte_05416.jpg	0.008757	0.6344	0.4770	48.4	55.0	0.6494	854	356
nte_05417.jpg	0.078004	0.4844	0.7103	173.0	137.1	0.8872	854	356
nte_05418.jpg	0.079562	0.4836	0.7112	174.3	138.8	0.8774	854	356
nte_05418.jpg	0.183401	0.8555	0.6784	246.5	226.2	0.7266	854	356
nte_05419.jpg	0.084021	0.4828	0.7197	173.6	147.1	0.7939	854	356
nte_05419.jpg	0.000630	0.5543	0.4601	14.0	13.7	0.3369	854	356
nte_05420.jpg	0.076676	0.4840	0.7047	173.0	134.8	0.8936	854	356
nte_05420.jpg	0.002504	0.5074	0.4995	40.0	19.0	0.3518	854	356
nte_05420.jpg	0.001031	0.4762	0.4873	21.3	14.7	0.3423	854	356
nte_05420.jpg	0.000382	0.5293	0.4638	12.0	9.7	0.3416	854	356
nte_05421.jpg	0.076347	0.4832	0.7065	171.8	135.1	0.8813	854	356
nte_05421.jpg	0.000417	0.4969	0.4667	12.7	10.0	0.2927	854	356
nte_05422.jpg	0.079168	0.4953	0.7056	166.6	144.4	0.8882	854	356
nte_05422.jpg	0.000637	0.4711	0.4807	15.7	12.3	0.4707	854	356
nte_05422.jpg	0.000374	0.4816	0.4816	10.3	11.0	0.3403	854	356
nte_05423.jpg	0.070413	0.4992	0.6981	162.5	131.8	0.8877	854	356
nte_05423.jpg	0.000849	0.4168	0.5070	19.3	13.3	0.4971	854	356
nte_05423.jpg	0.001581	0.4605	0.5051	24.0	20.0	0.3484	854	356
nte_05424.jpg	0.070273	0.5082	0.6934	163.8	130.4	0.8867	854	356
nte_05424.jpg	0.001783	0.4453	0.5191	28.0	19.3	0.6152	854	356
nte_05424.jpg	0.001713	0.4559	0.4995	26.0	20.0	0.3914	854	356
nte_05425.jpg	0.065758	0.5023	0.6925	158.1	126.4	0.8999	854	356
nte_05425.jpg	0.009058	0.4230	0.5622	58.5	47.0	0.7573	854	356
nte_05425.jpg	0.002283	0.4645	0.4770	27.0	25.7	0.6587	854	356
nte_05426.jpg	0.122286	0.2918	0.7525	217.7	170.8	0.8955	854	356
nte_05426.jpg	0.064754	0.5008	0.6906	156.1	126.1	0.8154	854	356
nte_05426.jpg	0.027883	0.5414	0.4695	92.4	91.7	0.3113	854	356
nte_05426.jpg	0.003759	0.5781	0.5341	26.4	43.4	0.3054	854	356
nte_05427.jpg	0.013328	0.3768	0.5800	76.4	53.0	0.7358	854	356
nte_05427.jpg	0.093976	0.4879	0.5791	161.3	177.1	0.6792	854	356
nte_05428.jpg	0.146780	0.1374	0.7178	234.7	190.1	0.8979	854	356
nte_05428.jpg	0.008554	0.3611	0.5679	63.4	41.0	0.8237	854	356
nte_05428.jpg	0.060342	0.4945	0.6606	157.1	116.8	0.7373	854	356
nte_05428.jpg	0.001689	0.4043	0.5435	23.7	21.7	0.4741	854	356
nte_05428.jpg	0.001098	0.4266	0.5369	20.0	16.7	0.4490	854	356
nte_05429.jpg	0.098975	0.1288	0.6925	220.0	136.8	0.8901	854	356
nte_05429.jpg	0.065219	0.4996	0.6250	154.8	128.1	0.8540	854	356
nte_05429.jpg	0.008131	0.3330	0.5622	63.9	38.7	0.7939	854	356
nte_05429.jpg	0.002655	0.3850	0.5397	31.0	26.0	0.6001	854	356
nte_05430.jpg	0.062162	0.4996	0.6381	154.8	122.1	0.8594	854	356
nte_05430.jpg	0.004317	0.3732	0.5229	44.2	29.7	0.6421	854	356
nte_05430.jpg	0.086378	0.1209	0.5913	207.2	126.8	0.6133	854	356
nte_05430.jpg	0.003064	0.5738	0.5426	30.4	30.7	0.4734	854	356
nte_05430.jpg	0.004026	0.3059	0.5810	47.0	26.0	0.3018	854	356
nte_05430.jpg	0.002284	0.3818	0.4610	32.5	21.4	0.2961	854	356
nte_05430.jpg	0.001182	0.6121	0.4910	28.4	12.7	0.2788	854	356
nte_05431.jpg	0.070337	0.5023	0.6260	159.5	134.1	0.8755	854	356
nte_05431.jpg	0.012135	0.2977	0.5294	86.4	42.7	0.8071	854	356
nte_05431.jpg	0.061111	0.1076	0.6335	183.8	101.1	0.7744	854	356
nte_05432.jpg	0.064709	0.1184	0.6035	202.7	97.1	0.8911	854	356
nte_05432.jpg	0.089467	0.5016	0.6709	161.5	168.5	0.6826	854	356
nte_05433.jpg	0.079015	0.5012	0.7047	161.5	148.8	0.8276	854	356
nte_05433.jpg	0.001314	0.5535	0.4282	21.0	19.0	0.3916	854	356
nte_05434.jpg	0.089017	0.4961	0.6869	168.0	161.1	0.8105	854	356
nte_05434.jpg	0.003463	0.4887	0.4348	38.0	27.7	0.2805	854	356
nte_05435.jpg	0.085589	0.4965	0.7009	166.0	156.8	0.8633	854	356
nte_05436.jpg	0.081334	0.4941	0.7028	168.5	146.8	0.8413	854	356
nte_05436.jpg	0.001094	0.5586	0.4788	20.3	16.3	0.3564	854	356
nte_05437.jpg	0.080243	0.5000	0.7159	170.5	143.1	0.8467	854	356
nte_05438.jpg	0.071735	0.4980	0.7000	167.6	130.1	0.8877	854	356
nte_05439.jpg	0.064113	0.4996	0.6841	164.1	118.8	0.8950	854	356
nte_05439.jpg	0.067749	0.4977	0.4507	184.3	111.8	0.5054	854	356
nte_05440.jpg	0.064701	0.5004	0.6859	163.8	120.1	0.8911	854	356
nte_05441.jpg	0.066218	0.4957	0.6859	161.8	124.4	0.8726	854	356
nte_05441.jpg	0.002181	0.5672	0.5585	33.7	19.7	0.4832	854	356
nte_05442.jpg	0.063824	0.4953	0.6869	161.1	120.4	0.8848	854	356
nte_05443.jpg	0.063996	0.4871	0.6822	162.5	119.8	0.8335	854	356
nte_05443.jpg	0.001951	0.5629	0.5604	27.4	21.7	0.5996	854	356
nte_05444.jpg	0.091922	0.4938	0.6007	171.0	163.5	0.5352	854	356
nte_05445.jpg	0.065533	0.4949	0.6728	162.3	122.8	0.8755	854	356
nte_05446.jpg	0.063148	0.4922	0.6663	164.0	117.1	0.8740	854	356
nte_05447.jpg	0.067539	0.4844	0.6803	165.5	124.1	0.8242	854	356
nte_05448.jpg	0.077627	0.4938	0.6653	165.3	142.8	0.7490	854	356
nte_05449.jpg	0.074273	0.4957	0.6869	164.3	137.4	0.8325	854	356
nte_05450.jpg	0.076192	0.4867	0.6859	168.1	137.8	0.8315	854	356
nte_05451.jpg	0.070560	0.4949	0.6859	163.6	131.1	0.8457	854	356
nte_05451.jpg	0.008164	0.6301	0.4713	54.7	45.4	0.3430	854	356
nte_05452.jpg	0.069554	0.4992	0.6953	163.8	129.1	0.8662	854	356
nte_05453.jpg	0.075188	0.5016	0.6887	167.1	136.8	0.7944	854	356
nte_05453.jpg	0.001356	0.4371	0.4610	21.7	19.0	0.3535	854	356
nte_05453.jpg	0.003313	0.5285	0.4807	48.7	20.7	0.2537	854	356
nte_05454.jpg	0.072587	0.5016	0.6953	165.8	133.1	0.8779	854	356
nte_05455.jpg	0.084724	0.5020	0.6812	167.1	154.1	0.8403	854	356
nte_05456.jpg	0.083282	0.5027	0.6962	169.8	149.1	0.8589	854	356
nte_05457.jpg	0.079184	0.5027	0.7075	169.8	141.8	0.8687	854	356
nte_05458.jpg	0.081579	0.5016	0.6906	170.1	145.8	0.8296	854	356
nte_05459.jpg	0.080459	0.5020	0.7056	170.1	143.8	0.8833	854	356
nte_05460.jpg	0.088068	0.4914	0.6953	171.1	156.5	0.8813	854	356
nte_05460.jpg	0.000356	0.5324	0.4657	12.0	9.0	0.5142	854	356
nte_05460.jpg	0.000672	0.4766	0.4535	18.0	11.3	0.2539	854	356
nte_05461.jpg	0.082991	0.4938	0.6925	170.0	148.4	0.8838	854	356
nte_05461.jpg	0.000457	0.5195	0.4685	13.0	10.7	0.4397	854	356
nte_05462.jpg	0.077214	0.4965	0.6831	170.8	137.4	0.8774	854	356
nte_05462.jpg	0.007550	0.5805	0.5604	41.7	55.0	0.6323	854	356
nte_05462.jpg	0.000633	0.5117	0.4723	16.0	12.0	0.5532	854	356
nte_05463.jpg	0.074421	0.4977	0.6878	168.3	134.4	0.8838	854	356
nte_05463.jpg	0.000799	0.5043	0.4751	17.3	14.0	0.6729	854	356
nte_05464.jpg	0.077704	0.4898	0.6962	171.5	137.8	0.8794	854	356
nte_05464.jpg	0.000976	0.4859	0.4863	20.7	14.3	0.6143	854	356
nte_05465.jpg	0.072318	0.4961	0.6916	168.1	130.8	0.8755	854	356
nte_05465.jpg	0.001691	0.4602	0.4929	28.0	18.3	0.7524	854	356
nte_05466.jpg	0.072006	0.4848	0.6925	169.1	129.4	0.8784	854	356
nte_05466.jpg	0.002149	0.4156	0.5144	33.2	19.7	0.4849	854	356
nte_05467.jpg	0.013176	0.3322	0.5341	84.6	47.4	0.8687	854	356
nte_05467.jpg	0.068492	0.4914	0.6878	167.8	124.1	0.8511	854	356
nte_05468.jpg	0.066303	0.5020	0.6841	166.5	121.1	0.8525	854	356
nte_05469.jpg	0.070559	0.5105	0.7019	164.5	130.4	0.8667	854	356
nte_05470.jpg	0.064927	0.5043	0.6878	160.8	122.8	0.8730	854	356
nte_05470.jpg	0.003259	0.5828	0.5800	35.4	28.0	0.6060	854	356
nte_05471.jpg	0.063733	0.5051	0.6822	161.8	119.8	0.8833	854	356
nte_05472.jpg	0.062716	0.5027	0.6766	161.5	118.1	0.8789	854	356
nte_05472.jpg	0.000690	0.3053	0.5388	21.7	9.7	0.2563	854	356
nte_05473.jpg	0.063247	0.5035	0.6747	161.5	119.1	0.8867	854	356
nte_05474.jpg	0.069913	0.5008	0.6475	162.1	131.1	0.8057	854	356
nte_05475.jpg	0.066315	0.5023	0.6344	165.1	122.1	0.8438	854	356
nte_05476.jpg	0.061372	0.5023	0.6625	166.5	112.1	0.8848	854	356
nte_05477.jpg	0.076072	0.5020	0.6812	165.5	139.8	0.7827	854	356
nte_05477.jpg	0.002159	0.4199	0.4254	34.5	19.0	0.4026	854	356
nte_05477.jpg	0.000978	0.1752	0.4254	24.8	12.0	0.3313	854	356
nte_05478.jpg	0.075161	0.5020	0.6906	169.1	135.1	0.8730	854	356
nte_05478.jpg	0.002113	0.5148	0.4807	37.0	17.3	0.2969	854	356
nte_05478.jpg	0.000628	0.4895	0.4845	16.3	11.7	0.2805	854	356
nte_05479.jpg	0.076452	0.4914	0.6953	168.3	138.1	0.8755	854	356
nte_05479.jpg	0.002067	0.0801	0.4676	36.9	17.0	0.5518	854	356
nte_05479.jpg	0.002647	0.2260	0.5079	37.7	21.4	0.5122	854	356
nte_05479.jpg	0.000656	0.4840	0.4929	18.7	10.7	0.3914	854	356
nte_05479.jpg	0.008672	0.5613	0.5810	49.7	53.0	0.2683	854	356
nte_05480.jpg	0.075087	0.4941	0.6981	169.0	135.1	0.8740	854	356
nte_05480.jpg	0.000804	0.4684	0.4985	20.3	12.0	0.3530	854	356
nte_05480.jpg	0.001087	0.5441	0.5107	18.0	18.3	0.2581	854	356
nte_05481.jpg	0.073974	0.4984	0.6990	169.0	133.1	0.8813	854	356
nte_05481.jpg	0.000929	0.4598	0.5107	18.0	15.7	0.2778	854	356
nte_05482.jpg	0.076014	0.5008	0.6653	166.1	139.1	0.8853	854	356
nte_05483.jpg	0.074666	0.5000	0.6550	162.8	139.4	0.9053	854	356
nte_05484.jpg	0.080110	0.4996	0.6466	160.5	151.8	0.8750	854	356
nte_05485.jpg	0.060342	0.4992	0.7112	155.8	117.8	0.8984	854	356
nte_05485.jpg	0.003951	0.3885	0.6241	41.9	28.7	0.5918	854	356
nte_05486.jpg	0.031151	0.2875	0.5576	131.4	72.1	0.9053	854	356
nte_05486.jpg	0.049948	0.5004	0.6409	153.8	98.7	0.7100	854	356
nte_05487.jpg	0.050455	0.5000	0.6513	153.8	99.7	0.8398	854	356
nte_05488.jpg	0.053881	0.5008	0.6541	153.5	106.8	0.8501	854	356
nte_05488.jpg	0.002562	0.4316	0.5388	33.4	23.4	0.5640	854	356
nte_05489.jpg	0.005447	0.4004	0.5379	41.4	40.0	0.8223	854	356
nte_05489.jpg	0.054080	0.4996	0.6381	152.1	108.1	0.8164	854	356
nte_05490.jpg	0.031840	0.3100	0.5454	118.9	81.4	0.9082	854	356
nte_05490.jpg	0.052252	0.5000	0.6531	153.1	103.7	0.8799	854	356
nte_05490.jpg	0.001349	0.4309	0.5641	22.4	18.3	0.5454	854	356
nte_05491.jpg	0.014093	0.3529	0.5707	91.7	46.7	0.8716	854	356
nte_05491.jpg	0.074530	0.4996	0.6044	155.8	145.4	0.7397	854	356
nte_05492.jpg	0.105288	0.1327	0.6541	226.8	141.1	0.8667	854	356
nte_05492.jpg	0.004573	0.3900	0.5585	43.9	31.7	0.7500	854	356
nte_05492.jpg	0.065407	0.5000	0.6213	156.5	127.1	0.5117	854	356
nte_05493.jpg	0.039254	0.2701	0.5988	161.9	73.7	0.8921	854	356
nte_05493.jpg	0.054769	0.5004	0.6588	158.5	105.1	0.8633	854	356
nte_05494.jpg	0.056632	0.5000	0.6606	161.8	106.4	0.8604	854	356
nte_05495.jpg	0.062776	0.5000	0.6728	163.5	116.8	0.8223	854	356
nte_05496.jpg	0.059371	0.5000	0.6653	164.5	109.8	0.8643	854	356
nte_05497.jpg	0.066583	0.4996	0.6831	165.8	122.1	0.8896	854	356
nte_05498.jpg	0.065047	0.4996	0.6822	165.1	119.8	0.8906	854	356
nte_05498.jpg	0.002673	0.4238	0.5482	36.4	22.4	0.3567	854	356
nte_05499.jpg	0.058406	0.5000	0.6672	164.8	107.8	0.8940	854	356
nte_05499.jpg	0.001688	0.4207	0.5463	29.0	17.7	0.6719	854	356
nte_05500.jpg	0.066631	0.5000	0.6859	165.5	122.4	0.8955	854	356
nte_05500.jpg	0.004255	0.3803	0.5501	47.9	27.0	0.7920	854	356
nte_05501.jpg	0.066619	0.5000	0.6784	166.8	121.4	0.8677	854	356
nte_05501.jpg	0.030254	0.2283	0.5735	154.0	59.7	0.8657	854	356
nte_05502.jpg	0.061307	0.5031	0.6934	168.8	110.4	0.6099	854	356
nte_05503.jpg	0.069228	0.5082	0.6990	167.8	125.4	0.7935	854	356
nte_05504.jpg	0.065769	0.5047	0.6775	169.8	117.8	0.8994	854	356
nte_05504.jpg	0.003338	0.4281	0.5519	38.0	26.7	0.3430	854	356
nte_05505.jpg	0.065232	0.5008	0.6766	167.5	118.4	0.8804	854	356
nte_05505.jpg	0.004357	0.5773	0.5426	42.7	31.0	0.4434	854	356
nte_05505.jpg	0.002072	0.3031	0.5088	51.0	12.3	0.3000	854	356
nte_05506.jpg	0.064313	0.5047	0.6766	167.5	116.8	0.8730	854	356
nte_05506.jpg	0.003084	0.4297	0.5491	39.0	24.0	0.4756	854	356
nte_05506.jpg	0.004368	0.5848	0.5463	39.0	34.0	0.3059	854	356
nte_05507.jpg	0.064016	0.5047	0.6775	168.1	115.8	0.8911	854	356
nte_05507.jpg	0.003075	0.4309	0.5529	40.0	23.4	0.4993	854	356
nte_05508.jpg	0.065469	0.5039	0.6737	167.1	119.1	0.8320	854	356
nte_05508.jpg	0.003440	0.4301	0.5519	42.4	24.7	0.3547	854	356
nte_05509.jpg	0.072502	0.5012	0.6653	168.1	131.1	0.8135	854	356
nte_05509.jpg	0.001845	0.8781	0.4966	40.0	14.0	0.2678	854	356
nte_05510.jpg	0.069998	0.5000	0.6578	166.1	128.1	0.7754	854	356
nte_05510.jpg	0.001453	0.3795	0.5023	24.5	18.0	0.2859	854	356
nte_05510.jpg	0.000596	0.3596	0.5135	17.5	10.3	0.2520	854	356
nte_05511.jpg	0.074679	0.5004	0.6503	168.5	134.8	0.8042	854	356
nte_05511.jpg	0.007834	0.0818	0.4835	83.0	28.7	0.4424	854	356
nte_05512.jpg	0.068900	0.5004	0.6625	168.8	124.1	0.8320	854	356
nte_05513.jpg	0.065599	0.5000	0.6709	167.5	119.1	0.8384	854	356
nte_05514.jpg	0.063673	0.5004	0.6737	165.8	116.8	0.8623	854	356
nte_05515.jpg	0.068308	0.5012	0.6578	165.1	125.8	0.7720	854	356
nte_05516.jpg	0.077031	0.5039	0.6588	164.8	142.1	0.7935	854	356
nte_05517.jpg	0.075404	0.5043	0.6663	166.8	137.4	0.5630	854	356
nte_05517.jpg	0.001886	0.3613	0.4638	30.7	18.7	0.2937	854	356
nte_05518.jpg	0.074918	0.5031	0.6934	164.1	138.8	0.8442	854	356
nte_05519.jpg	0.073208	0.5016	0.6916	163.1	136.4	0.8657	854	356
nte_05520.jpg	0.074138	0.5035	0.6934	164.8	136.8	0.8813	854	356
nte_05521.jpg	0.077439	0.5027	0.6944	164.1	143.4	0.8555	854	356
nte_05522.jpg	0.075467	0.5043	0.6784	166.1	138.1	0.8252	854	356
nte_05523.jpg	0.073446	0.5016	0.6794	164.5	135.8	0.8696	854	356
nte_05524.jpg	0.073061	0.5004	0.6925	166.5	133.4	0.8657	854	356
nte_05524.jpg	0.000659	0.6168	0.4601	24.0	8.3	0.3965	854	356
nte_05525.jpg	0.082411	0.5008	0.6906	165.8	151.1	0.8628	854	356
nte_05526.jpg	0.077299	0.5008	0.6859	168.1	139.8	0.8643	854	356
nte_05527.jpg	0.076745	0.5004	0.6944	168.1	138.8	0.8745	854	356
nte_05527.jpg	0.001039	0.4039	0.4348	22.0	14.3	0.3308	854	356
nte_05528.jpg	0.083369	0.5027	0.7009	173.5	146.1	0.8267	854	356
nte_05529.jpg	0.087657	0.5020	0.6990	171.8	155.1	0.8457	854	356
nte_05529.jpg	0.000870	0.2408	0.4582	24.0	11.0	0.4265	854	356
nte_05529.jpg	0.001044	0.2705	0.4563	27.2	11.7	0.3770	854	356
nte_05529.jpg	0.002034	0.3211	0.4460	41.2	15.0	0.2664	854	356
nte_05530.jpg	0.080488	0.5012	0.6859	169.8	144.1	0.8062	854	356
nte_05531.jpg	0.078901	0.5004	0.7000	170.8	140.4	0.8857	854	356
nte_05532.jpg	0.091730	0.5035	0.7094	173.8	160.5	0.8643	854	356
nte_05533.jpg	0.095189	0.5004	0.6831	172.5	167.8	0.8535	854	356
nte_05533.jpg	0.000531	0.4082	0.4273	14.7	11.0	0.2627	854	356
nte_05534.jpg	0.080682	0.5016	0.7000	171.8	142.8	0.8320	854	356
nte_05535.jpg	0.088428	0.5012	0.6841	171.5	156.8	0.8037	854	356
nte_05535.jpg	0.007569	0.7465	0.4282	61.0	37.7	0.3101	854	356
nte_05536.jpg	0.098497	0.5020	0.7084	174.3	171.8	0.7954	854	356
nte_05537.jpg	0.103291	0.5008	0.6831	171.5	183.1	0.7393	854	356
nte_05538.jpg	0.093519	0.5012	0.6784	170.8	166.5	0.8423	854	356
nte_05538.jpg	0.005289	0.5023	0.4189	57.4	28.0	0.4358	854	356
nte_05538.jpg	0.021344	0.8336	0.4254	113.8	57.0	0.2893	854	356
nte_05539.jpg	0.093395	0.5008	0.6972	172.3	164.8	0.7329	854	356
nte_05540.jpg	0.086903	0.4996	0.7478	171.8	153.8	0.7568	854	356
nte_05540.jpg	0.021273	0.8883	0.4142	111.4	58.0	0.3960	854	356
nte_05540.jpg	0.000960	0.6238	0.3636	19.0	15.3	0.3181	854	356
nte_05540.jpg	0.003342	0.6980	0.3776	36.7	27.7	0.2937	854	356
nte_05540.jpg	0.006991	0.7418	0.3870	63.7	33.4	0.2896	854	356
nte_05540.jpg	0.002284	0.6625	0.3748	32.0	21.7	0.2522	854	356
nte_05542.jpg	0.084234	0.5012	0.7365	169.5	151.1	0.7593	854	356
nte_05542.jpg	0.012222	0.8008	0.4170	106.1	35.0	0.3064	854	356
nte_05546.jpg	0.086077	0.5008	0.7422	169.8	154.1	0.4021	854	356
nte_05546.jpg	0.037121	0.9367	0.4310	108.1	104.4	0.3628	854	356
nte_05547.jpg	0.105307	0.5008	0.7281	170.5	187.8	0.4099	854	356
nte_05548.jpg	0.020063	0.9188	0.4882	128.8	47.4	0.2532	854	356
nte_05549.jpg	0.099349	0.5098	0.7094	172.1	175.5	0.4395	854	356
nte_05550.jpg	0.109475	0.5047	0.6887	171.1	194.5	0.3340	854	356
nte_05551.jpg	0.122818	0.5023	0.6803	172.5	216.5	0.3430	854	356
nte_05553.jpg	0.115575	0.4996	0.6597	168.8	208.2	0.4685	854	356
nte_05554.jpg	0.092793	0.4996	0.7169	168.8	167.1	0.4980	854	356
nte_05554.jpg	0.000582	0.4410	0.3420	17.7	10.0	0.4348	854	356
nte_05557.jpg	0.000810	0.4086	0.3570	18.0	13.7	0.5967	854	356
nte_05558.jpg	0.001269	0.3996	0.3617	22.7	17.0	0.5737	854	356
nte_05558.jpg	0.236232	0.8578	0.5744	242.9	295.7	0.2732	854	356
nte_05559.jpg	0.001627	0.3965	0.3739	26.0	19.0	0.5972	854	356
nte_05559.jpg	0.000615	0.4371	0.3514	16.0	11.7	0.3708	854	356
nte_05560.jpg	0.001015	0.4375	0.3589	19.7	15.7	0.6660	854	356
nte_05560.jpg	0.004496	0.3668	0.3945	49.4	27.7	0.6064	854	356
nte_05560.jpg	0.096122	0.5059	0.7553	173.5	168.5	0.5918	854	356
nte_05561.jpg	0.016223	0.2840	0.4357	100.6	49.0	0.8291	854	356
nte_05561.jpg	0.001184	0.4273	0.3617	22.0	16.3	0.6250	854	356
nte_05561.jpg	0.124052	0.5051	0.6719	174.5	216.2	0.4597	854	356
nte_05561.jpg	0.001356	0.6496	0.3261	31.7	13.0	0.3496	854	356
nte_05561.jpg	0.003290	0.2141	0.3617	53.5	18.7	0.2654	854	356
nte_05562.jpg	0.001101	0.4254	0.3589	21.3	15.7	0.5073	854	356
nte_05562.jpg	0.002141	0.4039	0.3767	30.0	21.7	0.4180	854	356
nte_05562.jpg	0.113849	0.8859	0.4526	194.5	178.0	0.3831	854	356
nte_05563.jpg	0.004184	0.3680	0.4001	42.4	30.0	0.6660	854	356
nte_05563.jpg	0.001327	0.4102	0.3730	24.7	16.3	0.5791	854	356
nte_05563.jpg	0.013330	0.4656	0.4282	87.4	46.4	0.2988	854	356
nte_05564.jpg	0.002738	0.3930	0.3842	36.7	22.7	0.7368	854	356
nte_05564.jpg	0.012726	0.2932	0.4489	78.9	49.0	0.6460	854	356
nte_05564.jpg	0.131049	0.5090	0.6775	180.1	221.2	0.2983	854	356
nte_05565.jpg	0.008066	0.3518	0.4170	65.1	37.7	0.7021	854	356
nte_05565.jpg	0.114733	0.5039	0.6597	171.1	203.8	0.5161	854	356
nte_05566.jpg	0.031103	0.2484	0.4995	142.4	66.4	0.8071	854	356
nte_05566.jpg	0.119536	0.5121	0.7009	177.1	205.2	0.3484	854	356
nte_05567.jpg	0.129144	0.5141	0.6953	182.5	215.2	0.3408	854	356
nte_05568.jpg	0.000488	0.4203	0.3645	14.3	10.3	0.5278	854	356
nte_05568.jpg	0.122244	0.5156	0.7047	189.1	196.5	0.3306	854	356
nte_05569.jpg	0.000647	0.4152	0.3673	17.3	11.3	0.7368	854	356
nte_05569.jpg	0.116693	0.5125	0.6663	178.1	199.2	0.2844	854	356
nte_05570.jpg	0.000918	0.4125	0.3748	19.0	14.7	0.7432	854	356
nte_05570.jpg	0.096330	0.5055	0.7234	171.1	171.1	0.5938	854	356
nte_05571.jpg	0.001563	0.4027	0.3879	23.4	20.3	0.7646	854	356
nte_05572.jpg	0.098760	0.5137	0.7468	176.1	170.5	0.8838	854	356
nte_05572.jpg	0.003494	0.3791	0.4161	37.0	28.7	0.8213	854	356
nte_05572.jpg	0.000922	0.4074	0.3655	17.5	16.0	0.6567	854	356
nte_05573.jpg	0.013395	0.3342	0.4751	74.9	54.4	0.8677	854	356
nte_05573.jpg	0.001188	0.4184	0.3748	19.7	18.3	0.7964	854	356
nte_05573.jpg	0.096308	0.5234	0.7450	182.5	160.5	0.7568	854	356
nte_05574.jpg	0.001966	0.4230	0.3823	26.4	22.7	0.7944	854	356
nte_05574.jpg	0.095189	0.5063	0.7496	167.8	172.5	0.6797	854	356
nte_05575.jpg	0.004016	0.4070	0.3964	38.5	31.7	0.7983	854	356
nte_05575.jpg	0.091906	0.5039	0.7347	174.1	160.5	0.3989	854	356
nte_05576.jpg	0.089683	0.4988	0.7393	170.6	159.8	0.8901	854	356
nte_05576.jpg	0.009345	0.3674	0.4132	61.7	46.0	0.8350	854	356
nte_05577.jpg	0.050443	0.2340	0.4910	166.0	92.4	0.8823	854	356
nte_05577.jpg	0.094504	0.5020	0.7431	179.8	159.8	0.6602	854	356
nte_05578.jpg	0.097753	0.4992	0.7553	183.3	162.1	0.6753	854	356
nte_05580.jpg	0.090509	0.4969	0.7459	171.1	160.8	0.7202	854	356
nte_05581.jpg	0.094940	0.4953	0.7656	177.3	162.8	0.3584	854	356
nte_05586.jpg	0.000825	0.5156	0.3448	18.3	13.7	0.6064	854	356
nte_05587.jpg	0.000960	0.5043	0.3458	19.0	15.3	0.6235	854	356
nte_05587.jpg	0.107154	0.4930	0.7215	170.1	191.5	0.3242	854	356
nte_05588.jpg	0.001460	0.4906	0.3523	23.4	19.0	0.6948	854	356
nte_05589.jpg	0.002340	0.4668	0.3636	31.4	22.7	0.7900	854	356
nte_05590.jpg	0.004421	0.4273	0.3889	40.7	33.0	0.8101	854	356
nte_05591.jpg	0.024009	0.3227	0.4845	102.2	71.4	0.8916	854	356
nte_05591.jpg	0.123501	0.4902	0.6972	177.0	212.2	0.6914	854	356
nte_05593.jpg	0.099967	0.4875	0.7571	178.6	170.1	0.6265	854	356
nte_05596.jpg	0.096268	0.5039	0.7571	175.5	166.8	0.4565	854	356
nte_05598.jpg	0.103607	0.5109	0.7581	185.1	170.1	0.3450	854	356
nte_05599.jpg	0.110119	0.5086	0.7384	184.1	181.8	0.7837	854	356
nte_05600.jpg	0.109591	0.5070	0.7403	185.6	179.5	0.8369	854	356
nte_05601.jpg	0.118641	0.5090	0.7356	194.8	185.1	0.7852	854	356
nte_05602.jpg	0.100640	0.5012	0.7375	170.8	179.1	0.8667	854	356
nte_05603.jpg	0.087926	0.5035	0.7140	170.1	157.1	0.8599	854	356
nte_05604.jpg	0.071984	0.5016	0.6897	160.8	136.1	0.8672	854	356
nte_05605.jpg	0.070888	0.4965	0.6981	159.1	135.4	0.8750	854	356
nte_05606.jpg	0.079581	0.4977	0.7140	160.5	150.8	0.8687	854	356
nte_05606.jpg	0.000705	0.4434	0.4489	15.7	13.7	0.4395	854	356
nte_05606.jpg	0.000918	0.4227	0.4507	19.0	14.7	0.4250	854	356
nte_05607.jpg	0.082704	0.4988	0.7206	162.8	154.5	0.8511	854	356
nte_05607.jpg	0.000984	0.4246	0.4517	21.4	14.0	0.5908	854	356
nte_05607.jpg	0.001471	0.3930	0.4582	27.4	16.3	0.5386	854	356
nte_05608.jpg	0.078999	0.4988	0.7094	165.1	145.4	0.8711	854	356
nte_05608.jpg	0.005605	0.3299	0.4854	58.0	29.4	0.6934	854	356
nte_05608.jpg	0.001751	0.4074	0.4592	29.0	18.3	0.6484	854	356
nte_05608.jpg	0.000597	0.3834	0.4498	16.0	11.3	0.3779	854	356
nte_05608.jpg	0.000942	0.3676	0.4657	19.5	14.7	0.2605	854	356
nte_05609.jpg	0.084987	0.4996	0.7234	164.8	156.8	0.8682	854	356
nte_05609.jpg	0.004633	0.3645	0.4779	50.9	27.7	0.7681	854	356
nte_05610.jpg	0.078160	0.4996	0.7122	164.1	144.8	0.8726	854	356
nte_05611.jpg	0.082245	0.5004	0.7159	165.5	151.1	0.8760	854	356
nte_05611.jpg	0.010792	0.2164	0.4854	90.2	36.4	0.8213	854	356
nte_05612.jpg	0.092980	0.5004	0.7328	167.8	168.5	0.8911	854	356
nte_05613.jpg	0.084606	0.5000	0.7178	169.5	151.8	0.8926	854	356
nte_05614.jpg	0.086125	0.4996	0.7159	168.8	155.1	0.8911	854	356
nte_05615.jpg	0.093719	0.5004	0.7384	168.8	168.8	0.8838	854	356
nte_05616.jpg	0.082073	0.5000	0.7159	168.5	148.1	0.8857	854	356
nte_05617.jpg	0.090941	0.5008	0.7262	168.8	163.8	0.8960	854	356
nte_05617.jpg	0.000577	0.5145	0.4489	15.0	11.7	0.3745	854	356
nte_05618.jpg	0.087434	0.5008	0.7290	168.5	157.8	0.8511	854	356
nte_05618.jpg	0.000316	0.4836	0.4339	10.7	9.0	0.2937	854	356
nte_05619.jpg	0.086505	0.5000	0.7159	172.1	152.8	0.8911	854	356
nte_05619.jpg	0.000395	0.4828	0.4329	12.0	10.0	0.4102	854	356
nte_05619.jpg	0.000265	0.4672	0.4301	9.7	8.3	0.2681	854	356
nte_05620.jpg	0.085704	0.5012	0.7281	169.8	153.5	0.8945	854	356
nte_05620.jpg	0.000523	0.4812	0.4339	14.0	11.3	0.3523	854	356
nte_05620.jpg	0.000286	0.4656	0.4310	10.0	8.7	0.3481	854	356
nte_05620.jpg	0.000430	0.4430	0.4320	14.0	9.3	0.3027	854	356
nte_05621.jpg	0.091100	0.5008	0.7375	170.1	162.8	0.8740	854	356
nte_05622.jpg	0.083162	0.5004	0.7122	168.8	149.8	0.8789	854	356
nte_05622.jpg	0.000403	0.4301	0.4357	14.7	8.3	0.5259	854	356
nte_05622.jpg	0.000393	0.4637	0.4310	12.3	9.7	0.2749	854	356
nte_05623.jpg	0.081606	0.5004	0.7169	169.8	146.1	0.8867	854	356
nte_05624.jpg	0.096330	0.5012	0.6859	171.5	170.8	0.7822	854	356
nte_05624.jpg	0.000379	0.4582	0.4301	12.3	9.3	0.4365	854	356
nte_05624.jpg	0.000664	0.4113	0.4367	20.2	10.0	0.3481	854	356
nte_05624.jpg	0.001160	0.4738	0.4479	22.0	16.0	0.2534	854	356
nte_05625.jpg	0.090962	0.5004	0.6766	171.6	161.1	0.8716	854	356
nte_05625.jpg	0.000439	0.4555	0.4310	13.3	10.0	0.4548	854	356
nte_05625.jpg	0.001435	0.4715	0.4517	26.7	16.3	0.3635	854	356
nte_05626.jpg	0.092683	0.5027	0.6719	173.8	162.1	0.8076	854	356
nte_05626.jpg	0.001330	0.3727	0.4442	28.2	14.3	0.3005	854	356
nte_05626.jpg	0.000320	0.4805	0.4273	11.7	8.3	0.2598	854	356
nte_05627.jpg	0.090156	0.5016	0.6878	170.5	160.8	0.7925	854	356
nte_05627.jpg	0.002389	0.3400	0.4507	38.2	19.0	0.3965	854	356
nte_05627.jpg	0.001493	0.4480	0.4479	22.7	20.0	0.3774	854	356
nte_05627.jpg	0.000359	0.4777	0.4282	11.7	9.3	0.3472	854	356
nte_05628.jpg	0.004551	0.2979	0.4526	51.2	27.0	0.7373	854	356
nte_05628.jpg	0.084641	0.5004	0.6962	171.8	149.8	0.7222	854	356
nte_05628.jpg	0.000352	0.4438	0.4310	12.3	8.7	0.2573	854	356
nte_05628.jpg	0.000281	0.4344	0.4301	10.7	8.0	0.2549	854	356
nte_05629.jpg	0.078470	0.5008	0.7094	169.5	140.8	0.8877	854	356
nte_05629.jpg	0.009572	0.2207	0.4695	87.2	33.4	0.7637	854	356
nte_05629.jpg	0.000307	0.4437	0.4301	11.7	8.0	0.3425	854	356
nte_05629.jpg	0.015287	0.5273	0.5041	88.7	52.4	0.3235	854	356
nte_05629.jpg	0.000379	0.4566	0.4339	12.3	9.3	0.2734	854	356
nte_05630.jpg	0.080714	0.4996	0.7122	171.5	143.1	0.8330	854	356
nte_05631.jpg	0.079152	0.5004	0.7075	170.1	141.4	0.8213	854	356
nte_05631.jpg	0.000850	0.3938	0.4414	21.5	12.0	0.3130	854	356
nte_05631.jpg	0.000400	0.4168	0.4348	13.0	9.3	0.2598	854	356
nte_05631.jpg	0.000269	0.4313	0.4320	10.7	7.7	0.2588	854	356
nte_05632.jpg	0.081734	0.5004	0.7065	171.6	144.8	0.8271	854	356
nte_05632.jpg	0.001388	0.3652	0.4498	26.4	16.0	0.6206	854	356
nte_05632.jpg	0.000400	0.4520	0.4339	13.0	9.3	0.2678	854	356
nte_05632.jpg	0.000420	0.4227	0.4339	13.7	9.3	0.2566	854	356
nte_05633.jpg	0.081257	0.4992	0.7150	170.6	144.8	0.8408	854	356
nte_05633.jpg	0.002512	0.3254	0.4582	37.5	20.3	0.7969	854	356
nte_05633.jpg	0.001036	0.3824	0.4451	23.0	13.7	0.6875	854	356
nte_05633.jpg	0.000369	0.4449	0.4339	12.0	9.3	0.5127	854	356
nte_05633.jpg	0.000420	0.4187	0.4320	13.7	9.3	0.4290	854	356
nte_05633.jpg	0.000395	0.4094	0.4357	12.0	10.0	0.3691	854	356
nte_05634.jpg	0.083263	0.5035	0.7094	176.5	143.4	0.8193	854	356
nte_05634.jpg	0.002921	0.3596	0.4601	38.0	23.4	0.6851	854	356
nte_05634.jpg	0.000660	0.4344	0.4367	17.7	11.3	0.6641	854	356
nte_05634.jpg	0.002706	0.2396	0.4751	37.4	22.0	0.4470	854	356
nte_05634.jpg	0.004704	0.2572	0.4685	59.5	24.0	0.3076	854	356
nte_05635.jpg	0.097642	0.5012	0.6681	170.8	173.8	0.8267	854	356
nte_05635.jpg	0.003067	0.3057	0.4610	44.4	21.0	0.6753	854	356
nte_05635.jpg	0.003053	0.3898	0.4179	33.5	27.7	0.4580	854	356
nte_05635.jpg	0.000835	0.4203	0.4404	20.0	12.7	0.4399	854	356
nte_05635.jpg	0.017458	0.0657	0.5032	107.5	49.4	0.4211	854	356
nte_05635.jpg	0.000772	0.3576	0.4460	18.5	12.7	0.3191	854	356
nte_05636.jpg	0.078842	0.5004	0.7065	169.5	141.4	0.8530	854	356
nte_05636.jpg	0.010267	0.2152	0.4770	93.6	33.4	0.7578	854	356
nte_05636.jpg	0.001540	0.3984	0.4470	27.5	17.0	0.6797	854	356
nte_05636.jpg	0.002952	0.3283	0.4545	42.0	21.4	0.6079	854	356
nte_05636.jpg	0.004747	0.3688	0.4114	43.7	33.0	0.2515	854	356
nte_05637.jpg	0.078625	0.5012	0.7122	169.8	140.8	0.8677	854	356
nte_05637.jpg	0.006031	0.2600	0.4685	66.2	27.7	0.4526	854	356
nte_05637.jpg	0.002027	0.3637	0.4563	31.9	19.3	0.4316	854	356
nte_05637.jpg	0.002158	0.3213	0.4704	29.4	22.4	0.3474	854	356
nte_05637.jpg	0.001857	0.3449	0.4648	28.7	19.7	0.2671	854	356
nte_05638.jpg	0.080617	0.5008	0.7112	170.5	143.8	0.8364	854	356
nte_05638.jpg	0.007605	0.2375	0.4976	61.9	37.4	0.6216	854	356
nte_05638.jpg	0.013339	0.1194	0.4901	107.6	37.7	0.5386	854	356
nte_05638.jpg	0.003597	0.2920	0.4770	39.0	28.0	0.4099	854	356
nte_05639.jpg	0.085898	0.4996	0.7206	171.3	152.5	0.8115	854	356
nte_05639.jpg	0.017380	0.1139	0.4882	121.8	43.4	0.6631	854	356
nte_05640.jpg	0.087072	0.5020	0.7300	172.1	153.8	0.8799	854	356
nte_05641.jpg	0.085722	0.5023	0.7178	169.5	153.8	0.8672	854	356
nte_05642.jpg	0.086077	0.5035	0.7243	169.8	154.1	0.8735	854	356
nte_05643.jpg	0.080144	0.5082	0.7122	169.5	143.8	0.8857	854	356
nte_05644.jpg	0.077693	0.5070	0.7103	169.8	139.1	0.8770	854	356
nte_05645.jpg	0.075587	0.5070	0.7075	166.8	137.8	0.8735	854	356
nte_05646.jpg	0.069233	0.5090	0.6972	163.5	128.8	0.8940	854	356
nte_05646.jpg	0.003463	0.5879	0.6016	36.7	28.7	0.2654	854	356
nte_05647.jpg	0.075134	0.5094	0.7028	165.8	137.8	0.8638	854	356
nte_05648.jpg	0.075737	0.5051	0.7037	165.1	139.4	0.8701	854	356
nte_05649.jpg	0.079039	0.5023	0.7103	167.1	143.8	0.8477	854	356
nte_05650.jpg	0.078802	0.5082	0.7103	167.8	142.8	0.8784	854	356
nte_05651.jpg	0.080013	0.5066	0.7131	168.8	144.1	0.8809	854	356
nte_05652.jpg	0.081871	0.5066	0.7140	171.1	145.4	0.8521	854	356
nte_05653.jpg	0.081817	0.5082	0.7140	169.5	146.8	0.8960	854	356
nte_05654.jpg	0.083861	0.5086	0.7169	172.1	148.1	0.8560	854	356
nte_05655.jpg	0.075890	0.5020	0.7084	167.5	137.8	0.8765	854	356
nte_05656.jpg	0.077082	0.5020	0.7084	168.5	139.1	0.8833	854	356
nte_05657.jpg	0.075738	0.5008	0.7084	167.1	137.8	0.8848	854	356
nte_05657.jpg	0.000562	0.3762	0.4432	15.5	11.0	0.3813	854	356
nte_05658.jpg	0.075038	0.5047	0.7094	166.8	136.8	0.8940	854	356
nte_05658.jpg	0.000626	0.3680	0.4442	15.8	12.0	0.3884	854	356
nte_05659.jpg	0.075038	0.5055	0.7122	166.8	136.8	0.8970	854	356
nte_05659.jpg	0.000520	0.3588	0.4460	16.3	9.7	0.3018	854	356
nte_05660.jpg	0.076502	0.5035	0.7150	166.8	139.4	0.8877	854	356
nte_05660.jpg	0.000494	0.3717	0.4329	16.7	9.0	0.3828	854	356
nte_05660.jpg	0.000717	0.3504	0.4451	18.7	11.7	0.3674	854	356
nte_05661.jpg	0.074193	0.5156	0.7075	169.5	133.1	0.8984	854	356
nte_05661.jpg	0.000462	0.3818	0.4301	16.2	8.7	0.4756	854	356
nte_05661.jpg	0.000718	0.3443	0.4507	17.7	12.3	0.4119	854	356
nte_05661.jpg	0.000643	0.3150	0.4563	15.8	12.3	0.2766	854	356
nte_05662.jpg	0.075071	0.5145	0.7103	166.5	137.1	0.8882	854	356
nte_05662.jpg	0.001128	0.3486	0.4498	22.9	15.0	0.6611	854	356
nte_05662.jpg	0.000536	0.4047	0.4292	16.8	9.7	0.5190	854	356
nte_05662.jpg	0.000931	0.3020	0.4554	17.7	16.0	0.3257	854	356
nte_05663.jpg	0.073678	0.5047	0.7094	165.8	135.1	0.8809	854	356
nte_05663.jpg	0.001782	0.3369	0.4545	29.5	18.3	0.7378	854	356
nte_05663.jpg	0.004244	0.2740	0.4657	56.9	22.7	0.6699	854	356
nte_05663.jpg	0.000564	0.4145	0.4320	18.3	9.3	0.5396	854	356
nte_05664.jpg	0.073501	0.5062	0.7065	167.5	133.4	0.8853	854	356
nte_05664.jpg	0.002525	0.3131	0.4620	36.5	21.0	0.6104	854	356
nte_05664.jpg	0.000573	0.4184	0.4310	18.0	9.7	0.3694	854	356
nte_05665.jpg	0.078185	0.5066	0.7094	170.5	139.4	0.8394	854	356
nte_05665.jpg	0.007066	0.2473	0.4770	66.4	32.4	0.7646	854	356
nte_05665.jpg	0.000544	0.4246	0.4310	18.3	9.0	0.3950	854	356
nte_05665.jpg	0.001764	0.5172	0.4170	24.4	22.0	0.3083	854	356
nte_05666.jpg	0.078098	0.5035	0.7140	169.5	140.1	0.8789	854	356
nte_05666.jpg	0.000794	0.4281	0.4348	20.7	11.7	0.5566	854	356
nte_05666.jpg	0.002487	0.5309	0.4236	26.4	28.7	0.3076	854	356
nte_05667.jpg	0.082891	0.4996	0.7243	171.3	147.1	0.8564	854	356
nte_05667.jpg	0.000626	0.4270	0.4310	19.0	10.0	0.3398	854	356
nte_05668.jpg	0.079244	0.5035	0.7103	169.1	142.4	0.8145	854	356
nte_05668.jpg	0.000771	0.4250	0.4404	18.0	13.0	0.5010	854	356
nte_05669.jpg	0.083317	0.4996	0.7178	170.6	148.4	0.8252	854	356
nte_05669.jpg	0.000582	0.4211	0.4395	14.3	12.3	0.5513	854	356
nte_05669.jpg	0.006563	0.5770	0.5988	46.4	43.0	0.4319	854	356
nte_05669.jpg	0.000489	0.3922	0.4292	13.5	11.0	0.4070	854	356
nte_05670.jpg	0.093486	0.5004	0.6822	172.5	164.8	0.8003	854	356
nte_05670.jpg	0.000909	0.4129	0.4460	18.0	15.3	0.6870	854	356
nte_05670.jpg	0.009850	0.5719	0.4582	46.0	65.1	0.2539	854	356
nte_05671.jpg	0.092629	0.5008	0.6803	172.6	163.1	0.7852	854	356
nte_05671.jpg	0.001145	0.3938	0.4517	22.7	15.3	0.5420	854	356
nte_05671.jpg	0.016193	0.5891	0.4554	67.4	73.1	0.5171	854	356
nte_05672.jpg	0.083984	0.5086	0.7037	170.5	149.8	0.8188	854	356
nte_05672.jpg	0.001998	0.3711	0.4629	29.9	20.3	0.7144	854	356
nte_05672.jpg	0.000725	0.3959	0.4479	16.5	13.3	0.3994	854	356
nte_05673.jpg	0.093077	0.5063	0.6841	173.5	163.1	0.8521	854	356
nte_05673.jpg	0.005194	0.3297	0.4816	55.0	28.7	0.7388	854	356
nte_05673.jpg	0.001195	0.3842	0.4545	23.7	15.3	0.4890	854	356
nte_05674.jpg	0.092350	0.5066	0.6962	172.5	162.8	0.8672	854	356
nte_05674.jpg	0.024402	0.2195	0.5323	135.6	54.7	0.7192	854	356
nte_05674.jpg	0.001996	0.3664	0.4629	31.4	19.3	0.6421	854	356
nte_05674.jpg	0.000639	0.3934	0.4489	16.2	12.0	0.3704	854	356
nte_05675.jpg	0.081813	0.5094	0.7150	171.8	144.8	0.8589	854	356
nte_05675.jpg	0.005424	0.3217	0.4845	55.5	29.7	0.7080	854	356
nte_05675.jpg	0.000900	0.3738	0.4620	20.0	13.7	0.3813	854	356
nte_05676.jpg	0.083096	0.5082	0.7140	169.8	148.8	0.8496	854	356
nte_05676.jpg	0.002439	0.3502	0.4723	32.7	22.7	0.6514	854	356
nte_05676.jpg	0.026663	0.1938	0.5369	141.3	57.4	0.4907	854	356
nte_05676.jpg	0.000837	0.4023	0.4498	17.3	14.7	0.4219	854	356
nte_05676.jpg	0.000857	0.3809	0.4535	17.3	15.0	0.3320	854	356
nte_05677.jpg	0.084545	0.5078	0.7122	170.5	150.8	0.8569	854	356
nte_05677.jpg	0.008199	0.3014	0.4948	68.6	36.4	0.7432	854	356
nte_05677.jpg	0.000450	0.4141	0.4282	13.7	10.0	0.3848	854	356
nte_05677.jpg	0.001838	0.3619	0.4620	27.0	20.7	0.2708	854	356
nte_05677.jpg	0.001861	0.3838	0.4638	27.4	20.7	0.2642	854	356
nte_05677.jpg	0.000815	0.3963	0.4573	16.5	15.0	0.2527	854	356
nte_05678.jpg	0.085518	0.5027	0.7028	169.8	153.1	0.8203	854	356
nte_05678.jpg	0.002820	0.3637	0.4695	36.2	23.7	0.7095	854	356
nte_05678.jpg	0.000510	0.4113	0.4310	13.7	11.3	0.4958	854	356
nte_05678.jpg	0.005619	0.2885	0.4929	50.7	33.7	0.4568	854	356
nte_05678.jpg	0.000515	0.3889	0.4460	14.7	10.7	0.3711	854	356
nte_05678.jpg	0.000372	0.4281	0.4310	11.7	9.7	0.3608	854	356
nte_05679.jpg	0.085835	0.5047	0.7178	170.8	152.8	0.8550	854	356
nte_05679.jpg	0.007139	0.3135	0.4873	61.4	35.4	0.7812	854	356
nte_05679.jpg	0.000510	0.4074	0.4348	14.5	10.7	0.7344	854	356
nte_05679.jpg	0.000359	0.4281	0.4320	11.7	9.3	0.5723	854	356
nte_05679.jpg	0.000731	0.3744	0.4507	18.5	12.0	0.5552	854	356
nte_05679.jpg	0.058260	0.1290	0.5679	215.8	82.1	0.5410	854	356
nte_05680.jpg	0.086002	0.5023	0.7000	171.1	152.8	0.8447	854	356
nte_05680.jpg	0.034426	0.1537	0.5519	158.5	66.1	0.8252	854	356
nte_05680.jpg	0.000744	0.4012	0.4357	17.8	12.7	0.6626	854	356
nte_05680.jpg	0.000757	0.3510	0.4535	17.7	13.0	0.5562	854	356
nte_05680.jpg	0.000384	0.4285	0.4282	11.7	10.0	0.3855	854	356
nte_05681.jpg	0.088486	0.5031	0.6981	170.1	158.1	0.8213	854	356
nte_05681.jpg	0.000992	0.3865	0.4385	21.0	14.3	0.7129	854	356
nte_05681.jpg	0.001363	0.3098	0.4601	24.9	16.7	0.4814	854	356
nte_05681.jpg	0.000405	0.4219	0.4339	13.7	9.0	0.3499	854	356
nte_05682.jpg	0.082189	0.5039	0.7094	169.5	147.4	0.8657	854	356
nte_05682.jpg	0.001428	0.3740	0.4442	25.5	17.0	0.7168	854	356
nte_05682.jpg	0.005046	0.2559	0.4713	58.2	26.4	0.5708	854	356
nte_05682.jpg	0.000409	0.4176	0.4357	14.3	8.7	0.3008	854	356
nte_05683.jpg	0.083282	0.5012	0.7150	169.8	149.1	0.8647	854	356
nte_05683.jpg	0.001922	0.3418	0.4489	29.2	20.0	0.5234	854	356
nte_05684.jpg	0.086022	0.5008	0.7187	170.8	153.1	0.8481	854	356
nte_05684.jpg	0.004787	0.2975	0.4535	53.2	27.4	0.6860	854	356
nte_05684.jpg	0.000692	0.3906	0.4432	17.5	12.0	0.2520	854	356
nte_05685.jpg	0.086923	0.5000	0.7000	171.5	154.1	0.8423	854	356
nte_05685.jpg	0.013644	0.1935	0.4685	97.9	42.4	0.7871	854	356
nte_05685.jpg	0.001244	0.3678	0.4489	25.2	15.0	0.5469	854	356
nte_05686.jpg	0.089399	0.5027	0.6990	176.0	154.5	0.8354	854	356
nte_05686.jpg	0.006984	0.4934	0.4807	70.7	30.0	0.3015	854	356
nte_05687.jpg	0.089613	0.5008	0.7037	174.1	156.5	0.8232	854	356
nte_05687.jpg	0.006108	0.2488	0.4742	62.5	29.7	0.8125	854	356
nte_05688.jpg	0.094199	0.5000	0.7037	174.1	164.5	0.8262	854	356
nte_05688.jpg	0.020638	0.0917	0.5154	121.3	51.7	0.7920	854	356
nte_05689.jpg	0.082836	0.5000	0.7178	170.8	147.4	0.8223	854	356
nte_05690.jpg	0.090673	0.5082	0.7122	171.8	160.5	0.8330	854	356
nte_05691.jpg	0.101812	0.5078	0.7103	172.5	179.5	0.7622	854	356
nte_05692.jpg	0.096703	0.5051	0.7047	172.5	170.5	0.7593	854	356
nte_05693.jpg	0.091279	0.5027	0.7243	170.5	162.8	0.7373	854	356
nte_05694.jpg	0.085064	0.5102	0.7290	171.1	151.1	0.8296	854	356
nte_05694.jpg	0.000384	0.3684	0.4029	14.0	8.3	0.3330	854	356
nte_05695.jpg	0.091744	0.5086	0.7150	173.5	160.8	0.6855	854	356
nte_05695.jpg	0.000430	0.3721	0.4039	14.0	9.3	0.3577	854	356
nte_05696.jpg	0.089946	0.5078	0.7318	171.1	159.8	0.8379	854	356
nte_05697.jpg	0.096492	0.5078	0.7075	174.1	168.5	0.8252	854	356
nte_05697.jpg	0.000584	0.3658	0.4142	18.3	9.7	0.3264	854	356
nte_05698.jpg	0.087940	0.5113	0.7243	169.8	157.5	0.8774	854	356
nte_05698.jpg	0.000788	0.3580	0.4179	20.5	11.7	0.3271	854	356
nte_05699.jpg	0.091853	0.5063	0.7140	169.8	164.5	0.8125	854	356
nte_05699.jpg	0.001689	0.3396	0.4273	30.2	17.0	0.6611	854	356
nte_05699.jpg	0.000628	0.3697	0.4198	16.8	11.3	0.4927	854	356
nte_05700.jpg	0.086903	0.5055	0.7225	171.8	153.8	0.8613	854	356
nte_05700.jpg	0.002488	0.3025	0.4376	34.4	22.0	0.6260	854	356
nte_05700.jpg	0.000860	0.3578	0.4245	21.2	12.3	0.4753	854	356
nte_05701.jpg	0.087926	0.5027	0.7178	170.1	157.1	0.8223	854	356
nte_05701.jpg	0.008733	0.2135	0.4667	80.4	33.0	0.7725	854	356
nte_05701.jpg	0.001372	0.3311	0.4339	27.2	15.3	0.6040	854	356
nte_05702.jpg	0.083387	0.5113	0.7084	168.1	150.8	0.8843	854	356
nte_05702.jpg	0.004294	0.2908	0.4423	46.0	28.4	0.8115	854	356
nte_05703.jpg	0.011840	0.2180	0.4620	83.6	43.0	0.8853	854	356
nte_05703.jpg	0.082606	0.5059	0.7047	168.8	148.8	0.8843	854	356
nte_05704.jpg	0.081501	0.5023	0.7187	165.8	149.4	0.8608	854	356
nte_05704.jpg	0.016360	0.0442	0.4995	75.7	65.7	0.8398	854	356
nte_05705.jpg	0.080185	0.5125	0.7197	166.5	146.4	0.9023	854	356
nte_05706.jpg	0.084420	0.5164	0.7084	169.5	151.5	0.8589	854	356
nte_05707.jpg	0.076922	0.5066	0.6990	163.8	142.8	0.8872	854	356
nte_05708.jpg	0.078239	0.5070	0.7112	162.8	146.1	0.8740	854	356
nte_05709.jpg	0.079773	0.5156	0.7009	167.1	145.1	0.8774	854	356
nte_05710.jpg	0.072641	0.5063	0.6972	163.5	135.1	0.8740	854	356
nte_05711.jpg	0.077681	0.5000	0.7131	165.8	142.4	0.8496	854	356
nte_05712.jpg	0.071722	0.5016	0.6990	161.8	134.8	0.8853	854	356
nte_05712.jpg	0.000385	0.3779	0.4620	13.5	8.7	0.2666	854	356
nte_05713.jpg	0.077080	0.5113	0.7084	166.5	140.8	0.8667	854	356
nte_05713.jpg	0.000286	0.3795	0.4601	11.3	7.7	0.4038	854	356
nte_05714.jpg	0.073570	0.5156	0.6972	168.5	132.8	0.8755	854	356
nte_05715.jpg	0.073179	0.5055	0.6887	163.5	136.1	0.8901	854	356
nte_05715.jpg	0.000275	0.4168	0.4620	10.0	8.3	0.3640	854	356
nte_05716.jpg	0.078239	0.5078	0.7084	162.8	146.1	0.8682	854	356
nte_05716.jpg	0.000403	0.4203	0.4648	12.7	9.7	0.3821	854	356
nte_05717.jpg	0.071987	0.5063	0.6887	162.8	134.4	0.8838	854	356
nte_05717.jpg	0.000339	0.4242	0.4638	12.3	8.3	0.4133	854	356
nte_05718.jpg	0.080396	0.5035	0.7150	162.5	150.5	0.8672	854	356
nte_05718.jpg	0.000348	0.4242	0.4638	12.7	8.3	0.3381	854	356
nte_05719.jpg	0.072671	0.5020	0.6934	163.1	135.4	0.8696	854	356
nte_05719.jpg	0.000414	0.4187	0.4638	13.0	9.7	0.4624	854	356
nte_05720.jpg	0.077663	0.5063	0.6990	163.5	144.4	0.8530	854	356
nte_05720.jpg	0.000465	0.4129	0.4648	13.7	10.3	0.4658	854	356
nte_05720.jpg	0.000314	0.4285	0.4629	11.0	8.7	0.3169	854	356
nte_05721.jpg	0.077980	0.5082	0.6944	164.1	144.4	0.8574	854	356
nte_05721.jpg	0.000892	0.4074	0.4648	19.3	14.0	0.5537	854	356
nte_05721.jpg	0.000324	0.4285	0.4620	11.3	8.7	0.3823	854	356
nte_05722.jpg	0.074709	0.5043	0.6869	164.5	138.1	0.8662	854	356
nte_05722.jpg	0.001552	0.3941	0.4695	26.7	17.7	0.5464	854	356
nte_05722.jpg	0.000350	0.4301	0.4592	11.0	9.7	0.4016	854	356
nte_05722.jpg	0.000619	0.4219	0.4629	15.7	12.0	0.3623	854	356
nte_05723.jpg	0.088017	0.5035	0.7103	167.5	159.8	0.8481	854	356
nte_05723.jpg	0.004092	0.3598	0.4807	46.0	27.0	0.7134	854	356
nte_05723.jpg	0.001419	0.4051	0.4704	25.4	17.0	0.3608	854	356
nte_05723.jpg	0.000498	0.4289	0.4592	13.3	11.3	0.2563	854	356
nte_05724.jpg	0.078122	0.5020	0.6869	167.1	142.1	0.8530	854	356
nte_05724.jpg	0.016542	0.2666	0.5088	106.9	47.0	0.8281	854	356
nte_05724.jpg	0.000682	0.4141	0.4582	16.3	12.7	0.3457	854	356
nte_05724.jpg	0.001894	0.3807	0.4779	34.5	16.7	0.3228	854	356
nte_05725.jpg	0.084458	0.5039	0.7019	168.8	152.1	0.8774	854	356
nte_05725.jpg	0.007961	0.3258	0.4966	72.6	33.4	0.6196	854	356
nte_05725.jpg	0.001736	0.3889	0.4723	29.9	17.7	0.5298	854	356
nte_05725.jpg	0.000362	0.4484	0.4217	12.7	8.7	0.3281	854	356
nte_05726.jpg	0.093336	0.5020	0.7122	170.5	166.5	0.8428	854	356
nte_05726.jpg	0.005103	0.3426	0.4854	54.7	28.4	0.7534	854	356
nte_05726.jpg	0.024523	0.1679	0.5557	126.3	59.0	0.2649	854	356
nte_05727.jpg	0.082131	0.4973	0.7009	172.5	144.8	0.8438	854	356
nte_05727.jpg	0.038568	0.1635	0.5547	172.3	68.1	0.5171	854	356
nte_05727.jpg	0.000400	0.4391	0.4170	13.0	9.3	0.4626	854	356
nte_05728.jpg	0.087038	0.5070	0.6981	169.1	156.5	0.8662	854	356
nte_05728.jpg	0.000212	0.4379	0.4151	9.7	6.7	0.3066	854	356
nte_05729.jpg	0.099147	0.5082	0.6878	176.1	171.1	0.8501	854	356
nte_05729.jpg	0.000339	0.4289	0.4189	12.3	8.3	0.3081	854	356
nte_05729.jpg	0.000205	0.4387	0.4142	9.3	6.7	0.2739	854	356
nte_05730.jpg	0.102982	0.5043	0.6850	173.8	180.1	0.8481	854	356
nte_05730.jpg	0.000329	0.4223	0.4207	12.0	8.3	0.5400	854	356
nte_05730.jpg	0.000215	0.4379	0.4151	9.3	7.0	0.3362	854	356
nte_05731.jpg	0.098027	0.5027	0.6944	172.1	173.1	0.8350	854	356
nte_05731.jpg	0.000602	0.4113	0.4310	15.7	11.7	0.5063	854	356
nte_05731.jpg	0.000325	0.4375	0.4161	12.3	8.0	0.3022	854	356
nte_05732.jpg	0.097082	0.5012	0.7103	171.5	172.1	0.8784	854	356
nte_05732.jpg	0.000934	0.3906	0.4357	19.3	14.7	0.3909	854	356
nte_05732.jpg	0.000328	0.4199	0.4217	13.0	7.7	0.3213	854	356
nte_05733.jpg	0.090836	0.4996	0.7094	172.5	160.1	0.8306	854	356
nte_05733.jpg	0.001643	0.3670	0.4320	31.9	15.7	0.3674	854	356
nte_05733.jpg	0.000356	0.4227	0.4226	12.0	9.0	0.3552	854	356
nte_05733.jpg	0.000398	0.4051	0.4245	14.5	8.3	0.3384	854	356
nte_05734.jpg	0.091239	0.5016	0.7122	171.8	161.5	0.8179	854	356
nte_05734.jpg	0.003955	0.3191	0.4479	49.4	24.4	0.7593	854	356
nte_05734.jpg	0.000730	0.4082	0.4282	17.5	12.7	0.4565	854	356
nte_05734.jpg	0.000660	0.3834	0.4292	17.7	11.3	0.4387	854	356
nte_05735.jpg	0.094448	0.5016	0.6944	171.5	167.5	0.8442	854	356
nte_05735.jpg	0.012281	0.2141	0.4723	100.8	37.0	0.7266	854	356
nte_05735.jpg	0.000842	0.3480	0.4367	19.7	13.0	0.4016	854	356
nte_05735.jpg	0.000728	0.3883	0.4264	19.5	11.3	0.3457	854	356
nte_05736.jpg	0.087599	0.5012	0.7253	172.8	154.1	0.8662	854	356
nte_05736.jpg	0.002264	0.2957	0.4573	36.2	19.0	0.4458	854	356
nte_05736.jpg	0.001422	0.3637	0.4507	22.4	19.3	0.3213	854	356
nte_05736.jpg	0.008144	0.4219	0.6297	45.5	54.4	0.2639	854	356
nte_05737.jpg	0.092011	0.5012	0.7094	171.1	163.5	0.8359	854	356
nte_05737.jpg	0.017833	0.1271	0.4966	135.4	40.0	0.4485	854	356
nte_05737.jpg	0.001485	0.3033	0.4517	28.2	16.0	0.4028	854	356
nte_05738.jpg	0.092670	0.5031	0.7159	174.1	161.8	0.8550	854	356
nte_05738.jpg	0.011087	0.2064	0.4732	95.3	35.4	0.7148	854	356
nte_05739.jpg	0.087880	0.5012	0.7225	171.1	156.1	0.8877	854	356
nte_05740.jpg	0.095479	0.5004	0.7009	172.0	168.8	0.7773	854	356
nte_05741.jpg	0.091694	0.5008	0.7103	172.3	161.8	0.8315	854	356
nte_05742.jpg	0.091626	0.5016	0.7028	171.5	162.5	0.7319	854	356
nte_05743.jpg	0.085207	0.5012	0.7225	171.8	150.8	0.8594	854	356
nte_05743.jpg	0.008822	0.5043	0.4723	68.7	39.0	0.3374	854	356
nte_05744.jpg	0.085627	0.5012	0.7253	171.1	152.1	0.8789	854	356
nte_05744.jpg	0.009169	0.5086	0.4723	67.4	41.4	0.4419	854	356
nte_05744.jpg	0.019181	0.6438	0.4470	65.7	88.7	0.3728	854	356
nte_05744.jpg	0.000485	0.4680	0.4179	13.0	11.3	0.2947	854	356
nte_05745.jpg	0.084753	0.5008	0.7328	170.1	151.5	0.8706	854	356
nte_05745.jpg	0.012645	0.5063	0.4779	78.4	49.0	0.3757	854	356
nte_05745.jpg	0.000435	0.4629	0.4189	13.7	9.7	0.3381	854	356
nte_05746.jpg	0.090540	0.5004	0.7159	170.1	161.8	0.8057	854	356
nte_05746.jpg	0.000835	0.4574	0.4226	19.0	13.3	0.4165	854	356
nte_05747.jpg	0.086481	0.5004	0.7253	169.1	155.5	0.8491	854	356
nte_05747.jpg	0.002158	0.4492	0.4357	29.4	22.4	0.4026	854	356
nte_05747.jpg	0.013996	0.5129	0.4976	80.7	52.7	0.3394	854	356
nte_05748.jpg	0.085873	0.5008	0.7318	170.1	153.5	0.8696	854	356
nte_05748.jpg	0.002439	0.4340	0.4273	32.7	22.7	0.7339	854	356
nte_05749.jpg	0.091653	0.5008	0.7094	170.5	163.5	0.8159	854	356
nte_05749.jpg	0.004863	0.4141	0.4404	48.7	30.4	0.7358	854	356
nte_05749.jpg	0.001403	0.5699	0.4198	23.7	18.0	0.3352	854	356
nte_05750.jpg	0.087853	0.4965	0.7281	173.3	154.1	0.8242	854	356
nte_05750.jpg	0.012217	0.3445	0.4685	74.2	50.0	0.7622	854	356
nte_05751.jpg	0.096131	0.1344	0.5772	229.3	127.4	0.8979	854	356
nte_05751.jpg	0.089905	0.4992	0.7225	172.1	158.8	0.8350	854	356
nte_05752.jpg	0.101251	0.4953	0.7131	172.8	178.1	0.8711	854	356
nte_05752.jpg	0.001913	0.6215	0.4170	26.0	22.4	0.4841	854	356
nte_05752.jpg	0.000459	0.5781	0.4086	12.7	11.0	0.3442	854	356
nte_05753.jpg	0.093144	0.4922	0.7094	170.8	165.8	0.8691	854	356
nte_05753.jpg	0.002627	0.6266	0.4207	30.7	26.0	0.4065	854	356
nte_05753.jpg	0.001157	0.7480	0.4001	26.4	13.3	0.2683	854	356
nte_05754.jpg	0.084131	0.4988	0.7103	169.6	150.8	0.8701	854	356
nte_05755.jpg	0.078221	0.4996	0.7150	168.1	141.4	0.8403	854	356
nte_05756.jpg	0.070988	0.5070	0.7094	165.5	130.4	0.8843	854	356
nte_05756.jpg	0.025052	0.5219	0.4845	122.1	62.4	0.3440	854	356
nte_05757.jpg	0.073609	0.5043	0.7075	168.1	133.1	0.8584	854	356
nte_05757.jpg	0.034453	0.5430	0.5416	125.1	83.7	0.2688	854	356
nte_05758.jpg	0.086523	0.5090	0.7328	178.8	147.1	0.8618	854	356
nte_05758.jpg	0.000478	0.4500	0.4357	15.0	9.7	0.5957	854	356
nte_05758.jpg	0.003336	0.3855	0.6044	37.5	27.0	0.5464	854	356
nte_05758.jpg	0.003054	0.4168	0.5978	32.4	28.7	0.5112	854	356
nte_05758.jpg	0.000628	0.4219	0.4489	16.3	11.7	0.4937	854	356
nte_05758.jpg	0.000278	0.4777	0.4282	11.0	7.7	0.3345	854	356
nte_05758.jpg	0.000242	0.4676	0.4301	10.0	7.3	0.2888	854	356
nte_05759.jpg	0.078656	0.5020	0.7094	169.5	141.1	0.7881	854	356
nte_05759.jpg	0.000471	0.4453	0.4357	15.3	9.3	0.6191	854	356
nte_05759.jpg	0.001125	0.4129	0.4498	23.9	14.3	0.5312	854	356
nte_05759.jpg	0.000352	0.4668	0.4310	12.3	8.7	0.4294	854	356
nte_05759.jpg	0.000225	0.4781	0.4264	9.3	7.3	0.3069	854	356
nte_05760.jpg	0.085006	0.4965	0.6784	167.0	154.8	0.7622	854	356
nte_05760.jpg	0.000635	0.4305	0.4367	18.7	10.3	0.4666	854	356
nte_05760.jpg	0.001862	0.3867	0.4563	30.9	18.3	0.4084	854	356
nte_05760.jpg	0.000580	0.4602	0.4357	16.0	11.0	0.3594	854	356
nte_05760.jpg	0.000293	0.4703	0.4310	10.7	8.3	0.3457	854	356
nte_05761.jpg	0.074310	0.4980	0.7028	168.5	134.1	0.8496	854	356
nte_05761.jpg	0.000855	0.4102	0.4395	20.5	12.7	0.5957	854	356
nte_05761.jpg	0.003248	0.3424	0.4620	45.5	21.7	0.4729	854	356
nte_05761.jpg	0.000414	0.4340	0.4348	13.0	9.7	0.3765	854	356
nte_05761.jpg	0.000305	0.4590	0.4310	10.7	8.7	0.3643	854	356
nte_05761.jpg	0.000742	0.4480	0.4376	17.3	13.0	0.2932	854	356
nte_05761.jpg	0.007177	0.6172	0.4732	57.4	38.0	0.2915	854	356
nte_05761.jpg	0.000329	0.4809	0.4189	12.0	8.3	0.2568	854	356
nte_05762.jpg	0.078997	0.4965	0.7140	169.8	141.4	0.8491	854	356
nte_05762.jpg	0.001492	0.3787	0.4451	27.2	16.7	0.6675	854	356
nte_05762.jpg	0.000538	0.4453	0.4339	14.0	11.7	0.3584	854	356
nte_05762.jpg	0.000664	0.4172	0.4348	18.3	11.0	0.2957	854	356
nte_05762.jpg	0.005154	0.2418	0.4854	53.4	29.4	0.2590	854	356
nte_05763.jpg	0.081893	0.4883	0.7178	172.0	144.8	0.8320	854	356
nte_05763.jpg	0.004106	0.3230	0.4442	46.2	27.0	0.7344	854	356
nte_05763.jpg	0.005885	0.2328	0.4610	66.2	27.0	0.6577	854	356
nte_05763.jpg	0.000867	0.4531	0.4132	21.4	12.3	0.4670	854	356
nte_05763.jpg	0.001208	0.3818	0.4357	25.0	14.7	0.4358	854	356
nte_05763.jpg	0.000562	0.4187	0.4254	16.0	10.7	0.2971	854	356
nte_05764.jpg	0.011047	0.2178	0.4573	83.9	40.0	0.7817	854	356
nte_05764.jpg	0.108618	0.4891	0.6981	183.0	180.5	0.6226	854	356
nte_05764.jpg	0.000660	0.4297	0.4142	17.7	11.3	0.3586	854	356
nte_05764.jpg	0.001494	0.3230	0.4451	25.7	17.7	0.3391	854	356
nte_05765.jpg	0.101362	0.4988	0.7056	174.0	177.1	0.7935	854	356
nte_05765.jpg	0.007745	0.2549	0.4610	76.7	30.7	0.5327	854	356
nte_05765.jpg	0.002243	0.3525	0.4310	37.9	18.0	0.5259	854	356
nte_05765.jpg	0.001006	0.4039	0.4254	22.4	13.7	0.3457	854	356
nte_05765.jpg	0.002972	0.1964	0.4695	37.6	24.0	0.2544	854	356
nte_05766.jpg	0.090079	0.4914	0.7281	172.5	158.8	0.8086	854	356
nte_05766.jpg	0.002671	0.3652	0.4292	38.0	21.3	0.6240	854	356
nte_05766.jpg	0.005491	0.2861	0.4460	66.7	25.0	0.5127	854	356
nte_05766.jpg	0.000384	0.6043	0.3730	14.0	8.3	0.4990	854	356
nte_05767.jpg	0.097681	0.4902	0.7665	181.3	163.8	0.7061	854	356
nte_05767.jpg	0.000303	0.5914	0.3739	12.0	7.7	0.3777	854	356
nte_05768.jpg	0.086044	0.4945	0.7468	172.0	152.1	0.8228	854	356
nte_05768.jpg	0.000325	0.5832	0.3730	12.3	8.0	0.2605	854	356
nte_05769.jpg	0.092732	0.4934	0.7393	176.8	159.5	0.4443	854	356
nte_05769.jpg	0.000769	0.6375	0.3804	16.7	14.0	0.4072	854	356
nte_05769.jpg	0.000642	0.6570	0.3879	15.0	13.0	0.2505	854	356
nte_05770.jpg	0.000818	0.6289	0.3861	17.3	14.3	0.3572	854	356
nte_05771.jpg	0.084484	0.4844	0.7243	172.6	148.8	0.8335	854	356
nte_05771.jpg	0.000982	0.6113	0.3908	20.3	14.7	0.3518	854	356
nte_05772.jpg	0.089063	0.4910	0.7487	172.0	157.5	0.8081	854	356
nte_05772.jpg	0.001325	0.6039	0.3954	23.7	17.0	0.6230	854	356
nte_05773.jpg	0.076528	0.4984	0.7225	168.5	138.1	0.7896	854	356
nte_05773.jpg	0.002366	0.6145	0.4039	33.7	21.3	0.4172	854	356
nte_05774.jpg	0.086965	0.4934	0.7234	165.5	159.8	0.7944	854	356
nte_05774.jpg	0.006794	0.6352	0.4207	53.4	38.7	0.3003	854	356
nte_05775.jpg	0.090321	0.4965	0.7159	166.6	164.8	0.7910	854	356
nte_05775.jpg	0.004950	0.6840	0.4376	46.0	32.7	0.6719	854	356
nte_05775.jpg	0.002281	0.6406	0.4095	31.0	22.4	0.4087	854	356
nte_05776.jpg	0.009844	0.7539	0.4592	83.1	36.0	0.7915	854	356
nte_05776.jpg	0.082584	0.4910	0.7122	169.1	148.4	0.7515	854	356
nte_05776.jpg	0.003558	0.6703	0.4179	40.0	27.0	0.6938	854	356
nte_05776.jpg	0.002428	0.4477	0.4095	33.0	22.4	0.2605	854	356
nte_05777.jpg	0.084410	0.4926	0.7337	168.0	152.8	0.8555	854	356
nte_05777.jpg	0.005549	0.7344	0.4339	54.4	31.0	0.6216	854	356
nte_05777.jpg	0.003726	0.4082	0.4179	43.5	26.0	0.5439	854	356
nte_05778.jpg	0.086040	0.4953	0.7300	168.6	155.1	0.8027	854	356
nte_05778.jpg	0.008399	0.3447	0.4432	70.2	36.4	0.7891	854	356
nte_05778.jpg	0.025370	0.8539	0.4816	153.1	50.4	0.7456	854	356
nte_05778.jpg	0.001406	0.4254	0.4029	26.7	16.0	0.2925	854	356
nte_05779.jpg	0.089295	0.4922	0.7393	171.0	158.8	0.8203	854	356
nte_05779.jpg	0.064665	0.1183	0.5791	201.8	97.4	0.7524	854	356
nte_05779.jpg	0.007595	0.3863	0.4161	60.7	38.0	0.7207	854	356
nte_05780.jpg	0.026236	0.2768	0.4638	120.8	66.1	0.8843	854	356
nte_05780.jpg	0.098310	0.4848	0.7450	173.6	172.1	0.6631	854	356
nte_05781.jpg	0.092876	0.4859	0.7431	170.0	166.1	0.8130	854	356
nte_05782.jpg	0.099364	0.4941	0.6953	166.5	181.5	0.7681	854	356
nte_05783.jpg	0.086602	0.4980	0.7028	165.5	159.1	0.6616	854	356
nte_05784.jpg	0.090941	0.5020	0.7234	168.8	163.8	0.7949	854	356
nte_05784.jpg	0.000348	0.4852	0.3898	12.7	8.3	0.3601	854	356
nte_05784.jpg	0.000343	0.4918	0.3898	13.0	8.0	0.3521	854	356
nte_05784.jpg	0.000371	0.4535	0.3908	13.0	8.7	0.2971	854	356
nte_05785.jpg	0.092234	0.4977	0.7140	165.8	169.1	0.8223	854	356
nte_05785.jpg	0.000483	0.4395	0.3945	14.7	10.0	0.5938	854	356
nte_05785.jpg	0.000573	0.4801	0.3964	18.0	9.7	0.5449	854	356
nte_05785.jpg	0.000348	0.4707	0.3964	11.3	9.3	0.4250	854	356
nte_05786.jpg	0.085139	0.5004	0.7234	165.8	156.1	0.8369	854	356
nte_05786.jpg	0.000751	0.4273	0.4020	19.0	12.0	0.5469	854	356
nte_05786.jpg	0.000628	0.4703	0.4001	16.3	11.7	0.4954	854	356
nte_05786.jpg	0.000433	0.4785	0.3973	12.3	10.7	0.3584	854	356
nte_05787.jpg	0.088151	0.4938	0.7234	169.1	158.5	0.7979	854	356
nte_05787.jpg	0.001238	0.4113	0.4039	23.0	16.3	0.6895	854	356
nte_05787.jpg	0.000674	0.4590	0.4067	15.3	13.3	0.5850	854	356
nte_05787.jpg	0.000818	0.5168	0.3954	17.3	14.3	0.5029	854	356
nte_05787.jpg	0.000423	0.4707	0.4020	11.7	11.0	0.3706	854	356
nte_05788.jpg	0.001814	0.3768	0.4076	29.5	18.7	0.6978	854	356
nte_05788.jpg	0.000815	0.4352	0.4104	17.7	14.0	0.6792	854	356
nte_05788.jpg	0.096419	0.4914	0.6653	170.0	172.5	0.5903	854	356
nte_05788.jpg	0.000422	0.4516	0.4011	12.0	10.7	0.5435	854	356
nte_05788.jpg	0.000906	0.5031	0.3992	18.3	15.0	0.4802	854	356
nte_05789.jpg	0.002573	0.3432	0.4114	35.5	22.0	0.7563	854	356
nte_05789.jpg	0.001116	0.4109	0.4132	21.2	16.0	0.6948	854	356
nte_05789.jpg	0.089863	0.4953	0.7028	166.8	163.8	0.6797	854	356
nte_05789.jpg	0.001045	0.4930	0.3983	18.7	17.0	0.4502	854	356
nte_05789.jpg	0.000443	0.4340	0.4048	13.0	10.3	0.3962	854	356
nte_05789.jpg	0.000284	0.4418	0.3964	10.3	8.3	0.3464	854	356
nte_05790.jpg	0.002627	0.3744	0.4301	34.7	23.0	0.7690	854	356
nte_05790.jpg	0.085825	0.5008	0.7169	167.1	156.1	0.7520	854	356
nte_05790.jpg	0.005907	0.2779	0.4245	54.4	33.0	0.7183	854	356
nte_05790.jpg	0.000661	0.4160	0.4198	14.3	14.0	0.4265	854	356
nte_05790.jpg	0.000657	0.4281	0.4039	15.3	13.0	0.3706	854	356
nte_05790.jpg	0.000791	0.4016	0.4226	15.7	15.3	0.3608	854	356
nte_05791.jpg	0.013839	0.1850	0.4404	92.7	45.4	0.8359	854	356
nte_05791.jpg	0.083690	0.4930	0.7206	167.6	151.8	0.8257	854	356
nte_05791.jpg	0.005842	0.3232	0.4479	56.0	31.7	0.7622	854	356
nte_05791.jpg	0.000914	0.3914	0.4245	17.3	16.0	0.4265	854	356
nte_05791.jpg	0.000871	0.3701	0.4264	19.8	13.3	0.4194	854	356
nte_05791.jpg	0.001124	0.4133	0.4132	21.4	16.0	0.3057	854	356
nte_05792.jpg	0.080644	0.4887	0.7225	167.8	146.1	0.8716	854	356
nte_05792.jpg	0.025782	0.1585	0.4920	136.6	57.4	0.6958	854	356
nte_05792.jpg	0.003385	0.3225	0.4404	45.4	22.7	0.5669	854	356
nte_05793.jpg	0.078226	0.4973	0.7215	165.8	143.4	0.8472	854	356
nte_05793.jpg	0.012750	0.1931	0.4704	95.2	40.7	0.5396	854	356
nte_05793.jpg	0.000295	0.4590	0.4301	11.7	7.7	0.3164	854	356
nte_05794.jpg	0.076719	0.5062	0.7112	164.1	142.1	0.8818	854	356
nte_05795.jpg	0.078116	0.5043	0.7103	164.8	144.1	0.8506	854	356
nte_05795.jpg	0.000275	0.5102	0.4320	10.0	8.3	0.2727	854	356
nte_05796.jpg	0.076743	0.5020	0.7131	163.8	142.4	0.8691	854	356
nte_05797.jpg	0.077031	0.5008	0.7159	164.8	142.1	0.8789	854	356
nte_05797.jpg	0.000359	0.5211	0.4310	11.7	9.3	0.3149	854	356
nte_05798.jpg	0.080792	0.5016	0.7075	165.5	148.4	0.7300	854	356
nte_05798.jpg	0.000316	0.5207	0.4367	10.7	9.0	0.2600	854	356
nte_05799.jpg	0.072691	0.5012	0.7037	164.8	134.1	0.8608	854	356
nte_05800.jpg	0.075709	0.5012	0.7037	165.5	139.1	0.8672	854	356
nte_05800.jpg	0.000359	0.5422	0.4498	11.7	9.3	0.2837	854	356
nte_05801.jpg	0.074705	0.5020	0.7084	166.5	136.4	0.8794	854	356
nte_05801.jpg	0.000471	0.5488	0.4526	13.0	11.0	0.3132	854	356
nte_05802.jpg	0.076532	0.5035	0.7122	166.5	139.8	0.8809	854	356
nte_05803.jpg	0.074009	0.5020	0.7094	166.1	135.4	0.8740	854	356
nte_05804.jpg	0.072223	0.5004	0.7075	165.8	132.4	0.8906	854	356
nte_05804.jpg	0.175349	0.1090	0.5032	186.1	286.4	0.2988	854	356
nte_05805.jpg	0.072804	0.5008	0.7065	167.1	132.4	0.8862	854	356
nte_05806.jpg	0.075672	0.5008	0.7084	167.8	137.1	0.8867	854	356
nte_05807.jpg	0.075085	0.5004	0.7084	168.1	135.8	0.8760	854	356
nte_05808.jpg	0.076460	0.5000	0.7075	169.1	137.4	0.8589	854	356
nte_05809.jpg	0.076528	0.5008	0.7084	168.5	138.1	0.8843	854	356
nte_05810.jpg	0.075830	0.5012	0.7047	169.8	135.8	0.8848	854	356
nte_05810.jpg	0.000747	0.6406	0.4076	17.0	13.3	0.3154	854	356
nte_05811.jpg	0.078526	0.5016	0.7131	170.8	139.8	0.8794	854	356
nte_05811.jpg	0.000907	0.5051	0.4535	19.7	14.0	0.3181	854	356
nte_05812.jpg	0.078832	0.5016	0.7159	171.5	139.8	0.8730	854	356
nte_05813.jpg	0.072766	0.5004	0.7019	167.5	132.1	0.8828	854	356
nte_05814.jpg	0.071663	0.5012	0.6962	167.5	130.1	0.8838	854	356
nte_05815.jpg	0.071313	0.5023	0.6953	165.8	130.8	0.8706	854	356
nte_05815.jpg	0.001290	0.5098	0.4554	25.0	15.7	0.3743	854	356
nte_05816.jpg	0.070463	0.5105	0.6934	166.8	128.4	0.8848	854	356
nte_05817.jpg	0.068495	0.5172	0.6944	166.5	125.1	0.8755	854	356
nte_05817.jpg	0.014257	0.5789	0.5547	71.4	60.7	0.3811	854	356
nte_05818.jpg	0.068312	0.5227	0.6953	166.5	124.8	0.7261	854	356
nte_05819.jpg	0.068949	0.5273	0.6981	168.5	124.4	0.8599	854	356
nte_05820.jpg	0.075522	0.5266	0.6756	167.5	137.1	0.7368	854	356
nte_05820.jpg	0.000691	0.7180	0.4245	17.0	12.3	0.2800	854	356
nte_05821.jpg	0.073721	0.5207	0.6841	167.1	134.1	0.5171	854	356
nte_05821.jpg	0.000934	0.7750	0.4301	19.3	14.7	0.3162	854	356
nte_05822.jpg	0.068313	0.5137	0.6962	160.5	129.4	0.8223	854	356
nte_05822.jpg	0.001054	0.8320	0.4310	21.3	15.0	0.4978	854	356
nte_05823.jpg	0.068874	0.5156	0.6953	163.5	128.1	0.8535	854	356
nte_05823.jpg	0.001700	0.0367	0.3130	26.7	19.3	0.2632	854	356
nte_05824.jpg	0.075862	0.5188	0.6934	171.1	134.8	0.6553	854	356
nte_05824.jpg	0.000853	0.2199	0.3758	21.0	12.3	0.3757	854	356
nte_05824.jpg	0.002438	0.1317	0.3280	30.4	24.4	0.2844	854	356
nte_05825.jpg	0.069087	0.5191	0.6897	166.1	126.4	0.7847	854	356
nte_05825.jpg	0.000569	0.0937	0.3064	14.8	11.7	0.4282	854	356
nte_05825.jpg	0.000406	0.1188	0.2999	11.9	10.3	0.4209	854	356
nte_05825.jpg	0.003206	0.0109	0.3570	18.6	52.4	0.3198	854	356
nte_05825.jpg	0.000617	0.0951	0.3345	16.1	11.7	0.3152	854	356
nte_05826.jpg	0.059539	0.5207	0.6850	159.1	113.8	0.8354	854	356
nte_05826.jpg	0.000807	0.3141	0.3327	17.5	14.0	0.5620	854	356
nte_05826.jpg	0.003782	0.0207	0.4245	35.2	32.7	0.4912	854	356
nte_05826.jpg	0.001523	0.2822	0.3430	21.7	21.3	0.2705	854	356
nte_05826.jpg	0.000380	0.2244	0.3102	11.2	10.3	0.2524	854	356
nte_05826.jpg	0.000498	0.2012	0.3186	12.3	12.3	0.2512	854	356
nte_05827.jpg	0.057359	0.5098	0.6869	149.8	116.4	0.8599	854	356
nte_05827.jpg	0.000761	0.3701	0.3364	16.5	14.0	0.3379	854	356
nte_05827.jpg	0.000934	0.2111	0.3317	18.5	15.3	0.3147	854	356
nte_05827.jpg	0.000296	0.2910	0.3167	10.0	9.0	0.2593	854	356
nte_05828.jpg	0.059100	0.5035	0.6906	150.5	119.4	0.8711	854	356
nte_05828.jpg	0.000661	0.3846	0.3383	15.8	12.7	0.3376	854	356
nte_05829.jpg	0.057651	0.5031	0.6775	150.1	116.8	0.8477	854	356
nte_05829.jpg	0.000647	0.3904	0.3327	15.5	12.7	0.2798	854	356
nte_05830.jpg	0.057305	0.5105	0.6719	147.1	118.4	0.8672	854	356
nte_05830.jpg	0.000400	0.4070	0.3139	13.5	9.0	0.3440	854	356
nte_05830.jpg	0.000707	0.4090	0.3327	16.5	13.0	0.2913	854	356
nte_05830.jpg	0.000548	0.3018	0.3345	14.7	11.3	0.2656	854	356
nte_05831.jpg	0.054839	0.5043	0.6634	144.4	115.4	0.7939	854	356
nte_05831.jpg	0.000628	0.3227	0.3345	16.8	11.3	0.6196	854	356
nte_05831.jpg	0.000343	0.3316	0.3102	12.0	8.7	0.3269	854	356
nte_05831.jpg	0.000456	0.4301	0.3111	14.3	9.7	0.2852	854	356
nte_05831.jpg	0.000469	0.2916	0.3336	13.3	10.7	0.2771	854	356
nte_05831.jpg	0.000714	0.4316	0.3280	16.7	13.0	0.2651	854	356
nte_05832.jpg	0.053953	0.5023	0.6841	142.1	115.4	0.8750	854	356
nte_05832.jpg	0.000771	0.4352	0.3120	16.3	14.3	0.5312	854	356
nte_05832.jpg	0.001039	0.3189	0.3327	21.5	14.7	0.5278	854	356
nte_05832.jpg	0.000347	0.3346	0.3083	12.2	8.7	0.3027	854	356
nte_05832.jpg	0.000265	0.3656	0.3149	9.7	8.3	0.2749	854	356
nte_05833.jpg	0.058079	0.5055	0.6859	143.4	123.1	0.8608	854	356
nte_05833.jpg	0.000859	0.4395	0.3083	17.0	15.3	0.4902	854	356
nte_05833.jpg	0.000339	0.3354	0.3074	12.3	8.3	0.3459	854	356
nte_05833.jpg	0.000776	0.3098	0.3542	16.8	14.0	0.3027	854	356
nte_05833.jpg	0.000219	0.3676	0.3092	9.5	7.0	0.2756	854	356
nte_05834.jpg	0.060126	0.5094	0.6906	143.4	127.4	0.8447	854	356
nte_05834.jpg	0.000351	0.3953	0.3120	10.0	10.7	0.6128	854	356
nte_05834.jpg	0.000810	0.4668	0.3017	18.0	13.7	0.5181	854	356
nte_05834.jpg	0.001275	0.3264	0.3505	21.5	18.0	0.4045	854	356
nte_05834.jpg	0.000426	0.3818	0.3130	12.5	10.3	0.2966	854	356
nte_05834.jpg	0.000461	0.3598	0.3139	14.0	10.0	0.2661	854	356
nte_05835.jpg	0.060486	0.5039	0.6794	145.4	126.4	0.7764	854	356
nte_05835.jpg	0.000855	0.4824	0.2980	19.0	13.7	0.6411	854	356
nte_05835.jpg	0.000375	0.4082	0.3111	10.7	10.7	0.5845	854	356
nte_05835.jpg	0.001368	0.3221	0.3448	23.5	17.7	0.4272	854	356
nte_05836.jpg	0.063457	0.5055	0.6906	146.8	131.4	0.8232	854	356
nte_05836.jpg	0.001755	0.3117	0.3420	31.4	17.0	0.6069	854	356
nte_05836.jpg	0.000447	0.4156	0.3092	12.3	11.0	0.5806	854	356
nte_05836.jpg	0.001188	0.4914	0.3064	18.3	19.7	0.5557	854	356
nte_05837.jpg	0.072198	0.5125	0.6906	157.8	139.1	0.7002	854	356
nte_05837.jpg	0.002091	0.2852	0.3495	32.9	19.3	0.5391	854	356
nte_05837.jpg	0.001273	0.4984	0.3055	19.0	20.3	0.3752	854	356
nte_05837.jpg	0.000525	0.4176	0.3130	13.7	11.7	0.3269	854	356
nte_05837.jpg	0.000606	0.3666	0.3308	15.3	12.0	0.3196	854	356
nte_05837.jpg	0.003359	0.0118	0.3748	20.3	50.4	0.3179	854	356
nte_05838.jpg	0.069375	0.5043	0.7000	149.1	141.4	0.8223	854	356
nte_05838.jpg	0.002233	0.2305	0.3701	33.4	20.3	0.4702	854	356
nte_05838.jpg	0.000454	0.4207	0.3102	13.3	10.3	0.3433	854	356
nte_05838.jpg	0.001727	0.2598	0.3748	29.7	17.7	0.3076	854	356
nte_05838.jpg	0.000568	0.3605	0.3289	15.7	11.0	0.2852	854	356
nte_05839.jpg	0.070540	0.5012	0.7019	147.4	145.4	0.7964	854	356
nte_05839.jpg	0.000777	0.3416	0.3270	19.7	12.0	0.4885	854	356
nte_05839.jpg	0.000525	0.4160	0.3074	13.7	11.7	0.4312	854	356
nte_05839.jpg	0.004679	0.1325	0.4067	55.4	25.7	0.3582	854	356
nte_05839.jpg	0.000815	0.4324	0.3177	17.7	14.0	0.3550	854	356
nte_05839.jpg	0.001541	0.5086	0.3036	20.3	23.0	0.3533	854	356
nte_05839.jpg	0.000507	0.3785	0.3074	16.5	9.3	0.2859	854	356
nte_05839.jpg	0.000371	0.3920	0.3055	13.0	8.7	0.2788	854	356
nte_05840.jpg	0.069412	0.5016	0.7056	147.1	143.4	0.8203	854	356
nte_05840.jpg	0.001133	0.3188	0.3317	24.0	14.3	0.5396	854	356
nte_05840.jpg	0.000784	0.4109	0.3083	17.0	14.0	0.4822	854	356
nte_05840.jpg	0.001896	0.5102	0.3036	23.4	24.7	0.3416	854	356
nte_05840.jpg	0.000299	0.3840	0.3045	11.3	8.0	0.2627	854	356
nte_05841.jpg	0.071782	0.5055	0.7056	151.8	143.8	0.7456	854	356
nte_05841.jpg	0.001996	0.2832	0.3430	31.4	19.3	0.6743	854	356
nte_05841.jpg	0.001103	0.4051	0.3111	20.5	16.3	0.6421	854	356
nte_05841.jpg	0.000430	0.3805	0.3074	14.0	9.3	0.5425	854	356
nte_05841.jpg	0.001305	0.5160	0.2896	22.0	18.0	0.3369	854	356
nte_05842.jpg	0.069202	0.5023	0.7056	149.4	140.8	0.8477	854	356
nte_05842.jpg	0.001111	0.3979	0.3186	23.0	14.7	0.6509	854	356
nte_05842.jpg	0.002614	0.5238	0.3036	28.0	28.4	0.4502	854	356
nte_05842.jpg	0.000488	0.3738	0.3111	15.3	9.7	0.4299	854	356
nte_05843.jpg	0.072788	0.5023	0.7122	151.5	146.1	0.8076	854	356
nte_05843.jpg	0.002485	0.3818	0.3233	32.4	23.4	0.6992	854	356
nte_05843.jpg	0.008254	0.1025	0.3992	74.5	33.7	0.6953	854	356
nte_05843.jpg	0.002993	0.5277	0.3064	29.0	31.4	0.6548	854	356
nte_05843.jpg	0.002957	0.3654	0.2933	35.7	25.2	0.5039	854	356
nte_05844.jpg	0.003495	0.5359	0.3074	31.7	33.5	0.7637	854	356
nte_05844.jpg	0.005470	0.3545	0.3045	47.7	34.9	0.7056	854	356
nte_05844.jpg	0.003889	0.3594	0.3392	41.7	28.4	0.6548	854	356
nte_05844.jpg	0.071990	0.5039	0.7159	149.5	146.4	0.6289	854	356
nte_05844.jpg	0.000366	0.3910	0.3045	12.8	8.7	0.3118	854	356
nte_05845.jpg	0.070334	0.5016	0.7084	150.1	142.4	0.8242	854	356
nte_05845.jpg	0.009622	0.3049	0.3664	70.7	41.4	0.6953	854	356
nte_05845.jpg	0.004439	0.5469	0.3120	35.0	38.5	0.6338	854	356
nte_05845.jpg	0.000610	0.3838	0.3092	16.8	11.0	0.5176	854	356
nte_05845.jpg	0.000356	0.4043	0.3074	12.0	9.0	0.4119	854	356
nte_05845.jpg	0.009086	0.3238	0.3083	68.7	40.2	0.4062	854	356
nte_05846.jpg	0.034627	0.1748	0.4282	146.8	71.7	0.8628	854	356
nte_05846.jpg	0.074607	0.5020	0.7150	152.5	148.8	0.8188	854	356
nte_05846.jpg	0.011479	0.2777	0.3120	74.7	46.7	0.7378	854	356
nte_05846.jpg	0.006524	0.5539	0.3177	44.4	44.7	0.7266	854	356
nte_05846.jpg	0.000425	0.3945	0.3120	13.3	9.7	0.3188	854	356
nte_05846.jpg	0.000797	0.3684	0.3158	21.4	11.3	0.3171	854	356
nte_05846.jpg	0.000602	0.3777	0.3158	15.7	11.7	0.2888	854	356
nte_05847.jpg	0.073627	0.5020	0.7112	150.5	148.8	0.8140	854	356
nte_05847.jpg	0.007749	0.5605	0.3214	48.7	48.4	0.8032	854	356
nte_05847.jpg	0.024319	0.2238	0.3223	124.5	59.4	0.7417	854	356
nte_05847.jpg	0.021219	0.0379	0.5060	64.7	99.7	0.6875	854	356
nte_05847.jpg	0.007021	0.1892	0.3748	66.0	32.4	0.4026	854	356
nte_05847.jpg	0.000908	0.3484	0.3177	20.7	13.3	0.3518	854	356
nte_05847.jpg	0.000857	0.3619	0.3186	19.5	13.3	0.3301	854	356
nte_05847.jpg	0.000384	0.3902	0.3092	12.5	9.3	0.2588	854	356
nte_05848.jpg	0.011370	0.5707	0.3298	59.4	58.2	0.8247	854	356
nte_05848.jpg	0.074451	0.5020	0.7159	151.1	149.8	0.8198	854	356
nte_05848.jpg	0.054688	0.0894	0.3692	153.1	108.6	0.7788	854	356
nte_05848.jpg	0.004371	0.3248	0.3083	40.0	33.2	0.6172	854	356
nte_05848.jpg	0.000824	0.3771	0.3102	20.8	12.0	0.4321	854	356
nte_05849.jpg	0.017464	0.5895	0.3439	74.7	71.1	0.8311	854	356
nte_05849.jpg	0.076107	0.5012	0.7150	150.8	153.5	0.7471	854	356
nte_05849.jpg	0.001717	0.2600	0.3598	30.7	17.0	0.3442	854	356
nte_05849.jpg	0.001437	0.2930	0.3486	25.2	17.3	0.2644	854	356
nte_05850.jpg	0.030694	0.6168	0.3626	103.4	90.2	0.8770	854	356
nte_05850.jpg	0.075946	0.5008	0.7215	151.8	152.1	0.8374	854	356
nte_05850.jpg	0.001669	0.4691	0.3645	26.7	19.0	0.3625	854	356
nte_05850.jpg	0.010151	0.1945	0.3730	89.8	34.4	0.3247	854	356
nte_05850.jpg	0.003440	0.2236	0.3655	42.4	24.7	0.2708	854	356
nte_05851.jpg	0.060160	0.6547	0.3973	147.8	123.8	0.8638	854	356
nte_05851.jpg	0.073269	0.5004	0.7140	152.5	146.1	0.6338	854	356
nte_05851.jpg	0.001076	0.2951	0.3448	23.4	14.0	0.5811	854	356
nte_05851.jpg	0.021124	0.0777	0.4189	132.8	48.4	0.5747	854	356
nte_05851.jpg	0.008902	0.5473	0.4095	50.7	53.4	0.4229	854	356
nte_05852.jpg	0.276793	0.7973	0.5173	346.3	243.0	0.9019	854	356
nte_05852.jpg	0.001843	0.2246	0.3683	31.7	17.7	0.5225	854	356
nte_05852.jpg	0.076111	0.5020	0.7169	152.8	151.5	0.4714	854	356
nte_05852.jpg	0.000795	0.4641	0.3664	17.7	13.7	0.3718	854	356
nte_05853.jpg	0.349594	0.8227	0.5060	302.6	351.3	0.8745	854	356
nte_05853.jpg	0.075280	0.4965	0.7206	151.1	151.5	0.8145	854	356
nte_05853.jpg	0.016577	0.1256	0.3804	113.6	44.4	0.7402	854	356
nte_05854.jpg	0.075779	0.4938	0.7215	151.8	151.8	0.8379	854	356
nte_05854.jpg	0.000324	0.4418	0.3673	11.3	8.7	0.2610	854	356
nte_05855.jpg	0.093467	0.5156	0.7450	173.1	164.1	0.5410	854	356
nte_05855.jpg	0.000329	0.3908	0.3701	10.0	10.0	0.4282	854	356
nte_05855.jpg	0.000764	0.4320	0.3730	19.3	12.0	0.3513	854	356
nte_05855.jpg	0.000290	0.3807	0.3692	10.2	8.7	0.2742	854	356
nte_05856.jpg	0.083802	0.5109	0.7253	161.1	158.1	0.7246	854	356
nte_05856.jpg	0.000324	0.3924	0.3730	11.3	8.7	0.3218	854	356
nte_05856.jpg	0.001225	0.4523	0.3851	20.7	18.0	0.2891	854	356
nte_05857.jpg	0.098998	0.5164	0.7309	180.8	166.5	0.8184	854	356
nte_05857.jpg	0.000639	0.3941	0.3767	16.2	12.0	0.2544	854	356
nte_05858.jpg	0.075265	0.5020	0.7178	153.5	149.1	0.8359	854	356
nte_05858.jpg	0.000619	0.3926	0.3889	14.8	12.7	0.5552	854	356
nte_05859.jpg	0.071873	0.5055	0.7122	157.5	138.8	0.8550	854	356
nte_05859.jpg	0.000614	0.3928	0.3936	14.3	13.0	0.4456	854	356
nte_05860.jpg	0.069012	0.5078	0.6869	156.5	134.1	0.8149	854	356
nte_05860.jpg	0.000821	0.4008	0.3992	17.0	14.7	0.5566	854	356
nte_05860.jpg	0.000597	0.4113	0.3748	16.0	11.3	0.2805	854	356
nte_05861.jpg	0.064509	0.5031	0.6925	155.1	126.4	0.8579	854	356
nte_05861.jpg	0.000217	0.4543	0.3636	9.0	7.3	0.3142	854	356
nte_05861.jpg	0.000895	0.4008	0.4001	17.3	15.7	0.2861	854	356
nte_05861.jpg	0.000593	0.4156	0.3739	15.0	12.0	0.2622	854	356
nte_05862.jpg	0.066918	0.5008	0.6869	154.8	131.4	0.8379	854	356
nte_05862.jpg	0.001260	0.3900	0.4039	22.5	17.0	0.6641	854	356
nte_05862.jpg	0.000703	0.4129	0.3786	16.0	13.3	0.5786	854	356
nte_05862.jpg	0.000293	0.4285	0.3748	10.7	8.3	0.3623	854	356
nte_05862.jpg	0.000264	0.4559	0.3617	10.0	8.0	0.2910	854	356
nte_05862.jpg	0.000274	0.4434	0.3711	11.3	7.3	0.2776	854	356
nte_05862.jpg	0.000499	0.3809	0.3720	14.7	10.3	0.2734	854	356
nte_05863.jpg	0.063519	0.5004	0.6916	156.5	123.4	0.8335	854	356
nte_05863.jpg	0.001607	0.3701	0.4067	25.7	19.0	0.5786	854	356
nte_05863.jpg	0.000776	0.4039	0.3814	16.8	14.0	0.5757	854	356
nte_05863.jpg	0.000423	0.4180	0.3711	11.7	11.0	0.5430	854	356
nte_05863.jpg	0.000754	0.3551	0.3730	17.2	13.3	0.4604	854	356
nte_05863.jpg	0.000253	0.4301	0.3720	10.0	7.7	0.3357	854	356
nte_05863.jpg	0.000281	0.4426	0.3701	10.7	8.0	0.2688	854	356
nte_05864.jpg	0.072664	0.5070	0.7056	161.1	137.1	0.8462	854	356
nte_05864.jpg	0.002858	0.3484	0.4057	35.2	24.7	0.7461	854	356
nte_05864.jpg	0.001039	0.3969	0.3804	21.5	14.7	0.6880	854	356
nte_05864.jpg	0.000593	0.4156	0.3673	15.0	12.0	0.5527	854	356
nte_05864.jpg	0.000265	0.4293	0.3673	9.7	8.3	0.4451	854	356
nte_05865.jpg	0.004747	0.3158	0.4142	47.5	30.4	0.8145	854	356
nte_05865.jpg	0.071360	0.5027	0.6812	159.8	135.8	0.7764	854	356
nte_05865.jpg	0.001377	0.3865	0.3786	23.7	17.7	0.6128	854	356
nte_05865.jpg	0.000548	0.4187	0.3655	14.7	11.3	0.4885	854	356
nte_05865.jpg	0.000461	0.4062	0.3692	12.0	11.7	0.4141	854	356
nte_05865.jpg	0.000359	0.4332	0.3655	11.7	9.3	0.3218	854	356
nte_05866.jpg	0.073856	0.5020	0.6962	159.1	141.1	0.8438	854	356
nte_05866.jpg	0.008924	0.2602	0.4179	70.7	38.4	0.8350	854	356
nte_05866.jpg	0.001638	0.3695	0.3758	26.2	19.0	0.5439	854	356
nte_05866.jpg	0.000467	0.3936	0.3673	12.5	11.3	0.4968	854	356
nte_05866.jpg	0.000545	0.4172	0.3626	16.0	10.3	0.4175	854	356
nte_05866.jpg	0.000382	0.4031	0.3645	12.0	9.7	0.3718	854	356
nte_05867.jpg	0.035611	0.0954	0.4498	159.9	67.7	0.8281	854	356
nte_05867.jpg	0.074134	0.5016	0.7028	157.1	143.4	0.7402	854	356
nte_05867.jpg	0.003413	0.3367	0.3739	43.2	24.0	0.6577	854	356
nte_05867.jpg	0.001104	0.3889	0.3580	22.4	15.0	0.5176	854	356
nte_05867.jpg	0.000525	0.4125	0.3570	13.7	11.7	0.2947	854	356
nte_05867.jpg	0.000897	0.3686	0.3692	19.0	14.3	0.2607	854	356
nte_05868.jpg	0.079829	0.5008	0.7215	156.1	155.5	0.7769	854	356
nte_05868.jpg	0.002366	0.3600	0.3645	33.7	21.4	0.7495	854	356
nte_05868.jpg	0.008671	0.2643	0.3945	70.6	37.4	0.6636	854	356
nte_05868.jpg	0.000857	0.4105	0.3589	17.3	15.0	0.4189	854	356
nte_05868.jpg	0.000821	0.3904	0.3636	19.2	13.0	0.3997	854	356
nte_05869.jpg	0.077589	0.5012	0.7150	156.8	150.5	0.7803	854	356
nte_05869.jpg	0.004111	0.3223	0.3730	48.0	26.0	0.6694	854	356
nte_05869.jpg	0.024964	0.1322	0.4367	127.1	59.7	0.6362	854	356
nte_05869.jpg	0.001400	0.3723	0.3701	25.5	16.7	0.3567	854	356
nte_05869.jpg	0.001094	0.3975	0.3701	19.2	17.3	0.3186	854	356
nte_05869.jpg	0.002901	0.0602	0.4432	40.1	22.0	0.2634	854	356
nte_05870.jpg	0.012123	0.2314	0.4039	86.3	42.7	0.8237	854	356
nte_05870.jpg	0.080990	0.5000	0.7272	160.5	153.5	0.8164	854	356
nte_05870.jpg	0.001836	0.3266	0.3870	28.9	19.3	0.4758	854	356
nte_05871.jpg	0.082674	0.4980	0.7272	163.8	153.5	0.7109	854	356
nte_05871.jpg	0.033134	0.0795	0.4517	136.0	74.1	0.5088	854	356
nte_05871.jpg	0.004361	0.2797	0.4057	53.7	24.7	0.3750	854	356
nte_05871.jpg	0.002343	0.3438	0.3786	33.4	21.4	0.2729	854	356
nte_05872.jpg	0.077160	0.5012	0.7178	159.5	147.1	0.8354	854	356
nte_05872.jpg	0.004360	0.1136	0.4638	46.7	28.4	0.3198	854	356
nte_05873.jpg	0.082046	0.5016	0.7290	160.5	155.5	0.8340	854	356
nte_05874.jpg	0.085416	0.5055	0.7206	168.1	154.5	0.7095	854	356
nte_05874.jpg	0.000580	0.4484	0.3655	14.7	12.0	0.2676	854	356
nte_05875.jpg	0.081185	0.5008	0.7253	159.5	154.8	0.8550	854	356
nte_05876.jpg	0.077645	0.5012	0.7234	160.5	147.1	0.7412	854	356
nte_05876.jpg	0.001135	0.4457	0.3758	20.7	16.7	0.4609	854	356
nte_05876.jpg	0.012182	0.4734	0.4610	85.4	43.4	0.3279	854	356
nte_05877.jpg	0.083455	0.5012	0.7375	160.5	158.1	0.8398	854	356
nte_05877.jpg	0.013562	0.4750	0.4854	82.4	50.0	0.5132	854	356
nte_05878.jpg	0.088039	0.5012	0.7393	160.8	166.5	0.8491	854	356
nte_05878.jpg	0.011346	0.4734	0.4948	82.1	42.0	0.3479	854	356
nte_05879.jpg	0.080675	0.5012	0.7215	158.5	154.8	0.8550	854	356
nte_05880.jpg	0.081023	0.5012	0.7281	158.5	155.5	0.8447	854	356
nte_05880.jpg	0.000425	0.4551	0.4301	14.3	9.0	0.3713	854	356
nte_05881.jpg	0.069428	0.5012	0.7019	157.8	133.8	0.8638	854	356
nte_05882.jpg	0.067982	0.5008	0.7028	156.5	132.1	0.8774	854	356
nte_05883.jpg	0.068643	0.5012	0.7009	156.8	133.1	0.8838	854	356
nte_05884.jpg	0.069012	0.5023	0.6962	156.5	134.1	0.8813	854	356
nte_05885.jpg	0.067982	0.5023	0.6981	156.5	132.1	0.8691	854	356
nte_05886.jpg	0.067351	0.5012	0.6981	155.8	131.4	0.8818	854	356
nte_05887.jpg	0.067152	0.5008	0.6953	156.1	130.8	0.8691	854	356
nte_05887.jpg	0.000329	0.4297	0.4310	12.0	8.3	0.2524	854	356
nte_05888.jpg	0.067323	0.5004	0.6972	156.1	131.1	0.8687	854	356
nte_05889.jpg	0.067467	0.5008	0.6944	156.5	131.1	0.8794	854	356
nte_05890.jpg	0.066154	0.5012	0.6981	155.8	129.1	0.8809	854	356
nte_05890.jpg	0.000764	0.3920	0.4264	17.8	13.0	0.2510	854	356
nte_05891.jpg	0.067152	0.5008	0.6972	156.1	130.8	0.8662	854	356
nte_05892.jpg	0.066689	0.5008	0.7000	157.5	128.8	0.8857	854	356
nte_05893.jpg	0.065653	0.5008	0.6972	157.5	126.8	0.8872	854	356
nte_05893.jpg	0.000859	0.4105	0.4179	17.0	15.3	0.3582	854	356
nte_05894.jpg	0.068474	0.5016	0.7037	158.8	131.1	0.8789	854	356
nte_05894.jpg	0.002627	0.8102	0.4404	34.7	23.0	0.5942	854	356
nte_05894.jpg	0.005581	0.4207	0.4854	47.5	35.7	0.5098	854	356
nte_05894.jpg	0.008671	0.9602	0.5219	68.7	38.4	0.4058	854	356
nte_05895.jpg	0.072731	0.5020	0.7084	162.5	136.1	0.8735	854	356
nte_05895.jpg	0.000567	0.4246	0.4310	16.7	10.3	0.4216	854	356
nte_05896.jpg	0.075893	0.5016	0.7131	163.1	141.4	0.8574	854	356
nte_05897.jpg	0.071136	0.5012	0.7000	164.1	131.8	0.8901	854	356
nte_05897.jpg	0.000290	0.4223	0.4301	12.0	7.3	0.2722	854	356
nte_05898.jpg	0.075134	0.5020	0.7084	165.8	137.8	0.8701	854	356
nte_05898.jpg	0.003018	0.3576	0.4151	39.9	23.0	0.3149	854	356
nte_05899.jpg	0.077727	0.5012	0.7140	167.5	141.1	0.8535	854	356
nte_05899.jpg	0.000765	0.3936	0.4507	18.3	12.7	0.4775	854	356
nte_05899.jpg	0.000976	0.3754	0.4535	20.7	14.3	0.4697	854	356
nte_05900.jpg	0.079539	0.5012	0.7065	167.8	144.1	0.8574	854	356
nte_05900.jpg	0.000966	0.3488	0.4479	20.0	14.7	0.5444	854	356
nte_05900.jpg	0.000695	0.3842	0.4535	15.8	13.3	0.5127	854	356
nte_05900.jpg	0.000732	0.3711	0.4498	16.7	13.3	0.5059	854	356
nte_05901.jpg	0.082972	0.5016	0.7094	171.5	147.1	0.8530	854	356
nte_05901.jpg	0.001650	0.3842	0.4507	27.9	18.0	0.3809	854	356
nte_05902.jpg	0.077944	0.5012	0.7047	169.1	140.1	0.8633	854	356
nte_05902.jpg	0.002196	0.2654	0.4629	46.5	14.3	0.3044	854	356
nte_05903.jpg	0.079458	0.5012	0.7094	168.8	143.1	0.8618	854	356
nte_05903.jpg	0.001215	0.3322	0.4451	26.4	14.0	0.4600	854	356
nte_05904.jpg	0.084732	0.5000	0.7262	170.5	151.1	0.8599	854	356
nte_05904.jpg	0.002681	0.2730	0.4535	42.9	19.0	0.7510	854	356
nte_05904.jpg	0.000616	0.5578	0.4535	17.0	11.0	0.3103	854	356
nte_05905.jpg	0.082568	0.4992	0.7122	170.6	147.1	0.8755	854	356
nte_05905.jpg	0.006714	0.1877	0.4685	73.7	27.7	0.7915	854	356
nte_05906.jpg	0.087069	0.5016	0.7262	173.6	152.5	0.8877	854	356
nte_05906.jpg	0.001168	0.7270	0.4489	28.0	12.7	0.4333	854	356
nte_05907.jpg	0.080839	0.5008	0.7103	172.1	142.8	0.8701	854	356
nte_05907.jpg	0.002866	0.7875	0.4554	48.4	18.0	0.6680	854	356
nte_05907.jpg	0.000393	0.4570	0.4376	12.3	9.7	0.3000	854	356
nte_05908.jpg	0.079540	0.4996	0.7131	171.0	141.4	0.8828	854	356
nte_05908.jpg	0.000336	0.4523	0.4367	11.3	9.0	0.2527	854	356
nte_05909.jpg	0.083423	0.5000	0.7150	170.5	148.8	0.8887	854	356
nte_05909.jpg	0.000447	0.4273	0.4301	15.7	8.7	0.2620	854	356
nte_05910.jpg	0.080635	0.5000	0.7159	171.3	143.1	0.8804	854	356
nte_05910.jpg	0.000395	0.4176	0.4310	13.3	9.0	0.2554	854	356
nte_05911.jpg	0.090341	0.5012	0.7290	173.0	158.8	0.8389	854	356
nte_05911.jpg	0.001476	0.4555	0.4076	21.0	21.4	0.4614	854	356
nte_05912.jpg	0.089145	0.4992	0.7206	175.5	154.5	0.8374	854	356
nte_05912.jpg	0.001871	0.4527	0.4067	23.7	24.0	0.4451	854	356
nte_05912.jpg	0.000728	0.4141	0.4404	17.0	13.0	0.2542	854	356
nte_05913.jpg	0.090774	0.5004	0.7037	171.6	160.8	0.8179	854	356
nte_05913.jpg	0.000516	0.3986	0.4282	15.7	10.0	0.3159	854	356
nte_05913.jpg	0.000533	0.3779	0.4404	16.2	10.0	0.3052	854	356
nte_05913.jpg	0.000242	0.4156	0.4292	10.0	7.3	0.2568	854	356
nte_05914.jpg	0.084457	0.5012	0.7131	173.0	148.4	0.8618	854	356
nte_05914.jpg	0.000716	0.3588	0.4442	19.2	11.3	0.4204	854	356
nte_05914.jpg	0.000307	0.4035	0.4320	11.2	8.3	0.3953	854	356
nte_05914.jpg	0.000477	0.3869	0.4357	14.0	10.3	0.2969	854	356
nte_05915.jpg	0.080754	0.5000	0.7150	168.8	145.4	0.8862	854	356
nte_05915.jpg	0.001497	0.3180	0.4489	29.0	15.7	0.5752	854	356
nte_05915.jpg	0.000511	0.3424	0.4470	15.0	10.3	0.2637	854	356
nte_05915.jpg	0.000390	0.3748	0.4404	13.2	9.0	0.2607	854	356
nte_05916.jpg	0.085207	0.5023	0.7150	171.8	150.8	0.8584	854	356
nte_05916.jpg	0.002845	0.2662	0.4554	44.7	19.3	0.8076	854	356
nte_05916.jpg	0.000712	0.3285	0.4460	18.0	12.0	0.3850	854	356
nte_05916.jpg	0.000478	0.3643	0.4376	15.0	9.7	0.3452	854	356
nte_05916.jpg	0.000703	0.3021	0.4498	21.4	10.0	0.2732	854	356
nte_05916.jpg	0.000850	0.3426	0.4460	21.5	12.0	0.2705	854	356
nte_05917.jpg	0.084892	0.5008	0.7094	173.5	148.8	0.7983	854	356
nte_05917.jpg	0.007207	0.1708	0.4695	74.6	29.4	0.7534	854	356
nte_05917.jpg	0.000522	0.3943	0.4310	15.8	10.0	0.3691	854	356
nte_05917.jpg	0.000936	0.3443	0.4442	23.7	12.0	0.3047	854	356
nte_05917.jpg	0.002012	0.2980	0.4507	38.2	16.0	0.2734	854	356
nte_05918.jpg	0.089133	0.5016	0.6897	172.5	157.1	0.8521	854	356
nte_05918.jpg	0.001768	0.3094	0.4479	35.0	15.3	0.6514	854	356
nte_05918.jpg	0.013256	0.2236	0.4217	83.9	48.0	0.3113	854	356
nte_05918.jpg	0.003817	0.2211	0.4610	55.2	21.0	0.3108	854	356
nte_05918.jpg	0.006364	0.0254	0.4985	43.3	44.7	0.2683	854	356
nte_05918.jpg	0.000527	0.2814	0.4498	16.0	10.0	0.2632	854	356
nte_05919.jpg	0.089116	0.5012	0.6990	172.8	156.8	0.8247	854	356
nte_05919.jpg	0.003300	0.2529	0.4573	53.7	18.7	0.5708	854	356
nte_05919.jpg	0.001668	0.3262	0.4582	28.7	17.7	0.4600	854	356
nte_05919.jpg	0.000290	0.4785	0.4273	11.0	8.0	0.2896	854	356
nte_05920.jpg	0.083483	0.5023	0.7028	172.1	147.4	0.8301	854	356
nte_05920.jpg	0.005765	0.2607	0.4713	62.5	28.0	0.6777	854	356
nte_05920.jpg	0.002547	0.8609	0.4826	32.7	23.7	0.4092	854	356
nte_05920.jpg	0.000320	0.4773	0.4282	12.7	7.7	0.2695	854	356
nte_05921.jpg	0.079585	0.5008	0.7112	171.5	141.1	0.8501	854	356
nte_05921.jpg	0.018195	0.1123	0.5070	124.7	44.4	0.7529	854	356
nte_05921.jpg	0.023995	0.0530	0.4385	90.7	80.4	0.3506	854	356
nte_05921.jpg	0.000298	0.4770	0.4282	12.3	7.3	0.3345	854	356
nte_05922.jpg	0.092529	0.5020	0.6906	172.8	162.8	0.8057	854	356
nte_05923.jpg	0.094889	0.5008	0.6766	173.3	166.5	0.7754	854	356
nte_05923.jpg	0.000295	0.4719	0.4301	11.7	7.7	0.3660	854	356
nte_05924.jpg	0.087325	0.5008	0.6906	172.6	153.8	0.7578	854	356
nte_05924.jpg	0.000303	0.4691	0.4301	12.0	7.7	0.4185	854	356
nte_05925.jpg	0.091582	0.4988	0.6897	169.3	164.5	0.8442	854	356
nte_05925.jpg	0.000274	0.4187	0.4320	11.3	7.3	0.3513	854	356
nte_05926.jpg	0.082461	0.5016	0.7075	170.8	146.8	0.8682	854	356
nte_05926.jpg	0.000282	0.4652	0.4329	11.7	7.3	0.2639	854	356
nte_05927.jpg	0.083446	0.5008	0.7103	170.1	149.1	0.8560	854	356
nte_05927.jpg	0.000339	0.4586	0.4348	12.3	8.3	0.3232	854	356
nte_05928.jpg	0.081073	0.5004	0.7131	169.5	145.4	0.8530	854	356
nte_05928.jpg	0.000190	0.4664	0.4310	8.7	6.7	0.2622	854	356
nte_05929.jpg	0.079526	0.5008	0.7047	170.1	142.1	0.8589	854	356
nte_05929.jpg	0.000747	0.3727	0.4404	20.0	11.3	0.4832	854	356
nte_05929.jpg	0.000302	0.4285	0.4236	11.0	8.3	0.2971	854	356
nte_05930.jpg	0.080301	0.5008	0.7197	169.8	143.8	0.8867	854	356
nte_05930.jpg	0.001110	0.3553	0.4395	23.5	14.3	0.5962	854	356
nte_05930.jpg	0.002462	0.9031	0.4620	38.0	19.7	0.2705	854	356
nte_05931.jpg	0.079712	0.5004	0.7075	170.1	142.4	0.8550	854	356
nte_05931.jpg	0.000740	0.3240	0.4489	19.8	11.3	0.4253	854	356
nte_05932.jpg	0.083831	0.4988	0.7178	171.3	148.8	0.8677	854	356
nte_05932.jpg	0.002179	0.2951	0.4517	38.2	17.3	0.7744	854	356
nte_05933.jpg	0.085489	0.4996	0.7150	173.1	150.1	0.8271	854	356
nte_05933.jpg	0.003586	0.2498	0.4592	52.7	20.7	0.7871	854	356
nte_05934.jpg	0.093547	0.5000	0.6990	173.6	163.8	0.8257	854	356
nte_05934.jpg	0.008614	0.1439	0.4770	90.2	29.0	0.5439	854	356
nte_05934.jpg	0.000334	0.4184	0.4226	12.7	8.0	0.3079	854	356
nte_05935.jpg	0.080272	0.5004	0.7159	170.1	143.4	0.8794	854	356
nte_05936.jpg	0.078066	0.5008	0.7169	169.8	139.8	0.8701	854	356
nte_05937.jpg	0.080839	0.5023	0.7178	172.1	142.8	0.8647	854	356
nte_05938.jpg	0.086170	0.5027	0.7347	171.5	152.8	0.8364	854	356
nte_05938.jpg	0.000261	0.4555	0.4320	11.3	7.0	0.3257	854	356
nte_05939.jpg	0.077388	0.5039	0.7140	169.1	139.1	0.8862	854	356
nte_05940.jpg	0.079055	0.5027	0.7159	171.1	140.4	0.8672	854	356
nte_05941.jpg	0.081259	0.5008	0.7112	169.5	145.8	0.8735	854	356
nte_05941.jpg	0.000451	0.4555	0.4357	14.7	9.3	0.3149	854	356
nte_05942.jpg	0.083672	0.5016	0.7084	172.1	147.8	0.8618	854	356
nte_05943.jpg	0.084755	0.5020	0.7075	172.8	149.1	0.8311	854	356
nte_05944.jpg	0.090194	0.5027	0.7131	179.5	152.8	0.7866	854	356
nte_05945.jpg	0.083294	0.5008	0.7122	172.1	147.1	0.8115	854	356
nte_05945.jpg	0.000492	0.5039	0.4517	14.0	10.7	0.3926	854	356
nte_05946.jpg	0.079429	0.5004	0.7206	169.1	142.8	0.8887	854	356
nte_05946.jpg	0.000477	0.5027	0.4554	14.0	10.3	0.4077	854	356
nte_05947.jpg	0.080272	0.5008	0.7159	170.1	143.4	0.8506	854	356
nte_05947.jpg	0.000650	0.5027	0.4573	16.0	12.3	0.4707	854	356
nte_05947.jpg	0.000446	0.4520	0.4301	14.0	9.7	0.3723	854	356
nte_05948.jpg	0.082407	0.5012	0.7206	171.5	146.1	0.8672	854	356
nte_05948.jpg	0.000333	0.4293	0.4310	11.7	8.7	0.3782	854	356
nte_05948.jpg	0.000515	0.5035	0.4563	14.7	10.7	0.3525	854	356
nte_05948.jpg	0.000352	0.4457	0.4301	12.3	8.7	0.3113	854	356
nte_05949.jpg	0.077515	0.5016	0.7112	171.5	137.4	0.8931	854	356
nte_05949.jpg	0.000410	0.4430	0.4301	13.3	9.3	0.3079	854	356
nte_05949.jpg	0.000483	0.4230	0.4329	14.7	10.0	0.2566	854	356
nte_05950.jpg	0.079174	0.5020	0.7122	171.8	140.1	0.8760	854	356
nte_05951.jpg	0.079806	0.5016	0.7084	171.1	141.8	0.8594	854	356
nte_05951.jpg	0.000743	0.4176	0.4451	19.3	11.7	0.3179	854	356
nte_05952.jpg	0.075788	0.5000	0.7047	168.5	136.8	0.8877	854	356
nte_05952.jpg	0.000528	0.3977	0.4498	15.5	10.3	0.4036	854	356
nte_05952.jpg	0.000471	0.3789	0.4451	15.3	9.3	0.3899	854	356
nte_05953.jpg	0.079152	0.5012	0.7094	170.1	141.4	0.8857	854	356
nte_05953.jpg	0.001318	0.3791	0.4507	25.0	16.0	0.7109	854	356
nte_05953.jpg	0.000673	0.3551	0.4479	17.5	11.7	0.6567	854	356
nte_05954.jpg	0.080860	0.5008	0.7131	169.8	144.8	0.8359	854	356
nte_05954.jpg	0.002074	0.3459	0.4592	34.4	18.3	0.8110	854	356
nte_05954.jpg	0.000635	0.3197	0.4554	17.0	11.3	0.5479	854	356
nte_05955.jpg	0.078284	0.5000	0.7150	169.5	140.4	0.8994	854	356
nte_05955.jpg	0.005226	0.2865	0.4723	57.4	27.7	0.7974	854	356
nte_05955.jpg	0.000798	0.3531	0.4592	18.2	13.3	0.3555	854	356
nte_05956.jpg	0.082886	0.5008	0.7159	170.1	148.1	0.8579	854	356
nte_05956.jpg	0.020074	0.1381	0.5070	134.5	45.4	0.8291	854	356
nte_05956.jpg	0.003642	0.3146	0.4685	49.5	22.4	0.7329	854	356
nte_05956.jpg	0.002300	0.2139	0.4667	36.8	19.0	0.2695	854	356
nte_05957.jpg	0.079184	0.5008	0.7112	169.8	141.8	0.8623	854	356
nte_05957.jpg	0.000439	0.5578	0.4489	13.3	10.0	0.2717	854	356
nte_05958.jpg	0.086862	0.5023	0.6944	172.5	153.1	0.8062	854	356
nte_05959.jpg	0.095009	0.5027	0.6784	171.8	168.1	0.8516	854	356
nte_05960.jpg	0.081099	0.5004	0.7094	169.1	145.8	0.8672	854	356
nte_05961.jpg	0.076309	0.5004	0.7075	168.8	137.4	0.8877	854	356
nte_05962.jpg	0.086584	0.5008	0.6962	170.8	154.1	0.8359	854	356
nte_05963.jpg	0.085908	0.5000	0.6803	169.5	154.1	0.8550	854	356
nte_05964.jpg	0.075889	0.4996	0.7047	167.5	137.8	0.8501	854	356
nte_05965.jpg	0.082747	0.5012	0.7037	169.5	148.4	0.8750	854	356
nte_05966.jpg	0.075717	0.5004	0.7075	169.1	136.1	0.8887	854	356
nte_05966.jpg	0.000362	0.4414	0.4292	12.7	8.7	0.3713	854	356
nte_05967.jpg	0.076528	0.5008	0.7065	168.5	138.1	0.8936	854	356
nte_05968.jpg	0.079058	0.5008	0.7178	169.1	142.1	0.8765	854	356
nte_05968.jpg	0.000403	0.4305	0.4292	12.7	9.7	0.3923	854	356
nte_05968.jpg	0.008133	0.5215	0.4995	67.4	36.7	0.2546	854	356
nte_05969.jpg	0.082814	0.5004	0.7084	174.3	144.4	0.8198	854	356
nte_05970.jpg	0.085478	0.5004	0.7084	172.0	151.1	0.8247	854	356
nte_05971.jpg	0.080330	0.5000	0.7084	169.5	144.1	0.8628	854	356
nte_05972.jpg	0.079986	0.5004	0.7075	169.1	143.8	0.8315	854	356
nte_05973.jpg	0.092412	0.5008	0.6869	169.8	165.5	0.8745	854	356
nte_05974.jpg	0.091062	0.5020	0.6944	171.5	161.5	0.8394	854	356
nte_05974.jpg	0.000887	0.3195	0.4582	21.9	12.3	0.3774	854	356
nte_05975.jpg	0.082998	0.5000	0.7000	171.1	147.4	0.8330	854	356
nte_05975.jpg	0.001678	0.2457	0.4713	28.9	17.7	0.3733	854	356
nte_05976.jpg	0.080243	0.4996	0.7140	170.5	143.1	0.8384	854	356
nte_05976.jpg	0.000295	0.4809	0.4320	11.7	7.7	0.3027	854	356
nte_05976.jpg	0.002768	0.2963	0.4582	45.9	18.3	0.2998	854	356
nte_05977.jpg	0.084171	0.5012	0.7000	170.5	150.1	0.8301	854	356
nte_05978.jpg	0.086667	0.5004	0.7084	169.1	155.8	0.8462	854	356
nte_05979.jpg	0.080781	0.4992	0.7094	169.6	144.8	0.8389	854	356
nte_05980.jpg	0.082568	0.4996	0.7131	170.6	147.1	0.8511	854	356
nte_05981.jpg	0.083119	0.4996	0.7281	169.5	149.1	0.8638	854	356
nte_05982.jpg	0.079556	0.4996	0.7094	169.8	142.4	0.8740	854	356
nte_05983.jpg	0.077726	0.5000	0.7122	169.5	139.4	0.8794	854	356
nte_05983.jpg	0.000467	0.4563	0.4329	14.7	9.7	0.3457	854	356
nte_05984.jpg	0.079586	0.5008	0.7084	169.5	142.8	0.8345	854	356
nte_05985.jpg	0.081680	0.5008	0.6981	168.8	147.1	0.8892	854	356
nte_05985.jpg	0.001970	0.5309	0.4620	39.0	15.3	0.3274	854	356
nte_05985.jpg	0.000403	0.4551	0.4339	12.7	9.7	0.2544	854	356
nte_05986.jpg	0.079027	0.5008	0.7103	172.3	139.4	0.8774	854	356
nte_05986.jpg	0.000472	0.4531	0.4357	14.3	10.0	0.2876	854	356
nte_05986.jpg	0.000272	0.4691	0.4310	10.3	8.0	0.2859	854	356
nte_05986.jpg	0.000290	0.4340	0.4320	11.0	8.0	0.2659	854	356
nte_05987.jpg	0.082798	0.5016	0.7037	173.5	145.1	0.7617	854	356
nte_05987.jpg	0.000480	0.4578	0.4357	13.7	10.7	0.4053	854	356
nte_05987.jpg	0.000318	0.4699	0.4292	10.3	9.3	0.3499	854	356
nte_05987.jpg	0.000393	0.4445	0.4376	12.3	9.7	0.2988	854	356
nte_05988.jpg	0.082300	0.5008	0.7084	170.5	146.8	0.8755	854	356
nte_05988.jpg	0.000420	0.4418	0.4395	12.3	10.3	0.3735	854	356
nte_05988.jpg	0.000348	0.4684	0.4310	11.3	9.3	0.3655	854	356
nte_05988.jpg	0.000519	0.4566	0.4348	14.3	11.0	0.3391	854	356
nte_05989.jpg	0.089890	0.5016	0.6897	172.5	158.5	0.8447	854	356
nte_05989.jpg	0.000560	0.4230	0.4451	15.0	11.3	0.2700	854	356
nte_05990.jpg	0.086602	0.5004	0.6953	170.5	154.5	0.8354	854	356
nte_05990.jpg	0.000765	0.3945	0.4376	18.8	12.3	0.5396	854	356
nte_05991.jpg	0.079682	0.5008	0.7028	170.5	142.1	0.8623	854	356
nte_05991.jpg	0.001055	0.3729	0.4432	22.4	14.3	0.4712	854	356
nte_05991.jpg	0.000641	0.4000	0.4507	16.7	11.7	0.2861	854	356
nte_05992.jpg	0.077912	0.5004	0.7028	169.5	139.8	0.8511	854	356
nte_05992.jpg	0.003536	0.3527	0.4310	38.4	28.0	0.3550	854	356
nte_05992.jpg	0.000857	0.3910	0.4545	19.5	13.3	0.2961	854	356
nte_05992.jpg	0.000395	0.5336	0.4329	13.3	9.0	0.2644	854	356
nte_05992.jpg	0.000545	0.5102	0.4264	16.0	10.3	0.2527	854	356
nte_05993.jpg	0.085455	0.4996	0.7028	172.3	150.8	0.8047	854	356
nte_05993.jpg	0.002274	0.2926	0.4526	29.2	23.7	0.3733	854	356
nte_05993.jpg	0.001578	0.3379	0.4648	29.4	16.3	0.3413	854	356
nte_05993.jpg	0.000405	0.4680	0.4254	13.7	9.0	0.2568	854	356
nte_05994.jpg	0.080013	0.5004	0.7056	168.8	144.1	0.8628	854	356
nte_05994.jpg	0.004522	0.2926	0.4713	58.0	23.7	0.6978	854	356
nte_05994.jpg	0.000925	0.3387	0.4629	22.2	12.7	0.4077	854	356
nte_05994.jpg	0.000621	0.3203	0.4657	16.2	11.7	0.3826	854	356
nte_05994.jpg	0.002403	0.2047	0.4667	37.1	19.7	0.3337	854	356
nte_05994.jpg	0.000728	0.3613	0.4592	19.5	11.3	0.2805	854	356
nte_05995.jpg	0.081792	0.5000	0.7084	171.0	145.4	0.8677	854	356
nte_05995.jpg	0.004269	0.2652	0.4685	54.0	24.0	0.7637	854	356
nte_05995.jpg	0.019066	0.1237	0.5182	127.8	45.4	0.5469	854	356
nte_05995.jpg	0.000613	0.3039	0.4601	18.0	10.3	0.3552	854	356
nte_05995.jpg	0.000275	0.4711	0.4254	10.0	8.3	0.3342	854	356
nte_05996.jpg	0.078746	0.5012	0.7103	170.5	140.4	0.8906	854	356
nte_05996.jpg	0.009918	0.1689	0.4845	94.2	32.0	0.6104	854	356
nte_05996.jpg	0.000814	0.3252	0.4414	19.0	13.0	0.3152	854	356
nte_05996.jpg	0.000261	0.4586	0.4245	10.3	7.7	0.2805	854	356
nte_05996.jpg	0.000286	0.4695	0.4273	10.0	8.7	0.2717	854	356
nte_05997.jpg	0.079429	0.5008	0.7150	169.1	142.8	0.8857	854	356
nte_05998.jpg	0.076309	0.5008	0.7094	168.8	137.4	0.8882	854	356
nte_05998.jpg	0.000500	0.4441	0.4029	13.0	11.7	0.3223	854	356
nte_05998.jpg	0.000738	0.4266	0.4011	16.0	14.0	0.2615	854	356
nte_05999.jpg	0.076611	0.5004	0.7103	169.5	137.4	0.8936	854	356
nte_05999.jpg	0.000504	0.4363	0.4142	14.3	10.7	0.3401	854	356
nte_05999.jpg	0.000714	0.4152	0.4011	16.7	13.0	0.2959	854	356
nte_06000.jpg	0.075605	0.5008	0.7094	170.1	135.1	0.8970	854	356
nte_06000.jpg	0.036485	0.5125	0.5229	147.8	75.1	0.3354	854	356
nte_06001.jpg	0.078832	0.5012	0.7131	171.5	139.8	0.8691	854	356
nte_06001.jpg	0.000906	0.4070	0.4170	21.2	13.0	0.5952	854	356
nte_06001.jpg	0.000562	0.3846	0.4048	16.0	10.7	0.4885	854	356
nte_06001.jpg	0.000514	0.4293	0.4001	12.0	13.0	0.4402	854	356
nte_06002.jpg	0.079446	0.5012	0.7150	172.8	139.8	0.7671	854	356
nte_06002.jpg	0.000692	0.3600	0.4029	18.0	11.7	0.5044	854	356
nte_06003.jpg	0.076876	0.5004	0.7112	170.5	137.1	0.8877	854	356
nte_06004.jpg	0.010610	0.2586	0.4310	87.9	36.7	0.8203	854	356
nte_06004.jpg	0.096470	0.4992	0.6775	175.1	167.5	0.7432	854	356
nte_06004.jpg	0.001950	0.4000	0.3917	26.5	22.4	0.3225	854	356
nte_06004.jpg	0.000584	0.3746	0.4076	17.2	10.3	0.2578	854	356
nte_06005.jpg	0.095579	0.5004	0.7553	169.8	171.1	0.8877	854	356
nte_06005.jpg	0.024624	0.0664	0.5107	113.3	66.1	0.7905	854	356
nte_06005.jpg	0.000731	0.3516	0.4198	18.5	12.0	0.3628	854	356
nte_06005.jpg	0.010198	0.1838	0.3945	83.7	37.0	0.2717	854	356
nte_06006.jpg	0.093719	0.5000	0.7543	168.8	168.8	0.9028	854	356
nte_06006.jpg	0.000598	0.3783	0.4292	14.3	12.7	0.4849	854	356
nte_06006.jpg	0.002342	0.2137	0.4592	38.1	18.7	0.4263	854	356
nte_06006.jpg	0.000504	0.3471	0.4385	14.3	10.7	0.3379	854	356
nte_06006.jpg	0.000489	0.3609	0.4348	13.5	11.0	0.2996	854	356
nte_06007.jpg	0.085704	0.5008	0.7365	169.8	153.5	0.8823	854	356
nte_06007.jpg	0.002519	0.2125	0.4845	37.0	20.7	0.4807	854	356
nte_06007.jpg	0.000510	0.3961	0.4901	16.0	9.7	0.4700	854	356
nte_06007.jpg	0.001062	0.3064	0.4620	22.5	14.3	0.3242	854	356
nte_06007.jpg	0.005040	0.2336	0.4807	68.6	22.4	0.2798	854	356
nte_06008.jpg	0.079171	0.5012	0.7337	167.8	143.4	0.8643	854	356
nte_06008.jpg	0.001886	0.3258	0.4498	30.7	18.7	0.7705	854	356
nte_06008.jpg	0.004059	0.2557	0.4667	51.4	24.0	0.6323	854	356
nte_06008.jpg	0.000259	0.3967	0.3992	9.8	8.0	0.3926	854	356
nte_06008.jpg	0.017874	0.1008	0.5004	127.3	42.7	0.3916	854	356
nte_06009.jpg	0.078899	0.5020	0.7225	163.8	146.4	0.8794	854	356
nte_06009.jpg	0.002836	0.2713	0.4489	47.9	18.0	0.6909	854	356
nte_06009.jpg	0.000346	0.3857	0.4011	10.5	10.0	0.4268	854	356
nte_06009.jpg	0.003092	0.0882	0.4929	37.6	25.0	0.3035	854	356
nte_06010.jpg	0.071172	0.5059	0.6962	169.8	127.4	0.8213	854	356
nte_06010.jpg	0.007981	0.1392	0.4713	81.7	29.7	0.5796	854	356
nte_06010.jpg	0.000562	0.3699	0.3945	13.8	12.3	0.5264	854	356
nte_06010.jpg	0.000451	0.3670	0.4629	14.2	9.7	0.3594	854	356
nte_06010.jpg	0.000671	0.3861	0.4648	15.7	13.0	0.2583	854	356
nte_06011.jpg	0.076196	0.5027	0.7159	166.1	139.4	0.8179	854	356
nte_06011.jpg	0.000553	0.3547	0.3917	14.0	12.0	0.5859	854	356
nte_06011.jpg	0.000320	0.4273	0.4638	11.7	8.3	0.2686	854	356
nte_06012.jpg	0.073201	0.5105	0.7065	165.1	134.8	0.8672	854	356
nte_06012.jpg	0.000807	0.3412	0.3917	18.8	13.0	0.7559	854	356
nte_06013.jpg	0.082301	0.5086	0.7234	167.8	149.1	0.7891	854	356
nte_06013.jpg	0.001204	0.3326	0.3926	23.4	15.7	0.5015	854	356
nte_06014.jpg	0.086504	0.5129	0.7290	174.8	150.5	0.8149	854	356
nte_06014.jpg	0.001783	0.3123	0.3973	31.9	17.0	0.7358	854	356
nte_06014.jpg	0.000382	0.4449	0.4273	12.0	9.7	0.3057	854	356
nte_06015.jpg	0.081334	0.5074	0.7290	168.5	146.8	0.8701	854	356
nte_06015.jpg	0.003332	0.2709	0.4029	48.2	21.0	0.6255	854	356
nte_06015.jpg	0.000431	0.4434	0.4498	12.7	10.3	0.4707	854	356
nte_06016.jpg	0.088804	0.5137	0.7262	171.5	157.5	0.8701	854	356
nte_06016.jpg	0.000483	0.4445	0.4929	14.7	10.0	0.2637	854	356
nte_06017.jpg	0.088872	0.5063	0.7412	169.8	159.1	0.8682	854	356
nte_06018.jpg	0.093349	0.5023	0.7534	168.8	168.1	0.8901	854	356
nte_06019.jpg	0.096142	0.5027	0.7440	170.8	171.1	0.8545	854	356
nte_06020.jpg	0.092214	0.5074	0.7496	170.5	164.5	0.8716	854	356
nte_06021.jpg	0.092582	0.5043	0.7393	170.8	164.8	0.8672	854	356
nte_06022.jpg	0.091100	0.5043	0.7431	170.1	162.8	0.8916	854	356
nte_06023.jpg	0.084006	0.5055	0.7300	170.1	150.1	0.8530	854	356
nte_06023.jpg	0.002410	0.1224	0.3692	34.9	21.0	0.2964	854	356
nte_06024.jpg	0.086667	0.5020	0.7365	169.1	155.8	0.8940	854	356
nte_06025.jpg	0.093116	0.5023	0.7487	172.1	164.5	0.9038	854	356
nte_06026.jpg	0.092350	0.5137	0.7496	172.5	162.8	0.8652	854	356
nte_06027.jpg	0.088511	0.5078	0.7412	169.5	158.8	0.8955	854	356
nte_06028.jpg	0.092791	0.5031	0.7365	169.1	166.8	0.8682	854	356
nte_06029.jpg	0.093523	0.5078	0.7450	170.5	166.8	0.8833	854	356
nte_06030.jpg	0.090697	0.5113	0.7403	171.1	161.1	0.8755	854	356
nte_06031.jpg	0.089255	0.5070	0.7487	169.5	160.1	0.8560	854	356
nte_06032.jpg	0.089244	0.5078	0.7478	169.8	159.8	0.8560	854	356
nte_06033.jpg	0.091794	0.5117	0.7440	172.1	162.1	0.8325	854	356
nte_06034.jpg	0.087098	0.5066	0.7393	167.5	158.1	0.8843	854	356
nte_06035.jpg	0.083056	0.5070	0.7337	167.5	150.8	0.8916	854	356
nte_06036.jpg	0.083607	0.5035	0.7318	167.5	151.8	0.8867	854	356
nte_06037.jpg	0.083791	0.5109	0.7337	167.5	152.1	0.8794	854	356
nte_06038.jpg	0.081847	0.5059	0.7309	166.1	149.8	0.8887	854	356
nte_06039.jpg	0.082872	0.5047	0.7253	167.5	150.5	0.8687	854	356
nte_06040.jpg	0.081790	0.5035	0.7262	167.1	148.8	0.8755	854	356
nte_06041.jpg	0.085077	0.5051	0.7178	167.5	154.5	0.8525	854	356
nte_06042.jpg	0.082321	0.5059	0.7197	167.5	149.5	0.8662	854	356
nte_06042.jpg	0.000525	0.3475	0.4095	16.5	9.7	0.3376	854	356
nte_06043.jpg	0.075587	0.5063	0.7094	166.8	137.8	0.8892	854	356
nte_06043.jpg	0.000395	0.3844	0.4170	12.8	9.3	0.5195	854	356
nte_06043.jpg	0.000556	0.3541	0.4151	15.8	10.7	0.4443	854	356
nte_06043.jpg	0.005770	0.4273	0.6138	37.0	47.4	0.2905	854	356
nte_06044.jpg	0.081281	0.5094	0.7243	166.5	148.4	0.8833	854	356
nte_06044.jpg	0.000460	0.3850	0.4198	15.5	9.0	0.5527	854	356
nte_06044.jpg	0.000478	0.3559	0.4170	14.5	10.0	0.5527	854	356
nte_06045.jpg	0.080667	0.5035	0.7243	167.5	146.4	0.8511	854	356
nte_06045.jpg	0.000494	0.3816	0.4282	15.0	10.0	0.7720	854	356
nte_06045.jpg	0.000478	0.3555	0.4236	15.0	9.7	0.6313	854	356
nte_06046.jpg	0.080116	0.5074	0.7178	167.5	145.4	0.8682	854	356
nte_06046.jpg	0.000807	0.3699	0.4320	18.8	13.0	0.5723	854	356
nte_06047.jpg	0.078095	0.5062	0.7197	167.5	141.8	0.8774	854	356
nte_06047.jpg	0.001400	0.3502	0.4376	25.5	16.7	0.7461	854	356
nte_06047.jpg	0.000270	0.3172	0.4310	11.2	7.3	0.3027	854	356
nte_06048.jpg	0.077452	0.5156	0.7178	168.5	139.8	0.8789	854	356
nte_06048.jpg	0.000805	0.3545	0.4320	18.3	13.3	0.5596	854	356
nte_06048.jpg	0.002337	0.3258	0.4498	38.0	18.7	0.4473	854	356
nte_06049.jpg	0.077637	0.5168	0.7122	168.5	140.1	0.8770	854	356
nte_06049.jpg	0.010334	0.2377	0.4863	79.1	39.7	0.6831	854	356
nte_06049.jpg	0.000735	0.3699	0.4348	17.2	13.0	0.6631	854	356
nte_06050.jpg	0.075765	0.5066	0.7019	164.8	139.8	0.8818	854	356
nte_06050.jpg	0.001281	0.3715	0.4414	20.8	18.7	0.7471	854	356
nte_06051.jpg	0.077912	0.5055	0.6990	165.1	143.4	0.8677	854	356
nte_06051.jpg	0.002383	0.3566	0.4489	31.0	23.4	0.7754	854	356
nte_06051.jpg	0.000428	0.3795	0.4376	13.0	10.0	0.4333	854	356
nte_06051.jpg	0.000380	0.3152	0.4357	13.8	8.3	0.2605	854	356
nte_06052.jpg	0.087064	0.5156	0.7272	168.5	157.1	0.8242	854	356
nte_06052.jpg	0.003966	0.3240	0.4610	42.0	28.7	0.7891	854	356
nte_06052.jpg	0.001265	0.3559	0.4489	21.4	18.0	0.5483	854	356
nte_06052.jpg	0.000434	0.3779	0.4442	13.2	10.0	0.4214	854	356
nte_06053.jpg	0.078221	0.5152	0.7103	168.1	141.4	0.8799	854	356
nte_06053.jpg	0.010294	0.2777	0.4816	72.7	43.0	0.7451	854	356
nte_06053.jpg	0.001888	0.3492	0.4657	30.2	19.0	0.5947	854	356
nte_06053.jpg	0.000513	0.3867	0.4451	14.2	11.0	0.4331	854	356
nte_06053.jpg	0.000525	0.3262	0.4498	16.5	9.7	0.3560	854	356
nte_06054.jpg	0.071094	0.5055	0.7047	162.8	132.8	0.8818	854	356
nte_06054.jpg	0.000580	0.3865	0.4507	16.5	10.7	0.6245	854	356
nte_06054.jpg	0.003511	0.3141	0.4845	46.4	23.0	0.3479	854	356
nte_06054.jpg	0.002127	0.2709	0.5154	32.9	19.7	0.2722	854	356
nte_06055.jpg	0.071126	0.5031	0.7075	162.5	133.1	0.8735	854	356
nte_06055.jpg	0.000828	0.3033	0.4535	19.8	12.7	0.6475	854	356
nte_06055.jpg	0.000718	0.3650	0.4573	18.2	12.0	0.6230	854	356
nte_06055.jpg	0.011459	0.1960	0.5116	82.2	42.4	0.5337	854	356
nte_06055.jpg	0.000521	0.3480	0.4563	14.8	10.7	0.2834	854	356
nte_06055.jpg	0.001130	0.2736	0.5004	21.0	16.3	0.2563	854	356
nte_06056.jpg	0.069201	0.5078	0.7028	162.1	129.8	0.8896	854	356
nte_06056.jpg	0.016831	0.5750	0.5529	69.7	73.4	0.7324	854	356
nte_06056.jpg	0.001088	0.2713	0.4563	24.2	13.7	0.4177	854	356
nte_06056.jpg	0.001034	0.2469	0.5098	26.2	12.0	0.3254	854	356
nte_06056.jpg	0.000441	0.3676	0.4489	14.3	9.3	0.2996	854	356
nte_06057.jpg	0.072461	0.5035	0.7103	163.5	134.8	0.8833	854	356
nte_06057.jpg	0.002979	0.2223	0.4507	37.2	24.4	0.7358	854	356
nte_06057.jpg	0.000499	0.3844	0.4545	15.7	9.7	0.6675	854	356
nte_06057.jpg	0.002011	0.4453	0.5360	22.4	27.4	0.4727	854	356
nte_06057.jpg	0.000621	0.3479	0.4517	17.7	10.7	0.4072	854	356
nte_06057.jpg	0.000404	0.3654	0.4554	14.2	8.7	0.2942	854	356
nte_06057.jpg	0.003724	0.2695	0.4835	53.9	21.0	0.2563	854	356
nte_06058.jpg	0.072641	0.5031	0.7094	163.5	135.1	0.8770	854	356
nte_06058.jpg	0.000384	0.3916	0.4526	14.0	8.3	0.5073	854	356
nte_06058.jpg	0.000802	0.3355	0.4760	22.9	10.7	0.4836	854	356
nte_06058.jpg	0.000366	0.6281	0.4554	13.3	8.3	0.3657	854	356
nte_06058.jpg	0.000334	0.6039	0.4526	12.7	8.0	0.3450	854	356
nte_06058.jpg	0.000337	0.2576	0.4807	13.3	7.7	0.2922	854	356
nte_06058.jpg	0.000725	0.4996	0.4695	18.3	12.0	0.2817	854	356
nte_06058.jpg	0.000325	0.3037	0.4854	12.3	8.0	0.2793	854	356
nte_06058.jpg	0.002337	0.4566	0.5210	28.0	25.4	0.2603	854	356
nte_06058.jpg	0.000258	0.6172	0.4535	10.7	7.3	0.2520	854	356
nte_06059.jpg	0.073382	0.5020	0.7075	165.1	135.1	0.8657	854	356
nte_06059.jpg	0.000720	0.3695	0.4582	20.5	10.7	0.5449	854	356
nte_06059.jpg	0.001583	0.2545	0.5023	31.4	15.3	0.4841	854	356
nte_06059.jpg	0.001818	0.2262	0.4891	31.9	17.3	0.4707	854	356
nte_06059.jpg	0.000441	0.4164	0.4376	14.3	9.3	0.4583	854	356
nte_06059.jpg	0.000282	0.6324	0.4573	11.7	7.3	0.2656	854	356
nte_06060.jpg	0.074107	0.5016	0.7065	165.1	136.4	0.8730	854	356
nte_06060.jpg	0.001070	0.3096	0.4826	28.7	11.3	0.3464	854	356
nte_06060.jpg	0.000645	0.2359	0.4161	23.5	8.3	0.3430	854	356
nte_06060.jpg	0.004256	0.4195	0.6082	38.0	34.0	0.3000	854	356
nte_06060.jpg	0.001702	0.5016	0.4845	25.0	20.7	0.2988	854	356
nte_06060.jpg	0.000559	0.3480	0.4545	18.2	9.3	0.2778	854	356
nte_06061.jpg	0.074532	0.4996	0.7094	168.1	134.8	0.8818	854	356
nte_06061.jpg	0.000707	0.3873	0.4470	19.5	11.0	0.6094	854	356
nte_06061.jpg	0.002577	0.3033	0.4667	41.2	19.0	0.3750	854	356
nte_06061.jpg	0.005462	0.4211	0.6016	39.2	42.4	0.3276	854	356
nte_06062.jpg	0.075861	0.5008	0.7140	165.8	139.1	0.8716	854	356
nte_06062.jpg	0.007838	0.2150	0.4807	77.6	30.7	0.7812	854	356
nte_06062.jpg	0.001178	0.3602	0.4563	29.0	12.3	0.6250	854	356
nte_06063.jpg	0.076196	0.5008	0.7075	166.1	139.4	0.8926	854	356
nte_06063.jpg	0.002151	0.3244	0.4601	37.7	17.3	0.7388	854	356
nte_06063.jpg	0.001438	0.1966	0.4151	40.9	10.7	0.3411	854	356
nte_06064.jpg	0.075922	0.5008	0.7150	167.1	138.1	0.8853	854	356
nte_06064.jpg	0.001964	0.2248	0.4845	30.9	19.3	0.6113	854	356
nte_06064.jpg	0.005891	0.2477	0.4770	69.7	25.7	0.2693	854	356
nte_06065.jpg	0.076319	0.5008	0.7084	166.8	139.1	0.8867	854	356
nte_06065.jpg	0.001377	0.7707	0.4957	38.0	11.0	0.5205	854	356
nte_06065.jpg	0.001634	0.4992	0.4957	31.0	16.0	0.4304	854	356
nte_06065.jpg	0.000929	0.4699	0.4891	19.7	14.3	0.3208	854	356
nte_06066.jpg	0.083405	0.5004	0.7112	167.8	151.1	0.8569	854	356
nte_06067.jpg	0.083922	0.5008	0.7215	168.5	151.5	0.8843	854	356
nte_06067.jpg	0.004007	0.4957	0.4760	41.0	29.7	0.3418	854	356
nte_06068.jpg	0.080939	0.5004	0.7159	168.8	145.8	0.8799	854	356
nte_06069.jpg	0.081125	0.5004	0.7150	168.8	146.1	0.8931	854	356
nte_06069.jpg	0.001084	0.5059	0.4901	21.0	15.7	0.2981	854	356
nte_06070.jpg	0.082917	0.4988	0.7225	171.0	147.4	0.8843	854	356
nte_06071.jpg	0.080912	0.4996	0.7206	170.3	144.4	0.8916	854	356
nte_06071.jpg	0.000952	0.3947	0.4320	21.7	13.3	0.6094	854	356
nte_06071.jpg	0.002203	0.4957	0.5023	39.4	17.0	0.2795	854	356
nte_06072.jpg	0.077759	0.5004	0.7131	169.1	139.8	0.8818	854	356
nte_06072.jpg	0.001801	0.4938	0.5070	40.0	13.7	0.3479	854	356
nte_06072.jpg	0.000514	0.4469	0.4489	13.0	12.0	0.3303	854	356
nte_06073.jpg	0.077759	0.5012	0.7131	169.1	139.8	0.8804	854	356
nte_06073.jpg	0.001130	0.4383	0.4535	21.0	16.3	0.5405	854	356
nte_06073.jpg	0.001066	0.7746	0.4414	30.4	10.7	0.2751	854	356
nte_06073.jpg	0.008644	0.5715	0.5932	54.7	48.0	0.2544	854	356
nte_06074.jpg	0.078687	0.5004	0.7056	169.1	141.4	0.8896	854	356
nte_06074.jpg	0.001361	0.2695	0.4676	28.2	14.7	0.4622	854	356
nte_06074.jpg	0.003116	0.3396	0.4667	43.0	22.0	0.3152	854	356
nte_06074.jpg	0.000447	0.5301	0.4264	12.3	11.0	0.2615	854	356
nte_06075.jpg	0.079458	0.5008	0.7065	168.8	143.1	0.8667	854	356
nte_06075.jpg	0.012051	0.2383	0.4995	88.6	41.4	0.5000	854	356
nte_06075.jpg	0.000964	0.3098	0.4610	22.5	13.0	0.4873	854	356
nte_06075.jpg	0.000533	0.3275	0.4563	15.7	10.3	0.4749	854	356
nte_06075.jpg	0.003927	0.1257	0.4938	52.6	22.7	0.4700	854	356
nte_06075.jpg	0.002862	0.5051	0.4788	38.4	22.7	0.3254	854	356
nte_06076.jpg	0.078316	0.5012	0.7084	169.1	140.8	0.8525	854	356
nte_06076.jpg	0.000633	0.2141	0.5463	18.0	10.7	0.2505	854	356
nte_06077.jpg	0.082059	0.5004	0.6981	171.1	145.8	0.8242	854	356
nte_06078.jpg	0.079087	0.5008	0.7112	168.8	142.4	0.8735	854	356
nte_06079.jpg	0.080066	0.5004	0.7056	168.1	144.8	0.8862	854	356
nte_06080.jpg	0.079643	0.5004	0.7065	168.8	143.4	0.8887	854	356
nte_06080.jpg	0.003477	0.5086	0.4816	41.7	25.4	0.3354	854	356
nte_06081.jpg	0.077637	0.5008	0.7084	168.5	140.1	0.8970	854	356
nte_06081.jpg	0.003321	0.5066	0.4938	42.0	24.0	0.2595	854	356
nte_06082.jpg	0.086433	0.5012	0.7206	170.1	154.5	0.8447	854	356
nte_06082.jpg	0.003842	0.5113	0.4901	42.7	27.4	0.3052	854	356
nte_06083.jpg	0.078007	0.5012	0.7084	168.5	140.8	0.8970	854	356
nte_06083.jpg	0.003875	0.5098	0.4929	44.7	26.4	0.3743	854	356
nte_06083.jpg	0.000520	0.4172	0.4367	16.3	9.7	0.3220	854	356
nte_06084.jpg	0.078532	0.5008	0.7065	168.8	141.4	0.8809	854	356
nte_06084.jpg	0.001153	0.3963	0.4414	22.4	15.7	0.6309	854	356
nte_06084.jpg	0.003768	0.5137	0.4938	48.4	23.7	0.2979	854	356
nte_06085.jpg	0.077145	0.5012	0.7084	167.8	139.8	0.8931	854	356
nte_06085.jpg	0.001794	0.3602	0.4460	28.7	19.0	0.3447	854	356
nte_06085.jpg	0.003763	0.5078	0.4985	49.7	23.0	0.3311	854	356
nte_06086.jpg	0.081310	0.5012	0.7000	168.8	146.4	0.8823	854	356
nte_06086.jpg	0.003847	0.3105	0.4554	45.5	25.7	0.7832	854	356
nte_06087.jpg	0.082280	0.5012	0.6944	168.1	148.8	0.8979	854	356
nte_06087.jpg	0.015712	0.1252	0.4807	97.4	49.0	0.2996	854	356
nte_06087.jpg	0.001903	0.3750	0.4620	33.4	17.3	0.2908	854	356
nte_06088.jpg	0.081035	0.5008	0.7009	167.5	147.1	0.8872	854	356
nte_06089.jpg	0.082464	0.5004	0.7243	168.1	149.1	0.8931	854	356
nte_06090.jpg	0.078376	0.5008	0.7140	168.5	141.4	0.9019	854	356
nte_06091.jpg	0.069998	0.5012	0.6981	166.1	128.1	0.8965	854	356
nte_06092.jpg	0.070883	0.5016	0.7000	164.8	130.8	0.8823	854	356
nte_06093.jpg	0.070920	0.5016	0.6972	164.5	131.1	0.8564	854	356
nte_06093.jpg	0.000362	0.4617	0.4760	12.7	8.7	0.2532	854	356
nte_06094.jpg	0.067659	0.5012	0.6934	163.1	126.1	0.8745	854	356
nte_06094.jpg	0.000435	0.4563	0.4788	13.7	9.7	0.3887	854	356
nte_06095.jpg	0.068835	0.5020	0.6972	163.8	127.8	0.8599	854	356
nte_06095.jpg	0.000465	0.4500	0.4807	15.7	9.0	0.4614	854	356
nte_06096.jpg	0.064927	0.5008	0.6878	160.8	122.8	0.8857	854	356
nte_06096.jpg	0.002965	0.5770	0.5810	33.4	27.0	0.3413	854	356
nte_06096.jpg	0.000494	0.4395	0.4816	16.7	9.0	0.2600	854	356
nte_06097.jpg	0.066218	0.5008	0.6934	161.8	124.4	0.8799	854	356
nte_06097.jpg	0.000996	0.4242	0.4854	22.7	13.3	0.6050	854	356
nte_06098.jpg	0.064266	0.5020	0.6887	161.8	120.8	0.8735	854	356
nte_06098.jpg	0.001856	0.3994	0.4929	32.5	17.3	0.5928	854	356
nte_06099.jpg	0.063470	0.5012	0.6869	161.1	119.8	0.8828	854	356
nte_06099.jpg	0.003805	0.3686	0.4966	49.5	23.4	0.6289	854	356
nte_06100.jpg	0.066228	0.5016	0.6906	163.1	123.4	0.8687	854	356
nte_06101.jpg	0.069091	0.5020	0.6972	163.1	128.8	0.8467	854	356
nte_06101.jpg	0.000547	0.3396	0.4723	19.2	8.7	0.2593	854	356
nte_06102.jpg	0.065686	0.5008	0.6897	161.8	123.4	0.8682	854	356
nte_06103.jpg	0.065686	0.5012	0.6897	161.8	123.4	0.8677	854	356
nte_06104.jpg	0.066218	0.5008	0.6934	161.8	124.4	0.8662	854	356
nte_06105.jpg	0.066177	0.5004	0.6916	162.1	124.1	0.8765	854	356
nte_06105.jpg	0.004305	0.5773	0.5754	37.4	35.0	0.5854	854	356
nte_06105.jpg	0.000435	0.4777	0.4329	12.0	11.0	0.2759	854	356
nte_06106.jpg	0.071451	0.5008	0.7047	162.8	133.4	0.8481	854	356
nte_06107.jpg	0.067342	0.5004	0.6953	162.8	125.8	0.8730	854	356
nte_06108.jpg	0.065153	0.5004	0.6925	161.8	122.4	0.8853	854	356
nte_06109.jpg	0.068196	0.5004	0.6972	163.1	127.1	0.8848	854	356
nte_06110.jpg	0.068912	0.5008	0.6990	163.1	128.4	0.8799	854	356
nte_06110.jpg	0.000666	0.6035	0.4273	17.3	11.7	0.3669	854	356
nte_06111.jpg	0.069053	0.4992	0.6981	163.5	128.4	0.8843	854	356
nte_06112.jpg	0.071639	0.4984	0.7028	166.1	131.1	0.8711	854	356
nte_06112.jpg	0.000835	0.6102	0.4245	20.0	12.7	0.3325	854	356
nte_06113.jpg	0.069617	0.4988	0.7019	164.8	128.4	0.8853	854	356
nte_06113.jpg	0.000956	0.6129	0.4245	22.4	13.0	0.3096	854	356
nte_06114.jpg	0.069979	0.5000	0.7009	164.8	129.1	0.8804	854	356
nte_06114.jpg	0.000637	0.4566	0.4273	15.7	12.3	0.4458	854	356
nte_06114.jpg	0.000922	0.6176	0.4236	21.0	13.3	0.3760	854	356
nte_06114.jpg	0.000589	0.3246	0.4357	19.2	9.3	0.2998	854	356
nte_06115.jpg	0.068713	0.4980	0.6962	164.8	126.8	0.8848	854	356
nte_06115.jpg	0.000737	0.4520	0.4245	17.7	12.7	0.3645	854	356
nte_06116.jpg	0.068017	0.4984	0.6953	163.1	126.8	0.8911	854	356
nte_06116.jpg	0.003084	0.5766	0.5903	36.0	26.0	0.3511	854	356
nte_06116.jpg	0.002047	0.6133	0.4189	39.7	15.7	0.3350	854	356
nte_06116.jpg	0.000814	0.4457	0.4217	19.0	13.0	0.2566	854	356
nte_06117.jpg	0.074310	0.4914	0.7075	167.6	134.8	0.8730	854	356
nte_06118.jpg	0.069788	0.4945	0.6990	165.6	128.1	0.8857	854	356
nte_06118.jpg	0.001153	0.6113	0.4132	22.4	15.7	0.2534	854	356
nte_06119.jpg	0.071722	0.4879	0.6990	168.5	129.4	0.8955	854	356
nte_06119.jpg	0.001075	0.1519	0.4245	29.7	11.0	0.3389	854	356
nte_06119.jpg	0.009916	0.5563	0.3992	100.4	30.0	0.2527	854	356
nte_06120.jpg	0.071097	0.4926	0.7019	168.3	128.4	0.8945	854	356
nte_06120.jpg	0.004668	0.5691	0.5829	36.4	39.0	0.6021	854	356
nte_06121.jpg	0.073894	0.4879	0.7056	169.6	132.4	0.8887	854	356
nte_06121.jpg	0.010791	0.5188	0.3889	105.7	31.0	0.2876	854	356
nte_06122.jpg	0.076239	0.4926	0.7094	169.5	136.8	0.8643	854	356
nte_06122.jpg	0.012769	0.5031	0.3870	114.1	34.0	0.5161	854	356
nte_06123.jpg	0.076091	0.4840	0.7075	170.0	136.1	0.8975	854	356
nte_06123.jpg	0.015523	0.4809	0.3861	124.1	38.0	0.5962	854	356
nte_06123.jpg	0.003391	0.5250	0.4076	52.4	19.7	0.2729	854	356
nte_06124.jpg	0.076461	0.4828	0.7056	171.6	135.4	0.8877	854	356
nte_06124.jpg	0.005218	0.4031	0.6128	49.5	32.0	0.6616	854	356
nte_06124.jpg	0.007282	0.3320	0.3720	67.7	32.7	0.4382	854	356
nte_06124.jpg	0.002272	0.5094	0.4057	32.4	21.3	0.3975	854	356
nte_06124.jpg	0.001569	0.2902	0.3186	29.2	16.3	0.3503	854	356
nte_06124.jpg	0.015958	0.4359	0.3804	115.4	42.0	0.3254	854	356
nte_06125.jpg	0.077101	0.4844	0.7084	171.8	136.4	0.8960	854	356
nte_06125.jpg	0.002600	0.6332	0.5079	32.0	24.7	0.6562	854	356
nte_06125.jpg	0.021778	0.4070	0.3739	148.1	44.7	0.4731	854	356
nte_06126.jpg	0.079715	0.4852	0.7112	173.8	139.4	0.8984	854	356
nte_06126.jpg	0.003398	0.6586	0.4826	34.0	30.4	0.5225	854	356
nte_06127.jpg	0.080401	0.4844	0.7169	173.6	140.8	0.8853	854	356
nte_06128.jpg	0.078459	0.4848	0.7084	173.1	137.8	0.8921	854	356
nte_06128.jpg	0.000805	0.5105	0.4451	18.3	13.3	0.2522	854	356
nte_06129.jpg	0.080327	0.4840	0.7140	174.3	140.1	0.8926	854	356
nte_06129.jpg	0.001485	0.4613	0.4517	26.0	17.3	0.6050	854	356
nte_06129.jpg	0.002546	0.5832	0.5107	31.4	24.7	0.3555	854	356
nte_06129.jpg	0.000758	0.4961	0.4460	18.7	12.3	0.3552	854	356
nte_06129.jpg	0.006306	0.5465	0.5351	53.7	35.7	0.3362	854	356
nte_06129.jpg	0.000408	0.6043	0.4938	12.0	10.3	0.2512	854	356
nte_06130.jpg	0.078990	0.4844	0.7150	172.6	139.1	0.8862	854	356
nte_06130.jpg	0.005868	0.3959	0.4798	55.7	32.0	0.8120	854	356
nte_06130.jpg	0.001128	0.4555	0.4507	22.4	15.3	0.6821	854	356
nte_06130.jpg	0.010608	0.5355	0.5173	70.1	46.0	0.4817	854	356
nte_06131.jpg	0.080929	0.4844	0.7056	173.1	142.1	0.8779	854	356
nte_06131.jpg	0.031795	0.2443	0.5463	145.6	66.4	0.8540	854	356
nte_06131.jpg	0.003028	0.4129	0.4638	38.9	23.7	0.7778	854	356
nte_06132.jpg	0.076014	0.4875	0.7075	169.0	136.8	0.8584	854	356
nte_06132.jpg	0.009013	0.3236	0.4938	72.1	38.0	0.8232	854	356
nte_06132.jpg	0.000480	0.4176	0.4264	13.7	10.7	0.3665	854	356
nte_06132.jpg	0.022893	0.0553	0.3842	94.4	73.7	0.3076	854	356
nte_06133.jpg	0.076296	0.5031	0.7028	162.5	142.8	0.8477	854	356
nte_06133.jpg	0.053923	0.1283	0.5669	213.7	76.7	0.6992	854	356
nte_06133.jpg	0.000679	0.4035	0.4273	19.3	10.7	0.3440	854	356
nte_06134.jpg	0.069898	0.5070	0.7000	160.5	132.4	0.8530	854	356
nte_06135.jpg	0.065722	0.5020	0.6972	158.5	126.1	0.8838	854	356
nte_06136.jpg	0.065446	0.5012	0.6944	157.8	126.1	0.8809	854	356
nte_06137.jpg	0.065584	0.5004	0.6953	158.1	126.1	0.8799	854	356
nte_06138.jpg	0.065549	0.5000	0.6981	158.5	125.8	0.8804	854	356
nte_06139.jpg	0.066344	0.5000	0.7000	157.5	128.1	0.8916	854	356
nte_06139.jpg	0.000715	0.5000	0.5126	21.0	10.3	0.3052	854	356
nte_06139.jpg	0.000290	0.4398	0.4489	11.0	8.0	0.2856	854	356
nte_06139.jpg	0.000297	0.4590	0.4498	9.3	9.7	0.2839	854	356
nte_06140.jpg	0.069128	0.5051	0.6981	161.1	130.4	0.8877	854	356
nte_06140.jpg	0.000531	0.4320	0.4498	14.7	11.0	0.5029	854	356
nte_06140.jpg	0.000387	0.4551	0.4507	10.7	11.0	0.3525	854	356
nte_06141.jpg	0.068067	0.5039	0.7009	161.1	128.4	0.8906	854	356
nte_06141.jpg	0.000677	0.4313	0.4545	16.7	12.3	0.6646	854	356
nte_06141.jpg	0.000488	0.4594	0.4517	12.0	12.3	0.5576	854	356
nte_06141.jpg	0.000666	0.5230	0.4479	17.3	11.7	0.4766	854	356
nte_06141.jpg	0.001278	0.4934	0.5098	32.4	12.0	0.3530	854	356
nte_06141.jpg	0.000691	0.4898	0.4554	17.0	12.3	0.3254	854	356
nte_06141.jpg	0.000379	0.4172	0.4498	12.3	9.3	0.3123	854	356
nte_06141.jpg	0.000795	0.4723	0.4554	17.7	13.7	0.2527	854	356
nte_06142.jpg	0.068414	0.5008	0.7019	162.8	127.8	0.8750	854	356
nte_06142.jpg	0.000909	0.4219	0.4629	18.0	15.3	0.6357	854	356
nte_06142.jpg	0.000885	0.5316	0.4451	19.7	13.7	0.6035	854	356
nte_06142.jpg	0.000645	0.4586	0.4526	13.7	14.3	0.6021	854	356
nte_06142.jpg	0.000621	0.3984	0.4526	16.2	11.7	0.5254	854	356
nte_06142.jpg	0.001153	0.4930	0.4573	23.4	15.0	0.2808	854	356
nte_06143.jpg	0.070273	0.5008	0.7000	163.8	130.4	0.8711	854	356
nte_06143.jpg	0.000789	0.4559	0.4545	14.7	16.3	0.6265	854	356
nte_06143.jpg	0.001127	0.5363	0.4470	23.4	14.7	0.6118	854	356
nte_06143.jpg	0.001373	0.4090	0.4592	22.4	18.7	0.5410	854	356
nte_06143.jpg	0.000616	0.3826	0.4573	15.2	12.3	0.4651	854	356
nte_06143.jpg	0.000494	0.3924	0.4526	12.2	12.3	0.3850	854	356
nte_06144.jpg	0.076072	0.5012	0.7140	165.5	139.8	0.8662	854	356
nte_06144.jpg	0.002586	0.3791	0.4629	33.2	23.7	0.7686	854	356
nte_06144.jpg	0.001037	0.3527	0.4657	19.7	16.0	0.5723	854	356
nte_06144.jpg	0.000670	0.4090	0.4507	18.5	11.0	0.4578	854	356
nte_06144.jpg	0.002567	0.5023	0.5088	55.7	14.0	0.2676	854	356
nte_06145.jpg	0.074888	0.5012	0.7084	166.5	136.8	0.8911	854	356
nte_06145.jpg	0.005862	0.3236	0.4742	52.4	34.0	0.8066	854	356
nte_06145.jpg	0.000747	0.3814	0.4517	17.0	13.3	0.5312	854	356
nte_06145.jpg	0.001250	0.4328	0.4742	20.3	18.7	0.4128	854	356
nte_06145.jpg	0.000647	0.3977	0.4517	16.8	11.7	0.3811	854	356
nte_06145.jpg	0.000487	0.4461	0.4489	12.7	11.7	0.2703	854	356
nte_06146.jpg	0.076288	0.5012	0.7131	167.1	138.8	0.8931	854	356
nte_06146.jpg	0.027080	0.1901	0.5116	132.7	62.0	0.8618	854	356
nte_06146.jpg	0.001038	0.3547	0.4563	22.5	14.0	0.5415	854	356
nte_06146.jpg	0.002183	0.4477	0.5491	29.7	22.4	0.4478	854	356
nte_06146.jpg	0.000685	0.3828	0.4535	17.3	12.0	0.4294	854	356
nte_06147.jpg	0.076192	0.5008	0.7103	168.1	137.8	0.8882	854	356
nte_06147.jpg	0.001542	0.3125	0.4601	26.5	17.7	0.3730	854	356
nte_06147.jpg	0.000385	0.4273	0.4526	13.0	9.0	0.3210	854	356
nte_06148.jpg	0.078037	0.5008	0.7140	168.1	141.1	0.8794	854	356
nte_06148.jpg	0.001903	0.4449	0.5510	26.7	21.7	0.5850	854	356
nte_06148.jpg	0.000721	0.3850	0.4863	16.8	13.0	0.3882	854	356
nte_06148.jpg	0.002728	0.4992	0.5060	54.0	15.3	0.2720	854	356
nte_06149.jpg	0.078561	0.5004	0.7056	168.5	141.8	0.8843	854	356
nte_06149.jpg	0.014174	0.0825	0.4957	85.0	50.7	0.2756	854	356
nte_06150.jpg	0.075419	0.5008	0.7112	168.5	136.1	0.8779	854	356
nte_06151.jpg	0.077050	0.5008	0.7131	168.8	138.8	0.8799	854	356
nte_06152.jpg	0.077388	0.5008	0.7131	169.1	139.1	0.8711	854	356
nte_06152.jpg	0.003413	0.2785	0.5070	43.2	24.0	0.4167	854	356
nte_06152.jpg	0.001326	0.3752	0.4695	26.9	15.0	0.3779	854	356
nte_06152.jpg	0.006559	0.5770	0.5969	46.7	42.7	0.3311	854	356
nte_06153.jpg	0.077605	0.5008	0.7140	168.8	139.8	0.8921	854	356
nte_06153.jpg	0.005492	0.3311	0.4798	56.9	29.4	0.7886	854	356
nte_06153.jpg	0.000381	0.4223	0.4357	13.3	8.7	0.4136	854	356
nte_06153.jpg	0.008576	0.4234	0.6016	47.4	55.0	0.3477	854	356
nte_06154.jpg	0.077320	0.5012	0.7122	169.8	138.4	0.8813	854	356
nte_06154.jpg	0.000574	0.4145	0.4357	16.3	10.7	0.5161	854	356
nte_06155.jpg	0.078316	0.5012	0.7131	169.1	140.8	0.8848	854	356
nte_06155.jpg	0.000653	0.3996	0.4395	17.5	11.3	0.3940	854	356
nte_06155.jpg	0.007906	0.4281	0.5941	48.0	50.0	0.3430	854	356
nte_06156.jpg	0.080804	0.5012	0.7150	170.5	144.1	0.8662	854	356
nte_06156.jpg	0.000560	0.3836	0.4470	17.0	10.0	0.5601	854	356
nte_06156.jpg	0.006330	0.4219	0.6016	43.7	44.0	0.4749	854	356
nte_06157.jpg	0.078470	0.5008	0.7112	169.5	140.8	0.8794	854	356
nte_06157.jpg	0.001501	0.3604	0.4460	27.4	16.7	0.6914	854	356
nte_06157.jpg	0.007097	0.4227	0.6035	45.9	47.0	0.6724	854	356
nte_06158.jpg	0.078098	0.5008	0.7084	169.5	140.1	0.8901	854	356
nte_06158.jpg	0.002565	0.3209	0.4517	36.5	21.4	0.7646	854	356
nte_06158.jpg	0.006372	0.4223	0.6016	45.4	42.7	0.6226	854	356
nte_06158.jpg	0.005346	0.5781	0.6082	42.4	38.4	0.4766	854	356
nte_06158.jpg	0.000568	0.3900	0.4498	17.8	9.7	0.3745	854	356
nte_06159.jpg	0.076460	0.5008	0.7140	169.1	137.4	0.8823	854	356
nte_06159.jpg	0.007585	0.2545	0.4554	65.2	35.4	0.8237	854	356
nte_06159.jpg	0.001006	0.3646	0.4526	23.5	13.0	0.4343	854	356
nte_06159.jpg	0.005610	0.5781	0.6053	43.7	39.0	0.4045	854	356
nte_06160.jpg	0.077017	0.5008	0.7140	169.1	138.4	0.8818	854	356
nte_06160.jpg	0.026159	0.1063	0.4751	133.2	59.7	0.8423	854	356
nte_06160.jpg	0.000982	0.3213	0.4676	24.2	12.3	0.5410	854	356
nte_06160.jpg	0.005625	0.4215	0.6072	42.4	40.4	0.3528	854	356
nte_06161.jpg	0.079152	0.5008	0.7178	170.1	141.4	0.8823	854	356
nte_06161.jpg	0.002507	0.2340	0.4816	35.7	21.4	0.4294	854	356
nte_06162.jpg	0.076425	0.5004	0.7112	169.5	137.1	0.8857	854	356
nte_06162.jpg	0.003684	0.4906	0.5032	55.0	20.3	0.2581	854	356
nte_06163.jpg	0.080430	0.5016	0.7065	170.5	143.4	0.8711	854	356
nte_06164.jpg	0.077944	0.5008	0.7094	169.1	140.1	0.8926	854	356
nte_06164.jpg	0.004835	0.4184	0.6072	39.7	37.0	0.2637	854	356
nte_06165.jpg	0.080887	0.5008	0.7028	169.5	145.1	0.8755	854	356
nte_06166.jpg	0.081206	0.5012	0.7065	170.1	145.1	0.8789	854	356
nte_06167.jpg	0.077168	0.5008	0.7112	169.5	138.4	0.8882	854	356
nte_06168.jpg	0.081019	0.5012	0.7028	170.1	144.8	0.8833	854	356
nte_06168.jpg	0.000761	0.3688	0.4479	21.0	11.0	0.2756	854	356
nte_06169.jpg	0.081206	0.5008	0.7028	170.1	145.1	0.8696	854	356
nte_06169.jpg	0.001296	0.3324	0.4563	29.5	13.3	0.4563	854	356
nte_06170.jpg	0.084853	0.5020	0.6962	171.5	150.5	0.8633	854	356
nte_06170.jpg	0.006128	0.4219	0.5997	45.0	41.4	0.3140	854	356
nte_06171.jpg	0.081893	0.4996	0.7112	172.0	144.8	0.8623	854	356
nte_06172.jpg	0.082351	0.5012	0.7000	169.8	147.4	0.8604	854	356
nte_06173.jpg	0.082213	0.5012	0.7056	169.1	147.8	0.8823	854	356
nte_06174.jpg	0.081120	0.5023	0.7009	171.1	144.1	0.8574	854	356
nte_06174.jpg	0.004336	0.4188	0.6185	38.4	34.4	0.3691	854	356
nte_06175.jpg	0.086263	0.5012	0.7037	169.8	154.5	0.9033	854	356
nte_06176.jpg	0.083797	0.5016	0.7000	170.5	149.4	0.8726	854	356
nte_06177.jpg	0.082561	0.5008	0.6990	169.5	148.1	0.8999	854	356
nte_06178.jpg	0.080400	0.5004	0.7075	170.8	143.1	0.8857	854	356
nte_06179.jpg	0.083429	0.4996	0.7028	171.6	147.8	0.8789	854	356
nte_06180.jpg	0.083073	0.5008	0.6981	170.1	148.4	0.8892	854	356
nte_06180.jpg	0.001157	0.4973	0.4788	26.4	13.3	0.2732	854	356
nte_06181.jpg	0.081365	0.5000	0.7056	170.5	145.1	0.8940	854	356
nte_06182.jpg	0.081552	0.5012	0.6953	170.5	145.4	0.8916	854	356
nte_06182.jpg	0.001171	0.4953	0.4760	26.7	13.3	0.2815	854	356
nte_06183.jpg	0.082933	0.5008	0.7009	169.5	148.8	0.8921	854	356
nte_06184.jpg	0.080860	0.5008	0.7037	169.8	144.8	0.8857	854	356
nte_06184.jpg	0.001688	0.4988	0.4845	29.0	17.7	0.3525	854	356
nte_06185.jpg	0.081899	0.5008	0.7075	170.8	145.8	0.8657	854	356
nte_06185.jpg	0.001493	0.5008	0.4938	28.4	16.0	0.2583	854	356
nte_06186.jpg	0.080516	0.5000	0.7075	169.5	144.4	0.8745	854	356
nte_06187.jpg	0.078842	0.5008	0.7047	169.5	141.4	0.8867	854	356
nte_06188.jpg	0.078284	0.5004	0.7140	169.5	140.4	0.8843	854	356
nte_06188.jpg	0.001083	0.4652	0.5088	24.7	13.3	0.3945	854	356
nte_06188.jpg	0.009505	0.4266	0.6025	51.9	55.7	0.3655	854	356
nte_06189.jpg	0.077050	0.5004	0.7094	168.8	138.8	0.8906	854	356
nte_06189.jpg	0.002813	0.4957	0.4985	42.0	20.3	0.3662	854	356
nte_06190.jpg	0.076645	0.5008	0.7112	169.1	137.8	0.8818	854	356
nte_06190.jpg	0.001944	0.4965	0.5041	37.7	15.7	0.4070	854	356
nte_06190.jpg	0.001051	0.4566	0.5144	23.4	13.7	0.3989	854	356
nte_06190.jpg	0.000408	0.4207	0.4236	12.0	10.3	0.2690	854	356
nte_06191.jpg	0.078811	0.5012	0.7075	169.8	141.1	0.8892	854	356
nte_06191.jpg	0.001713	0.4949	0.4854	34.7	15.0	0.3210	854	356
nte_06192.jpg	0.084959	0.5012	0.7122	169.8	152.1	0.8945	854	356
nte_06193.jpg	0.081766	0.5008	0.7094	170.1	146.1	0.8774	854	356
nte_06193.jpg	0.003123	0.4523	0.5369	36.0	26.4	0.4458	854	356
nte_06193.jpg	0.001701	0.4914	0.4816	33.7	15.3	0.3123	854	356
nte_06194.jpg	0.078438	0.5008	0.7084	169.8	140.4	0.8813	854	356
nte_06194.jpg	0.000334	0.4027	0.4273	12.7	8.0	0.3120	854	356
nte_06194.jpg	0.000281	0.4168	0.4029	10.7	8.0	0.2649	854	356
nte_06195.jpg	0.080430	0.5012	0.7084	170.5	143.4	0.8774	854	356
nte_06196.jpg	0.079772	0.5000	0.7075	169.5	143.1	0.8843	854	356
nte_06196.jpg	0.000606	0.4531	0.4517	15.3	12.0	0.2832	854	356
nte_06197.jpg	0.081206	0.5004	0.7065	170.1	145.1	0.8823	854	356
nte_06198.jpg	0.078547	0.4973	0.7094	169.6	140.8	0.8740	854	356
nte_06198.jpg	0.015807	0.5652	0.5650	66.4	72.4	0.2703	854	356
nte_06199.jpg	0.078252	0.4996	0.7075	169.8	140.1	0.8867	854	356
nte_06200.jpg	0.078746	0.5004	0.7131	170.5	140.4	0.8945	854	356
nte_06201.jpg	0.076611	0.5004	0.7131	169.5	137.4	0.8877	854	356
nte_06201.jpg	0.001413	0.3881	0.4517	23.9	18.0	0.6367	854	356
nte_06201.jpg	0.000846	0.3738	0.4657	17.5	14.7	0.3037	854	356
nte_06201.jpg	0.002562	0.4730	0.5116	41.7	18.7	0.2559	854	356
nte_06202.jpg	0.076460	0.5004	0.7131	169.1	137.4	0.8882	854	356
nte_06203.jpg	0.076713	0.5004	0.7131	168.5	138.4	0.8979	854	356
nte_06204.jpg	0.079526	0.5004	0.7140	170.1	142.1	0.8965	854	356
nte_06204.jpg	0.000679	0.3668	0.4132	19.3	10.7	0.3101	854	356
nte_06205.jpg	0.077354	0.5004	0.7112	169.5	138.8	0.8823	854	356
nte_06205.jpg	0.000628	0.3648	0.4142	16.3	11.7	0.3511	854	356
nte_06206.jpg	0.077976	0.5000	0.7178	168.8	140.4	0.8936	854	356
nte_06206.jpg	0.005628	0.4203	0.6063	41.0	41.7	0.2964	854	356
nte_06207.jpg	0.078592	0.5004	0.7122	170.1	140.4	0.8960	854	356
nte_06208.jpg	0.079585	0.5090	0.7187	171.5	141.1	0.8887	854	356
nte_06208.jpg	0.003694	0.4258	0.6072	29.0	38.7	0.4810	854	356
nte_06209.jpg	0.092538	0.5188	0.7393	176.8	159.1	0.8716	854	356
nte_06209.jpg	0.000488	0.3387	0.4170	15.3	9.7	0.4360	854	356
nte_06210.jpg	0.084781	0.5113	0.7300	172.5	149.5	0.8672	854	356
nte_06210.jpg	0.000405	0.3434	0.4189	13.2	9.3	0.3689	854	356
nte_06211.jpg	0.085815	0.5066	0.7281	171.1	152.5	0.8823	854	356
nte_06211.jpg	0.000421	0.3313	0.4264	15.3	8.3	0.5308	854	356
nte_06211.jpg	0.002708	0.4668	0.5266	45.7	18.0	0.3787	854	356
nte_06212.jpg	0.087366	0.5164	0.7328	173.5	153.1	0.8853	854	356
nte_06212.jpg	0.000559	0.3123	0.4376	18.2	9.3	0.4045	854	356
nte_06213.jpg	0.087241	0.5160	0.7337	172.5	153.8	0.8521	854	356
nte_06213.jpg	0.000849	0.2879	0.4535	24.2	10.7	0.4302	854	356
nte_06214.jpg	0.085293	0.5117	0.7290	170.5	152.1	0.8896	854	356
nte_06215.jpg	0.079650	0.5125	0.7187	170.8	141.8	0.8779	854	356
nte_06216.jpg	0.076912	0.5172	0.7094	171.8	136.1	0.8716	854	356
nte_06217.jpg	0.079067	0.5172	0.7122	172.8	139.1	0.8848	854	356
nte_06218.jpg	0.080704	0.5172	0.7187	173.5	141.4	0.8721	854	356
nte_06219.jpg	0.070329	0.5199	0.7037	170.5	125.4	0.7661	854	356
nte_06220.jpg	0.074948	0.5180	0.7028	173.8	131.1	0.8853	854	356
nte_06221.jpg	0.077015	0.5180	0.7047	175.5	133.4	0.8940	854	356
nte_06221.jpg	0.002113	0.4367	0.5800	24.7	26.0	0.5127	854	356
nte_06221.jpg	0.000574	0.3455	0.5491	15.8	11.0	0.3591	854	356
nte_06222.jpg	0.075763	0.5176	0.7056	174.8	131.8	0.8945	854	356
nte_06222.jpg	0.000381	0.1554	0.4807	13.3	8.7	0.4897	854	356
nte_06222.jpg	0.001023	0.3080	0.3664	35.9	8.7	0.3743	854	356
nte_06222.jpg	0.001546	0.4359	0.5847	21.4	22.0	0.2964	854	356
nte_06223.jpg	0.076873	0.5191	0.7028	176.5	132.4	0.8423	854	356
nte_06223.jpg	0.000519	0.1928	0.4751	15.8	10.0	0.6147	854	356
nte_06223.jpg	0.000851	0.3531	0.3655	31.0	8.3	0.2908	854	356
nte_06224.jpg	0.075907	0.5184	0.7019	175.1	131.8	0.8706	854	356
nte_06224.jpg	0.000478	0.2188	0.4732	15.0	9.7	0.4141	854	356
nte_06224.jpg	0.000857	0.3842	0.3645	32.5	8.0	0.2837	854	356
nte_06225.jpg	0.071862	0.5176	0.6934	172.8	126.4	0.8970	854	356
nte_06225.jpg	0.000261	0.2678	0.4638	11.3	7.0	0.3081	854	356
nte_06225.jpg	0.000460	0.2484	0.4704	13.5	10.3	0.2871	854	356
nte_06226.jpg	0.073803	0.5184	0.6981	173.8	129.1	0.8760	854	356
nte_06226.jpg	0.001410	0.4578	0.3683	35.7	12.0	0.2778	854	356
nte_06227.jpg	0.072669	0.5188	0.6962	172.5	128.1	0.8784	854	356
nte_06227.jpg	0.000602	0.3027	0.4695	15.7	11.7	0.5776	854	356
nte_06227.jpg	0.000269	0.3400	0.4610	10.7	7.7	0.5132	854	356
nte_06228.jpg	0.073563	0.5188	0.6953	174.1	128.4	0.8867	854	356
nte_06228.jpg	0.000560	0.3277	0.4676	15.0	11.3	0.6406	854	356
nte_06228.jpg	0.000328	0.3711	0.4592	11.5	8.7	0.5405	854	356
nte_06228.jpg	0.000293	0.3598	0.4601	10.7	8.3	0.2556	854	356
nte_06229.jpg	0.069458	0.5098	0.6981	167.5	126.1	0.8896	854	356
nte_06229.jpg	0.000835	0.3445	0.4695	20.0	12.7	0.5830	854	356
nte_06229.jpg	0.000286	0.3652	0.4648	11.3	7.7	0.4939	854	356
nte_06229.jpg	0.000329	0.3982	0.4601	12.5	8.0	0.4885	854	356
nte_06229.jpg	0.000220	0.4418	0.4620	10.0	6.7	0.2832	854	356
nte_06229.jpg	0.000190	0.3832	0.4629	8.7	6.7	0.2649	854	356
nte_06230.jpg	0.066274	0.5066	0.6916	164.1	122.8	0.8848	854	356
nte_06230.jpg	0.001013	0.3357	0.4695	22.5	13.7	0.7163	854	356
nte_06230.jpg	0.000348	0.3711	0.4648	12.7	8.3	0.6577	854	356
nte_06230.jpg	0.000290	0.4094	0.4592	11.0	8.0	0.5947	854	356
nte_06230.jpg	0.000369	0.4520	0.4573	12.0	9.3	0.3105	854	356
nte_06230.jpg	0.000238	0.3928	0.4629	9.8	7.3	0.2578	854	356
nte_06231.jpg	0.068032	0.5027	0.6916	164.5	125.8	0.8862	854	356
nte_06231.jpg	0.001611	0.3088	0.4723	29.4	16.7	0.6255	854	356
nte_06231.jpg	0.000382	0.3707	0.4648	14.5	8.0	0.4246	854	356
nte_06231.jpg	0.000403	0.4117	0.4582	12.7	9.7	0.3799	854	356
nte_06231.jpg	0.000250	0.3943	0.4638	10.3	7.3	0.2673	854	356
nte_06232.jpg	0.070236	0.5012	0.6953	164.1	130.1	0.8853	854	356
nte_06232.jpg	0.000343	0.4086	0.4601	12.0	8.7	0.6040	854	356
nte_06232.jpg	0.000533	0.3586	0.4657	15.2	10.7	0.5815	854	356
nte_06232.jpg	0.003349	0.2641	0.4760	50.0	20.3	0.3811	854	356
nte_06232.jpg	0.000281	0.4586	0.4629	10.7	8.0	0.3289	854	356
nte_06232.jpg	0.000275	0.3705	0.4638	10.0	8.3	0.3000	854	356
nte_06233.jpg	0.068414	0.5008	0.6962	162.8	127.8	0.8926	854	356
nte_06233.jpg	0.000653	0.3410	0.4695	17.0	11.7	0.5610	854	356
nte_06233.jpg	0.000347	0.4031	0.4610	12.2	8.7	0.5464	854	356
nte_06233.jpg	0.000381	0.4555	0.4638	13.3	8.7	0.4807	854	356
nte_06233.jpg	0.000371	0.3586	0.4638	12.5	9.0	0.3979	854	356
nte_06233.jpg	0.004797	0.4266	0.5838	42.0	34.7	0.3250	854	356
nte_06233.jpg	0.000525	0.4219	0.4798	13.7	11.7	0.3093	854	356
nte_06234.jpg	0.071026	0.5035	0.7056	163.5	132.1	0.8628	854	356
nte_06234.jpg	0.000937	0.3150	0.4704	21.3	13.3	0.6250	854	356
nte_06234.jpg	0.000338	0.3936	0.4620	11.8	8.7	0.4937	854	356
nte_06234.jpg	0.000435	0.3404	0.4667	13.7	9.7	0.4165	854	356
nte_06234.jpg	0.000460	0.4137	0.4742	12.3	11.3	0.3660	854	356
nte_06234.jpg	0.000400	0.4547	0.4638	13.0	9.3	0.3652	854	356
nte_06235.jpg	0.069449	0.5023	0.6972	163.1	129.4	0.8945	854	356
nte_06235.jpg	0.000374	0.3469	0.4629	12.2	9.3	0.5737	854	356
nte_06235.jpg	0.000254	0.3910	0.4610	10.5	7.3	0.5273	854	356
nte_06235.jpg	0.001722	0.2836	0.4723	32.7	16.0	0.4729	854	356
nte_06235.jpg	0.000659	0.4070	0.4732	16.7	12.0	0.4126	854	356
nte_06235.jpg	0.000539	0.3246	0.4685	15.8	10.3	0.3916	854	356
nte_06235.jpg	0.000295	0.3863	0.4620	11.7	7.7	0.3083	854	356
nte_06236.jpg	0.068515	0.5008	0.6953	163.5	127.4	0.8921	854	356
nte_06236.jpg	0.003857	0.2123	0.4816	52.5	22.4	0.7153	854	356
nte_06236.jpg	0.000906	0.3020	0.4704	21.2	13.0	0.4856	854	356
nte_06236.jpg	0.000357	0.3777	0.4620	13.0	8.3	0.4221	854	356
nte_06236.jpg	0.000522	0.3283	0.4667	15.8	10.0	0.4075	854	356
nte_06236.jpg	0.000338	0.3381	0.4667	11.8	8.7	0.3831	854	356
nte_06236.jpg	0.000477	0.3141	0.4723	14.0	10.3	0.3333	854	356
nte_06237.jpg	0.070586	0.5039	0.6962	165.8	129.4	0.8882	854	356
nte_06237.jpg	0.000662	0.3102	0.4695	18.8	10.7	0.5171	854	356
nte_06237.jpg	0.000985	0.2689	0.4760	23.0	13.0	0.5029	854	356
nte_06237.jpg	0.001257	0.2105	0.4713	27.9	13.7	0.3662	854	356
nte_06237.jpg	0.000849	0.3621	0.4629	19.8	13.0	0.3215	854	356
nte_06237.jpg	0.010146	0.0942	0.4966	95.3	32.4	0.2583	854	356
nte_06237.jpg	0.000352	0.4062	0.4601	12.8	8.3	0.2581	854	356
nte_06238.jpg	0.069665	0.5039	0.6981	162.8	130.1	0.8848	854	356
nte_06238.jpg	0.001231	0.2277	0.4863	29.5	12.7	0.4338	854	356
nte_06238.jpg	0.000955	0.2957	0.4713	23.5	12.3	0.4255	854	356
nte_06238.jpg	0.000246	0.4098	0.4592	10.7	7.0	0.3499	854	356
nte_06238.jpg	0.000791	0.4555	0.4788	15.7	15.3	0.3091	854	356
nte_06238.jpg	0.000450	0.3094	0.4704	13.7	10.0	0.3083	854	356
nte_06238.jpg	0.000926	0.2113	0.4751	19.2	14.7	0.2537	854	356
nte_06239.jpg	0.066558	0.5016	0.6953	158.8	127.4	0.8784	854	356
nte_06239.jpg	0.001298	0.2648	0.4732	28.9	13.7	0.5103	854	356
nte_06239.jpg	0.000303	0.4094	0.4592	12.0	7.7	0.3501	854	356
nte_06239.jpg	0.002769	0.1414	0.4929	41.4	20.3	0.3071	854	356
nte_06239.jpg	0.000728	0.3387	0.4845	16.2	13.7	0.2661	854	356
nte_06240.jpg	0.068823	0.4996	0.6812	158.8	131.8	0.8540	854	356
nte_06240.jpg	0.000395	0.4039	0.4573	13.3	9.0	0.2988	854	356
nte_06241.jpg	0.067639	0.5000	0.6794	156.5	131.4	0.8408	854	356
nte_06241.jpg	0.024108	0.1105	0.4835	139.9	52.4	0.3228	854	356
nte_06242.jpg	0.066548	0.5012	0.6841	157.1	128.8	0.8574	854	356
nte_06243.jpg	0.067573	0.5008	0.6944	160.8	127.8	0.8525	854	356
nte_06244.jpg	0.064271	0.4969	0.6869	157.5	124.1	0.8789	854	356
nte_06244.jpg	0.000931	0.3359	0.4629	18.8	15.0	0.2554	854	356
nte_06245.jpg	0.062634	0.4965	0.6850	158.1	120.4	0.8843	854	356
nte_06245.jpg	0.000931	0.2969	0.4582	18.8	15.0	0.3054	854	356
nte_06246.jpg	0.064354	0.4938	0.6859	161.1	121.4	0.8472	854	356
nte_06246.jpg	0.001736	0.2299	0.4489	29.9	17.7	0.4382	854	356
nte_06247.jpg	0.062329	0.4965	0.6859	157.8	120.1	0.8779	854	356
nte_06248.jpg	0.060686	0.4965	0.6831	157.1	117.4	0.8911	854	356
nte_06249.jpg	0.062682	0.4961	0.6869	159.1	119.8	0.8892	854	356
nte_06250.jpg	0.063007	0.4898	0.6887	158.6	120.8	0.8857	854	356
nte_06251.jpg	0.062145	0.4957	0.6869	156.5	120.8	0.8687	854	356
nte_06252.jpg	0.068385	0.4926	0.6944	161.5	128.8	0.8892	854	356
nte_06253.jpg	0.062202	0.4930	0.6841	158.8	119.1	0.8989	854	356
nte_06253.jpg	0.012049	0.5449	0.5585	70.4	52.0	0.3267	854	356
nte_06254.jpg	0.064464	0.4875	0.6906	161.0	121.8	0.8774	854	356
nte_06255.jpg	0.063944	0.4922	0.6916	158.8	122.4	0.8853	854	356
nte_06256.jpg	0.068126	0.4961	0.7028	158.8	130.4	0.8813	854	356
nte_06257.jpg	0.066308	0.4902	0.6953	160.3	125.8	0.8887	854	356
nte_06258.jpg	0.069665	0.4863	0.7019	162.8	130.1	0.8774	854	356
nte_06258.jpg	0.001911	0.4297	0.4948	29.0	20.0	0.3889	854	356
nte_06259.jpg	0.070575	0.4863	0.7009	166.6	128.8	0.8765	854	356
nte_06259.jpg	0.004462	0.3936	0.4957	39.9	34.0	0.2773	854	356
nte_06260.jpg	0.077344	0.4863	0.7159	168.6	139.4	0.8628	854	356
nte_06261.jpg	0.074901	0.4867	0.6944	169.0	134.8	0.8779	854	356
nte_06262.jpg	0.074898	0.4895	0.6990	169.8	134.1	0.8384	854	356
nte_06263.jpg	0.063427	0.4961	0.6869	160.1	120.4	0.8896	854	356
nte_06263.jpg	0.001793	0.5758	0.5744	23.0	23.7	0.2849	854	356
nte_06264.jpg	0.060237	0.4988	0.6803	159.1	115.1	0.8770	854	356
nte_06265.jpg	0.061782	0.4910	0.6812	160.0	117.4	0.8765	854	356
nte_06266.jpg	0.061437	0.4887	0.6822	162.3	115.1	0.8594	854	356
nte_06266.jpg	0.001619	0.5586	0.5594	26.4	18.7	0.5728	854	356
nte_06267.jpg	0.059365	0.4871	0.6803	163.0	110.8	0.8257	854	356
nte_06268.jpg	0.063722	0.4875	0.6916	163.1	118.8	0.8579	854	356
nte_06269.jpg	0.060031	0.4871	0.6747	164.3	111.1	0.8755	854	356
nte_06270.jpg	0.065351	0.4941	0.6841	167.3	118.8	0.8481	854	356
nte_06271.jpg	0.062217	0.5051	0.6737	165.8	114.1	0.8862	854	356
nte_06272.jpg	0.063027	0.5031	0.6756	167.5	114.4	0.8809	854	356
nte_06272.jpg	0.000465	0.4023	0.4648	13.7	10.3	0.4341	854	356
nte_06273.jpg	0.061671	0.5012	0.6756	165.8	113.1	0.8848	854	356
nte_06274.jpg	0.062160	0.5008	0.6756	166.1	113.8	0.8818	854	356
nte_06274.jpg	0.000410	0.3873	0.4732	13.3	9.3	0.2644	854	356
nte_06275.jpg	0.062044	0.5004	0.6737	166.8	113.1	0.8848	854	356
nte_06275.jpg	0.000512	0.3730	0.4854	13.3	11.7	0.3213	854	356
nte_06276.jpg	0.064441	0.5000	0.6756	167.8	116.8	0.8677	854	356
nte_06276.jpg	0.000467	0.3738	0.4432	12.5	11.3	0.2842	854	356
nte_06276.jpg	0.000502	0.3562	0.4563	16.3	9.3	0.2837	854	356
nte_06276.jpg	0.001285	0.3584	0.4835	22.5	17.3	0.2654	854	356
nte_06277.jpg	0.064513	0.5035	0.6784	168.5	116.4	0.8398	854	356
nte_06277.jpg	0.001049	0.3396	0.4573	20.3	15.7	0.6509	854	356
nte_06278.jpg	0.065840	0.5211	0.6831	170.5	117.4	0.8745	854	356
nte_06278.jpg	0.001490	0.3322	0.4554	24.7	18.3	0.6685	854	356
nte_06278.jpg	0.000600	0.3549	0.4535	13.7	13.3	0.3064	854	356
nte_06278.jpg	0.000485	0.4289	0.4489	13.0	11.3	0.2769	854	356
nte_06279.jpg	0.071652	0.5312	0.6925	174.1	125.1	0.8540	854	356
nte_06279.jpg	0.001677	0.3365	0.4451	26.4	19.3	0.6455	854	356
nte_06279.jpg	0.000409	0.3906	0.4264	12.8	9.7	0.4011	854	356
nte_06279.jpg	0.000905	0.3672	0.4507	19.2	14.3	0.3430	854	356
nte_06279.jpg	0.000371	0.4727	0.4554	13.0	8.7	0.3313	854	356
nte_06279.jpg	0.000678	0.3775	0.4507	15.8	13.0	0.2563	854	356
nte_06280.jpg	0.068564	0.5480	0.6831	169.8	122.8	0.8086	854	356
nte_06280.jpg	0.003978	0.3486	0.4367	41.2	29.4	0.7607	854	356
nte_06280.jpg	0.000311	0.4797	0.4039	11.3	8.3	0.3909	854	356
nte_06280.jpg	0.000751	0.4027	0.4310	19.0	12.0	0.3269	854	356
nte_06280.jpg	0.000447	0.4930	0.4292	12.3	11.0	0.2761	854	356
nte_06281.jpg	0.086362	0.5527	0.6606	178.5	147.1	0.8843	854	356
nte_06281.jpg	0.006424	0.3477	0.4329	54.2	36.0	0.8232	854	356
nte_06281.jpg	0.000789	0.5395	0.4292	16.3	14.7	0.3635	854	356
nte_06282.jpg	0.013744	0.3178	0.4414	84.1	49.7	0.8613	854	356
nte_06282.jpg	0.106055	0.5609	0.6925	189.1	170.5	0.6855	854	356
nte_06282.jpg	0.000640	0.5059	0.4245	17.7	11.0	0.3262	854	356
nte_06283.jpg	0.051312	0.1611	0.4816	175.8	88.7	0.8350	854	356
nte_06283.jpg	0.097309	0.5629	0.7037	182.5	162.1	0.8330	854	356
nte_06283.jpg	0.002996	0.4785	0.4498	44.0	20.7	0.5825	854	356
nte_06283.jpg	0.001775	0.5547	0.4264	32.4	16.7	0.4973	854	356
nte_06283.jpg	0.000653	0.6410	0.4198	17.0	11.7	0.4336	854	356
nte_06284.jpg	0.100005	0.5559	0.7075	187.1	162.5	0.8169	854	356
nte_06284.jpg	0.006959	0.4547	0.4629	65.4	32.4	0.7910	854	356
nte_06284.jpg	0.001301	0.6812	0.4170	26.4	15.0	0.4036	854	356
nte_06284.jpg	0.002234	0.5680	0.4367	37.7	18.0	0.3938	854	356
nte_06285.jpg	0.082755	0.5102	0.7169	175.8	143.1	0.9023	854	356
nte_06285.jpg	0.026336	0.3396	0.5182	137.9	58.0	0.8677	854	356
nte_06285.jpg	0.004228	0.5477	0.4451	51.4	25.0	0.7383	854	356
nte_06285.jpg	0.001878	0.6855	0.4198	31.7	18.0	0.7349	854	356
nte_06286.jpg	0.052967	0.0929	0.6381	158.8	101.4	0.8799	854	356
nte_06286.jpg	0.085351	0.4684	0.7112	185.6	139.8	0.8638	854	356
nte_06286.jpg	0.008029	0.4805	0.4695	68.4	35.7	0.8213	854	356
nte_06286.jpg	0.001832	0.6422	0.4236	30.4	18.3	0.6191	854	356
nte_06287.jpg	0.093043	0.4543	0.7047	204.3	138.4	0.8809	854	356
nte_06287.jpg	0.019825	0.3766	0.5088	112.9	53.4	0.8091	854	356
nte_06287.jpg	0.002218	0.5707	0.4301	33.7	20.0	0.7690	854	356
nte_06287.jpg	0.002093	0.8430	0.2849	28.7	22.2	0.4370	854	356
nte_06288.jpg	0.153867	0.1518	0.7431	259.2	180.5	0.9297	854	356
nte_06288.jpg	0.096030	0.4387	0.7028	221.0	132.1	0.7207	854	356
nte_06288.jpg	0.003250	0.4832	0.4395	40.0	24.7	0.7202	854	356
nte_06288.jpg	0.035714	0.3842	0.5725	147.9	73.4	0.5288	854	356
nte_06289.jpg	0.005305	0.4012	0.4554	47.9	33.7	0.7876	854	356
nte_06289.jpg	0.095683	0.4293	0.6897	202.3	143.8	0.5918	854	356
nte_06290.jpg	0.010261	0.3582	0.4863	64.1	48.7	0.8252	854	356
nte_06290.jpg	0.076951	0.4320	0.7019	171.5	136.4	0.7896	854	356
nte_06291.jpg	0.066344	0.4793	0.7000	157.5	128.1	0.8853	854	356
nte_06291.jpg	0.034159	0.3539	0.5707	106.2	97.7	0.8491	854	356
nte_06292.jpg	0.066638	0.5152	0.7028	156.1	129.8	0.8516	854	356
nte_06293.jpg	0.062700	0.4980	0.6916	152.8	124.8	0.8809	854	356
nte_06294.jpg	0.069553	0.4859	0.6934	157.3	134.4	0.8613	854	356
nte_06295.jpg	0.060193	0.4836	0.6897	156.3	117.1	0.8735	854	356
nte_06295.jpg	0.005406	0.4141	0.3102	69.4	23.7	0.3389	854	356
nte_06296.jpg	0.060578	0.4844	0.6934	156.0	118.1	0.8813	854	356
nte_06297.jpg	0.063454	0.4922	0.6972	155.5	124.1	0.8848	854	356
nte_06298.jpg	0.062725	0.4863	0.6869	158.8	120.1	0.8369	854	356
nte_06299.jpg	0.063380	0.4855	0.6850	159.1	121.1	0.8887	854	356
nte_06300.jpg	0.067920	0.4801	0.6841	167.3	123.4	0.8276	854	356
nte_06301.jpg	0.065347	0.4879	0.6916	161.0	123.4	0.8643	854	356
nte_06302.jpg	0.072524	0.4973	0.7112	158.1	139.4	0.8555	854	356
nte_06303.jpg	0.066524	0.4992	0.6972	155.5	130.1	0.8755	854	356
nte_06303.jpg	0.005346	0.5680	0.5866	38.4	42.4	0.5010	854	356
nte_06304.jpg	0.066203	0.4938	0.6916	157.1	128.1	0.8501	854	356
nte_06304.jpg	0.000527	0.5578	0.4236	16.0	10.0	0.3560	854	356
nte_06305.jpg	0.080619	0.4852	0.7150	161.1	152.1	0.7573	854	356
nte_06305.jpg	0.000616	0.5402	0.4264	19.3	9.7	0.2832	854	356
nte_06306.jpg	0.066799	0.4898	0.6944	158.1	128.4	0.8584	854	356
nte_06307.jpg	0.068034	0.4961	0.6953	155.8	132.8	0.8179	854	356
nte_06308.jpg	0.071982	0.4988	0.7140	155.5	140.8	0.8613	854	356
nte_06309.jpg	0.072463	0.5008	0.7178	156.1	141.1	0.8711	854	356
nte_06309.jpg	0.000999	0.3600	0.4226	21.7	14.0	0.3489	854	356
nte_06310.jpg	0.073836	0.5117	0.7178	159.5	140.8	0.8726	854	356
nte_06311.jpg	0.074378	0.5168	0.7112	164.1	137.8	0.8784	854	356
nte_06312.jpg	0.077439	0.5156	0.7150	164.1	143.4	0.8789	854	356
nte_06313.jpg	0.079053	0.5078	0.7225	160.5	149.8	0.8604	854	356
nte_06314.jpg	0.074224	0.5063	0.7215	158.8	142.1	0.8667	854	356
nte_06315.jpg	0.072110	0.5090	0.7140	159.1	137.8	0.8843	854	356
nte_06316.jpg	0.076383	0.5168	0.7187	163.8	141.8	0.8843	854	356
nte_06317.jpg	0.077572	0.5188	0.7159	167.1	141.1	0.8804	854	356
nte_06318.jpg	0.082649	0.5188	0.7197	168.1	149.5	0.8765	854	356
nte_06319.jpg	0.084919	0.5191	0.7253	170.5	151.5	0.8970	854	356
nte_06320.jpg	0.082135	0.5082	0.7253	163.8	152.5	0.8823	854	356
nte_06321.jpg	0.077453	0.5039	0.7178	160.8	146.4	0.8262	854	356
nte_06322.jpg	0.078198	0.5023	0.7272	159.8	148.8	0.8579	854	356
nte_06322.jpg	0.000738	0.4555	0.4264	18.7	12.0	0.2583	854	356
nte_06323.jpg	0.077160	0.5047	0.7253	159.5	147.1	0.8804	854	356
nte_06324.jpg	0.075627	0.5141	0.7187	161.8	142.1	0.8848	854	356
nte_06324.jpg	0.000670	0.3105	0.4189	20.3	10.0	0.3904	854	356
nte_06325.jpg	0.077722	0.5121	0.7206	162.5	145.4	0.8643	854	356
nte_06326.jpg	0.076985	0.5055	0.7122	159.5	146.8	0.8379	854	356
nte_06327.jpg	0.076475	0.5039	0.7131	159.1	146.1	0.8652	854	356
nte_06327.jpg	0.000390	0.3900	0.3842	11.8	10.0	0.2837	854	356
nte_06328.jpg	0.075807	0.5031	0.7150	158.5	145.4	0.8408	854	356
nte_06328.jpg	0.000408	0.3850	0.3861	12.0	10.3	0.4624	854	356
nte_06329.jpg	0.074102	0.5090	0.7122	157.8	142.8	0.8657	854	356
nte_06329.jpg	0.000510	0.3857	0.3861	13.7	11.3	0.6440	854	356
nte_06330.jpg	0.082759	0.5066	0.6990	159.5	157.8	0.8203	854	356
nte_06330.jpg	0.000685	0.3869	0.3917	16.0	13.0	0.5742	854	356
nte_06331.jpg	0.074968	0.5117	0.7009	157.8	144.4	0.8638	854	356
nte_06331.jpg	0.000865	0.3934	0.3992	17.5	15.0	0.6084	854	356
nte_06332.jpg	0.075253	0.5086	0.7169	159.1	143.8	0.8228	854	356
nte_06332.jpg	0.001198	0.3912	0.4086	19.8	18.3	0.4961	854	356
nte_06333.jpg	0.077132	0.5059	0.7103	160.1	146.4	0.8262	854	356
nte_06333.jpg	0.001969	0.3816	0.4076	27.2	22.0	0.6396	854	356
nte_06333.jpg	0.001044	0.3873	0.3795	20.7	15.3	0.2812	854	356
nte_06334.jpg	0.073045	0.5078	0.7084	158.1	140.4	0.8428	854	356
nte_06334.jpg	0.003469	0.3549	0.4179	37.2	28.4	0.8247	854	356
nte_06334.jpg	0.001142	0.3830	0.4020	20.0	17.3	0.6274	854	356
nte_06335.jpg	0.075471	0.5160	0.7187	161.5	142.1	0.8784	854	356
nte_06335.jpg	0.010624	0.3174	0.4329	64.6	50.0	0.7822	854	356
nte_06335.jpg	0.001969	0.3838	0.4076	27.2	22.0	0.6577	854	356
nte_06336.jpg	0.079978	0.5168	0.7187	163.8	148.4	0.8604	854	356
nte_06336.jpg	0.049301	0.1818	0.5182	158.2	94.7	0.8335	854	356
nte_06336.jpg	0.002607	0.3891	0.4151	30.9	25.7	0.7788	854	356
nte_06336.jpg	0.001488	0.4113	0.3833	21.2	21.4	0.3396	854	356
nte_06337.jpg	0.077207	0.5082	0.7225	162.1	144.8	0.8535	854	356
nte_06337.jpg	0.002890	0.4168	0.3898	28.0	31.4	0.7505	854	356
nte_06337.jpg	0.006781	0.3766	0.4189	47.5	43.4	0.6299	854	356
nte_06338.jpg	0.072830	0.5039	0.7140	158.8	139.4	0.8750	854	356
nte_06338.jpg	0.019784	0.2965	0.4751	93.9	64.0	0.8481	854	356
nte_06338.jpg	0.005412	0.4035	0.3945	37.4	44.0	0.7593	854	356
nte_06339.jpg	0.072198	0.5109	0.7178	157.8	139.1	0.8765	854	356
nte_06339.jpg	0.010987	0.3867	0.4039	57.5	58.0	0.8179	854	356
nte_06340.jpg	0.035635	0.3363	0.4207	114.8	94.4	0.8975	854	356
nte_06340.jpg	0.073243	0.5090	0.7159	160.5	138.8	0.8413	854	356
nte_06340.jpg	0.001435	0.4168	0.4226	23.4	18.7	0.6206	854	356
nte_06341.jpg	0.308991	0.1619	0.5116	276.2	340.1	0.9336	854	356
nte_06341.jpg	0.071376	0.5043	0.7075	157.1	138.1	0.8716	854	356
nte_06341.jpg	0.002726	0.4031	0.4367	32.7	25.4	0.6494	854	356
nte_06342.jpg	0.069871	0.5090	0.7131	156.5	135.8	0.8735	854	356
nte_06342.jpg	0.007862	0.3619	0.4770	60.2	39.7	0.8301	854	356
nte_06342.jpg	0.001342	0.4051	0.4339	23.5	17.3	0.6973	854	356
nte_06343.jpg	0.069012	0.5066	0.7094	156.5	134.1	0.8774	854	356
nte_06343.jpg	0.039296	0.2484	0.5650	153.7	77.7	0.8418	854	356
nte_06343.jpg	0.002552	0.3928	0.4498	31.9	24.4	0.7666	854	356
nte_06343.jpg	0.000769	0.4113	0.4348	16.7	14.0	0.4561	854	356
nte_06344.jpg	0.072238	0.5051	0.7019	157.1	139.8	0.8618	854	356
nte_06344.jpg	0.007688	0.3512	0.4835	58.9	39.7	0.8364	854	356
nte_06344.jpg	0.001772	0.4762	0.4667	29.4	18.3	0.3303	854	356
nte_06345.jpg	0.069721	0.5094	0.7122	158.5	133.8	0.8511	854	356
nte_06345.jpg	0.060667	0.1937	0.5885	200.3	92.1	0.7515	854	356
nte_06345.jpg	0.000846	0.4105	0.4460	18.3	14.0	0.6279	854	356
nte_06346.jpg	0.064926	0.5086	0.6990	157.8	125.1	0.8716	854	356
nte_06346.jpg	0.000934	0.4148	0.4545	19.3	14.7	0.6689	854	356
nte_06347.jpg	0.063984	0.5059	0.6944	158.5	122.8	0.8716	854	356
nte_06347.jpg	0.002052	0.4031	0.4620	31.7	19.7	0.7280	854	356
nte_06347.jpg	0.007897	0.4539	0.4376	53.7	44.7	0.3638	854	356
nte_06347.jpg	0.002212	0.6480	0.4451	38.0	17.7	0.3125	854	356
nte_06348.jpg	0.065480	0.5039	0.6990	157.5	126.4	0.8560	854	356
nte_06348.jpg	0.005354	0.3713	0.4779	53.0	30.7	0.8364	854	356
nte_06348.jpg	0.005633	0.4590	0.4592	54.0	31.7	0.6128	854	356
nte_06348.jpg	0.003865	0.6754	0.4489	53.4	22.0	0.3833	854	356
nte_06349.jpg	0.067396	0.5055	0.6934	159.1	128.8	0.8452	854	356
nte_06349.jpg	0.017982	0.2924	0.5144	106.4	51.4	0.8311	854	356
nte_06349.jpg	0.010100	0.4609	0.4367	63.0	48.7	0.5933	854	356
nte_06350.jpg	0.070807	0.5051	0.6925	160.1	134.4	0.8574	854	356
nte_06350.jpg	0.013192	0.4633	0.4414	70.7	56.7	0.4951	854	356
nte_06350.jpg	0.162019	0.8203	0.7721	308.9	159.5	0.3167	854	356
nte_06350.jpg	0.001568	0.4898	0.4198	22.7	21.0	0.2542	854	356
nte_06351.jpg	0.071807	0.5082	0.6944	160.8	135.8	0.8594	854	356
nte_06351.jpg	0.002308	0.1884	0.4685	38.9	18.0	0.5889	854	356
nte_06351.jpg	0.013747	0.4703	0.4357	76.4	54.7	0.3335	854	356
nte_06351.jpg	0.002937	0.4926	0.4198	37.7	23.7	0.2561	854	356
nte_06352.jpg	0.074182	0.5035	0.7019	162.1	139.1	0.8276	854	356
nte_06353.jpg	0.082864	0.5004	0.6606	163.5	154.1	0.7861	854	356
nte_06353.jpg	0.001829	0.2410	0.4760	43.9	12.7	0.2927	854	356
nte_06353.jpg	0.009804	0.4953	0.4995	72.1	41.4	0.2781	854	356
nte_06354.jpg	0.081401	0.4938	0.6859	166.0	149.1	0.8145	854	356
nte_06355.jpg	0.078918	0.4988	0.6831	163.5	146.8	0.8599	854	356
nte_06356.jpg	0.072641	0.5051	0.7019	163.5	135.1	0.8843	854	356
nte_06357.jpg	0.078541	0.5035	0.7075	166.5	143.4	0.8916	854	356
nte_06358.jpg	0.089782	0.5078	0.7290	170.5	160.1	0.8472	854	356
nte_06359.jpg	0.083056	0.5031	0.7187	167.5	150.8	0.8887	854	356
nte_06360.jpg	0.086433	0.5059	0.7272	170.1	154.5	0.8501	854	356
nte_06361.jpg	0.090951	0.5059	0.7281	174.1	158.8	0.8931	854	356
nte_06362.jpg	0.085891	0.5020	0.7159	169.8	153.8	0.7896	854	356
nte_06363.jpg	0.086296	0.5012	0.7272	169.1	155.1	0.8672	854	356
nte_06364.jpg	0.093675	0.5020	0.7393	172.5	165.1	0.8755	854	356
nte_06365.jpg	0.092387	0.5047	0.7112	171.1	164.1	0.7734	854	356
nte_06366.jpg	0.092605	0.5020	0.7215	169.1	166.5	0.8545	854	356
nte_06367.jpg	0.100237	0.4988	0.7412	179.5	169.8	0.8193	854	356
nte_06367.jpg	0.006397	0.4906	0.4676	77.7	25.0	0.4243	854	356
nte_06367.jpg	0.000307	0.4582	0.4217	11.7	8.0	0.3445	854	356
nte_06368.jpg	0.094540	0.5000	0.7215	171.6	167.5	0.8291	854	356
nte_06369.jpg	0.092926	0.5031	0.7309	176.8	159.8	0.8960	854	356
nte_06370.jpg	0.085584	0.5012	0.7019	171.8	151.5	0.8086	854	356
nte_06371.jpg	0.086077	0.5008	0.7215	169.8	154.1	0.8828	854	356
nte_06371.jpg	0.000352	0.4457	0.4348	12.3	8.7	0.3713	854	356
nte_06372.jpg	0.086110	0.5016	0.7290	169.1	154.8	0.8862	854	356
nte_06373.jpg	0.081380	0.5020	0.7112	167.8	147.4	0.8613	854	356
nte_06373.jpg	0.000369	0.4402	0.4367	12.0	9.3	0.2754	854	356
nte_06374.jpg	0.082443	0.5027	0.7215	168.5	148.8	0.8848	854	356
nte_06375.jpg	0.087111	0.5059	0.7197	171.5	154.5	0.8403	854	356
nte_06376.jpg	0.080300	0.5027	0.7122	167.5	145.8	0.8652	854	356
nte_06376.jpg	0.000740	0.4223	0.4582	15.7	14.3	0.3210	854	356
nte_06377.jpg	0.088464	0.5102	0.7206	176.8	152.1	0.8838	854	356
nte_06377.jpg	0.001815	0.4047	0.4732	29.0	19.0	0.4812	854	356
nte_06378.jpg	0.006216	0.3662	0.4976	55.5	34.0	0.8535	854	356
nte_06378.jpg	0.078192	0.5086	0.6944	168.5	141.1	0.8516	854	356
nte_06379.jpg	0.040058	0.2434	0.5782	158.0	77.1	0.9009	854	356
nte_06379.jpg	0.076494	0.5113	0.7009	168.8	137.8	0.8813	854	356
nte_06380.jpg	0.078977	0.5066	0.7122	165.5	145.1	0.8921	854	356
nte_06381.jpg	0.081829	0.5063	0.7028	166.5	149.4	0.8384	854	356
nte_06382.jpg	0.083469	0.5113	0.7150	169.8	149.5	0.8931	854	356
nte_06383.jpg	0.084402	0.5145	0.7215	172.5	148.8	0.8809	854	356
nte_06384.jpg	0.088600	0.5168	0.7187	171.8	156.8	0.8862	854	356
nte_06385.jpg	0.087076	0.5086	0.7281	168.1	157.5	0.8955	854	356
nte_06386.jpg	0.083456	0.5168	0.7253	172.5	147.1	0.8843	854	356
nte_06387.jpg	0.083922	0.5172	0.7272	168.5	151.5	0.9185	854	356
nte_06388.jpg	0.086438	0.5172	0.7253	173.1	151.8	0.8545	854	356
nte_06389.jpg	0.093065	0.5195	0.7197	173.8	162.8	0.8687	854	356
nte_06390.jpg	0.092626	0.5164	0.7215	175.1	160.8	0.8960	854	356
nte_06391.jpg	0.087534	0.5168	0.7290	173.8	153.1	0.8926	854	356
nte_06392.jpg	0.082890	0.5109	0.7262	167.1	150.8	0.8813	854	356
nte_06393.jpg	0.078860	0.5109	0.7187	164.5	145.8	0.8628	854	356
nte_06394.jpg	0.076319	0.5156	0.7122	166.8	139.1	0.8726	854	356
nte_06395.jpg	0.083056	0.5180	0.7243	167.5	150.8	0.8828	854	356
nte_06396.jpg	0.082063	0.5105	0.7262	165.5	150.8	0.8540	854	356
nte_06397.jpg	0.074409	0.5051	0.7140	161.5	140.1	0.8906	854	356
nte_06398.jpg	0.079085	0.5023	0.7243	159.5	150.8	0.8809	854	356
nte_06399.jpg	0.079875	0.5059	0.7272	162.1	149.8	0.8623	854	356
nte_06400.jpg	0.078999	0.5152	0.7178	165.1	145.4	0.8896	854	356
nte_06400.jpg	0.000371	0.3943	0.4264	13.0	8.7	0.4241	854	356
nte_06401.jpg	0.082302	0.5117	0.7243	164.1	152.5	0.8872	854	356
nte_06402.jpg	0.073827	0.5043	0.7094	162.1	138.4	0.8652	854	356
nte_06403.jpg	0.078290	0.5035	0.7178	161.8	147.1	0.8975	854	356
nte_06403.jpg	0.000730	0.4164	0.4451	19.0	11.7	0.4370	854	356
nte_06404.jpg	0.079272	0.5125	0.7056	166.5	144.8	0.8584	854	356
nte_06404.jpg	0.001474	0.4098	0.4507	25.4	17.7	0.6665	854	356
nte_06405.jpg	0.079420	0.5160	0.7140	164.1	147.1	0.8926	854	356
nte_06405.jpg	0.003051	0.4113	0.4657	35.2	26.4	0.7290	854	356
nte_06406.jpg	0.082094	0.5063	0.7131	164.8	151.5	0.8804	854	356
nte_06406.jpg	0.009295	0.3893	0.5051	63.2	44.7	0.8657	854	356
nte_06406.jpg	0.000614	0.4223	0.4657	14.3	13.0	0.2517	854	356
nte_06407.jpg	0.169612	0.1687	0.7422	288.4	178.8	0.8970	854	356
nte_06407.jpg	0.077462	0.5055	0.7065	163.8	143.8	0.8813	854	356
nte_06407.jpg	0.002828	0.3947	0.4798	34.4	25.0	0.8008	854	356
nte_06408.jpg	0.078278	0.5125	0.7103	167.5	142.1	0.8872	854	356
nte_06408.jpg	0.008623	0.3574	0.5135	61.9	42.4	0.8608	854	356
nte_06409.jpg	0.096810	0.1905	0.6531	232.2	126.8	0.9136	854	356
nte_06409.jpg	0.078832	0.5141	0.7084	171.5	139.8	0.8804	854	356
nte_06409.jpg	0.003662	0.3637	0.5116	41.2	27.0	0.7866	854	356
nte_06409.jpg	0.000885	0.4250	0.4835	20.7	13.0	0.2505	854	356
nte_06410.jpg	0.074898	0.5152	0.7047	169.8	134.1	0.8896	854	356
nte_06410.jpg	0.009609	0.3273	0.5426	67.9	43.0	0.7739	854	356
nte_06410.jpg	0.001908	0.3605	0.5210	23.2	25.0	0.4812	854	356
nte_06411.jpg	0.068953	0.5102	0.6897	167.1	125.4	0.8911	854	356
nte_06411.jpg	0.006201	0.3100	0.5416	51.4	36.7	0.8296	854	356
nte_06411.jpg	0.001510	0.3516	0.5257	20.8	22.0	0.4797	854	356
nte_06411.jpg	0.095580	0.1260	0.6925	213.5	136.1	0.3352	854	356
nte_06411.jpg	0.000773	0.4703	0.4732	22.0	10.7	0.2913	854	356
nte_06412.jpg	0.073234	0.5164	0.6953	171.1	130.1	0.8657	854	356
nte_06412.jpg	0.044816	0.1683	0.5838	173.8	78.4	0.8296	854	356
nte_06412.jpg	0.006577	0.3117	0.5323	56.5	35.4	0.8159	854	356
nte_06413.jpg	0.045018	0.1646	0.5829	184.8	74.1	0.8975	854	356
nte_06413.jpg	0.068884	0.5141	0.6841	172.5	121.4	0.8623	854	356
nte_06414.jpg	0.065333	0.5109	0.6869	163.1	121.8	0.8677	854	356
nte_06415.jpg	0.061670	0.4969	0.6775	160.1	117.1	0.8618	854	356
nte_06416.jpg	0.060761	0.4996	0.6756	159.1	116.1	0.8813	854	356
nte_06417.jpg	0.061506	0.5004	0.6653	157.5	118.8	0.8047	854	356
nte_06418.jpg	0.061751	0.5008	0.6719	160.8	116.8	0.8638	854	356
nte_06419.jpg	0.064042	0.4934	0.6794	162.1	120.1	0.8599	854	356
nte_06420.jpg	0.065620	0.4867	0.6841	164.3	121.4	0.8560	854	356
nte_06421.jpg	0.062056	0.4949	0.6737	161.1	117.1	0.8794	854	356
nte_06421.jpg	0.002913	0.7469	0.4638	36.4	24.4	0.3406	854	356
nte_06422.jpg	0.067936	0.4980	0.6916	163.8	126.1	0.8276	854	356
nte_06423.jpg	0.070273	0.4914	0.6990	163.8	130.4	0.8389	854	356
nte_06424.jpg	0.067114	0.4852	0.6878	169.0	120.8	0.8506	854	356
nte_06424.jpg	0.007666	0.9703	0.4254	51.4	45.4	0.5767	854	356
nte_06424.jpg	0.001083	0.7668	0.4264	24.7	13.3	0.4592	854	356
nte_06424.jpg	0.001015	0.4359	0.4788	24.4	12.7	0.3616	854	356
nte_06424.jpg	0.001686	0.7328	0.4161	32.7	15.7	0.2815	854	356
nte_06425.jpg	0.075792	0.4832	0.7122	169.3	136.1	0.8423	854	356
nte_06426.jpg	0.073683	0.4816	0.6972	174.0	128.8	0.8384	854	356
nte_06427.jpg	0.077892	0.4836	0.7037	172.3	137.4	0.7939	854	356
nte_06428.jpg	0.078308	0.4836	0.7075	172.0	138.4	0.8271	854	356
nte_06428.jpg	0.003528	0.1684	0.4264	42.9	25.0	0.3120	854	356
nte_06428.jpg	0.002191	0.5801	0.4114	35.0	19.0	0.2932	854	356
nte_06428.jpg	0.000709	0.6727	0.4704	17.0	12.7	0.2524	854	356
nte_06429.jpg	0.075604	0.4867	0.7084	168.5	136.4	0.8770	854	356
nte_06430.jpg	0.071722	0.4957	0.6925	161.8	134.8	0.8813	854	356
nte_06431.jpg	0.069867	0.4961	0.6962	160.8	132.1	0.8564	854	356
nte_06432.jpg	0.070450	0.4922	0.7056	164.6	130.1	0.8735	854	356
nte_06432.jpg	0.000346	0.5039	0.4292	11.7	9.0	0.3757	854	356
nte_06433.jpg	0.070702	0.4938	0.7028	164.8	130.4	0.8481	854	356
nte_06433.jpg	0.000425	0.4867	0.4292	13.3	9.7	0.2903	854	356
nte_06434.jpg	0.069155	0.4992	0.7009	164.1	128.1	0.8711	854	356
nte_06434.jpg	0.000356	0.4812	0.4329	12.0	9.0	0.2539	854	356
nte_06435.jpg	0.070664	0.5000	0.7037	165.1	130.1	0.8691	854	356
nte_06436.jpg	0.070949	0.5008	0.7065	165.8	130.1	0.8726	854	356
nte_06437.jpg	0.073794	0.5016	0.7094	168.1	133.4	0.8730	854	356
nte_06437.jpg	0.000531	0.4719	0.4376	14.7	11.0	0.4143	854	356
nte_06438.jpg	0.076801	0.5020	0.7094	171.1	136.4	0.8545	854	356
nte_06438.jpg	0.000623	0.4668	0.4376	15.3	12.3	0.3257	854	356
nte_06439.jpg	0.076614	0.5020	0.7112	171.1	136.1	0.8413	854	356
nte_06439.jpg	0.006785	0.4988	0.4835	55.7	37.0	0.6504	854	356
nte_06439.jpg	0.000861	0.4621	0.4442	18.7	14.0	0.5898	854	356
nte_06440.jpg	0.079370	0.5012	0.7037	169.8	142.1	0.8657	854	356
nte_06440.jpg	0.001226	0.4539	0.4498	22.4	16.7	0.6714	854	356
nte_06441.jpg	0.080133	0.5035	0.7009	173.5	140.4	0.7939	854	356
nte_06441.jpg	0.001752	0.4402	0.4554	29.0	18.3	0.7373	854	356
nte_06442.jpg	0.080617	0.5004	0.7084	170.5	143.8	0.8599	854	356
nte_06442.jpg	0.003291	0.4176	0.4667	40.5	24.7	0.7822	854	356
nte_06442.jpg	0.054750	0.7410	0.5332	194.2	85.7	0.3450	854	356
nte_06443.jpg	0.080430	0.5012	0.7084	170.5	143.4	0.8613	854	356
nte_06443.jpg	0.009532	0.3660	0.4948	74.9	38.7	0.7847	854	356
nte_06444.jpg	0.087863	0.5012	0.6897	171.5	155.8	0.8262	854	356
nte_06444.jpg	0.101535	0.1679	0.6222	277.0	111.4	0.6572	854	356
nte_06444.jpg	0.002836	0.7832	0.4976	41.0	21.0	0.5273	854	356
nte_06444.jpg	0.000382	0.4656	0.4357	12.0	9.7	0.3921	854	356
nte_06445.jpg	0.088565	0.5012	0.6972	172.5	156.1	0.8579	854	356
nte_06445.jpg	0.000580	0.4605	0.4385	14.7	12.0	0.3508	854	356
nte_06446.jpg	0.085939	0.5020	0.6944	172.1	151.8	0.8867	854	356
nte_06446.jpg	0.000834	0.4527	0.4432	17.7	14.3	0.6123	854	356
nte_06447.jpg	0.084233	0.5031	0.7019	174.5	146.8	0.8877	854	356
nte_06447.jpg	0.001226	0.4430	0.4470	22.4	16.7	0.6934	854	356
nte_06448.jpg	0.083984	0.5004	0.7047	170.5	149.8	0.8687	854	356
nte_06448.jpg	0.002349	0.4215	0.4610	31.0	23.0	0.7256	854	356
nte_06449.jpg	0.087590	0.4996	0.7197	171.3	155.5	0.9038	854	356
nte_06449.jpg	0.006805	0.3787	0.4845	56.4	36.7	0.8477	854	356
nte_06450.jpg	0.044367	0.2443	0.5688	165.7	81.4	0.8770	854	356
nte_06450.jpg	0.088686	0.5012	0.7019	169.8	158.8	0.8462	854	356
nte_06451.jpg	0.088944	0.5117	0.7178	172.5	156.8	0.8940	854	356
nte_06452.jpg	0.095954	0.5051	0.7047	171.5	170.1	0.8984	854	356
nte_06453.jpg	0.090221	0.5031	0.7094	173.5	158.1	0.8833	854	356
nte_06454.jpg	0.087538	0.5039	0.7253	170.5	156.1	0.8721	854	356
nte_06455.jpg	0.087105	0.5098	0.7215	174.5	151.8	0.9067	854	356
nte_06456.jpg	0.082480	0.5168	0.7112	172.8	145.1	0.8779	854	356
nte_06457.jpg	0.080163	0.5070	0.7056	166.8	146.1	0.8818	854	356
nte_06458.jpg	0.079406	0.5082	0.7019	167.1	144.4	0.8779	854	356
nte_06458.jpg	0.000369	0.3934	0.4742	14.0	8.0	0.2798	854	356
nte_06459.jpg	0.078959	0.5148	0.7019	168.1	142.8	0.8813	854	356
nte_06459.jpg	0.000430	0.4035	0.4788	14.0	9.3	0.6504	854	356
nte_06459.jpg	0.000446	0.3867	0.4742	14.5	9.3	0.2805	854	356
nte_06460.jpg	0.076643	0.5086	0.7150	165.1	141.1	0.8931	854	356
nte_06460.jpg	0.000666	0.4199	0.4863	17.3	11.7	0.6377	854	356
nte_06461.jpg	0.074335	0.5023	0.7094	162.5	139.1	0.8853	854	356
nte_06461.jpg	0.001177	0.4168	0.4910	22.4	16.0	0.7622	854	356
nte_06461.jpg	0.000316	0.3945	0.4798	11.5	8.3	0.3052	854	356
nte_06462.jpg	0.071189	0.5047	0.6990	161.8	133.8	0.8950	854	356
nte_06462.jpg	0.002046	0.4004	0.4985	28.7	21.7	0.7754	854	356
nte_06463.jpg	0.071092	0.5125	0.6953	166.1	130.1	0.8755	854	356
nte_06463.jpg	0.004545	0.3834	0.5154	46.5	29.7	0.8062	854	356
nte_06463.jpg	0.001256	0.4020	0.4873	22.0	17.3	0.6304	854	356
nte_06464.jpg	0.072429	0.5086	0.6962	163.8	134.4	0.8872	854	356
nte_06464.jpg	0.016397	0.3326	0.5566	96.4	51.7	0.8809	854	356
nte_06464.jpg	0.001915	0.4055	0.4910	26.9	21.7	0.7778	854	356
nte_06465.jpg	0.070881	0.5070	0.6962	163.1	132.1	0.8867	854	356
nte_06465.jpg	0.005073	0.3852	0.4957	42.0	36.7	0.8320	854	356
nte_06465.jpg	0.061216	0.0723	0.7815	123.4	150.8	0.5239	854	356
nte_06466.jpg	0.076192	0.5148	0.7056	168.1	137.8	0.8813	854	356
nte_06466.jpg	0.014561	0.3490	0.5126	73.7	60.0	0.8784	854	356
nte_06466.jpg	0.003157	0.3949	0.4835	29.4	32.7	0.6279	854	356
nte_06467.jpg	0.169783	0.1537	0.6644	262.7	196.5	0.8955	854	356
nte_06467.jpg	0.076575	0.5148	0.6869	169.8	137.1	0.8525	854	356
nte_06467.jpg	0.009681	0.3729	0.5004	59.2	49.7	0.8208	854	356
nte_06467.jpg	0.001917	0.4098	0.4835	19.8	29.4	0.4529	854	356
nte_06467.jpg	0.000738	0.4293	0.4648	16.0	14.0	0.3496	854	356
nte_06468.jpg	0.071642	0.5063	0.7037	164.5	132.4	0.8965	854	356
nte_06468.jpg	0.058026	0.2707	0.5585	167.9	105.1	0.8828	854	356
nte_06468.jpg	0.003528	0.3883	0.5154	40.7	26.4	0.5430	854	356
nte_06468.jpg	0.000866	0.4465	0.4657	18.3	14.3	0.2903	854	356
nte_06469.jpg	0.069807	0.5016	0.6962	163.1	130.1	0.8750	854	356
nte_06469.jpg	0.021866	0.3113	0.5660	112.6	59.0	0.8105	854	356
nte_06470.jpg	0.072804	0.5000	0.6990	165.5	133.8	0.8701	854	356
nte_06470.jpg	0.000593	0.4570	0.4695	15.0	12.0	0.2683	854	356
nte_06471.jpg	0.077935	0.5004	0.7075	164.8	143.8	0.8560	854	356
nte_06471.jpg	0.000714	0.4559	0.4704	16.7	13.0	0.3586	854	356
nte_06472.jpg	0.072250	0.5008	0.6990	163.8	134.1	0.8623	854	356
nte_06473.jpg	0.070870	0.5027	0.6897	166.5	129.4	0.8062	854	356
nte_06474.jpg	0.072429	0.5016	0.6859	163.8	134.4	0.8730	854	356
nte_06474.jpg	0.002398	0.6570	0.5154	42.0	17.3	0.2910	854	356
nte_06475.jpg	0.075161	0.5121	0.6831	169.1	135.1	0.8657	854	356
nte_06475.jpg	0.003291	0.7023	0.5238	48.4	20.7	0.3228	854	356
nte_06475.jpg	0.000527	0.4180	0.4742	15.0	10.7	0.3027	854	356
nte_06475.jpg	0.015552	0.9563	0.4760	75.4	62.7	0.2678	854	356
nte_06476.jpg	0.073508	0.5035	0.6878	163.8	136.4	0.8677	854	356
nte_06477.jpg	0.072250	0.5078	0.6916	163.8	134.1	0.8804	854	356
nte_06477.jpg	0.000666	0.4254	0.4770	17.3	11.7	0.3955	854	356
nte_06477.jpg	0.000287	0.4723	0.4638	9.3	9.3	0.2788	854	356
nte_06478.jpg	0.071955	0.5051	0.7009	163.1	134.1	0.8804	854	356
nte_06478.jpg	0.000568	0.4289	0.4779	15.7	11.0	0.3809	854	356
nte_06478.jpg	0.000374	0.4828	0.4742	11.0	10.3	0.2681	854	356
nte_06478.jpg	0.019806	0.9352	0.5407	111.4	54.0	0.2637	854	356
nte_06479.jpg	0.065821	0.5059	0.6906	162.1	123.4	0.8862	854	356
nte_06479.jpg	0.000454	0.4293	0.4816	13.3	10.3	0.4580	854	356
nte_06479.jpg	0.000420	0.4465	0.4798	12.3	10.3	0.2766	854	356
nte_06480.jpg	0.067342	0.5031	0.6934	162.8	125.8	0.8721	854	356
nte_06480.jpg	0.003198	0.7445	0.5332	52.0	18.7	0.3953	854	356
nte_06480.jpg	0.001081	0.4367	0.4788	24.0	13.7	0.3523	854	356
nte_06481.jpg	0.067778	0.5039	0.6962	162.1	127.1	0.8599	854	356
nte_06482.jpg	0.063470	0.5035	0.6897	161.1	119.8	0.8755	854	356
nte_06483.jpg	0.065600	0.5105	0.6812	162.5	122.8	0.8677	854	356
nte_06483.jpg	0.002877	0.4926	0.4985	43.7	20.0	0.3030	854	356
nte_06484.jpg	0.069307	0.5043	0.6803	162.8	129.4	0.8389	854	356
nte_06485.jpg	0.071220	0.5012	0.6663	161.5	134.1	0.7974	854	356
nte_06486.jpg	0.073594	0.5012	0.6681	162.8	137.4	0.8442	854	356
nte_06487.jpg	0.079615	0.5000	0.6859	169.1	143.1	0.8511	854	356
nte_06487.jpg	0.003129	0.4227	0.4891	37.0	25.7	0.6138	854	356
nte_06487.jpg	0.013819	0.4402	0.5426	73.2	57.4	0.3826	854	356
nte_06488.jpg	0.013529	0.3668	0.5238	80.1	51.4	0.8535	854	356
nte_06488.jpg	0.078044	0.5016	0.7065	165.8	143.1	0.8438	854	356
nte_06488.jpg	0.012369	0.4395	0.5416	64.0	58.7	0.6606	854	356
nte_06489.jpg	0.079454	0.5008	0.7075	166.5	145.1	0.8652	854	356
nte_06490.jpg	0.087351	0.5008	0.7122	170.5	155.8	0.8457	854	356
nte_06491.jpg	0.079682	0.5105	0.7122	170.5	142.1	0.8672	854	356
nte_06492.jpg	0.084781	0.5160	0.7122	172.5	149.4	0.8940	854	356
nte_06493.jpg	0.091891	0.5168	0.7178	174.5	160.1	0.8906	854	356
nte_06494.jpg	0.084586	0.5172	0.7206	174.8	147.1	0.8516	854	356
nte_06494.jpg	0.000858	0.3633	0.4432	18.2	14.3	0.7280	854	356
nte_06495.jpg	0.085246	0.5129	0.7253	173.8	149.1	0.8857	854	356
nte_06495.jpg	0.001295	0.3783	0.4470	21.9	18.0	0.7764	854	356
nte_06496.jpg	0.071154	0.5086	0.6944	167.1	129.4	0.8672	854	356
nte_06496.jpg	0.001600	0.3840	0.4460	23.5	20.7	0.7524	854	356
nte_06497.jpg	0.072820	0.5098	0.7094	163.5	135.4	0.8540	854	356
nte_06497.jpg	0.002520	0.3676	0.4470	28.4	27.0	0.7935	854	356
nte_06498.jpg	0.080251	0.5125	0.7169	168.1	145.1	0.8511	854	356
nte_06498.jpg	0.005430	0.3441	0.4638	43.0	38.4	0.8228	854	356
nte_06499.jpg	0.079800	0.5137	0.7112	169.1	143.4	0.8677	854	356
nte_06499.jpg	0.017855	0.2906	0.4910	89.9	60.4	0.8525	854	356
nte_06500.jpg	0.077507	0.5160	0.7084	169.8	138.8	0.8594	854	356
nte_06501.jpg	0.079650	0.5141	0.7197	170.8	141.8	0.8628	854	356
nte_06501.jpg	0.000512	0.4531	0.3954	16.7	9.3	0.2803	854	356
nte_06502.jpg	0.072482	0.5160	0.7028	171.1	128.8	0.8799	854	356
nte_06503.jpg	0.067034	0.5137	0.6953	166.5	122.4	0.8818	854	356
nte_06504.jpg	0.064133	0.5039	0.6944	161.5	120.8	0.8823	854	356
nte_06504.jpg	0.002599	0.5824	0.5829	33.4	23.7	0.4304	854	356
nte_06505.jpg	0.067750	0.5016	0.7019	160.8	128.1	0.8760	854	356
nte_06506.jpg	0.069255	0.4992	0.6737	164.8	127.8	0.7446	854	356
nte_06507.jpg	0.078406	0.4852	0.6728	168.1	141.8	0.7837	854	356
nte_06508.jpg	0.069271	0.4820	0.6981	168.8	124.8	0.8770	854	356
nte_06509.jpg	0.069200	0.4918	0.7028	166.0	126.8	0.8662	854	356
nte_06510.jpg	0.071167	0.4879	0.7037	168.5	128.4	0.8711	854	356
nte_06511.jpg	0.073408	0.4840	0.7084	169.8	131.4	0.8804	854	356
nte_06511.jpg	0.000668	0.6008	0.4910	16.0	12.7	0.6123	854	356
nte_06512.jpg	0.071140	0.4863	0.7028	168.0	128.8	0.8711	854	356
nte_06513.jpg	0.072842	0.4945	0.7094	166.8	132.8	0.8750	854	356
nte_06514.jpg	0.076539	0.4875	0.7075	170.1	136.8	0.8696	854	356
nte_06514.jpg	0.004684	0.1155	0.4470	63.7	22.4	0.3496	854	356
nte_06515.jpg	0.078685	0.4863	0.7131	172.0	139.1	0.8882	854	356
nte_06515.jpg	0.000677	0.5305	0.4554	16.7	12.3	0.3992	854	356
nte_06515.jpg	0.000499	0.5137	0.4742	15.7	9.7	0.3396	854	356
nte_06516.jpg	0.078358	0.4953	0.7065	166.5	143.1	0.8481	854	356
nte_06516.jpg	0.000539	0.4883	0.4751	15.3	10.7	0.3472	854	356
nte_06516.jpg	0.000745	0.5074	0.4573	18.3	12.3	0.2715	854	356
nte_06517.jpg	0.077051	0.4988	0.7047	166.8	140.4	0.8809	854	356
nte_06517.jpg	0.000659	0.4949	0.4610	20.0	10.0	0.2817	854	356
nte_06518.jpg	0.074787	0.4914	0.7094	167.5	135.8	0.8853	854	356
nte_06519.jpg	0.078639	0.4906	0.7122	168.6	141.8	0.8833	854	356
nte_06519.jpg	0.002324	0.4313	0.5201	30.7	23.0	0.4746	854	356
nte_06519.jpg	0.000612	0.4570	0.5219	14.7	12.7	0.2644	854	356
nte_06520.jpg	0.066449	0.4996	0.6887	162.8	124.1	0.8916	854	356
nte_06520.jpg	0.014337	0.3479	0.5894	85.4	51.0	0.8682	854	356
nte_06520.jpg	0.003551	0.4227	0.5688	36.4	29.7	0.6514	854	356
nte_06520.jpg	0.005529	0.5762	0.5604	39.4	42.7	0.6274	854	356
nte_06521.jpg	0.112410	0.1420	0.7197	242.2	141.1	0.9170	854	356
nte_06521.jpg	0.063076	0.4969	0.6822	160.1	119.8	0.8892	854	356
nte_06521.jpg	0.005376	0.3820	0.5679	45.4	36.0	0.7573	854	356
nte_06521.jpg	0.003401	0.5738	0.5519	33.7	30.7	0.6421	854	356
nte_06521.jpg	0.001409	0.4203	0.5622	24.7	17.3	0.3228	854	356
nte_06522.jpg	0.048625	0.1932	0.5922	180.1	82.1	0.8765	854	356
nte_06522.jpg	0.057981	0.4719	0.6653	165.1	106.8	0.8496	854	356
nte_06522.jpg	0.004886	0.3482	0.5585	46.9	31.7	0.7461	854	356
nte_06522.jpg	0.000753	0.4742	0.4995	16.3	14.0	0.3613	854	356
nte_06522.jpg	0.001389	0.3885	0.5463	19.2	22.0	0.2534	854	356
nte_06523.jpg	0.048883	0.4438	0.6625	145.1	102.4	0.8159	854	356
nte_06523.jpg	0.032469	0.1357	0.6110	154.1	64.1	0.7935	854	356
nte_06523.jpg	0.005736	0.3707	0.5323	43.2	40.4	0.5933	854	356
nte_06523.jpg	0.001587	0.4078	0.4976	24.5	19.7	0.5342	854	356
nte_06523.jpg	0.004851	0.2633	0.5679	46.5	31.7	0.5190	854	356
nte_06523.jpg	0.024715	0.5172	0.6541	71.1	105.7	0.4709	854	356
nte_06523.jpg	0.001720	0.4512	0.4667	31.4	16.7	0.3682	854	356
nte_06523.jpg	0.000533	0.3652	0.4582	15.7	10.3	0.2771	854	356
nte_06524.jpg	0.068227	0.4504	0.6616	169.0	122.8	0.8003	854	356
nte_06524.jpg	0.008111	0.1789	0.5707	72.5	34.0	0.6602	854	356
nte_06524.jpg	0.033019	0.0685	0.5903	117.1	85.7	0.6064	854	356
nte_06524.jpg	0.003513	0.2414	0.5341	39.5	27.0	0.5815	854	356
nte_06524.jpg	0.001739	0.4703	0.4854	29.4	18.0	0.4180	854	356
nte_06524.jpg	0.002392	0.3297	0.4826	29.9	24.4	0.3271	854	356
nte_06525.jpg	0.069037	0.4441	0.6850	169.1	124.1	0.7500	854	356
nte_06525.jpg	0.010250	0.1923	0.5248	73.6	42.4	0.2808	854	356
nte_06526.jpg	0.109339	0.4156	0.6578	235.0	141.4	0.7739	854	356
nte_06526.jpg	0.007511	0.2699	0.4798	72.1	31.7	0.2930	854	356
nte_06527.jpg	0.061717	0.5004	0.6906	159.8	117.4	0.8491	854	356
nte_06527.jpg	0.002856	0.4227	0.5847	27.7	31.4	0.3586	854	356
nte_06528.jpg	0.074918	0.5379	0.7056	177.8	128.1	0.8188	854	356
nte_06528.jpg	0.018357	0.8562	0.6541	98.4	56.7	0.3000	854	356
nte_06529.jpg	0.072348	0.5484	0.7112	181.1	121.4	0.4854	854	356
nte_06530.jpg	0.098198	0.5590	0.7009	207.2	144.1	0.7314	854	356
nte_06531.jpg	0.099714	0.5801	0.7000	219.5	138.1	0.8501	854	356
nte_06532.jpg	0.097852	0.5926	0.7337	209.8	141.8	0.8125	854	356
nte_06533.jpg	0.077033	0.5984	0.6925	191.8	122.1	0.7378	854	356
nte_06534.jpg	0.077015	0.5836	0.7065	175.5	133.4	0.8638	854	356
nte_06535.jpg	0.075856	0.5754	0.7028	174.1	132.4	0.8599	854	356
nte_06536.jpg	0.064477	0.5672	0.6831	166.5	117.8	0.8413	854	356
nte_06537.jpg	0.013540	0.9828	0.7928	30.0	137.1	0.4575	854	356
nte_06538.jpg	0.022695	0.2340	0.4292	90.3	76.4	0.3694	854	356
nte_06539.jpg	0.080534	0.4879	0.6475	185.8	131.8	0.8203	854	356
nte_06540.jpg	0.067040	0.4852	0.6719	183.5	111.1	0.8950	854	356
nte_06541.jpg	0.057086	0.4820	0.6503	169.5	102.4	0.6274	854	356
nte_06541.jpg	0.141356	0.1336	0.7309	228.0	188.5	0.4248	854	356
nte_06542.jpg	0.049116	0.4824	0.6597	146.3	102.1	0.8442	854	356
nte_06543.jpg	0.046715	0.4953	0.6550	141.4	100.4	0.7944	854	356
nte_06544.jpg	0.040754	0.4977	0.6400	139.1	89.1	0.8521	854	356
nte_06545.jpg	0.047392	0.4992	0.6606	139.8	103.1	0.8818	854	356
nte_06546.jpg	0.047351	0.5004	0.6578	140.1	102.7	0.8979	854	356
nte_06547.jpg	0.044677	0.5004	0.6522	139.4	97.4	0.8843	854	356
nte_06547.jpg	0.003152	0.5645	0.5454	35.0	27.4	0.6660	854	356
nte_06548.jpg	0.044784	0.5012	0.6522	139.8	97.4	0.9004	854	356
nte_06548.jpg	0.003216	0.5645	0.5463	33.7	29.0	0.2515	854	356
nte_06549.jpg	0.045460	0.5000	0.6522	140.4	98.4	0.8857	854	356
nte_06549.jpg	0.002538	0.5656	0.5501	31.7	24.4	0.5757	854	356
nte_06550.jpg	0.046495	0.5000	0.6569	140.8	100.4	0.8940	854	356
nte_06550.jpg	0.002588	0.5656	0.5510	33.7	23.4	0.7500	854	356
nte_06551.jpg	0.047849	0.5012	0.6569	143.4	101.4	0.8691	854	356
nte_06552.jpg	0.049265	0.5004	0.6475	143.4	104.4	0.7993	854	356
nte_06553.jpg	0.062916	0.4945	0.6138	147.8	129.4	0.5674	854	356
nte_06554.jpg	0.054038	0.4992	0.6475	147.4	111.4	0.8081	854	356
nte_06555.jpg	0.065597	0.4910	0.6531	152.1	131.1	0.7114	854	356
nte_06556.jpg	0.066291	0.4910	0.6344	154.1	130.8	0.7158	854	356
nte_06557.jpg	0.065499	0.4973	0.6278	153.5	129.8	0.7812	854	356
nte_06558.jpg	0.057417	0.4941	0.6672	153.5	113.8	0.8198	854	356
nte_06559.jpg	0.060673	0.4922	0.6737	154.5	119.4	0.8413	854	356
nte_06559.jpg	0.000461	0.5668	0.4798	12.0	11.7	0.2595	854	356
nte_06560.jpg	0.069037	0.4965	0.6381	156.1	134.4	0.8086	854	356
nte_06561.jpg	0.068865	0.4988	0.6700	156.1	134.1	0.7349	854	356
nte_06562.jpg	0.063691	0.5012	0.6700	156.5	123.8	0.7690	854	356
nte_06563.jpg	0.066592	0.5008	0.6700	158.5	127.8	0.7847	854	356
nte_06563.jpg	0.001426	0.0528	0.4535	30.9	14.0	0.4045	854	356
nte_06564.jpg	0.066604	0.5008	0.6859	154.5	131.1	0.8257	854	356
nte_06565.jpg	0.066154	0.5008	0.6859	155.8	129.1	0.8438	854	356
nte_06566.jpg	0.066774	0.5012	0.6747	154.5	131.4	0.8384	854	356
nte_06566.jpg	0.002077	0.5355	0.4835	31.0	20.3	0.3208	854	356
nte_06567.jpg	0.066183	0.5004	0.6878	155.5	129.4	0.8730	854	356
nte_06568.jpg	0.068865	0.4965	0.6812	156.1	134.1	0.8389	854	356
nte_06569.jpg	0.072412	0.5004	0.6766	159.8	137.8	0.8604	854	356
nte_06570.jpg	0.070042	0.5004	0.6962	158.8	134.1	0.8774	854	356
nte_06570.jpg	0.000360	0.5301	0.4620	13.7	8.0	0.2605	854	356
nte_06571.jpg	0.072084	0.5008	0.6944	156.8	139.8	0.8799	854	356
nte_06571.jpg	0.000371	0.5312	0.4638	13.0	8.7	0.3704	854	356
nte_06572.jpg	0.066063	0.5012	0.6925	156.8	128.1	0.8906	854	356
nte_06572.jpg	0.000499	0.4777	0.4545	14.7	10.3	0.4497	854	356
nte_06572.jpg	0.001561	0.5188	0.4985	27.4	17.3	0.3079	854	356
nte_06572.jpg	0.000375	0.5328	0.4657	13.7	8.3	0.2908	854	356
nte_06573.jpg	0.067745	0.4965	0.6953	159.1	129.4	0.8770	854	356
nte_06573.jpg	0.015268	0.5426	0.5613	79.1	58.7	0.4636	854	356
nte_06573.jpg	0.000492	0.5305	0.4667	16.0	9.3	0.2517	854	356
nte_06574.jpg	0.069783	0.4984	0.6784	159.8	132.8	0.8569	854	356
nte_06574.jpg	0.008771	0.5641	0.5660	49.0	54.4	0.5166	854	356
nte_06574.jpg	0.000848	0.5270	0.4732	20.3	12.7	0.3059	854	356
nte_06575.jpg	0.068017	0.4969	0.6812	163.1	126.8	0.8389	854	356
nte_06575.jpg	0.000884	0.5223	0.4742	23.0	11.7	0.3752	854	356
nte_06576.jpg	0.067603	0.4902	0.6737	158.8	129.4	0.8643	854	356
nte_06576.jpg	0.001385	0.5051	0.4760	28.7	14.7	0.2922	854	356
nte_06577.jpg	0.067820	0.4973	0.6887	160.1	128.8	0.8535	854	356
nte_06577.jpg	0.001023	0.4781	0.4835	21.7	14.3	0.6250	854	356
nte_06577.jpg	0.000535	0.5023	0.4835	14.3	11.3	0.5098	854	356
nte_06578.jpg	0.065887	0.4941	0.6850	160.1	125.1	0.8735	854	356
nte_06578.jpg	0.005073	0.5641	0.5566	36.7	42.0	0.5630	854	356
nte_06578.jpg	0.000866	0.4918	0.4863	18.3	14.3	0.5015	854	356
nte_06578.jpg	0.001783	0.4641	0.4901	29.0	18.7	0.4785	854	356
nte_06579.jpg	0.067244	0.4887	0.6887	162.1	126.1	0.8589	854	356
nte_06579.jpg	0.006286	0.3980	0.5126	54.0	35.4	0.8164	854	356
nte_06579.jpg	0.001647	0.4555	0.4948	25.0	20.0	0.7573	854	356
nte_06580.jpg	0.065592	0.4977	0.6841	161.1	123.8	0.8628	854	356
nte_06580.jpg	0.024819	0.2984	0.5547	116.6	64.7	0.8374	854	356
nte_06580.jpg	0.002677	0.4262	0.5013	34.4	23.7	0.7510	854	356
nte_06581.jpg	0.063470	0.5004	0.6850	161.1	119.8	0.8638	854	356
nte_06581.jpg	0.009095	0.3629	0.5304	67.4	41.0	0.8374	854	356
nte_06581.jpg	0.001307	0.4844	0.5079	31.4	12.7	0.2947	854	356
nte_06581.jpg	0.000551	0.4164	0.5070	15.7	10.7	0.2720	854	356
nte_06582.jpg	0.070990	0.1807	0.6044	217.8	99.1	0.8887	854	356
nte_06582.jpg	0.061376	0.5004	0.6841	158.5	117.8	0.8848	854	356
nte_06582.jpg	0.004621	0.4301	0.5669	41.7	33.7	0.3975	854	356
nte_06582.jpg	0.001300	0.4832	0.5098	32.0	12.3	0.3711	854	356
nte_06583.jpg	0.063421	0.5008	0.6850	158.8	121.4	0.8892	854	356
nte_06583.jpg	0.001341	0.4816	0.5088	33.0	12.3	0.2749	854	356
nte_06584.jpg	0.062668	0.5051	0.6794	161.8	117.8	0.8931	854	356
nte_06584.jpg	0.002477	0.4277	0.5650	31.4	24.0	0.4216	854	356
nte_06584.jpg	0.005667	0.3699	0.5116	45.7	37.7	0.4214	854	356
nte_06584.jpg	0.004882	0.5785	0.5594	39.0	38.0	0.3079	854	356
nte_06585.jpg	0.062233	0.5039	0.6747	161.1	117.4	0.8877	854	356
nte_06585.jpg	0.002952	0.5777	0.5707	37.4	24.0	0.2515	854	356
nte_06586.jpg	0.067244	0.5043	0.6850	162.1	126.1	0.8921	854	356
nte_06587.jpg	0.070416	0.5016	0.6709	164.1	130.4	0.8276	854	356
nte_06588.jpg	0.067750	0.5062	0.6484	160.8	128.1	0.8013	854	356
nte_06589.jpg	0.065020	0.5035	0.6428	162.8	121.4	0.8267	854	356
nte_06589.jpg	0.003919	0.3309	0.4217	35.4	33.7	0.6357	854	356
nte_06590.jpg	0.071281	0.5027	0.6269	164.5	131.8	0.7988	854	356
nte_06591.jpg	0.076127	0.4969	0.7000	164.8	140.4	0.8652	854	356
nte_06591.jpg	0.009409	0.5297	0.5116	68.1	42.0	0.4351	854	356
nte_06592.jpg	0.074529	0.4973	0.7009	167.3	135.4	0.8843	854	356
nte_06592.jpg	0.001252	0.1076	0.4676	30.0	12.7	0.5049	854	356
nte_06592.jpg	0.002367	0.2498	0.4966	33.2	21.7	0.4834	854	356
nte_06592.jpg	0.000619	0.4895	0.4910	15.7	12.0	0.3164	854	356
nte_06593.jpg	0.075344	0.4977	0.7084	168.3	136.1	0.8799	854	356
nte_06593.jpg	0.004612	0.8305	0.5660	58.4	24.0	0.6367	854	356
nte_06593.jpg	0.000691	0.4809	0.4957	17.0	12.3	0.3992	854	356
nte_06593.jpg	0.000933	0.5555	0.5051	16.3	17.3	0.3853	854	356
nte_06593.jpg	0.003894	0.5152	0.5060	65.7	18.0	0.2959	854	356
nte_06594.jpg	0.076517	0.4957	0.7056	167.6	138.8	0.8882	854	356
nte_06594.jpg	0.006668	0.4180	0.6147	42.2	48.0	0.6294	854	356
nte_06595.jpg	0.072419	0.4973	0.6897	168.8	130.4	0.8774	854	356
nte_06596.jpg	0.075619	0.5008	0.6597	166.5	138.1	0.8765	854	356
nte_06597.jpg	0.078936	0.5016	0.6513	163.1	147.1	0.8979	854	356
nte_06598.jpg	0.059779	0.5023	0.7056	157.5	115.4	0.8999	854	356
nte_06599.jpg	0.049701	0.4996	0.6456	155.1	97.4	0.8086	854	356
nte_06599.jpg	0.013242	0.3170	0.6156	88.7	45.4	0.4790	854	356
nte_06600.jpg	0.055419	0.4922	0.6550	154.5	109.1	0.6426	854	356
nte_06600.jpg	0.004864	0.4059	0.5650	43.0	34.4	0.3499	854	356
nte_06601.jpg	0.052762	0.4973	0.6569	154.1	104.1	0.8608	854	356
nte_06601.jpg	0.037968	0.2926	0.6035	159.5	72.4	0.6670	854	356
nte_06601.jpg	0.003312	0.5676	0.5379	36.4	27.7	0.4844	854	356
nte_06601.jpg	0.002399	0.4203	0.5707	31.7	23.0	0.3943	854	356
nte_06602.jpg	0.022438	0.3508	0.5557	102.2	66.7	0.8804	854	356
nte_06602.jpg	0.054723	0.5039	0.6484	153.5	108.4	0.8452	854	356
nte_06602.jpg	0.002046	0.4199	0.5538	27.0	23.0	0.4297	854	356
nte_06603.jpg	0.188142	0.1454	0.6438	248.9	229.8	0.9121	854	356
nte_06603.jpg	0.012545	0.3656	0.5819	84.1	45.4	0.8467	854	356
nte_06603.jpg	0.052024	0.5027	0.6513	152.5	103.7	0.8384	854	356
nte_06603.jpg	0.002834	0.4297	0.5763	29.0	29.7	0.2996	854	356
nte_06604.jpg	0.117702	0.1294	0.7150	221.2	161.8	0.8345	854	356
nte_06604.jpg	0.065842	0.4957	0.6419	155.5	128.8	0.7725	854	356
nte_06604.jpg	0.001845	0.4184	0.5416	26.7	21.0	0.3501	854	356
nte_06605.jpg	0.065998	0.5012	0.6522	157.5	127.4	0.6870	854	356
nte_06606.jpg	0.071286	0.5012	0.6138	158.5	136.8	0.7549	854	356
nte_06607.jpg	0.069481	0.5000	0.6325	161.1	131.1	0.7886	854	356
nte_06608.jpg	0.058705	0.4977	0.6653	162.1	110.1	0.8301	854	356
nte_06609.jpg	0.064423	0.4996	0.6756	164.5	119.1	0.8315	854	356
nte_06610.jpg	0.060702	0.5000	0.6663	166.1	111.1	0.8276	854	356
nte_06611.jpg	0.064400	0.4992	0.6784	165.8	118.1	0.8955	854	356
nte_06612.jpg	0.062285	0.4996	0.6728	166.5	113.8	0.8833	854	356
nte_06612.jpg	0.002955	0.4258	0.5426	39.0	23.0	0.5015	854	356
nte_06612.jpg	0.000659	0.4434	0.5266	13.3	15.0	0.3279	854	356
nte_06613.jpg	0.057989	0.5031	0.6634	164.1	107.4	0.9009	854	356
nte_06613.jpg	0.002937	0.4273	0.5341	35.7	25.0	0.6323	854	356
nte_06614.jpg	0.063341	0.5023	0.6766	164.5	117.1	0.8838	854	356
nte_06614.jpg	0.002674	0.4238	0.5210	27.7	29.4	0.7466	854	356
nte_06614.jpg	0.007716	0.5695	0.5210	56.7	41.4	0.2888	854	356
nte_06615.jpg	0.067264	0.5023	0.6850	166.1	123.1	0.8774	854	356
nte_06615.jpg	0.002353	0.4102	0.5032	27.9	25.7	0.6880	854	356
nte_06616.jpg	0.065521	0.5020	0.6925	166.8	119.4	0.8467	854	356
nte_06616.jpg	0.005673	0.3775	0.5182	47.9	36.0	0.8115	854	356
nte_06617.jpg	0.026471	0.2699	0.5435	118.3	68.1	0.8916	854	356
nte_06617.jpg	0.140144	0.4969	0.5004	175.8	242.4	0.7676	854	356
nte_06618.jpg	0.064129	0.5078	0.6775	167.5	116.4	0.8877	854	356
nte_06619.jpg	0.062849	0.5039	0.6728	168.5	113.4	0.9023	854	356
nte_06619.jpg	0.003986	0.5805	0.5463	40.4	30.0	0.5312	854	356
nte_06620.jpg	0.061861	0.5008	0.6775	166.8	112.8	0.8462	854	356
nte_06620.jpg	0.004119	0.5781	0.5482	40.4	31.0	0.2781	854	356
nte_06621.jpg	0.063647	0.5055	0.6756	168.1	115.1	0.8853	854	356
nte_06621.jpg	0.002930	0.4316	0.5529	38.7	23.0	0.3384	854	356
nte_06622.jpg	0.062968	0.5035	0.6728	167.8	114.1	0.8877	854	356
nte_06623.jpg	0.066230	0.5059	0.6756	168.1	119.8	0.8643	854	356
nte_06623.jpg	0.001598	0.2883	0.5107	33.9	14.3	0.5151	854	356
nte_06623.jpg	0.003382	0.4336	0.5501	44.0	23.4	0.3025	854	356
nte_06624.jpg	0.074642	0.5035	0.6709	168.8	134.4	0.8257	854	356
nte_06624.jpg	0.020754	0.7211	0.4760	126.1	50.0	0.5972	854	356
nte_06625.jpg	0.068075	0.5012	0.6644	168.1	123.1	0.8052	854	356
nte_06625.jpg	0.001671	0.3881	0.5032	27.2	18.7	0.2874	854	356
nte_06626.jpg	0.069711	0.4980	0.6597	167.6	126.4	0.8052	854	356
nte_06627.jpg	0.071026	0.4988	0.6737	168.1	128.4	0.8535	854	356
nte_06628.jpg	0.073676	0.4992	0.6803	169.1	132.4	0.8013	854	356
nte_06629.jpg	0.063691	0.4996	0.6700	166.8	116.1	0.8691	854	356
nte_06630.jpg	0.063325	0.5055	0.6681	166.8	115.4	0.8442	854	356
nte_06631.jpg	0.127100	0.4859	0.6681	313.9	123.1	0.8931	854	356
nte_06632.jpg	0.119508	0.4777	0.6700	312.1	116.4	0.8623	854	356
nte_06633.jpg	0.309622	0.3309	0.6203	562.1	167.5	0.3186	854	356
nte_06634.jpg	0.115704	0.4703	0.6644	299.6	117.4	0.8970	854	356
nte_06635.jpg	0.105862	0.4691	0.6719	289.7	111.1	0.9072	854	356
nte_06636.jpg	0.107519	0.4688	0.6691	282.4	115.8	0.9082	854	356
nte_06637.jpg	0.103004	0.4656	0.6728	280.2	111.8	0.8848	854	356
nte_06638.jpg	0.096027	0.4582	0.6766	283.2	103.1	0.8911	854	356
nte_06639.jpg	0.103040	0.4539	0.6700	288.1	108.8	0.9033	854	356
nte_06640.jpg	0.099756	0.4547	0.6728	283.2	107.1	0.8979	854	356
nte_06641.jpg	0.105573	0.4547	0.6644	278.9	115.1	0.9111	854	356
nte_06642.jpg	0.101741	0.4582	0.6672	269.5	114.8	0.8887	854	356
nte_06643.jpg	0.104145	0.4578	0.6653	268.9	117.8	0.8979	854	356
nte_06644.jpg	0.105586	0.4566	0.6606	269.5	119.1	0.8823	854	356
nte_06645.jpg	0.100986	0.4563	0.6616	267.5	114.8	0.9014	854	356
nte_06646.jpg	0.100053	0.4563	0.6644	263.5	115.4	0.8921	854	356
nte_06647.jpg	0.101302	0.4586	0.6681	261.5	117.8	0.8735	854	356
nte_06648.jpg	0.107329	0.4609	0.6531	261.5	124.8	0.8896	854	356
nte_06649.jpg	0.099062	0.4621	0.6569	255.0	118.1	0.8906	854	356
nte_06650.jpg	0.087047	0.4727	0.6653	237.5	111.4	0.8193	854	356
nte_06651.jpg	0.110064	0.4809	0.6728	252.0	132.8	0.7583	854	356
nte_06654.jpg	0.079496	0.4883	0.6503	204.7	118.1	0.7759	854	356
nte_06656.jpg	0.088631	0.4879	0.6475	204.5	131.8	0.8413	854	356
nte_06659.jpg	0.082232	0.4941	0.6447	194.2	128.8	0.7461	854	356
nte_06660.jpg	0.088851	0.4957	0.6194	188.3	143.4	0.7690	854	356
nte_06662.jpg	0.044754	0.8719	0.3833	195.2	69.7	0.3503	854	356
nte_06663.jpg	0.077730	0.4969	0.6409	181.6	130.1	0.3752	854	356
nte_06664.jpg	0.075284	0.4980	0.6578	179.1	127.8	0.4768	854	356
nte_06667.jpg	0.094807	0.4758	0.6484	225.0	128.1	0.8755	854	356
nte_06668.jpg	0.116822	0.4348	0.6616	290.9	122.1	0.8643	854	356
nte_06669.jpg	0.116343	0.4180	0.6681	324.3	109.1	0.6953	854	356
nte_06670.jpg	0.119790	0.4098	0.6663	340.1	107.1	0.6865	854	356
nte_06671.jpg	0.119167	0.4066	0.6634	342.6	105.7	0.9077	854	356
nte_06672.jpg	0.116712	0.4043	0.6681	347.6	102.1	0.8975	854	356
nte_06673.jpg	0.260522	0.3051	0.6156	518.4	152.8	0.5435	854	356
nte_06674.jpg	0.250852	0.3070	0.6147	518.4	147.1	0.6177	854	356
nte_06674.jpg	0.024879	0.5328	0.5341	135.8	55.7	0.4348	854	356
nte_06675.jpg	0.124289	0.4043	0.6616	349.6	108.1	0.9097	854	356
nte_06676.jpg	0.183469	0.3072	0.6634	516.1	108.1	0.5332	854	356
nte_06676.jpg	0.128137	0.8156	0.3814	312.2	124.8	0.2568	854	356
nte_06677.jpg	0.322191	0.3061	0.5604	523.4	187.1	0.6489	854	356
nte_06677.jpg	0.135532	0.4055	0.6484	347.9	118.4	0.3250	854	356
nte_06677.jpg	0.096114	0.4781	0.4282	238.4	122.6	0.2573	854	356
nte_06678.jpg	0.107873	0.4434	0.6578	275.4	119.1	0.8608	854	356
nte_06679.jpg	0.099869	0.4625	0.6503	249.4	121.8	0.8579	854	356
nte_06680.jpg	0.026220	0.1674	0.4676	98.7	80.7	0.7534	854	356
nte_06680.jpg	0.104023	0.4781	0.6288	227.3	139.1	0.3340	854	356
nte_06681.jpg	0.532614	0.2861	0.5323	491.1	329.8	0.4370	854	356
nte_06681.jpg	0.003192	0.1862	0.3692	38.3	25.4	0.2593	854	356
nte_06682.jpg	0.005046	0.2170	0.3945	46.5	33.0	0.8516	854	356
nte_06682.jpg	0.001533	0.0433	0.3364	34.9	13.3	0.3074	854	356
nte_06683.jpg	0.015135	0.2047	0.4535	79.7	57.7	0.8428	854	356
nte_06683.jpg	0.072420	0.4937	0.6522	193.0	114.1	0.7466	854	356
nte_06685.jpg	0.002639	0.1630	0.3589	34.4	23.4	0.2727	854	356
nte_06686.jpg	0.079846	0.4875	0.6588	198.8	122.1	0.4172	854	356
nte_06687.jpg	0.085237	0.4930	0.6447	211.7	122.4	0.9150	854	356
nte_06688.jpg	0.093997	0.4871	0.6559	224.8	127.1	0.8359	854	356
nte_06688.jpg	0.025752	0.0462	0.4517	79.0	99.1	0.3242	854	356
nte_06689.jpg	0.110606	0.4695	0.6344	245.9	136.8	0.3870	854	356
nte_06690.jpg	0.092961	0.4859	0.6653	234.7	120.4	0.8872	854	356
nte_06691.jpg	0.091738	0.4734	0.6634	234.9	118.8	0.9009	854	356
nte_06692.jpg	0.091038	0.4691	0.6653	241.2	114.8	0.9126	854	356
nte_06693.jpg	0.094475	0.4762	0.6625	241.9	118.8	0.8936	854	356
nte_06694.jpg	0.088594	0.4789	0.6597	232.0	116.1	0.9033	854	356
nte_06695.jpg	0.083164	0.4871	0.6634	213.5	118.4	0.8794	854	356
nte_06696.jpg	0.073818	0.4965	0.6672	183.8	122.1	0.7583	854	356
nte_06697.jpg	0.063212	0.5121	0.6644	156.1	123.1	0.3457	854	356
nte_06699.jpg	0.073358	0.4984	0.6728	163.5	136.4	0.6611	854	356
nte_06700.jpg	0.060316	0.5008	0.6625	142.8	128.4	0.8340	854	356
nte_06701.jpg	0.065201	0.4988	0.6728	147.4	134.4	0.8081	854	356
nte_06701.jpg	0.000480	0.5121	0.3439	13.7	10.7	0.3408	854	356
nte_06702.jpg	0.069397	0.4969	0.6719	148.1	142.4	0.6851	854	356
nte_06702.jpg	0.000556	0.5129	0.3458	16.3	10.3	0.3076	854	356
nte_06703.jpg	0.057788	0.4934	0.6606	140.4	125.1	0.8809	854	356
nte_06703.jpg	0.000797	0.5133	0.3495	21.4	11.3	0.5742	854	356
nte_06704.jpg	0.059862	0.4902	0.6653	142.4	127.8	0.8433	854	356
nte_06704.jpg	0.000938	0.5027	0.3551	20.3	14.0	0.6846	854	356
nte_06705.jpg	0.061971	0.5027	0.6766	139.1	135.4	0.7700	854	356
nte_06705.jpg	0.001318	0.4078	0.3645	24.5	16.3	0.7329	854	356
nte_06705.jpg	0.000461	0.4305	0.3608	14.0	10.0	0.2805	854	356
nte_06706.jpg	0.003144	0.3158	0.3767	37.7	25.4	0.8232	854	356
nte_06706.jpg	0.064503	0.5004	0.6644	165.1	118.8	0.7808	854	356
nte_06707.jpg	0.011281	0.2420	0.4170	76.7	44.7	0.8608	854	356
nte_06707.jpg	0.073140	0.4996	0.6672	173.1	128.4	0.8291	854	356
nte_06708.jpg	0.078920	0.1047	0.5950	178.5	134.4	0.9009	854	356
nte_06708.jpg	0.065573	0.5020	0.6588	166.5	119.8	0.7891	854	356
nte_06709.jpg	0.071515	0.5020	0.6606	173.8	125.1	0.7778	854	356
nte_06710.jpg	0.067446	0.5043	0.6541	169.8	120.8	0.6699	854	356
nte_06711.jpg	0.060598	0.5090	0.6672	157.8	116.8	0.7637	854	356
nte_06712.jpg	0.080305	0.5012	0.6766	177.6	137.4	0.2825	854	356
nte_06713.jpg	0.001759	0.3543	0.3458	25.9	20.7	0.7529	854	356
nte_06714.jpg	0.003306	0.3381	0.3645	37.2	27.0	0.8096	854	356
nte_06714.jpg	0.077067	0.5008	0.6672	176.5	132.8	0.7983	854	356
nte_06715.jpg	0.009327	0.3014	0.4114	64.9	43.7	0.8403	854	356
nte_06715.jpg	0.067639	0.5063	0.6766	156.5	131.4	0.7510	854	356
nte_06716.jpg	0.096327	0.1258	0.6391	215.2	136.1	0.7158	854	356
nte_06716.jpg	0.015575	0.2275	0.5351	71.0	66.7	0.3691	854	356
nte_06717.jpg	0.072523	0.5113	0.6906	154.8	142.4	0.8213	854	356
nte_06718.jpg	0.074334	0.5113	0.6962	156.5	144.4	0.8853	854	356
nte_06719.jpg	0.071777	0.5113	0.7009	156.1	139.8	0.8521	854	356
nte_06720.jpg	0.079638	0.5141	0.7150	158.1	153.1	0.8301	854	356
nte_06721.jpg	0.070788	0.5098	0.6944	155.5	138.4	0.8813	854	356
nte_06721.jpg	0.002152	0.3174	0.4489	35.0	18.7	0.5654	854	356
nte_06721.jpg	0.000828	0.3586	0.4451	19.3	13.0	0.3882	854	356
nte_06721.jpg	0.000545	0.3766	0.4423	15.5	10.7	0.2739	854	356
nte_06722.jpg	0.063232	0.5043	0.6803	152.5	126.1	0.8618	854	356
nte_06722.jpg	0.004825	0.2602	0.4723	56.4	26.0	0.8164	854	356
nte_06722.jpg	0.001529	0.3355	0.4554	29.0	16.0	0.4663	854	356
nte_06723.jpg	0.060357	0.5039	0.6737	151.1	121.4	0.8589	854	356
nte_06723.jpg	0.015172	0.1460	0.5004	113.3	40.7	0.8550	854	356
nte_06723.jpg	0.002937	0.3004	0.4638	39.4	22.7	0.7866	854	356
nte_06723.jpg	0.001268	0.3453	0.4526	25.7	15.0	0.3572	854	356
nte_06724.jpg	0.062259	0.5051	0.6822	152.1	124.4	0.8818	854	356
nte_06724.jpg	0.007545	0.2201	0.4835	70.9	32.4	0.8096	854	356
nte_06724.jpg	0.002478	0.3105	0.4582	37.0	20.3	0.7993	854	356
nte_06725.jpg	0.069102	0.5035	0.7028	152.1	138.1	0.8682	854	356
nte_06725.jpg	0.019873	0.0627	0.5304	107.2	56.4	0.8208	854	356
nte_06725.jpg	0.005148	0.2551	0.4723	57.2	27.4	0.7754	854	356
nte_06726.jpg	0.066823	0.5031	0.7000	153.8	132.1	0.8540	854	356
nte_06726.jpg	0.020649	0.1053	0.5051	130.7	48.0	0.8052	854	356
nte_06727.jpg	0.068193	0.5016	0.6972	153.5	135.1	0.8882	854	356
nte_06728.jpg	0.073476	0.5047	0.7131	156.5	142.8	0.8706	854	356
nte_06729.jpg	0.069958	0.5016	0.6990	159.8	133.1	0.8877	854	356
nte_06730.jpg	0.080078	0.5020	0.7215	161.5	150.8	0.8877	854	356
nte_06731.jpg	0.073523	0.5063	0.7065	161.5	138.4	0.8750	854	356
nte_06732.jpg	0.081595	0.4980	0.7159	172.1	144.1	0.8516	854	356
nte_06733.jpg	0.084454	0.5059	0.7272	164.5	156.1	0.8984	854	356
nte_06734.jpg	0.077681	0.5047	0.7122	165.8	142.4	0.8882	854	356
nte_06734.jpg	0.000325	0.4449	0.4310	12.3	8.0	0.3467	854	356
nte_06735.jpg	0.088682	0.4938	0.7197	180.8	149.1	0.8677	854	356
nte_06735.jpg	0.000494	0.4375	0.4357	15.0	10.0	0.3960	854	356
nte_06736.jpg	0.088552	0.4973	0.7300	168.1	160.1	0.8828	854	356
nte_06736.jpg	0.000745	0.4285	0.4376	18.3	12.3	0.4976	854	356
nte_06736.jpg	0.000372	0.5227	0.4498	11.7	9.7	0.2769	854	356
nte_06737.jpg	0.082783	0.4930	0.7159	171.5	146.8	0.8970	854	356
nte_06737.jpg	0.001453	0.4035	0.4423	27.0	16.3	0.5605	854	356
nte_06737.jpg	0.000372	0.4527	0.4292	11.7	9.7	0.2549	854	356
nte_06738.jpg	0.087265	0.4961	0.7225	170.3	155.8	0.8882	854	356
nte_06738.jpg	0.000329	0.4418	0.4329	12.0	8.3	0.3721	854	356
nte_06738.jpg	0.000598	0.5344	0.4638	14.3	12.7	0.2756	854	356
nte_06739.jpg	0.086294	0.4980	0.7178	171.0	153.5	0.8433	854	356
nte_06739.jpg	0.010247	0.2771	0.4620	84.9	36.7	0.7593	854	356
nte_06739.jpg	0.000348	0.4828	0.4301	11.3	9.3	0.4187	854	356
nte_06739.jpg	0.000409	0.4328	0.4339	14.3	8.7	0.3831	854	356
nte_06740.jpg	0.082003	0.5039	0.7225	169.5	147.1	0.8965	854	356
nte_06740.jpg	0.000405	0.4285	0.4348	13.7	9.0	0.6753	854	356
nte_06740.jpg	0.000685	0.4898	0.4695	16.0	13.0	0.2949	854	356
nte_06741.jpg	0.090200	0.5031	0.7356	168.8	162.5	0.8784	854	356
nte_06741.jpg	0.000415	0.4258	0.4339	14.0	9.0	0.5176	854	356
nte_06742.jpg	0.089369	0.5020	0.7019	171.5	158.5	0.8511	854	356
nte_06742.jpg	0.000616	0.4187	0.4348	17.0	11.0	0.6670	854	356
nte_06743.jpg	0.082767	0.4980	0.7112	173.8	144.8	0.8569	854	356
nte_06743.jpg	0.000835	0.4027	0.4367	19.5	13.0	0.6694	854	356
nte_06744.jpg	0.082435	0.4992	0.7056	171.1	146.4	0.7773	854	356
nte_06744.jpg	0.001318	0.3799	0.4376	25.0	16.0	0.7075	854	356
nte_06744.jpg	0.000723	0.4676	0.4376	15.7	14.0	0.3855	854	356
nte_06744.jpg	0.000395	0.4805	0.4292	12.0	10.0	0.2781	854	356
nte_06745.jpg	0.083510	0.4977	0.7150	171.8	147.8	0.8569	854	356
nte_06745.jpg	0.002344	0.3441	0.4414	35.0	20.3	0.7705	854	356
nte_06746.jpg	0.078867	0.4848	0.7056	171.1	140.1	0.8462	854	356
nte_06746.jpg	0.004847	0.2793	0.4489	53.9	27.4	0.8267	854	356
nte_06747.jpg	0.083773	0.4895	0.7309	170.8	149.1	0.8506	854	356
nte_06747.jpg	0.015058	0.1270	0.4638	108.9	42.0	0.5605	854	356
nte_06748.jpg	0.077693	0.4980	0.7122	169.8	139.1	0.8730	854	356
nte_06748.jpg	0.000395	0.3799	0.4320	13.3	9.0	0.2812	854	356
nte_06749.jpg	0.078501	0.5047	0.7094	169.1	141.1	0.8584	854	356
nte_06749.jpg	0.000381	0.3691	0.4310	13.3	8.7	0.3667	854	356
nte_06750.jpg	0.084214	0.5063	0.7234	169.8	150.8	0.8882	854	356
nte_06750.jpg	0.000426	0.3602	0.4357	15.5	8.3	0.3408	854	356
nte_06750.jpg	0.000610	0.4047	0.4329	16.8	11.0	0.2622	854	356
nte_06751.jpg	0.080428	0.5059	0.7122	172.5	141.8	0.8633	854	356
nte_06751.jpg	0.000364	0.3963	0.4329	11.8	9.3	0.3250	854	356
nte_06752.jpg	0.077791	0.5074	0.7122	168.8	140.1	0.8804	854	356
nte_06752.jpg	0.000567	0.3898	0.4357	16.7	10.3	0.4556	854	356
nte_06752.jpg	0.000441	0.4105	0.4292	14.3	9.3	0.3569	854	356
nte_06753.jpg	0.080595	0.5035	0.7187	168.5	145.4	0.8594	854	356
nte_06753.jpg	0.000579	0.3779	0.4367	17.0	10.3	0.4136	854	356
nte_06753.jpg	0.000376	0.4090	0.4301	12.7	9.0	0.3679	854	356
nte_06753.jpg	0.000800	0.3121	0.4442	19.2	12.7	0.3594	854	356
nte_06754.jpg	0.077944	0.5023	0.7094	169.1	140.1	0.8721	854	356
nte_06754.jpg	0.002814	0.2805	0.4414	38.9	22.0	0.7061	854	356
nte_06754.jpg	0.000446	0.4020	0.4282	14.0	9.7	0.5752	854	356
nte_06754.jpg	0.000981	0.3537	0.4395	23.5	12.7	0.2883	854	356
nte_06755.jpg	0.078376	0.5008	0.7103	168.5	141.4	0.8711	854	356
nte_06755.jpg	0.005000	0.2172	0.4498	57.0	26.7	0.6562	854	356
nte_06755.jpg	0.000551	0.3898	0.4273	15.7	10.7	0.5112	854	356
nte_06755.jpg	0.001314	0.3207	0.4460	28.5	14.0	0.3293	854	356
nte_06756.jpg	0.079458	0.5008	0.7065	168.8	143.1	0.8145	854	356
nte_06756.jpg	0.014218	0.0726	0.4620	104.5	41.4	0.7554	854	356
nte_06756.jpg	0.034895	0.4652	0.5435	123.3	86.1	0.7456	854	356
nte_06756.jpg	0.000820	0.3613	0.4320	21.4	11.7	0.4438	854	356
nte_06757.jpg	0.097271	0.5012	0.6634	172.5	171.5	0.7598	854	356
nte_06757.jpg	0.000900	0.3383	0.4348	24.9	11.0	0.3325	854	356
nte_06757.jpg	0.000520	0.3652	0.4245	16.3	9.7	0.3232	854	356
nte_06758.jpg	0.084606	0.5000	0.6953	169.5	151.8	0.7993	854	356
nte_06758.jpg	0.000613	0.3492	0.4226	18.0	10.3	0.4768	854	356
nte_06758.jpg	0.031222	0.4609	0.5435	111.6	85.1	0.4648	854	356
nte_06759.jpg	0.103037	0.4992	0.6812	172.3	181.8	0.8359	854	356
nte_06759.jpg	0.003887	0.3355	0.3945	39.4	30.0	0.6392	854	356
nte_06759.jpg	0.001794	0.4105	0.4432	28.7	19.0	0.3296	854	356
nte_06760.jpg	0.079458	0.5012	0.7169	168.8	143.1	0.8608	854	356
nte_06760.jpg	0.005762	0.3139	0.3983	53.0	33.0	0.6265	854	356
nte_06760.jpg	0.010869	0.1031	0.4732	101.1	32.7	0.4983	854	356
nte_06760.jpg	0.030619	0.4594	0.5491	106.9	87.1	0.4980	854	356
nte_06761.jpg	0.081218	0.5012	0.7112	167.5	147.4	0.8359	854	356
nte_06761.jpg	0.029517	0.4574	0.5501	105.1	85.4	0.5449	854	356
nte_06762.jpg	0.079637	0.5016	0.7075	166.5	145.4	0.8179	854	356
nte_06762.jpg	0.029919	0.4625	0.5576	114.1	79.7	0.5322	854	356
nte_06762.jpg	0.000929	0.2258	0.4460	23.5	12.0	0.5269	854	356
nte_06763.jpg	0.076824	0.5016	0.7009	165.1	141.4	0.7896	854	356
nte_06763.jpg	0.001115	0.1672	0.4535	24.2	14.0	0.3801	854	356
nte_06764.jpg	0.086404	0.4988	0.6681	166.1	158.1	0.7969	854	356
nte_06765.jpg	0.082094	0.4996	0.6616	164.8	151.5	0.8091	854	356
nte_06765.jpg	0.009010	0.0493	0.4704	82.9	33.0	0.4905	854	356
nte_06765.jpg	0.000652	0.3891	0.4376	16.5	12.0	0.3201	854	356
nte_06766.jpg	0.068618	0.5008	0.6878	159.1	131.1	0.8242	854	356
nte_06766.jpg	0.000692	0.3842	0.4376	17.5	12.0	0.2871	854	356
nte_06767.jpg	0.070302	0.5012	0.6878	161.8	132.1	0.8369	854	356
nte_06768.jpg	0.078748	0.5004	0.7000	166.1	144.1	0.8057	854	356
nte_06769.jpg	0.080350	0.4996	0.7122	172.3	141.8	0.8574	854	356
nte_06770.jpg	0.087630	0.5000	0.7318	177.5	150.1	0.9028	854	356
nte_06771.jpg	0.096836	0.5000	0.7506	183.5	160.5	0.8726	854	356
nte_06772.jpg	0.109620	0.5078	0.7581	201.8	165.1	0.8535	854	356
nte_06773.jpg	0.104818	0.5012	0.7609	193.0	165.1	0.8950	854	356
nte_06774.jpg	0.104878	0.5008	0.7628	192.3	165.8	0.9038	854	356
nte_06775.jpg	0.100628	0.5012	0.7562	188.3	162.5	0.8931	854	356
nte_06776.jpg	0.098156	0.5004	0.7525	186.0	160.5	0.8916	854	356
nte_06777.jpg	0.096582	0.5004	0.7506	184.1	159.5	0.8926	854	356
nte_06778.jpg	0.093761	0.5008	0.7468	183.0	155.8	0.8911	854	356
nte_06779.jpg	0.119108	0.5457	0.7281	253.0	143.1	0.8936	854	356
nte_06780.jpg	0.001179	0.9023	0.3795	23.4	15.3	0.6792	854	356
nte_06780.jpg	0.000652	0.8422	0.3739	18.0	11.0	0.6084	854	356
nte_06780.jpg	0.001168	0.8695	0.3833	25.4	14.0	0.5337	854	356
nte_06781.jpg	0.001482	0.8875	0.3823	29.4	15.3	0.6274	854	356
nte_06781.jpg	0.001120	0.9242	0.3795	22.7	15.0	0.5767	854	356
nte_06781.jpg	0.000590	0.8602	0.3720	17.3	10.3	0.5669	854	356
nte_06782.jpg	0.001199	0.8844	0.3795	26.0	14.0	0.6938	854	356
nte_06782.jpg	0.000562	0.8586	0.3711	16.0	10.7	0.6299	854	356
nte_06782.jpg	0.000966	0.9195	0.3786	22.0	13.3	0.5107	854	356
nte_06783.jpg	0.001219	0.8828	0.3814	24.7	15.0	0.6694	854	356
nte_06783.jpg	0.000567	0.8586	0.3711	16.7	10.3	0.6094	854	356
nte_06783.jpg	0.001015	0.9180	0.3767	22.0	14.0	0.5176	854	356
nte_06783.jpg	0.120022	0.4785	0.7112	246.4	148.1	0.3152	854	356
nte_06784.jpg	0.001219	0.8906	0.3814	24.7	15.0	0.7290	854	356
nte_06784.jpg	0.119889	0.4797	0.7094	250.0	145.8	0.5981	854	356
nte_06784.jpg	0.001015	0.9266	0.3758	22.0	14.0	0.5557	854	356
nte_06784.jpg	0.000527	0.8672	0.3711	16.0	10.0	0.4998	854	356
nte_06785.jpg	0.001219	0.8953	0.3804	24.7	15.0	0.7192	854	356
nte_06785.jpg	0.001039	0.9320	0.3786	22.0	14.3	0.6763	854	356
nte_06785.jpg	0.000556	0.8727	0.3692	15.3	11.0	0.5654	854	356
nte_06785.jpg	0.120049	0.4785	0.7094	250.4	145.8	0.5083	854	356
nte_06785.jpg	0.000548	0.7930	0.3626	14.7	11.3	0.2551	854	356
nte_06786.jpg	0.127839	0.4797	0.6972	272.2	142.8	0.3916	854	356
nte_06787.jpg	0.121986	0.4906	0.6859	311.4	119.1	0.8022	854	356
nte_06787.jpg	0.038496	0.3490	0.6222	156.6	74.7	0.5713	854	356
nte_06787.jpg	0.004356	0.6289	0.5622	58.4	22.7	0.3696	854	356
nte_06788.jpg	0.121739	0.4941	0.6841	313.4	118.1	0.8799	854	356
nte_06788.jpg	0.005341	0.6379	0.5669	64.1	25.4	0.3335	854	356
nte_06789.jpg	0.120191	0.4945	0.6812	316.6	115.4	0.8418	854	356
nte_06789.jpg	0.031711	0.3555	0.6175	147.4	65.4	0.3606	854	356
nte_06790.jpg	0.121437	0.4949	0.6812	314.4	117.4	0.8979	854	356
nte_06790.jpg	0.032211	0.3547	0.6185	146.8	66.7	0.4929	854	356
nte_06791.jpg	0.121566	0.4941	0.6812	314.7	117.4	0.8999	854	356
nte_06791.jpg	0.032342	0.3547	0.6194	148.1	66.4	0.6265	854	356
nte_06792.jpg	0.000711	0.3305	0.5407	17.5	12.3	0.5591	854	356
nte_06793.jpg	0.000634	0.3285	0.5379	17.5	11.0	0.4465	854	356
nte_06795.jpg	0.000676	0.3207	0.5332	22.0	9.3	0.3328	854	356
nte_06796.jpg	0.206345	0.7957	0.7440	347.6	180.5	0.6821	854	356
nte_06796.jpg	0.000658	0.3189	0.5332	20.7	9.7	0.3171	854	356
nte_06797.jpg	0.230604	0.7816	0.7365	373.3	187.8	0.9038	854	356
nte_06797.jpg	0.000534	0.3141	0.5313	18.0	9.0	0.3977	854	356
nte_06798.jpg	0.234689	0.7820	0.7309	372.6	191.5	0.9224	854	356
nte_06798.jpg	0.000603	0.3094	0.5304	20.3	9.0	0.4248	854	356
nte_06799.jpg	0.262316	0.7582	0.7272	414.3	192.5	0.8994	854	356
nte_06799.jpg	0.001006	0.1486	0.5079	27.8	11.0	0.4463	854	356
nte_06799.jpg	0.000483	0.1793	0.4966	16.9	8.7	0.2600	854	356
nte_06800.jpg	0.356245	0.5379	0.7169	538.4	201.2	0.9077	854	356
nte_06801.jpg	0.362090	0.5332	0.7131	540.1	203.8	0.9106	854	356
nte_06801.jpg	0.027238	0.7336	0.5576	159.1	52.0	0.2915	854	356
nte_06802.jpg	0.433058	0.3758	0.7047	643.8	204.5	0.9253	854	356
nte_06802.jpg	0.013512	0.6617	0.5304	107.1	38.4	0.4646	854	356
nte_06803.jpg	0.380583	0.3133	0.7009	539.4	214.5	0.6699	854	356
nte_06804.jpg	0.371779	0.3090	0.7019	529.4	213.5	0.7158	854	356
nte_06805.jpg	0.373160	0.3064	0.7000	528.1	214.8	0.7456	854	356
nte_06806.jpg	0.404236	0.3313	0.6934	566.8	216.8	0.5859	854	356
nte_06807.jpg	0.372360	0.3072	0.7000	529.4	213.8	0.7334	854	356
nte_06808.jpg	0.384478	0.3141	0.6990	537.4	217.5	0.7617	854	356
nte_06809.jpg	0.374116	0.3070	0.6990	531.1	214.2	0.7432	854	356
nte_06810.jpg	0.379398	0.3121	0.7000	534.4	215.8	0.7461	854	356
nte_06811.jpg	0.384134	0.3150	0.7009	541.1	215.8	0.8174	854	356
nte_06812.jpg	0.388533	0.3186	0.6981	544.8	216.8	0.7437	854	356
nte_06813.jpg	0.403704	0.3320	0.7000	567.8	216.2	0.7646	854	356
nte_06814.jpg	0.381369	0.3061	0.6962	527.4	219.8	0.6455	854	356
nte_06815.jpg	0.385983	0.3127	0.6953	535.4	219.2	0.6499	854	356
nte_06816.jpg	0.378136	0.3064	0.6962	527.7	217.8	0.6948	854	356
nte_06817.jpg	0.148075	0.5238	0.7422	262.0	171.8	0.4446	854	356
nte_06819.jpg	0.002102	0.6004	0.3345	33.0	19.3	0.7144	854	356
nte_06820.jpg	0.002600	0.5918	0.3373	35.4	22.4	0.7080	854	356
nte_06821.jpg	0.003386	0.5781	0.3439	41.7	24.7	0.7998	854	356
nte_06822.jpg	0.004092	0.5676	0.3505	46.0	27.0	0.7827	854	356
nte_06823.jpg	0.004565	0.5484	0.3608	48.4	28.7	0.7979	854	356
nte_06824.jpg	0.006026	0.5250	0.3720	56.0	32.7	0.8257	854	356
nte_06825.jpg	0.007511	0.5051	0.3842	63.4	36.0	0.8452	854	356
nte_06826.jpg	0.007700	0.5031	0.3861	64.4	36.4	0.8438	854	356
nte_06827.jpg	0.011315	0.4793	0.3973	74.7	46.0	0.8198	854	356
nte_06827.jpg	0.093317	0.4871	0.7028	197.3	143.8	0.3469	854	356
nte_06828.jpg	0.017439	0.4094	0.4339	96.9	54.7	0.8623	854	356
nte_06829.jpg	0.056716	0.1913	0.5501	179.5	96.1	0.8896	854	356
nte_06829.jpg	0.084970	0.5121	0.6934	172.5	149.8	0.5444	854	356
nte_06830.jpg	0.090066	0.0984	0.6719	168.5	162.5	0.8394	854	356
nte_06830.jpg	0.074191	0.5152	0.6869	166.1	135.8	0.4265	854	356
nte_06830.jpg	0.000299	0.4051	0.3655	11.3	8.0	0.2576	854	356
nte_06831.jpg	0.075134	0.5152	0.6841	165.8	137.8	0.5122	854	356
nte_06831.jpg	0.050333	0.0598	0.7600	102.2	149.8	0.4038	854	356
nte_06831.jpg	0.000286	0.4051	0.3655	11.3	7.7	0.2522	854	356
nte_06832.jpg	0.070020	0.5164	0.6953	156.8	135.8	0.4443	854	356
nte_06833.jpg	0.084242	0.5020	0.6869	165.5	154.8	0.5103	854	356
nte_06834.jpg	0.083562	0.5004	0.6831	164.1	154.8	0.3694	854	356
nte_06835.jpg	0.085117	0.5016	0.6831	166.5	155.5	0.2883	854	356
nte_06837.jpg	0.089530	0.5016	0.6887	175.5	155.1	0.4719	854	356
nte_06838.jpg	0.089441	0.5016	0.6897	173.8	156.5	0.4995	854	356
nte_06839.jpg	0.089544	0.4988	0.6897	176.6	154.1	0.5015	854	356
nte_06840.jpg	0.088240	0.5023	0.6869	171.5	156.5	0.4260	854	356
nte_06841.jpg	0.087880	0.5023	0.6850	171.1	156.1	0.4421	854	356
nte_06842.jpg	0.087334	0.5023	0.6850	170.8	155.5	0.4353	854	356
nte_06843.jpg	0.087940	0.5027	0.6822	169.8	157.5	0.3464	854	356
nte_06844.jpg	0.094797	0.4918	0.6850	187.8	153.5	0.3157	854	356
nte_06845.jpg	0.084625	0.5027	0.6869	169.1	152.1	0.3669	854	356
nte_06846.jpg	0.085199	0.5031	0.6859	168.8	153.5	0.3416	854	356
nte_06847.jpg	0.096713	0.5145	0.6756	202.2	145.4	0.8501	854	356
nte_06847.jpg	0.002337	0.9406	0.6634	38.0	18.7	0.3503	854	356
nte_06848.jpg	0.099206	0.4957	0.6859	239.2	126.1	0.8975	854	356
nte_06849.jpg	0.096392	0.4922	0.6794	240.0	122.1	0.9014	854	356
nte_06850.jpg	0.097326	0.4910	0.6709	245.0	120.8	0.9014	854	356
nte_06850.jpg	0.032222	0.9539	0.6700	78.7	124.4	0.4370	854	356
nte_06851.jpg	0.138244	0.8633	0.4685	234.2	179.5	0.9214	854	356
nte_06851.jpg	0.103019	0.4934	0.6737	241.4	129.8	0.8940	854	356
nte_06851.jpg	0.000393	0.6465	0.5219	14.3	8.3	0.3035	854	356
nte_06851.jpg	0.000879	0.0144	0.6044	23.6	11.3	0.2620	854	356
nte_06852.jpg	0.137347	0.8609	0.4676	237.5	175.8	0.9326	854	356
nte_06852.jpg	0.103090	0.4930	0.6737	241.5	129.8	0.8979	854	356
nte_06852.jpg	0.000314	0.6422	0.5238	13.0	7.3	0.3191	854	356
nte_06853.jpg	0.136768	0.8617	0.4676	236.5	175.8	0.9331	854	356
nte_06853.jpg	0.103498	0.4930	0.6737	241.9	130.1	0.8970	854	356
nte_06853.jpg	0.000314	0.6418	0.5238	13.0	7.3	0.2852	854	356
nte_06854.jpg	0.136898	0.8617	0.4667	236.5	176.0	0.9312	854	356
nte_06854.jpg	0.103426	0.4930	0.6728	241.7	130.1	0.8965	854	356
nte_06854.jpg	0.000314	0.6418	0.5238	13.0	7.3	0.3040	854	356
nte_06855.jpg	0.136898	0.8617	0.4667	236.5	176.0	0.9312	854	356
nte_06855.jpg	0.103303	0.4930	0.6737	242.0	129.8	0.8965	854	356
nte_06855.jpg	0.000314	0.6418	0.5238	13.0	7.3	0.3040	854	356
nte_06856.jpg	0.096678	0.4926	0.6625	248.2	118.4	0.9136	854	356
nte_06856.jpg	0.060554	0.9094	0.6447	155.5	118.4	0.5112	854	356
nte_06861.jpg	0.067161	0.5117	0.6850	146.8	139.1	0.7388	854	356
nte_06862.jpg	0.062434	0.5086	0.6653	138.4	137.1	0.8232	854	356
nte_06862.jpg	0.003338	0.4559	0.3739	38.0	26.7	0.3813	854	356
nte_06863.jpg	0.061593	0.5086	0.6522	142.1	131.8	0.8809	854	356
nte_06864.jpg	0.060562	0.5066	0.6466	140.4	131.1	0.8833	854	356
nte_06865.jpg	0.057179	0.5047	0.6381	136.8	127.1	0.8740	854	356
nte_06866.jpg	0.054728	0.5039	0.6316	134.4	123.8	0.8701	854	356
nte_06867.jpg	0.052640	0.5023	0.6278	131.4	121.8	0.8604	854	356
nte_06868.jpg	0.049311	0.5012	0.6156	128.8	116.4	0.8579	854	356
nte_06868.jpg	0.062986	0.8570	0.4667	241.2	79.4	0.2896	854	356
nte_06869.jpg	0.049979	0.5020	0.6194	129.8	117.1	0.8735	854	356
nte_06870.jpg	0.048251	0.5023	0.6147	130.1	112.8	0.8770	854	356
nte_06871.jpg	0.047210	0.5016	0.6138	128.4	111.8	0.8535	854	356
nte_06872.jpg	0.046283	0.5023	0.6128	127.4	110.4	0.8228	854	356
nte_06873.jpg	0.041509	0.5016	0.6231	126.1	100.1	0.8457	854	356
nte_06873.jpg	0.000400	0.4289	0.3373	13.0	9.3	0.3093	854	356
nte_06874.jpg	0.044209	0.5020	0.6231	127.1	105.7	0.8477	854	356
nte_06874.jpg	0.000369	0.4289	0.3373	12.0	9.3	0.2686	854	356
nte_06875.jpg	0.047681	0.5016	0.6128	127.4	113.8	0.8604	854	356
nte_06876.jpg	0.046121	0.5016	0.6119	125.1	112.1	0.8745	854	356
nte_06876.jpg	0.000993	0.5008	0.3242	19.7	15.3	0.2898	854	356
nte_06876.jpg	0.000417	0.4289	0.3392	12.7	10.0	0.2781	854	356
nte_06877.jpg	0.047172	0.5020	0.6203	129.1	111.1	0.8452	854	356
nte_06877.jpg	0.000417	0.4297	0.3448	12.7	10.0	0.2715	854	356
nte_06878.jpg	0.049042	0.5012	0.6166	128.4	116.1	0.8589	854	356
nte_06878.jpg	0.000483	0.4293	0.3570	13.3	11.0	0.2542	854	356
nte_06879.jpg	0.051094	0.5020	0.6100	130.4	119.1	0.8662	854	356
nte_06879.jpg	0.000525	0.4289	0.3626	13.7	11.7	0.5068	854	356
nte_06880.jpg	0.043766	0.5008	0.6231	127.4	104.4	0.8242	854	356
nte_06880.jpg	0.000740	0.4348	0.3683	15.7	14.3	0.4629	854	356
nte_06881.jpg	0.040812	0.4996	0.6260	120.8	102.7	0.8296	854	356
nte_06881.jpg	0.000846	0.4398	0.3786	18.3	14.0	0.5425	854	356
nte_06882.jpg	0.041322	0.5020	0.6222	118.4	106.1	0.8447	854	356
nte_06882.jpg	0.000821	0.4234	0.3908	19.7	12.7	0.2676	854	356
nte_06883.jpg	0.044920	0.5031	0.6156	120.8	113.1	0.8574	854	356
nte_06883.jpg	0.001482	0.4164	0.4039	25.0	18.0	0.7373	854	356
nte_06884.jpg	0.041667	0.5000	0.6344	124.1	102.1	0.8330	854	356
nte_06884.jpg	0.002295	0.4195	0.4189	31.7	22.0	0.7729	854	356
nte_06884.jpg	0.005728	0.4879	0.4676	54.4	32.0	0.3408	854	356
nte_06885.jpg	0.042165	0.4984	0.6353	124.8	102.7	0.8706	854	356
nte_06885.jpg	0.003977	0.3965	0.4348	44.2	27.4	0.8047	854	356
nte_06886.jpg	0.011618	0.3430	0.4723	76.7	46.0	0.8486	854	356
nte_06886.jpg	0.043573	0.5004	0.6344	128.1	103.4	0.8394	854	356
nte_06887.jpg	0.041096	0.4984	0.6288	124.4	100.4	0.8589	854	356
nte_06887.jpg	0.086724	0.1520	0.6250	243.2	108.4	0.3928	854	356
nte_06888.jpg	0.042182	0.4988	0.6175	119.8	107.1	0.8398	854	356
nte_06889.jpg	0.039614	0.4992	0.6372	118.8	101.4	0.8423	854	356
nte_06889.jpg	0.003664	0.2156	0.4142	59.6	18.7	0.2605	854	356
nte_06890.jpg	0.041427	0.5012	0.6363	125.4	100.4	0.8633	854	356
nte_06890.jpg	0.001811	0.7531	0.4189	32.4	17.0	0.3342	854	356
nte_06891.jpg	0.041589	0.4996	0.6353	126.8	99.7	0.8560	854	356
nte_06891.jpg	0.001118	0.7297	0.4357	23.7	14.3	0.5728	854	356
nte_06891.jpg	0.001239	0.7578	0.4282	24.0	15.7	0.3987	854	356
nte_06891.jpg	0.051378	0.9289	0.3598	122.1	127.9	0.3647	854	356
nte_06891.jpg	0.000714	0.8063	0.4132	25.0	8.7	0.3230	854	356
nte_06891.jpg	0.000430	0.4473	0.3917	14.0	9.3	0.3062	854	356
nte_06892.jpg	0.041109	0.5004	0.6363	127.4	98.1	0.8794	854	356
nte_06892.jpg	0.002700	0.7820	0.4498	41.7	19.7	0.5112	854	356
nte_06892.jpg	0.002996	0.8734	0.4423	44.0	20.7	0.3977	854	356
nte_06893.jpg	0.043620	0.5016	0.6344	130.8	101.4	0.8281	854	356
nte_06893.jpg	0.005147	0.8578	0.4723	52.7	29.7	0.5737	854	356
nte_06893.jpg	0.004294	0.9734	0.4638	46.0	28.4	0.5054	854	356
nte_06894.jpg	0.042927	0.5023	0.6344	127.4	102.4	0.8271	854	356
nte_06894.jpg	0.004902	0.9406	0.5426	62.0	24.0	0.3936	854	356
nte_06895.jpg	0.041755	0.5008	0.6522	129.4	98.1	0.8916	854	356
nte_06896.jpg	0.041720	0.5020	0.6513	129.8	97.7	0.8696	854	356
nte_06897.jpg	0.044177	0.5008	0.6503	132.4	101.4	0.8130	854	356
nte_06898.jpg	0.045322	0.5023	0.6550	134.1	102.7	0.8696	854	356
nte_06898.jpg	0.012664	0.4980	0.4920	93.1	41.4	0.5366	854	356
nte_06899.jpg	0.047852	0.4992	0.6616	139.8	104.1	0.8574	854	356
nte_06900.jpg	0.045096	0.4977	0.6597	133.4	102.7	0.8677	854	356
nte_06900.jpg	0.000302	0.4539	0.3683	11.0	8.3	0.2607	854	356
nte_06901.jpg	0.055899	0.4977	0.6288	134.8	126.1	0.7573	854	356
nte_06902.jpg	0.048948	0.4980	0.6588	134.8	110.4	0.8364	854	356
nte_06902.jpg	0.000515	0.4488	0.3551	14.7	10.7	0.2937	854	356
nte_06903.jpg	0.048073	0.5000	0.6203	123.8	118.1	0.8398	854	356
nte_06903.jpg	0.000531	0.4395	0.3589	14.7	11.0	0.3787	854	356
nte_06904.jpg	0.045602	0.5023	0.6550	131.1	105.7	0.8740	854	356
nte_06904.jpg	0.001202	0.4250	0.3655	22.4	16.3	0.7085	854	356
nte_06905.jpg	0.043122	0.4988	0.6522	132.8	98.7	0.8315	854	356
nte_06905.jpg	0.001839	0.4125	0.3739	26.2	21.4	0.7983	854	356
nte_06906.jpg	0.003398	0.4148	0.3983	36.9	28.0	0.8242	854	356
nte_06906.jpg	0.053052	0.5000	0.6175	132.1	122.1	0.7754	854	356
nte_06907.jpg	0.044136	0.5000	0.6447	128.1	104.7	0.8491	854	356
nte_06907.jpg	0.008691	0.3936	0.4357	61.9	42.7	0.8159	854	356
nte_06907.jpg	0.000461	0.4531	0.3748	14.0	10.0	0.4622	854	356
nte_06908.jpg	0.048660	0.4988	0.6175	127.4	116.1	0.8672	854	356
nte_06908.jpg	0.037734	0.2984	0.5229	138.1	83.1	0.8618	854	356
nte_06908.jpg	0.000548	0.4500	0.3776	14.7	11.3	0.4668	854	356
nte_06909.jpg	0.043998	0.5008	0.6494	129.8	103.1	0.8394	854	356
nte_06909.jpg	0.000825	0.4453	0.3842	18.3	13.7	0.6221	854	356
nte_06910.jpg	0.046705	0.4984	0.6213	124.1	114.4	0.8462	854	356
nte_06910.jpg	0.000821	0.4496	0.3954	19.7	12.7	0.4478	854	356
nte_06911.jpg	0.044276	0.4996	0.6335	128.1	105.1	0.8594	854	356
nte_06911.jpg	0.001186	0.4641	0.4057	24.0	15.0	0.3184	854	356
nte_06912.jpg	0.045383	0.4980	0.6241	126.1	109.4	0.8530	854	356
nte_06912.jpg	0.002551	0.4418	0.4245	33.7	23.0	0.7725	854	356
nte_06913.jpg	0.048478	0.5000	0.6260	128.4	114.8	0.8535	854	356
nte_06913.jpg	0.009253	0.3979	0.4592	65.9	42.7	0.8433	854	356
nte_06914.jpg	0.076545	0.2369	0.5913	213.3	109.1	0.9189	854	356
nte_06914.jpg	0.042871	0.5000	0.6391	128.1	101.7	0.8613	854	356
nte_06914.jpg	0.000684	0.3955	0.3908	18.3	11.3	0.3022	854	356
nte_06915.jpg	0.042529	0.5016	0.6381	128.8	100.4	0.8540	854	356
nte_06915.jpg	0.000450	0.3979	0.3889	13.7	10.0	0.3889	854	356
nte_06916.jpg	0.040740	0.5023	0.6381	123.8	100.1	0.8828	854	356
nte_06916.jpg	0.000672	0.4031	0.3889	18.0	11.3	0.6743	854	356
nte_06917.jpg	0.042780	0.5020	0.6325	129.1	100.7	0.8594	854	356
nte_06917.jpg	0.000718	0.4090	0.3936	17.7	12.3	0.6133	854	356
nte_06918.jpg	0.043977	0.5012	0.6306	126.4	105.7	0.8408	854	356
nte_06918.jpg	0.000757	0.4078	0.3983	17.7	13.0	0.6558	854	356
nte_06919.jpg	0.039898	0.4969	0.6297	122.4	99.1	0.8813	854	356
nte_06919.jpg	0.001202	0.4094	0.4029	22.4	16.3	0.7456	854	356
nte_06920.jpg	0.050451	0.5008	0.6222	128.4	119.4	0.8193	854	356
nte_06920.jpg	0.001872	0.3965	0.4123	27.5	20.7	0.7632	854	356
nte_06921.jpg	0.039710	0.5004	0.6335	123.1	98.1	0.8872	854	356
nte_06921.jpg	0.004660	0.3656	0.4395	44.7	31.7	0.7705	854	356
nte_06921.jpg	0.001002	0.3809	0.3983	19.8	15.3	0.6333	854	356
nte_06922.jpg	0.028209	0.2926	0.5323	113.8	75.4	0.8896	854	356
nte_06922.jpg	0.046439	0.4992	0.6400	131.4	107.4	0.8643	854	356
nte_06922.jpg	0.001937	0.3668	0.4067	28.0	21.0	0.7524	854	356
nte_06922.jpg	0.000786	0.3756	0.3720	18.8	12.7	0.3811	854	356
nte_06923.jpg	0.041913	0.4957	0.6185	122.4	104.1	0.8501	854	356
nte_06923.jpg	0.004134	0.4098	0.4170	41.9	30.0	0.8184	854	356
nte_06923.jpg	0.081983	0.1040	0.8012	177.5	140.4	0.6807	854	356
nte_06923.jpg	0.000431	0.4551	0.3626	12.7	10.3	0.2947	854	356
nte_06924.jpg	0.013021	0.3627	0.4676	76.6	51.7	0.8652	854	356
nte_06924.jpg	0.043204	0.4973	0.6353	123.4	106.4	0.8530	854	356
nte_06924.jpg	0.000389	0.4555	0.3655	12.7	9.3	0.3582	854	356
nte_06925.jpg	0.040638	0.5027	0.6316	121.4	101.7	0.8125	854	356
nte_06925.jpg	0.000504	0.4559	0.3645	14.3	10.7	0.3889	854	356
nte_06925.jpg	0.000609	0.4398	0.3711	15.0	12.3	0.3269	854	356
nte_06925.jpg	0.159712	0.1512	0.7300	258.5	187.8	0.2769	854	356
nte_06926.jpg	0.043391	0.4980	0.6203	122.4	107.8	0.8252	854	356
nte_06926.jpg	0.000454	0.4473	0.3683	13.3	10.3	0.3970	854	356
nte_06926.jpg	0.000461	0.4535	0.3664	14.0	10.0	0.3538	854	356
nte_06927.jpg	0.044452	0.4977	0.6147	122.8	110.1	0.8794	854	356
nte_06928.jpg	0.040718	0.4973	0.6203	120.1	103.1	0.8545	854	356
nte_06929.jpg	0.041837	0.4977	0.6278	121.4	104.7	0.8369	854	356
nte_06930.jpg	0.045086	0.4977	0.6175	123.8	110.8	0.8442	854	356
nte_06930.jpg	0.000644	0.4297	0.3889	14.7	13.3	0.4924	854	356
nte_06931.jpg	0.045493	0.4973	0.6166	123.8	111.8	0.8574	854	356
nte_06931.jpg	0.000657	0.4199	0.3936	15.3	13.0	0.5874	854	356
nte_06932.jpg	0.036897	0.4992	0.6278	116.8	96.1	0.8599	854	356
nte_06932.jpg	0.001027	0.4078	0.3992	20.3	15.3	0.7656	854	356
nte_06932.jpg	0.000404	0.3955	0.3701	10.5	11.7	0.2676	854	356
nte_06932.jpg	0.000340	0.4457	0.3692	10.7	9.7	0.2625	854	356
nte_06933.jpg	0.040699	0.4992	0.6288	120.4	102.7	0.8550	854	356
nte_06933.jpg	0.001620	0.3924	0.4095	25.0	19.7	0.7627	854	356
nte_06934.jpg	0.041951	0.4996	0.6325	125.8	101.4	0.8784	854	356
nte_06934.jpg	0.005448	0.3602	0.4451	48.2	34.4	0.8315	854	356
nte_06934.jpg	0.000398	0.4441	0.3720	11.3	10.7	0.3909	854	356
nte_06934.jpg	0.003640	0.4035	0.4273	39.0	28.4	0.2720	854	356
nte_06935.jpg	0.027545	0.2896	0.5397	113.6	73.7	0.8813	854	356
nte_06935.jpg	0.045096	0.5020	0.6381	128.4	106.7	0.8623	854	356
nte_06936.jpg	0.043216	0.5031	0.6353	125.4	104.7	0.8359	854	356
nte_06937.jpg	0.048196	0.5043	0.6400	133.1	110.1	0.8428	854	356
nte_06938.jpg	0.051410	0.5039	0.6503	139.4	112.1	0.8389	854	356
nte_06939.jpg	0.048893	0.5031	0.6522	135.4	109.8	0.8364	854	356
nte_06940.jpg	0.048335	0.5031	0.6409	131.1	112.1	0.8237	854	356
nte_06940.jpg	0.000439	0.3801	0.4264	13.3	10.0	0.2825	854	356
nte_06941.jpg	0.051572	0.4953	0.6372	132.8	118.1	0.8169	854	356
nte_06941.jpg	0.000435	0.4535	0.3889	13.7	9.7	0.4050	854	356
nte_06942.jpg	0.059995	0.4965	0.6091	131.4	138.8	0.7656	854	356
nte_06942.jpg	0.000738	0.4539	0.3645	16.0	14.0	0.4602	854	356
nte_06943.jpg	0.050261	0.5000	0.6297	132.8	115.1	0.6929	854	356
nte_06943.jpg	0.001228	0.4402	0.3514	20.3	18.3	0.6895	854	356
nte_06943.jpg	0.000584	0.4090	0.3570	17.2	10.3	0.2788	854	356
nte_06944.jpg	0.048394	0.4980	0.6344	130.1	113.1	0.8091	854	356
nte_06944.jpg	0.002284	0.4215	0.3551	26.7	26.0	0.7485	854	356
nte_06945.jpg	0.048697	0.5004	0.6372	129.8	114.1	0.8364	854	356
nte_06945.jpg	0.005007	0.3957	0.3701	40.0	38.0	0.7856	854	356
nte_06946.jpg	0.020268	0.3520	0.4226	84.7	72.7	0.8848	854	356
nte_06946.jpg	0.043509	0.5027	0.6503	130.4	101.4	0.8457	854	356
nte_06946.jpg	0.000922	0.4215	0.3270	21.0	13.3	0.2583	854	356
nte_06947.jpg	0.054792	0.4992	0.6250	132.1	126.1	0.8745	854	356
nte_06947.jpg	0.000249	0.4953	0.3036	11.3	6.7	0.5000	854	356
nte_06947.jpg	0.000395	0.4777	0.3074	15.0	8.0	0.3401	854	356
nte_06948.jpg	0.048742	0.4988	0.6138	124.4	119.1	0.8950	854	356
nte_06948.jpg	0.000545	0.4777	0.3064	16.0	10.3	0.3030	854	356
nte_06948.jpg	0.000403	0.4953	0.3045	14.7	8.3	0.2910	854	356
nte_06949.jpg	0.050636	0.4996	0.6372	131.1	117.4	0.8281	854	356
nte_06949.jpg	0.000345	0.4949	0.3074	13.7	7.7	0.3777	854	356
nte_06949.jpg	0.000269	0.4719	0.3045	11.7	7.0	0.3701	854	356
nte_06950.jpg	0.048765	0.5008	0.6147	121.4	122.1	0.8926	854	356
nte_06950.jpg	0.000533	0.4793	0.3102	15.7	10.3	0.4421	854	356
nte_06951.jpg	0.051430	0.5004	0.6185	128.8	121.4	0.8677	854	356
nte_06951.jpg	0.000527	0.4750	0.3130	16.0	10.0	0.3850	854	356
nte_06952.jpg	0.046590	0.5004	0.6269	123.4	114.8	0.8350	854	356
nte_06952.jpg	0.001276	0.4934	0.3186	28.4	13.7	0.3872	854	356
nte_06952.jpg	0.000966	0.5344	0.3317	22.0	13.3	0.3083	854	356
nte_06953.jpg	0.046956	0.5008	0.6278	124.8	114.4	0.8506	854	356
nte_06953.jpg	0.001006	0.5332	0.3186	22.4	13.7	0.3713	854	356
nte_06954.jpg	0.046895	0.5016	0.6147	121.8	117.1	0.8467	854	356
nte_06954.jpg	0.001611	0.5961	0.3289	26.7	18.3	0.4722	854	356
nte_06955.jpg	0.038723	0.5004	0.6363	118.4	99.4	0.8262	854	356
nte_06955.jpg	0.003609	0.6062	0.3476	48.4	22.7	0.3115	854	356
nte_06956.jpg	0.052298	0.5008	0.6147	127.1	125.1	0.8774	854	356
nte_06956.jpg	0.009017	0.6695	0.3833	75.4	36.4	0.4736	854	356
nte_06957.jpg	0.053039	0.4965	0.6147	138.1	116.8	0.8291	854	356
nte_06958.jpg	0.046329	0.4984	0.6260	123.1	114.4	0.8306	854	356
nte_06958.jpg	0.000664	0.5402	0.3158	18.3	11.0	0.3601	854	356
nte_06959.jpg	0.041970	0.4973	0.6185	121.4	105.1	0.7876	854	356
nte_06959.jpg	0.000679	0.5453	0.3167	17.7	11.7	0.4963	854	356
nte_06960.jpg	0.046319	0.4996	0.6156	123.4	114.1	0.8291	854	356
nte_06960.jpg	0.000908	0.5453	0.3167	20.7	13.3	0.6338	854	356
nte_06961.jpg	0.056333	0.4965	0.5875	126.8	135.1	0.6367	854	356
nte_06962.jpg	0.047394	0.5008	0.6082	123.8	116.4	0.8550	854	356
nte_06962.jpg	0.000885	0.4770	0.3252	20.7	13.0	0.2917	854	356
nte_06963.jpg	0.045177	0.5008	0.6082	121.1	113.4	0.8398	854	356
nte_06963.jpg	0.000769	0.4699	0.3261	20.0	11.7	0.2761	854	356
nte_06963.jpg	0.000560	0.6371	0.3045	17.0	10.0	0.2751	854	356
nte_06964.jpg	0.041933	0.4980	0.6250	119.4	106.8	0.7676	854	356
nte_06964.jpg	0.000731	0.4461	0.3308	18.0	12.3	0.3044	854	356
nte_06965.jpg	0.042201	0.4984	0.6297	122.1	105.1	0.7900	854	356
nte_06965.jpg	0.004976	0.8625	0.2896	46.0	32.9	0.4263	854	356
nte_06965.jpg	0.000821	0.5543	0.3008	22.7	11.0	0.2563	854	356
nte_06966.jpg	0.042189	0.4984	0.6400	124.4	103.1	0.8262	854	356
nte_06966.jpg	0.003164	0.3947	0.3476	41.2	23.4	0.7412	854	356
nte_06966.jpg	0.000456	0.5457	0.2999	14.3	9.7	0.2849	854	356
nte_06966.jpg	0.000378	0.5660	0.3017	14.3	8.0	0.2766	854	356
nte_06967.jpg	0.040963	0.4988	0.6335	120.4	103.4	0.7920	854	356
nte_06967.jpg	0.007841	0.3326	0.3758	68.1	35.0	0.6436	854	356
nte_06967.jpg	0.000647	0.5438	0.2980	17.3	11.3	0.4927	854	356
nte_06968.jpg	0.049465	0.4984	0.6203	128.4	117.1	0.8237	854	356
nte_06968.jpg	0.000870	0.5273	0.2989	24.0	11.0	0.3435	854	356
nte_06969.jpg	0.046258	0.5027	0.6082	119.4	117.8	0.8525	854	356
nte_06969.jpg	0.001450	0.4805	0.3008	33.0	13.3	0.4453	854	356
nte_06970.jpg	0.040616	0.5027	0.6325	121.8	101.4	0.8540	854	356
nte_06970.jpg	0.002134	0.4578	0.3017	39.7	16.3	0.2815	854	356
nte_06971.jpg	0.045847	0.4996	0.6175	120.8	115.4	0.8013	854	356
nte_06971.jpg	0.002677	0.4590	0.2961	46.0	17.7	0.6523	854	356
nte_06971.jpg	0.002900	0.2813	0.2970	47.2	18.7	0.3547	854	356
nte_06972.jpg	0.041896	0.4996	0.6316	126.4	100.7	0.7803	854	356
nte_06972.jpg	0.003207	0.4246	0.3083	56.2	17.3	0.7119	854	356
nte_06972.jpg	0.003344	0.2186	0.3092	48.4	21.0	0.3508	854	356
nte_06972.jpg	0.000415	0.5645	0.2942	14.0	9.0	0.2688	854	356
nte_06973.jpg	0.049079	0.4969	0.6035	127.4	117.1	0.7368	854	356
nte_06973.jpg	0.005936	0.3221	0.3280	79.6	22.7	0.4951	854	356
nte_06973.jpg	0.000471	0.5070	0.3045	15.3	9.3	0.3577	854	356
nte_06973.jpg	0.000533	0.5230	0.3055	15.7	10.3	0.3096	854	356
nte_06974.jpg	0.047568	0.4992	0.6156	121.1	119.4	0.7896	854	356
nte_06974.jpg	0.000684	0.4441	0.3205	18.3	11.3	0.5151	854	356
nte_06974.jpg	0.000712	0.4637	0.3195	18.0	12.0	0.3892	854	356
nte_06975.jpg	0.046749	0.5008	0.6100	116.1	122.4	0.7871	854	356
nte_06975.jpg	0.001570	0.4195	0.3336	26.0	18.3	0.6104	854	356
nte_06975.jpg	0.000720	0.4449	0.3364	16.0	13.7	0.3677	854	356
nte_06976.jpg	0.049429	0.5004	0.6082	121.1	124.1	0.7798	854	356
nte_06976.jpg	0.002202	0.4137	0.3467	31.4	21.3	0.6851	854	356
nte_06976.jpg	0.000850	0.4484	0.3476	18.0	14.3	0.5200	854	356
nte_06976.jpg	0.000515	0.4633	0.3523	12.3	12.7	0.3274	854	356
nte_06977.jpg	0.050093	0.4996	0.6119	125.8	121.1	0.8809	854	356
nte_06977.jpg	0.004335	0.3801	0.3758	42.0	31.4	0.6714	854	356
nte_06977.jpg	0.001353	0.4559	0.3701	22.0	18.7	0.5615	854	356
nte_06977.jpg	0.000459	0.5293	0.3608	12.7	11.0	0.4194	854	356
nte_06977.jpg	0.000628	0.4832	0.3739	16.3	11.7	0.3779	854	356
nte_06977.jpg	0.000623	0.4742	0.3720	15.3	12.3	0.3057	854	356
nte_06977.jpg	0.001657	0.4156	0.3664	24.4	20.7	0.2905	854	356
nte_06977.jpg	0.001210	0.4320	0.3683	19.0	19.3	0.2632	854	356
nte_06978.jpg	0.043745	0.5020	0.6372	125.8	105.7	0.8159	854	356
nte_06978.jpg	0.018446	0.3084	0.4395	104.4	53.7	0.7881	854	356
nte_06978.jpg	0.004353	0.3926	0.4048	42.2	31.4	0.7563	854	356
nte_06978.jpg	0.002255	0.4313	0.3879	29.4	23.4	0.7231	854	356
nte_06978.jpg	0.000580	0.5250	0.3776	14.7	12.0	0.5288	854	356
nte_06978.jpg	0.000717	0.4574	0.3917	16.3	13.3	0.3926	854	356
nte_06978.jpg	0.000728	0.4723	0.3945	17.0	13.0	0.3853	854	356
nte_06979.jpg	0.042871	0.5020	0.6222	122.1	106.8	0.8076	854	356
nte_06979.jpg	0.005499	0.3777	0.4385	52.2	32.0	0.7910	854	356
nte_06979.jpg	0.002075	0.4277	0.4189	30.0	21.0	0.7363	854	356
nte_06979.jpg	0.018311	0.2814	0.4901	112.8	49.4	0.7095	854	356
nte_06979.jpg	0.001139	0.4566	0.4142	20.3	17.0	0.5620	854	356
nte_06979.jpg	0.000628	0.5199	0.3786	14.7	13.0	0.4934	854	356
nte_06980.jpg	0.019779	0.2732	0.4995	110.6	54.4	0.8950	854	356
nte_06980.jpg	0.047093	0.4980	0.6175	124.8	114.8	0.8745	854	356
nte_06980.jpg	0.005196	0.3861	0.4442	50.4	31.4	0.8740	854	356
nte_06980.jpg	0.001940	0.4340	0.4292	31.0	19.0	0.7305	854	356
nte_06980.jpg	0.037034	0.0721	0.6353	123.2	91.4	0.5659	854	356
nte_06980.jpg	0.000769	0.5184	0.3795	16.7	14.0	0.4622	854	356
nte_06981.jpg	0.015657	0.2906	0.4788	98.4	48.4	0.8779	854	356
nte_06981.jpg	0.043437	0.4973	0.6091	124.1	106.4	0.8677	854	356
nte_06981.jpg	0.004551	0.3854	0.4414	51.2	27.0	0.7842	854	356
nte_06981.jpg	0.026343	0.0480	0.6166	81.9	97.7	0.6362	854	356
nte_06981.jpg	0.000870	0.5078	0.3786	18.0	14.7	0.4377	854	356
nte_06982.jpg	0.046040	0.5004	0.6194	126.8	110.4	0.8750	854	356
nte_06982.jpg	0.018077	0.2602	0.4910	117.7	46.7	0.8247	854	356
nte_06982.jpg	0.001242	0.4953	0.3842	21.4	17.7	0.6304	854	356
nte_06982.jpg	0.000314	0.5355	0.3139	11.0	8.7	0.4912	854	356
nte_06983.jpg	0.044161	0.5012	0.6119	127.8	105.1	0.8486	854	356
nte_06983.jpg	0.000417	0.4871	0.3158	12.7	10.0	0.4648	854	356
nte_06983.jpg	0.000356	0.4648	0.3111	12.0	9.0	0.3557	854	356
nte_06984.jpg	0.049298	0.5004	0.5950	123.4	121.4	0.8496	854	356
nte_06984.jpg	0.000414	0.4766	0.3149	13.0	9.7	0.4094	854	356
nte_06984.jpg	0.001443	0.6629	0.3889	24.4	18.0	0.3511	854	356
nte_06984.jpg	0.000435	0.4531	0.3111	13.7	9.7	0.3154	854	356
nte_06985.jpg	0.043474	0.5043	0.6119	120.4	109.8	0.8105	854	356
nte_06985.jpg	0.000525	0.4762	0.3045	13.7	11.7	0.5142	854	356
nte_06985.jpg	0.000465	0.4520	0.3027	13.7	10.3	0.3184	854	356
nte_06985.jpg	0.017540	0.3463	0.4385	82.4	64.7	0.2734	854	356
nte_06986.jpg	0.044886	0.5012	0.6110	125.1	109.1	0.6768	854	356
nte_06986.jpg	0.000637	0.4875	0.2933	15.7	12.3	0.5327	854	356
nte_06987.jpg	0.049163	0.5027	0.6100	121.1	123.4	0.8535	854	356
nte_06987.jpg	0.000761	0.5098	0.2877	17.3	13.3	0.6255	854	356
nte_06988.jpg	0.044210	0.4988	0.6241	122.1	110.1	0.7563	854	356
nte_06988.jpg	0.001268	0.5191	0.2914	21.0	18.3	0.5840	854	356
nte_06989.jpg	0.002655	0.5137	0.2970	32.7	24.7	0.7695	854	356
nte_06989.jpg	0.040522	0.5023	0.6316	124.8	98.7	0.7153	854	356
nte_06990.jpg	0.004357	0.4441	0.3139	41.4	32.0	0.8154	854	356
nte_06990.jpg	0.052419	0.5035	0.6100	128.8	123.8	0.7891	854	356
nte_06990.jpg	0.001015	0.5363	0.3364	19.7	15.7	0.5391	854	356
nte_06990.jpg	0.000664	0.5129	0.3308	18.3	11.0	0.4578	854	356
nte_06991.jpg	0.008600	0.3713	0.3467	61.7	42.4	0.8560	854	356
nte_06991.jpg	0.048203	0.4988	0.6110	124.1	118.1	0.7920	854	356
nte_06991.jpg	0.001186	0.4742	0.3448	26.4	13.7	0.3987	854	356
nte_06991.jpg	0.000531	0.2811	0.3223	16.7	9.7	0.3247	854	356
nte_06992.jpg	0.024353	0.2908	0.4057	110.4	67.1	0.8945	854	356
nte_06992.jpg	0.047386	0.5016	0.6119	124.1	116.1	0.7930	854	356
nte_06993.jpg	0.044474	0.5004	0.6325	125.1	108.1	0.8364	854	356
nte_06994.jpg	0.045364	0.4984	0.6185	126.4	109.1	0.8730	854	356
nte_06994.jpg	0.001030	0.4625	0.3795	22.4	14.0	0.3174	854	356
nte_06995.jpg	0.043235	0.5008	0.6213	128.8	102.1	0.8477	854	356
nte_06995.jpg	0.001794	0.4316	0.3842	28.7	19.0	0.3098	854	356
nte_06996.jpg	0.039711	0.4992	0.6260	127.4	94.7	0.8848	854	356
nte_06996.jpg	0.003119	0.3637	0.3964	41.2	23.0	0.8247	854	356
nte_06997.jpg	0.038087	0.4996	0.6250	125.8	92.1	0.8794	854	356
nte_06997.jpg	0.006129	0.2936	0.4161	61.4	30.4	0.8262	854	356
nte_06997.jpg	0.003174	0.3533	0.3992	45.2	21.3	0.4934	854	356
nte_06998.jpg	0.021775	0.1285	0.4657	133.2	49.7	0.8628	854	356
nte_06998.jpg	0.043710	0.5000	0.6035	124.1	107.1	0.8608	854	356
nte_06998.jpg	0.007772	0.2680	0.4198	74.6	31.7	0.8447	854	356
nte_06999.jpg	0.043456	0.4996	0.6072	123.8	106.8	0.8770	854	356
nte_06999.jpg	0.028223	0.1119	0.4667	162.8	52.7	0.8384	854	356
nte_07000.jpg	0.044884	0.4992	0.6063	127.4	107.1	0.8745	854	356
nte_07001.jpg	0.043534	0.4965	0.6231	124.8	106.1	0.8481	854	356
nte_07002.jpg	0.040469	0.4988	0.6203	123.8	99.4	0.8311	854	356
nte_07003.jpg	0.046160	0.4992	0.6119	124.1	113.1	0.8706	854	356
nte_07004.jpg	0.051866	0.4980	0.6147	128.1	123.1	0.7734	854	356
nte_07005.jpg	0.046794	0.4996	0.6082	125.4	113.4	0.8271	854	356
nte_07006.jpg	0.039474	0.4988	0.6250	116.4	103.1	0.7764	854	356
nte_07007.jpg	0.043803	0.4988	0.6110	117.8	113.1	0.8623	854	356
nte_07008.jpg	0.045345	0.4992	0.6053	126.8	108.8	0.8838	854	356
nte_07009.jpg	0.049219	0.4992	0.6128	127.4	117.4	0.8584	854	356
nte_07010.jpg	0.043835	0.5008	0.6128	121.4	109.8	0.8047	854	356
nte_07011.jpg	0.039705	0.5004	0.6288	121.4	99.4	0.7773	854	356
nte_07012.jpg	0.045603	0.5008	0.6063	119.4	116.1	0.8125	854	356
nte_07013.jpg	0.049379	0.4988	0.6128	126.8	118.4	0.8501	854	356
nte_07014.jpg	0.051609	0.4984	0.6082	126.1	124.4	0.8599	854	356
nte_07015.jpg	0.037765	0.4977	0.6241	119.1	96.4	0.8325	854	356
nte_07016.jpg	0.046890	0.5000	0.6110	122.1	116.8	0.6133	854	356
nte_07016.jpg	0.000499	0.5312	0.3008	14.7	10.3	0.5146	854	356
nte_07017.jpg	0.046129	0.5004	0.6035	119.1	117.8	0.8247	854	356
nte_07017.jpg	0.000585	0.5203	0.3045	15.7	11.3	0.5059	854	356
nte_07018.jpg	0.041551	0.5020	0.6203	121.8	103.7	0.7832	854	356
nte_07018.jpg	0.000628	0.5090	0.3149	16.3	11.7	0.4365	854	356
nte_07019.jpg	0.047281	0.5020	0.6025	122.8	117.1	0.8301	854	356
nte_07019.jpg	0.001552	0.4996	0.3242	26.7	17.7	0.6445	854	356
nte_07020.jpg	0.046569	0.5008	0.6082	124.1	114.1	0.7954	854	356
nte_07020.jpg	0.002366	0.4824	0.3336	33.7	21.3	0.7544	854	356
nte_07021.jpg	0.005703	0.4414	0.3655	54.7	31.7	0.7974	854	356
nte_07021.jpg	0.042302	0.5027	0.6288	124.8	103.1	0.7534	854	356
nte_07022.jpg	0.017628	0.3564	0.4264	100.4	53.4	0.8335	854	356
nte_07022.jpg	0.045762	0.5027	0.6203	126.8	109.8	0.7725	854	356
nte_07023.jpg	0.045177	0.5000	0.6063	121.1	113.4	0.8423	854	356
nte_07024.jpg	0.043339	0.5000	0.6166	123.4	106.8	0.8198	854	356
nte_07025.jpg	0.039681	0.5020	0.6316	121.8	99.1	0.8330	854	356
nte_07026.jpg	0.045317	0.5016	0.6128	120.8	114.1	0.8169	854	356
nte_07027.jpg	0.046932	0.5016	0.6072	125.4	113.8	0.8604	854	356
nte_07028.jpg	0.041591	0.4992	0.6269	125.1	101.1	0.8076	854	356
nte_07029.jpg	0.042021	0.5016	0.6128	120.4	106.1	0.8369	854	356
nte_07030.jpg	0.046106	0.4980	0.6110	125.4	111.8	0.8721	854	356
nte_07031.jpg	0.044745	0.5000	0.6260	127.4	106.8	0.8369	854	356
nte_07031.jpg	0.005919	0.5273	0.4835	52.4	34.4	0.5762	854	356
nte_07032.jpg	0.043491	0.4973	0.6156	125.4	105.4	0.8486	854	356
nte_07032.jpg	0.005390	0.5242	0.4891	51.7	31.7	0.3240	854	356
nte_07033.jpg	0.043460	0.4992	0.6119	127.8	103.4	0.8613	854	356
nte_07034.jpg	0.044070	0.5004	0.6119	127.1	105.4	0.8574	854	356
nte_07034.jpg	0.001643	0.4664	0.3139	29.4	17.0	0.4180	854	356
nte_07035.jpg	0.037749	0.4988	0.6203	122.4	93.7	0.8125	854	356
nte_07035.jpg	0.002173	0.9633	0.3861	35.4	18.7	0.2571	854	356
nte_07036.jpg	0.051887	0.5039	0.6035	125.8	125.4	0.8350	854	356
nte_07037.jpg	0.045788	0.5004	0.6082	113.1	123.1	0.8071	854	356
nte_07038.jpg	0.043687	0.4996	0.6053	113.8	116.8	0.7651	854	356
nte_07039.jpg	0.048345	0.5020	0.6025	118.8	123.8	0.7617	854	356
nte_07040.jpg	0.048599	0.5012	0.6072	118.4	124.8	0.7817	854	356
nte_07040.jpg	0.019454	0.5023	0.5098	103.1	57.4	0.4841	854	356
nte_07041.jpg	0.051336	0.4988	0.6297	124.4	125.4	0.7573	854	356
nte_07041.jpg	0.016772	0.5074	0.5201	96.7	52.7	0.5815	854	356
nte_07042.jpg	0.050890	0.4965	0.6559	121.1	127.8	0.8423	854	356
nte_07042.jpg	0.014762	0.5098	0.5360	94.7	47.4	0.2778	854	356
nte_07042.jpg	0.001721	0.2855	0.3739	27.5	19.0	0.2605	854	356
nte_07043.jpg	0.038160	0.4988	0.6156	125.1	92.7	0.8848	854	356
nte_07044.jpg	0.040264	0.4992	0.6203	126.1	97.1	0.8784	854	356
nte_07045.jpg	0.039387	0.4980	0.6156	122.1	98.1	0.8726	854	356
nte_07045.jpg	0.000685	0.4609	0.4451	17.3	12.0	0.5312	854	356
nte_07045.jpg	0.000414	0.4781	0.4432	13.0	9.7	0.2542	854	356
nte_07046.jpg	0.041420	0.4996	0.6306	127.1	99.1	0.8667	854	356
nte_07046.jpg	0.001273	0.4441	0.4563	23.7	16.3	0.6079	854	356
nte_07046.jpg	0.005811	0.5254	0.4873	49.0	36.0	0.2593	854	356
nte_07047.jpg	0.036567	0.4980	0.6185	123.4	90.1	0.8936	854	356
nte_07047.jpg	0.003646	0.4113	0.4657	41.5	26.7	0.8120	854	356
nte_07047.jpg	0.000731	0.4547	0.4498	18.0	12.3	0.4775	854	356
nte_07048.jpg	0.011282	0.3439	0.4948	77.9	44.0	0.8755	854	356
nte_07048.jpg	0.042140	0.4996	0.6044	125.1	102.4	0.8740	854	356
nte_07048.jpg	0.001783	0.4348	0.4545	28.0	19.3	0.5293	854	356
nte_07049.jpg	0.038297	0.4996	0.6269	125.1	93.1	0.8867	854	356
nte_07049.jpg	0.061604	0.0912	0.6372	156.0	120.1	0.8491	854	356
nte_07049.jpg	0.004558	0.3951	0.4732	47.2	29.4	0.7979	854	356
nte_07049.jpg	0.001148	0.4461	0.4460	21.4	16.3	0.6724	854	356
nte_07050.jpg	0.036026	0.4984	0.6185	123.4	88.7	0.9082	854	356
nte_07050.jpg	0.025648	0.2613	0.5323	128.4	60.7	0.8931	854	356
nte_07050.jpg	0.003102	0.4180	0.4601	37.2	25.4	0.8003	854	356
nte_07050.jpg	0.004659	0.5203	0.4723	49.4	28.7	0.4941	854	356
nte_07051.jpg	0.037273	0.4988	0.6194	124.4	91.1	0.9092	854	356
nte_07051.jpg	0.009387	0.3602	0.4816	69.6	41.0	0.8491	854	356
nte_07052.jpg	0.037885	0.4992	0.6185	125.1	92.1	0.8882	854	356
nte_07052.jpg	0.082918	0.1374	0.5763	234.7	107.4	0.8828	854	356
nte_07052.jpg	0.000685	0.4598	0.4301	16.0	13.0	0.3167	854	356
nte_07053.jpg	0.037244	0.4973	0.6147	122.1	92.7	0.8770	854	356
nte_07053.jpg	0.001510	0.4367	0.4404	25.0	18.3	0.4539	854	356
nte_07053.jpg	0.001409	0.4688	0.4320	25.7	16.7	0.3958	854	356
nte_07054.jpg	0.043039	0.5000	0.6110	127.8	102.4	0.8506	854	356
nte_07054.jpg	0.004727	0.3967	0.4601	47.9	30.0	0.7773	854	356
nte_07054.jpg	0.000834	0.4543	0.4320	17.7	14.3	0.3848	854	356
nte_07054.jpg	0.000756	0.4719	0.4385	16.0	14.3	0.2646	854	356
nte_07055.jpg	0.040443	0.4996	0.6053	117.8	104.4	0.8403	854	356
nte_07055.jpg	0.002145	0.4242	0.4432	31.0	21.0	0.6499	854	356
nte_07055.jpg	0.001170	0.4563	0.4432	22.7	15.7	0.5132	854	356
nte_07055.jpg	0.033779	0.2254	0.5201	135.0	76.1	0.3108	854	356
nte_07056.jpg	0.041280	0.4996	0.6325	127.1	98.7	0.8853	854	356
nte_07056.jpg	0.006485	0.3750	0.4667	57.4	34.4	0.8169	854	356
nte_07056.jpg	0.004638	0.5090	0.4676	58.7	24.0	0.4246	854	356
nte_07056.jpg	0.001345	0.4402	0.4517	25.0	16.3	0.3616	854	356
nte_07057.jpg	0.047790	0.5000	0.6231	128.1	113.4	0.8120	854	356
nte_07057.jpg	0.003885	0.4074	0.4676	47.2	25.0	0.6514	854	356
nte_07057.jpg	0.041992	0.2018	0.5304	163.5	78.1	0.6177	854	356
nte_07057.jpg	0.016261	0.2086	0.4676	148.2	33.4	0.3159	854	356
nte_07057.jpg	0.003421	0.2686	0.4723	44.5	23.4	0.2896	854	356
nte_07058.jpg	0.039763	0.5004	0.6138	118.4	102.1	0.8569	854	356
nte_07058.jpg	0.016148	0.3223	0.5098	102.9	47.7	0.8359	854	356
nte_07059.jpg	0.042098	0.5004	0.6241	123.8	103.4	0.8853	854	356
nte_07059.jpg	0.077236	0.1020	0.6644	173.8	135.1	0.7280	854	356
nte_07060.jpg	0.042841	0.4992	0.6269	126.8	102.7	0.8989	854	356
nte_07060.jpg	0.006887	0.5160	0.4854	65.4	32.0	0.2957	854	356
nte_07061.jpg	0.042005	0.5000	0.6372	129.8	98.4	0.8877	854	356
nte_07061.jpg	0.001375	0.4078	0.4292	27.9	15.0	0.2815	854	356
nte_07062.jpg	0.039564	0.4973	0.6335	124.8	96.4	0.8843	854	356
nte_07063.jpg	0.042607	0.4988	0.6203	129.4	100.1	0.8950	854	356
nte_07064.jpg	0.039638	0.4992	0.6231	128.1	94.1	0.9028	854	356
nte_07065.jpg	0.040051	0.4992	0.6297	129.4	94.1	0.8960	854	356
nte_07065.jpg	0.004312	0.5242	0.4957	51.7	25.4	0.3506	854	356
nte_07066.jpg	0.040692	0.4988	0.6222	128.8	96.1	0.9067	854	356
nte_07067.jpg	0.040481	0.4996	0.6231	128.1	96.1	0.8916	854	356
nte_07067.jpg	0.001845	0.5930	0.4657	28.0	20.0	0.2979	854	356
nte_07068.jpg	0.040025	0.5000	0.6325	127.1	95.7	0.8965	854	356
nte_07068.jpg	0.001542	0.3918	0.4498	26.0	18.0	0.4248	854	356
nte_07068.jpg	0.001028	0.2875	0.4489	24.0	13.0	0.3418	854	356
nte_07068.jpg	0.002006	0.6074	0.4423	29.0	21.0	0.2610	854	356
nte_07068.jpg	0.002819	0.6262	0.4367	36.7	23.4	0.2598	854	356
nte_07069.jpg	0.039572	0.4988	0.6260	126.1	95.4	0.8838	854	356
nte_07069.jpg	0.000556	0.5789	0.4563	15.3	11.0	0.3391	854	356
nte_07069.jpg	0.004228	0.2055	0.4498	64.2	20.0	0.3047	854	356
nte_07069.jpg	0.001029	0.5934	0.4545	24.7	12.7	0.2615	854	356
nte_07069.jpg	0.001492	0.3781	0.4432	25.2	18.0	0.2554	854	356
nte_07069.jpg	0.000697	0.3586	0.4554	19.8	10.7	0.2505	854	356
nte_07070.jpg	0.044557	0.4992	0.6288	128.1	105.7	0.8784	854	356
nte_07070.jpg	0.002269	0.1567	0.4667	42.2	16.3	0.2876	854	356
nte_07070.jpg	0.001070	0.3225	0.4573	28.7	11.3	0.2803	854	356
nte_07071.jpg	0.041280	0.5000	0.6344	127.1	98.7	0.8965	854	356
nte_07072.jpg	0.039295	0.4980	0.6306	126.1	94.7	0.8862	854	356
nte_07073.jpg	0.042198	0.4996	0.6156	127.8	100.4	0.8848	854	356
nte_07073.jpg	0.000582	0.6555	0.4507	17.7	10.0	0.3469	854	356
nte_07074.jpg	0.040025	0.5008	0.6260	127.1	95.7	0.9116	854	356
nte_07075.jpg	0.036459	0.4949	0.6260	119.1	93.1	0.8638	854	356
nte_07076.jpg	0.042641	0.4992	0.6100	125.8	103.1	0.8623	854	356
nte_07077.jpg	0.045519	0.4996	0.6166	128.4	107.8	0.8755	854	356
nte_07078.jpg	0.041311	0.4984	0.6391	126.8	99.1	0.8911	854	356
nte_07079.jpg	0.039225	0.4969	0.6297	125.4	95.1	0.8691	854	356
nte_07080.jpg	0.044021	0.4996	0.6222	127.8	104.7	0.8555	854	356
nte_07081.jpg	0.044568	0.5008	0.6381	129.8	104.4	0.8755	854	356
nte_07082.jpg	0.041045	0.5000	0.6372	129.4	96.4	0.8657	854	356
nte_07083.jpg	0.044931	0.4992	0.6194	128.8	106.1	0.8667	854	356
nte_07084.jpg	0.045707	0.4996	0.6213	129.8	107.1	0.8623	854	356
nte_07085.jpg	0.044677	0.5008	0.6438	131.8	103.1	0.8745	854	356
nte_07086.jpg	0.043339	0.5000	0.6409	133.4	98.7	0.8809	854	356
nte_07086.jpg	0.000685	0.3023	0.4245	19.5	10.7	0.3572	854	356
nte_07086.jpg	0.001977	0.2314	0.4273	37.5	16.0	0.3257	854	356
nte_07087.jpg	0.046327	0.5008	0.6231	132.8	106.1	0.8823	854	356
nte_07087.jpg	0.003292	0.1598	0.4320	45.5	22.0	0.3455	854	356
nte_07087.jpg	0.002142	0.2207	0.4329	41.5	15.7	0.2615	854	356
nte_07087.jpg	0.001268	0.2861	0.4142	35.0	11.0	0.2539	854	356
nte_07088.jpg	0.048196	0.5008	0.6203	133.1	110.1	0.8242	854	356
nte_07089.jpg	0.042545	0.5008	0.6381	131.4	98.4	0.8989	854	356
nte_07090.jpg	0.040723	0.4973	0.6353	127.1	97.4	0.8770	854	356
nte_07090.jpg	0.000529	0.3941	0.3973	14.2	11.3	0.3889	854	356
nte_07091.jpg	0.043731	0.5008	0.6260	131.1	101.4	0.8574	854	356
nte_07092.jpg	0.045111	0.5004	0.6185	130.1	105.4	0.8555	854	356
nte_07093.jpg	0.043459	0.5000	0.6428	129.4	102.1	0.8799	854	356
nte_07094.jpg	0.039216	0.4961	0.6381	124.1	96.1	0.8594	854	356
nte_07095.jpg	0.043828	0.4988	0.6241	128.4	103.7	0.8325	854	356
nte_07096.jpg	0.043854	0.4996	0.6231	128.1	104.1	0.8271	854	356
nte_07097.jpg	0.046085	0.5012	0.6353	130.4	107.4	0.8018	854	356
nte_07097.jpg	0.003846	0.7352	0.3542	47.4	24.7	0.2842	854	356
nte_07098.jpg	0.039036	0.4996	0.6456	128.4	92.4	0.8076	854	356
nte_07099.jpg	0.045602	0.4973	0.6175	124.4	111.4	0.7554	854	356
nte_07100.jpg	0.046824	0.5004	0.6119	127.8	111.4	0.8667	854	356
nte_07101.jpg	0.044737	0.5000	0.6409	129.4	105.1	0.8066	854	356
nte_07102.jpg	0.039944	0.4977	0.6438	125.1	97.1	0.8540	854	356
nte_07104.jpg	0.051878	0.5008	0.6222	132.4	119.1	0.7686	854	356
nte_07104.jpg	0.002309	0.2588	0.3355	39.7	17.7	0.2534	854	356
nte_07105.jpg	0.059002	0.5012	0.6419	135.1	132.8	0.7617	854	356
nte_07106.jpg	0.049881	0.5012	0.6616	136.1	111.4	0.8354	854	356
nte_07107.jpg	0.048291	0.5016	0.6559	133.8	109.8	0.7607	854	356
nte_07108.jpg	0.054383	0.5043	0.6363	138.4	119.4	0.6108	854	356
nte_07109.jpg	0.058493	0.5023	0.6484	141.8	125.4	0.8208	854	356
nte_07110.jpg	0.055411	0.5020	0.6803	145.1	116.1	0.8286	854	356
nte_07111.jpg	0.054522	0.5012	0.6869	144.4	114.8	0.8184	854	356
nte_07112.jpg	0.063037	0.5012	0.6672	148.4	129.1	0.7378	854	356
nte_07113.jpg	0.063648	0.5008	0.6559	149.1	129.8	0.8511	854	356
nte_07114.jpg	0.061632	0.5008	0.6681	149.8	125.1	0.8096	854	356
nte_07115.jpg	0.055963	0.5000	0.6990	150.5	113.1	0.8472	854	356
nte_07116.jpg	0.051027	0.4973	0.6897	145.8	106.4	0.5894	854	356
nte_07116.jpg	0.000498	0.4566	0.3298	13.3	11.3	0.4487	854	356
nte_07117.jpg	0.058258	0.4984	0.6409	143.1	123.8	0.8506	854	356
nte_07117.jpg	0.000723	0.4531	0.3336	17.3	12.7	0.2622	854	356
nte_07118.jpg	0.057787	0.4984	0.6325	143.1	122.8	0.8535	854	356
nte_07118.jpg	0.000642	0.4445	0.3383	15.0	13.0	0.6191	854	356
nte_07119.jpg	0.055180	0.4965	0.6456	134.1	125.1	0.7651	854	356
nte_07119.jpg	0.000556	0.4414	0.3327	15.3	11.0	0.3757	854	356
nte_07119.jpg	0.000854	0.4375	0.3430	17.7	14.7	0.2788	854	356
nte_07120.jpg	0.043705	0.4992	0.6550	132.8	100.1	0.8325	854	356
nte_07120.jpg	0.000981	0.4297	0.3533	19.0	15.7	0.6699	854	356
nte_07120.jpg	0.000447	0.4434	0.3345	12.3	11.0	0.5879	854	356
nte_07121.jpg	0.050855	0.5039	0.6260	129.1	119.8	0.7837	854	356
nte_07121.jpg	0.001555	0.4176	0.3598	24.0	19.7	0.7017	854	356
nte_07121.jpg	0.000540	0.4418	0.3336	13.7	12.0	0.6479	854	356
nte_07122.jpg	0.054838	0.5008	0.6325	135.4	123.1	0.8340	854	356
nte_07122.jpg	0.003058	0.3949	0.3804	36.2	25.7	0.7686	854	356
nte_07122.jpg	0.000780	0.4383	0.3364	17.3	13.7	0.6382	854	356
nte_07122.jpg	0.000504	0.4203	0.3336	14.3	10.7	0.4141	854	356
nte_07123.jpg	0.007537	0.3480	0.4170	61.9	37.0	0.7974	854	356
nte_07123.jpg	0.053680	0.5004	0.6456	134.8	121.1	0.7915	854	356
nte_07123.jpg	0.001218	0.4305	0.3430	21.4	17.3	0.7485	854	356
nte_07124.jpg	0.044697	0.5023	0.6531	134.4	101.1	0.8506	854	356
nte_07124.jpg	0.002338	0.4133	0.3580	29.2	24.4	0.7988	854	356
nte_07124.jpg	0.000787	0.4344	0.3364	16.7	14.3	0.4563	854	356
nte_07124.jpg	0.125248	0.1076	0.6484	183.8	207.2	0.3298	854	356
nte_07124.jpg	0.001819	0.5406	0.3261	23.4	23.7	0.2668	854	356
nte_07125.jpg	0.004704	0.3910	0.3739	42.0	34.0	0.8608	854	356
nte_07125.jpg	0.046670	0.5047	0.6175	125.1	113.4	0.6958	854	356
nte_07125.jpg	0.001349	0.4297	0.3514	18.3	22.4	0.6655	854	356
nte_07126.jpg	0.012571	0.3426	0.4039	72.1	53.0	0.8608	854	356
nte_07126.jpg	0.047650	0.4980	0.6166	128.1	113.1	0.8057	854	356
nte_07126.jpg	0.001359	0.4215	0.3467	21.3	19.3	0.5264	854	356
nte_07126.jpg	0.000640	0.5902	0.3280	17.7	11.0	0.3105	854	356
nte_07127.jpg	0.049882	0.5012	0.6494	131.8	115.1	0.8105	854	356
nte_07127.jpg	0.002201	0.4074	0.3561	27.9	24.0	0.7437	854	356
nte_07127.jpg	0.225383	0.1373	0.4114	235.0	291.6	0.6050	854	356
nte_07128.jpg	0.051906	0.5020	0.6250	131.8	119.8	0.8105	854	356
nte_07128.jpg	0.003478	0.3832	0.3673	36.9	28.7	0.7729	854	356
nte_07128.jpg	0.000791	0.4074	0.3448	16.0	15.0	0.5107	854	356
nte_07129.jpg	0.040768	0.5027	0.6456	125.1	99.1	0.8643	854	356
nte_07129.jpg	0.010338	0.3443	0.4011	65.9	47.7	0.8306	854	356
nte_07129.jpg	0.002111	0.3963	0.3570	26.4	24.4	0.7695	854	356
nte_07130.jpg	0.046490	0.5027	0.6447	130.8	108.1	0.8359	854	356
nte_07130.jpg	0.004251	0.3836	0.3767	39.5	32.7	0.7866	854	356
nte_07130.jpg	0.069249	0.2021	0.5088	201.0	104.7	0.6968	854	356
nte_07131.jpg	0.011904	0.3578	0.4142	67.4	53.7	0.8560	854	356
nte_07131.jpg	0.053272	0.5023	0.6466	128.1	126.4	0.7769	854	356
nte_07131.jpg	0.001185	0.4016	0.3730	21.2	17.0	0.6353	854	356
nte_07132.jpg	0.088508	0.2414	0.5463	200.2	134.4	0.9102	854	356
nte_07132.jpg	0.048269	0.5016	0.6447	132.1	111.1	0.8359	854	356
nte_07132.jpg	0.002663	0.3967	0.3908	32.4	25.0	0.7441	854	356
nte_07132.jpg	0.015656	0.4910	0.5229	96.4	49.4	0.5464	854	356
nte_07133.jpg	0.045589	0.5016	0.6344	129.4	107.1	0.8657	854	356
nte_07133.jpg	0.007921	0.3725	0.4385	53.9	44.7	0.8379	854	356
nte_07134.jpg	0.052326	0.2867	0.5744	146.3	108.8	0.8574	854	356
nte_07134.jpg	0.043185	0.5016	0.6185	113.4	115.8	0.8237	854	356
nte_07135.jpg	0.051677	0.5020	0.6260	130.1	120.8	0.8677	854	356
nte_07136.jpg	0.049882	0.5000	0.6213	131.8	115.1	0.8623	854	356
nte_07137.jpg	0.044979	0.5016	0.6400	128.1	106.8	0.8501	854	356
nte_07137.jpg	0.000821	0.4320	0.3392	17.0	14.7	0.3357	854	356
nte_07138.jpg	0.051931	0.5008	0.6288	131.1	120.4	0.8350	854	356
nte_07138.jpg	0.001021	0.4301	0.3458	20.7	15.0	0.3052	854	356
nte_07139.jpg	0.047333	0.5004	0.6147	128.8	111.8	0.8501	854	356
nte_07139.jpg	0.001697	0.4223	0.3467	25.4	20.3	0.8105	854	356
nte_07140.jpg	0.002877	0.4051	0.3533	33.2	26.4	0.8228	854	356
nte_07140.jpg	0.044682	0.4988	0.6363	130.1	104.4	0.8203	854	356
nte_07141.jpg	0.006911	0.3674	0.3730	53.4	39.4	0.8486	854	356
nte_07141.jpg	0.053777	0.4992	0.6250	132.1	123.8	0.8384	854	356
nte_07142.jpg	0.031548	0.2615	0.4301	123.9	77.4	0.8921	854	356
nte_07142.jpg	0.048683	0.4973	0.6119	126.8	116.8	0.8662	854	356
nte_07143.jpg	0.049547	0.4961	0.6156	125.4	120.1	0.8481	854	356
nte_07144.jpg	0.052534	0.4996	0.6203	130.1	122.8	0.8647	854	356
nte_07145.jpg	0.050098	0.4965	0.6166	125.4	121.4	0.8379	854	356
nte_07146.jpg	0.049292	0.4973	0.6166	124.1	120.8	0.8931	854	356
nte_07147.jpg	0.051438	0.4992	0.6203	128.4	121.8	0.8584	854	356
nte_07148.jpg	0.055096	0.4988	0.6297	131.1	127.8	0.8325	854	356
nte_07149.jpg	0.051225	0.5000	0.6156	130.8	119.1	0.8457	854	356
nte_07150.jpg	0.049949	0.5012	0.6269	133.1	114.1	0.7939	854	356
nte_07151.jpg	0.052938	0.5000	0.6203	131.1	122.8	0.8306	854	356
nte_07152.jpg	0.048463	0.4984	0.6063	128.8	114.4	0.8027	854	356
nte_07153.jpg	0.036429	0.4902	0.6363	114.1	97.1	0.8076	854	356
nte_07154.jpg	0.046346	0.5012	0.6456	130.8	107.8	0.7563	854	356
nte_07155.jpg	0.046180	0.4996	0.6325	129.1	108.8	0.7412	854	356
nte_07156.jpg	0.051810	0.5000	0.6138	130.4	120.8	0.8042	854	356
nte_07157.jpg	0.052130	0.4988	0.6156	129.1	122.8	0.8115	854	356
nte_07158.jpg	0.049665	0.4934	0.6194	119.4	126.4	0.8008	854	356
nte_07159.jpg	0.050617	0.4934	0.5988	120.8	127.4	0.8130	854	356
nte_07160.jpg	0.042296	0.4934	0.6297	115.8	111.1	0.7593	854	356
nte_07161.jpg	0.048879	0.4953	0.6203	119.4	124.4	0.8438	854	356
nte_07162.jpg	0.040414	0.4961	0.6400	120.8	101.7	0.8418	854	356
nte_07163.jpg	0.042237	0.4988	0.6363	121.4	105.7	0.8037	854	356
nte_07164.jpg	0.052715	0.4980	0.6194	127.4	125.8	0.8506	854	356
nte_07165.jpg	0.044882	0.4988	0.6456	131.1	104.1	0.8418	854	356
nte_07166.jpg	0.041606	0.5008	0.6419	128.1	98.7	0.8677	854	356
nte_07166.jpg	0.012806	0.5195	0.5191	79.4	49.0	0.4026	854	356
nte_07167.jpg	0.046300	0.4988	0.6185	129.4	108.8	0.8623	854	356
nte_07168.jpg	0.042356	0.4988	0.6335	129.1	99.7	0.8882	854	356
nte_07168.jpg	0.005007	0.5262	0.4920	50.7	30.0	0.2505	854	356
nte_07169.jpg	0.040933	0.5000	0.6278	130.4	95.4	0.8740	854	356
nte_07170.jpg	0.042700	0.4996	0.6335	128.4	101.1	0.8521	854	356
nte_07171.jpg	0.040986	0.5020	0.6297	124.1	100.4	0.8691	854	356
nte_07172.jpg	0.044225	0.4984	0.6419	130.4	103.1	0.8887	854	356
nte_07173.jpg	0.045245	0.5012	0.6203	126.1	109.1	0.8594	854	356
nte_07173.jpg	0.000343	0.4812	0.4001	12.0	8.7	0.5742	854	356
nte_07174.jpg	0.043255	0.4984	0.6400	130.1	101.1	0.8857	854	356
nte_07174.jpg	0.000352	0.4727	0.4020	12.3	8.7	0.5410	854	356
nte_07174.jpg	0.004783	0.5254	0.4798	46.4	31.4	0.4375	854	356
nte_07174.jpg	0.000445	0.5039	0.3983	15.0	9.0	0.2727	854	356
nte_07175.jpg	0.048982	0.4992	0.6391	129.8	114.8	0.8496	854	356
nte_07175.jpg	0.000415	0.4566	0.4020	14.0	9.0	0.4839	854	356
nte_07175.jpg	0.001341	0.5191	0.4498	33.0	12.3	0.2742	854	356
nte_07176.jpg	0.039655	0.5023	0.6344	122.1	98.7	0.8887	854	356
nte_07176.jpg	0.000395	0.4477	0.4057	13.3	9.0	0.2947	854	356
nte_07177.jpg	0.040823	0.5031	0.6400	124.4	99.7	0.8696	854	356
nte_07177.jpg	0.000405	0.4410	0.4104	13.7	9.0	0.4192	854	356
nte_07177.jpg	0.005341	0.5246	0.4891	50.7	32.0	0.3921	854	356
nte_07178.jpg	0.038463	0.5031	0.6316	123.4	94.7	0.8521	854	356
nte_07178.jpg	0.000597	0.4324	0.4048	16.0	11.3	0.5796	854	356
nte_07179.jpg	0.039925	0.5027	0.6372	123.8	98.1	0.8643	854	356
nte_07179.jpg	0.000850	0.4238	0.4048	18.0	14.3	0.5908	854	356
nte_07179.jpg	0.005432	0.5250	0.4863	51.0	32.4	0.4419	854	356
nte_07180.jpg	0.040969	0.5008	0.6297	127.4	97.7	0.8589	854	356
nte_07180.jpg	0.001204	0.4109	0.4076	21.5	17.0	0.6636	854	356
nte_07181.jpg	0.039170	0.5020	0.6372	123.1	96.7	0.8638	854	356
nte_07181.jpg	0.001963	0.3863	0.4114	28.9	20.7	0.7681	854	356
nte_07182.jpg	0.044021	0.5004	0.6269	127.8	104.7	0.8296	854	356
nte_07182.jpg	0.003353	0.3539	0.4151	38.2	26.7	0.8242	854	356
nte_07182.jpg	0.000959	0.4074	0.4170	21.9	13.3	0.6523	854	356
nte_07183.jpg	0.039638	0.5016	0.6316	125.4	96.1	0.8770	854	356
nte_07183.jpg	0.007933	0.2779	0.4329	64.6	37.4	0.8516	854	356
nte_07183.jpg	0.001482	0.3789	0.4254	30.0	15.0	0.6191	854	356
nte_07184.jpg	0.041454	0.5016	0.6419	125.1	100.7	0.8872	854	356
nte_07184.jpg	0.027614	0.1353	0.4498	138.3	60.7	0.8672	854	356
nte_07184.jpg	0.002712	0.3467	0.4329	38.0	21.7	0.7925	854	356
nte_07184.jpg	0.000456	0.4844	0.4011	14.3	9.7	0.2869	854	356
nte_07185.jpg	0.043626	0.5004	0.6213	127.4	104.1	0.8652	854	356
nte_07185.jpg	0.005256	0.2863	0.4489	59.9	26.7	0.8091	854	356
nte_07186.jpg	0.041757	0.5004	0.6381	126.4	100.4	0.8657	854	356
nte_07186.jpg	0.022507	0.1252	0.4882	142.4	48.0	0.8140	854	356
nte_07187.jpg	0.047431	0.5012	0.6325	126.8	113.8	0.8169	854	356
nte_07188.jpg	0.039357	0.5008	0.6344	128.1	93.4	0.8564	854	356
nte_07189.jpg	0.042137	0.4996	0.6297	128.4	99.7	0.8472	854	356
nte_07190.jpg	0.045260	0.4996	0.6119	122.8	112.1	0.8193	854	356
nte_07190.jpg	0.000704	0.4973	0.3964	17.3	12.3	0.4124	854	356
nte_07191.jpg	0.048606	0.5016	0.6082	124.4	118.8	0.8145	854	356
nte_07192.jpg	0.041757	0.5023	0.6288	126.4	100.4	0.8101	854	356
nte_07192.jpg	0.012832	0.5047	0.4751	95.1	41.0	0.5073	854	356
nte_07192.jpg	0.000522	0.4187	0.4095	15.3	10.3	0.3381	854	356
nte_07193.jpg	0.041107	0.5000	0.6269	122.4	102.1	0.8223	854	356
nte_07193.jpg	0.000918	0.4023	0.4151	22.0	12.7	0.6836	854	356
nte_07193.jpg	0.000704	0.4527	0.4142	17.3	12.3	0.4597	854	356
nte_07194.jpg	0.051931	0.4980	0.6175	131.1	120.4	0.7896	854	356
nte_07194.jpg	0.001680	0.3740	0.4245	30.0	17.0	0.5854	854	356
nte_07194.jpg	0.001030	0.4371	0.4245	22.4	14.0	0.4719	854	356
nte_07194.jpg	0.000664	0.4906	0.4086	18.3	11.0	0.2764	854	356
nte_07195.jpg	0.003249	0.3254	0.4385	44.9	22.0	0.8315	854	356
nte_07195.jpg	0.059968	0.4988	0.6166	139.8	130.4	0.8032	854	356
nte_07195.jpg	0.001762	0.4070	0.4385	29.2	18.3	0.5073	854	356
nte_07196.jpg	0.007528	0.2492	0.4563	75.4	30.4	0.8477	854	356
nte_07196.jpg	0.053982	0.4984	0.6391	141.8	115.8	0.8130	854	356
nte_07196.jpg	0.004210	0.3727	0.4526	47.4	27.0	0.8022	854	356
nte_07196.jpg	0.009744	0.5188	0.4854	73.4	40.4	0.3496	854	356
nte_07197.jpg	0.053093	0.4969	0.6391	139.4	115.8	0.8267	854	356
nte_07197.jpg	0.011438	0.3029	0.4770	82.7	42.0	0.8140	854	356
nte_07197.jpg	0.023917	0.0987	0.4779	161.5	45.0	0.5854	854	356
nte_07197.jpg	0.008461	0.5324	0.4854	60.7	42.4	0.4260	854	356
nte_07197.jpg	0.000472	0.4758	0.4057	14.3	10.0	0.2671	854	356
nte_07197.jpg	0.000668	0.3873	0.4207	19.0	10.7	0.2554	854	356
nte_07198.jpg	0.054666	0.4969	0.6222	138.8	119.8	0.7817	854	356
nte_07198.jpg	0.062428	0.1109	0.5763	189.6	100.1	0.5254	854	356
nte_07198.jpg	0.000585	0.4715	0.4076	15.7	11.3	0.3245	854	356
nte_07199.jpg	0.047971	0.4973	0.6353	135.8	107.4	0.8457	854	356
nte_07199.jpg	0.000939	0.4625	0.4067	19.0	15.0	0.7007	854	356
nte_07200.jpg	0.046999	0.5000	0.6381	133.4	107.1	0.8286	854	356
nte_07201.jpg	0.048658	0.4977	0.6335	132.8	111.4	0.8330	854	356
nte_07202.jpg	0.007516	0.3725	0.4385	59.0	38.7	0.8438	854	356
nte_07202.jpg	0.048089	0.4973	0.6288	130.4	112.1	0.8330	854	356
nte_07203.jpg	0.028153	0.2525	0.4751	127.0	67.4	0.8965	854	356
nte_07203.jpg	0.053352	0.4977	0.6082	131.8	123.1	0.7090	854	356
nte_07204.jpg	0.053073	0.4984	0.6044	131.4	122.8	0.7197	854	356
nte_07205.jpg	0.041729	0.4984	0.6335	126.8	100.1	0.8237	854	356
nte_07206.jpg	0.044338	0.4980	0.6372	130.8	103.1	0.8032	854	356
nte_07207.jpg	0.052710	0.4977	0.6213	133.4	120.1	0.8115	854	356
nte_07208.jpg	0.052432	0.4977	0.6241	133.1	119.8	0.8569	854	356
nte_07209.jpg	0.052515	0.4980	0.6260	134.4	118.8	0.8218	854	356
nte_07210.jpg	0.045732	0.4992	0.6372	129.4	107.4	0.8184	854	356
nte_07210.jpg	0.000430	0.4297	0.3889	14.0	9.3	0.5103	854	356
nte_07211.jpg	0.049960	0.4984	0.6213	125.4	121.1	0.8428	854	356
nte_07211.jpg	0.000472	0.4176	0.3936	14.3	10.0	0.5322	854	356
nte_07212.jpg	0.047931	0.4977	0.6250	128.1	113.8	0.8740	854	356
nte_07212.jpg	0.000596	0.4027	0.4001	15.5	11.7	0.6484	854	356
nte_07212.jpg	0.000320	0.4164	0.3954	11.7	8.3	0.3721	854	356
nte_07213.jpg	0.049409	0.4980	0.6288	129.8	115.8	0.8628	854	356
nte_07213.jpg	0.000803	0.3844	0.4020	17.8	13.7	0.7495	854	356
nte_07213.jpg	0.000371	0.4051	0.3945	13.5	8.3	0.4910	854	356
nte_07214.jpg	0.048337	0.4988	0.6288	128.4	114.4	0.8628	854	356
nte_07214.jpg	0.001319	0.3691	0.4039	22.7	17.7	0.7671	854	356
nte_07214.jpg	0.000371	0.3938	0.3954	13.5	8.3	0.3171	854	356
nte_07214.jpg	0.000290	0.4086	0.3945	11.0	8.0	0.3130	854	356
nte_07215.jpg	0.044568	0.4996	0.6297	129.8	104.4	0.8579	854	356
nte_07215.jpg	0.002145	0.3445	0.4067	31.0	21.0	0.7695	854	356
nte_07215.jpg	0.000379	0.4086	0.3908	12.3	9.3	0.4619	854	356
nte_07215.jpg	0.000536	0.3906	0.3945	16.8	9.7	0.4609	854	356
nte_07216.jpg	0.042986	0.4980	0.6306	124.8	104.7	0.8521	854	356
nte_07216.jpg	0.004442	0.2881	0.4123	49.4	27.4	0.7529	854	356
nte_07216.jpg	0.000533	0.3982	0.3898	15.2	10.7	0.6738	854	356
nte_07216.jpg	0.000656	0.3725	0.3964	18.7	10.7	0.5723	854	356
nte_07217.jpg	0.014322	0.1879	0.4357	97.4	44.7	0.8403	854	356
nte_07217.jpg	0.047658	0.4969	0.6185	124.1	116.8	0.8394	854	356
nte_07217.jpg	0.000737	0.3943	0.3908	17.7	12.7	0.6528	854	356
nte_07217.jpg	0.000968	0.3516	0.3992	21.5	13.7	0.6074	854	356
nte_07217.jpg	0.000405	0.4418	0.3908	13.7	9.0	0.3757	854	356
nte_07218.jpg	0.046670	0.4969	0.6194	125.1	113.4	0.8550	854	356
nte_07218.jpg	0.003081	0.3033	0.4114	43.2	21.7	0.7925	854	356
nte_07218.jpg	0.001084	0.3734	0.3954	23.5	14.0	0.6680	854	356
nte_07219.jpg	0.048127	0.4969	0.6222	126.8	115.4	0.8701	854	356
nte_07219.jpg	0.001625	0.3529	0.4001	30.9	16.0	0.6978	854	356
nte_07219.jpg	0.006481	0.2326	0.4320	67.9	29.0	0.5171	854	356
nte_07219.jpg	0.000582	0.4344	0.3908	17.7	10.0	0.3345	854	356
nte_07220.jpg	0.049979	0.4988	0.6288	129.8	117.1	0.8530	854	356
nte_07220.jpg	0.003662	0.3100	0.4123	48.4	23.0	0.6465	854	356
nte_07220.jpg	0.000666	0.4223	0.3954	17.3	11.7	0.5669	854	356
nte_07220.jpg	0.000403	0.4402	0.3898	12.7	9.7	0.3516	854	356
nte_07221.jpg	0.044055	0.4992	0.6288	129.1	103.7	0.8584	854	356
nte_07221.jpg	0.000922	0.4164	0.4001	21.0	13.3	0.5830	854	356
nte_07221.jpg	0.006662	0.2490	0.4320	68.2	29.7	0.5732	854	356
nte_07221.jpg	0.000287	0.4301	0.3945	9.3	9.3	0.3623	854	356
nte_07222.jpg	0.044135	0.4965	0.6231	123.8	108.4	0.8403	854	356
nte_07222.jpg	0.001845	0.3992	0.4114	30.0	18.7	0.7056	854	356
nte_07222.jpg	0.021642	0.0877	0.4732	145.0	45.4	0.6367	854	356
nte_07222.jpg	0.000556	0.4227	0.4011	15.3	11.0	0.5171	854	356
nte_07223.jpg	0.046409	0.4969	0.6250	124.8	113.1	0.8428	854	356
nte_07223.jpg	0.003603	0.3693	0.4292	43.2	25.4	0.7515	854	356
nte_07223.jpg	0.000785	0.4145	0.4076	18.3	13.0	0.3120	854	356
nte_07224.jpg	0.047597	0.4977	0.6250	126.1	114.8	0.8774	854	356
nte_07224.jpg	0.009690	0.3006	0.4563	79.6	37.0	0.7876	854	356
nte_07224.jpg	0.001323	0.3986	0.4142	23.2	17.3	0.6763	854	356
nte_07225.jpg	0.046794	0.4980	0.6231	125.4	113.4	0.8628	854	356
nte_07225.jpg	0.002633	0.3729	0.4282	36.4	22.0	0.8018	854	356
nte_07225.jpg	0.124360	0.1114	0.7084	190.5	198.5	0.3467	854	356
nte_07226.jpg	0.046747	0.5000	0.6278	129.1	110.1	0.8657	854	356
nte_07226.jpg	0.006675	0.3225	0.4479	62.7	32.4	0.8452	854	356
nte_07227.jpg	0.044046	0.5000	0.6231	127.4	105.1	0.8389	854	356
nte_07227.jpg	0.030220	0.1703	0.5163	144.2	63.7	0.8364	854	356
nte_07228.jpg	0.040127	0.5000	0.6269	121.1	100.7	0.8179	854	356
nte_07229.jpg	0.047385	0.4980	0.6166	127.8	112.8	0.8276	854	356
nte_07230.jpg	0.047458	0.5008	0.6194	126.1	114.4	0.8652	854	356
nte_07231.jpg	0.048427	0.5027	0.6147	126.1	116.8	0.8413	854	356
nte_07232.jpg	0.049208	0.5016	0.6213	127.8	117.1	0.8857	854	356
nte_07233.jpg	0.048367	0.5016	0.6203	127.8	115.1	0.8647	854	356
nte_07234.jpg	0.047483	0.4996	0.6203	125.4	115.1	0.8672	854	356
nte_07235.jpg	0.045998	0.5000	0.6175	124.8	112.1	0.8726	854	356
nte_07236.jpg	0.048507	0.5000	0.6231	127.8	115.4	0.8604	854	356
nte_07237.jpg	0.047541	0.5008	0.6128	127.4	113.4	0.8325	854	356
nte_07238.jpg	0.049918	0.4984	0.6053	127.4	119.1	0.7734	854	356
nte_07239.jpg	0.044182	0.4957	0.6110	122.8	109.4	0.7783	854	356
nte_07239.jpg	0.000682	0.3969	0.3758	18.8	11.0	0.2676	854	356
nte_07240.jpg	0.041646	0.4992	0.6128	116.4	108.8	0.8550	854	356
nte_07240.jpg	0.000384	0.4051	0.3748	11.7	10.0	0.3198	854	356
nte_07241.jpg	0.045653	0.4980	0.6185	123.1	112.8	0.8208	854	356
nte_07242.jpg	0.046421	0.5012	0.6213	124.4	113.4	0.8467	854	356
nte_07242.jpg	0.000522	0.3510	0.3926	15.8	10.0	0.2981	854	356
nte_07243.jpg	0.044783	0.5023	0.6231	124.4	109.4	0.8540	854	356
nte_07243.jpg	0.000976	0.3412	0.4001	20.7	14.3	0.2788	854	356
nte_07243.jpg	0.000382	0.3934	0.3870	12.0	9.7	0.2725	854	356
nte_07244.jpg	0.043028	0.5027	0.6138	117.8	111.1	0.8701	854	356
nte_07244.jpg	0.000400	0.4422	0.3926	13.0	9.3	0.6021	854	356
nte_07244.jpg	0.000307	0.4148	0.3917	11.7	8.0	0.3489	854	356
nte_07244.jpg	0.001497	0.3734	0.4198	23.5	19.3	0.3384	854	356
nte_07245.jpg	0.043964	0.4977	0.6156	124.4	107.4	0.8687	854	356
nte_07245.jpg	0.002570	0.3424	0.4217	39.7	19.7	0.5854	854	356
nte_07245.jpg	0.000390	0.4035	0.3964	13.2	9.0	0.5210	854	356
nte_07245.jpg	0.000433	0.4363	0.3964	12.3	10.7	0.3743	854	356
nte_07246.jpg	0.040317	0.5012	0.6156	113.8	107.8	0.8564	854	356
nte_07246.jpg	0.007415	0.2705	0.4498	71.9	31.4	0.7812	854	356
nte_07246.jpg	0.000915	0.3906	0.4001	20.8	13.3	0.6826	854	356
nte_07246.jpg	0.001107	0.4262	0.4057	18.3	18.3	0.5425	854	356
nte_07247.jpg	0.041746	0.5031	0.6138	117.4	108.1	0.8599	854	356
nte_07247.jpg	0.001188	0.3713	0.4057	25.2	14.3	0.7358	854	356
nte_07247.jpg	0.001261	0.4160	0.4104	21.7	17.7	0.6938	854	356
nte_07247.jpg	0.034213	0.1026	0.5191	170.4	61.0	0.5000	854	356
nte_07247.jpg	0.000556	0.3260	0.4076	15.8	10.7	0.2849	854	356
nte_07248.jpg	0.044062	0.5008	0.6166	122.4	109.4	0.8691	854	356
nte_07248.jpg	0.001794	0.3441	0.4161	32.7	16.7	0.6333	854	356
nte_07248.jpg	0.001801	0.3969	0.4189	27.4	20.0	0.5518	854	356
nte_07249.jpg	0.045587	0.4992	0.6185	124.8	111.1	0.8726	854	356
nte_07249.jpg	0.005997	0.3516	0.4479	55.2	33.0	0.7969	854	356
nte_07249.jpg	0.003115	0.2764	0.4367	38.4	24.7	0.5767	854	356
nte_07249.jpg	0.000450	0.3967	0.3945	13.7	10.0	0.4878	854	356
nte_07249.jpg	0.000379	0.4344	0.3889	12.3	9.3	0.2544	854	356
nte_07250.jpg	0.043969	0.4980	0.6278	128.4	104.1	0.8618	854	356
nte_07250.jpg	0.000628	0.3869	0.3964	16.8	11.3	0.5322	854	356
nte_07250.jpg	0.000439	0.4336	0.3879	13.3	10.0	0.2546	854	356
nte_07251.jpg	0.041794	0.5004	0.6156	115.4	110.1	0.8403	854	356
nte_07251.jpg	0.000984	0.3748	0.4011	20.8	14.3	0.7100	854	356
nte_07252.jpg	0.043393	0.5020	0.6166	118.8	111.1	0.7920	854	356
nte_07252.jpg	0.001587	0.3561	0.4067	28.4	17.0	0.7168	854	356
nte_07252.jpg	0.000414	0.4273	0.3879	13.0	9.7	0.3323	854	356
nte_07253.jpg	0.044368	0.5027	0.6175	121.4	111.1	0.7930	854	356
nte_07253.jpg	0.002243	0.3295	0.4114	35.9	19.0	0.6768	854	356
nte_07253.jpg	0.000522	0.4230	0.3917	15.3	10.3	0.6045	854	356
nte_07254.jpg	0.045253	0.4996	0.6091	130.1	105.7	0.8677	854	356
nte_07254.jpg	0.000757	0.4141	0.3945	17.7	13.0	0.6948	854	356
nte_07254.jpg	0.002261	0.2605	0.4292	35.5	19.3	0.5449	854	356
nte_07254.jpg	0.000441	0.3859	0.3917	14.3	9.3	0.3625	854	356
nte_07255.jpg	0.043537	0.5000	0.6278	126.8	104.4	0.8286	854	356
nte_07255.jpg	0.013815	0.1660	0.4554	111.4	37.7	0.7388	854	356
nte_07255.jpg	0.001176	0.4031	0.3983	19.8	18.0	0.6880	854	356
nte_07255.jpg	0.000400	0.3721	0.3964	13.5	9.0	0.3225	854	356
nte_07256.jpg	0.043883	0.5004	0.6147	125.8	106.1	0.7842	854	356
nte_07256.jpg	0.001876	0.3883	0.4011	28.0	20.3	0.7788	854	356
nte_07256.jpg	0.000685	0.3561	0.4001	17.8	11.7	0.5371	854	356
nte_07257.jpg	0.003098	0.3693	0.4076	36.2	26.0	0.7832	854	356
nte_07257.jpg	0.001073	0.3336	0.4095	23.9	13.7	0.6338	854	356
nte_07257.jpg	0.046932	0.5027	0.6419	125.4	113.8	0.6011	854	356
nte_07258.jpg	0.006582	0.3322	0.4226	54.0	37.0	0.8398	854	356
nte_07258.jpg	0.047123	0.5035	0.6269	123.8	115.8	0.8232	854	356
nte_07258.jpg	0.001695	0.2916	0.4170	26.2	19.7	0.7090	854	356
nte_07258.jpg	0.000708	0.3656	0.3926	15.0	14.3	0.5508	854	356
nte_07258.jpg	0.000454	0.3914	0.3692	13.3	10.3	0.3181	854	356
nte_07259.jpg	0.022734	0.2350	0.4517	113.8	60.7	0.8804	854	356
nte_07259.jpg	0.045506	0.5027	0.6175	123.4	112.1	0.8374	854	356
nte_07259.jpg	0.001273	0.3379	0.4011	23.7	16.3	0.6299	854	356
nte_07259.jpg	0.000504	0.3840	0.3683	14.3	10.7	0.3020	854	356
nte_07260.jpg	0.045752	0.5012	0.6175	124.1	112.1	0.8511	854	356
nte_07260.jpg	0.002891	0.3074	0.4076	40.5	21.7	0.7573	854	356
nte_07260.jpg	0.000921	0.3744	0.3664	19.5	14.3	0.4600	854	356
nte_07261.jpg	0.041644	0.5016	0.6231	122.4	103.4	0.8247	854	356
nte_07261.jpg	0.007810	0.2354	0.4292	74.1	32.0	0.8125	854	356
nte_07261.jpg	0.001221	0.3598	0.3664	23.2	16.0	0.2891	854	356
nte_07262.jpg	0.044465	0.4996	0.6138	127.4	106.1	0.8179	854	356
nte_07262.jpg	0.001753	0.3289	0.3664	26.2	20.3	0.3728	854	356
nte_07263.jpg	0.044961	0.5008	0.6016	118.4	115.4	0.8335	854	356
nte_07263.jpg	0.004664	0.2826	0.3739	51.2	27.7	0.7188	854	356
nte_07264.jpg	0.048180	0.5008	0.6119	128.8	113.8	0.7935	854	356
nte_07264.jpg	0.012889	0.1889	0.3926	92.5	42.4	0.7827	854	356
nte_07265.jpg	0.045483	0.5016	0.5988	117.8	117.4	0.8423	854	356
nte_07266.jpg	0.048000	0.4988	0.6082	126.4	115.4	0.8311	854	356
nte_07267.jpg	0.049863	0.5000	0.6091	129.1	117.4	0.8027	854	356
nte_07268.jpg	0.046244	0.4980	0.6156	125.4	112.1	0.8564	854	356
nte_07269.jpg	0.046584	0.4996	0.6110	129.4	109.4	0.7510	854	356
nte_07270.jpg	0.041952	0.5016	0.6203	121.8	104.7	0.7939	854	356
nte_07271.jpg	0.044055	0.5008	0.6222	129.1	103.7	0.7915	854	356
nte_07272.jpg	0.037001	0.5012	0.6241	115.1	97.7	0.8340	854	356
nte_07273.jpg	0.042619	0.5000	0.6306	127.8	101.4	0.8408	854	356
nte_07273.jpg	0.000861	0.3984	0.3795	18.7	14.0	0.3606	854	356
nte_07274.jpg	0.042620	0.4988	0.6250	124.1	104.4	0.8306	854	356
nte_07274.jpg	0.001272	0.3869	0.3926	23.2	16.7	0.6304	854	356
nte_07275.jpg	0.046584	0.5000	0.6391	129.4	109.4	0.8394	854	356
nte_07275.jpg	0.001947	0.3627	0.4020	31.7	18.7	0.7163	854	356
nte_07275.jpg	0.000450	0.3865	0.3992	13.7	10.0	0.2561	854	356
nte_07276.jpg	0.041551	0.4992	0.6260	121.8	103.7	0.8174	854	356
nte_07276.jpg	0.004757	0.3242	0.4292	52.9	27.4	0.6523	854	356
nte_07277.jpg	0.043546	0.5031	0.6306	128.4	103.1	0.8496	854	356
nte_07277.jpg	0.022541	0.2074	0.4788	130.0	52.7	0.7832	854	356
nte_07278.jpg	0.042701	0.5000	0.6166	122.8	105.7	0.8545	854	356
nte_07279.jpg	0.042168	0.4992	0.6278	128.1	100.1	0.8496	854	356
nte_07279.jpg	0.000572	0.3813	0.4179	15.3	11.3	0.4688	854	356
nte_07279.jpg	0.000414	0.3377	0.4142	14.5	8.7	0.3074	854	356
nte_07280.jpg	0.043607	0.4984	0.6138	125.8	105.4	0.8765	854	356
nte_07280.jpg	0.000944	0.3771	0.4264	20.0	14.3	0.6553	854	356
nte_07281.jpg	0.043651	0.5004	0.6166	127.1	104.4	0.8638	854	356
nte_07281.jpg	0.001221	0.3605	0.4357	23.7	15.7	0.4885	854	356
nte_07282.jpg	0.044417	0.4992	0.6147	128.1	105.4	0.8774	854	356
nte_07282.jpg	0.004171	0.3387	0.4479	49.4	25.7	0.7129	854	356
nte_07283.jpg	0.039547	0.4961	0.6222	123.4	97.4	0.8345	854	356
nte_07283.jpg	0.014715	0.2279	0.4751	100.8	44.4	0.3860	854	356
nte_07284.jpg	0.045021	0.4984	0.6260	129.4	105.7	0.8501	854	356
nte_07285.jpg	0.042072	0.4992	0.6260	129.1	99.1	0.8750	854	356
nte_07286.jpg	0.047131	0.5020	0.6306	129.8	110.4	0.8379	854	356
nte_07287.jpg	0.042675	0.4992	0.6175	127.1	102.1	0.8818	854	356
nte_07288.jpg	0.044083	0.5016	0.6147	128.8	104.1	0.8857	854	356
nte_07289.jpg	0.041480	0.5023	0.6250	126.4	99.7	0.8462	854	356
nte_07290.jpg	0.041681	0.5008	0.6325	128.8	98.4	0.9121	854	356
nte_07291.jpg	0.040411	0.4977	0.6335	122.8	100.1	0.8687	854	356
nte_07292.jpg	0.046344	0.5004	0.6260	128.8	109.4	0.8594	854	356
nte_07293.jpg	0.041009	0.5008	0.6269	128.4	97.1	0.8638	854	356
nte_07294.jpg	0.037543	0.4969	0.6306	121.8	93.7	0.8447	854	356
nte_07294.jpg	0.000324	0.4875	0.4142	11.3	8.7	0.2710	854	356
nte_07295.jpg	0.040200	0.5004	0.6269	128.1	95.4	0.8970	854	356
nte_07296.jpg	0.039710	0.5000	0.6269	126.1	95.7	0.8623	854	356
nte_07297.jpg	0.041964	0.5012	0.6231	128.8	99.1	0.8423	854	356
nte_07298.jpg	0.039572	0.5000	0.6260	126.1	95.4	0.8584	854	356
nte_07299.jpg	0.042058	0.5004	0.6222	127.8	100.1	0.8379	854	356
nte_07300.jpg	0.039191	0.5000	0.6269	125.8	94.7	0.8662	854	356
nte_07300.jpg	0.000460	0.4422	0.3964	12.3	11.3	0.4551	854	356
nte_07301.jpg	0.041808	0.4996	0.6344	127.4	99.7	0.8232	854	356
nte_07302.jpg	0.040768	0.5000	0.6241	125.1	99.1	0.8564	854	356
nte_07302.jpg	0.000553	0.4273	0.3983	14.0	12.0	0.2830	854	356
nte_07303.jpg	0.042198	0.5000	0.6203	127.8	100.4	0.8604	854	356
nte_07303.jpg	0.000540	0.4195	0.3983	13.7	12.0	0.2883	854	356
nte_07303.jpg	0.000376	0.4098	0.3898	12.7	9.0	0.2856	854	356
nte_07304.jpg	0.043123	0.5004	0.6185	128.4	102.1	0.8564	854	356
nte_07304.jpg	0.000955	0.4059	0.4020	19.3	15.0	0.6709	854	356
nte_07304.jpg	0.000393	0.4328	0.3889	12.3	9.7	0.2976	854	356
nte_07305.jpg	0.040936	0.5004	0.6241	127.8	97.4	0.8799	854	356
nte_07305.jpg	0.001369	0.3902	0.4048	22.7	18.3	0.7305	854	356
nte_07305.jpg	0.006866	0.4762	0.4620	55.4	37.7	0.5835	854	356
nte_07305.jpg	0.000531	0.4262	0.3889	14.7	11.0	0.3250	854	356
nte_07306.jpg	0.041377	0.5004	0.6250	120.1	104.7	0.8594	854	356
nte_07306.jpg	0.002122	0.3670	0.4179	31.2	20.7	0.7578	854	356
nte_07306.jpg	0.000612	0.4199	0.3954	14.7	12.7	0.6411	854	356
nte_07306.jpg	0.000488	0.3977	0.3898	15.3	9.7	0.2854	854	356
nte_07307.jpg	0.048269	0.5023	0.6391	132.1	111.1	0.8804	854	356
nte_07307.jpg	0.004777	0.3254	0.4404	50.0	29.0	0.7993	854	356
nte_07307.jpg	0.001247	0.3648	0.3964	23.2	16.3	0.7183	854	356
nte_07307.jpg	0.000784	0.4156	0.3992	17.0	14.0	0.5635	854	356
nte_07307.jpg	0.000870	0.3941	0.3964	19.3	13.7	0.4463	854	356
nte_07308.jpg	0.047795	0.5027	0.6409	134.4	108.1	0.8438	854	356
nte_07308.jpg	0.019177	0.2066	0.4976	112.8	51.7	0.8315	854	356
nte_07308.jpg	0.002054	0.3424	0.4057	30.7	20.3	0.7905	854	356
nte_07308.jpg	0.001120	0.4051	0.4067	22.2	15.3	0.5229	854	356
nte_07308.jpg	0.000562	0.3816	0.3992	15.5	11.0	0.3391	854	356
nte_07309.jpg	0.004003	0.3002	0.4170	45.0	27.0	0.8174	854	356
nte_07309.jpg	0.050844	0.5035	0.6372	132.8	116.4	0.7808	854	356
nte_07309.jpg	0.002931	0.3852	0.4264	34.7	25.7	0.4636	854	356
nte_07309.jpg	0.000807	0.3619	0.4057	18.8	13.0	0.3630	854	356
nte_07310.jpg	0.009265	0.2297	0.4329	75.4	37.4	0.8232	854	356
nte_07310.jpg	0.051520	0.5063	0.6372	133.8	117.1	0.7964	854	356
nte_07310.jpg	0.003734	0.3570	0.4320	45.4	25.0	0.5391	854	356
nte_07311.jpg	0.056101	0.5043	0.6353	137.4	124.1	0.8555	854	356
nte_07311.jpg	0.010587	0.2871	0.4535	83.9	38.4	0.7808	854	356
nte_07311.jpg	0.027925	0.0768	0.4592	131.2	64.7	0.7456	854	356
nte_07312.jpg	0.007536	0.2307	0.4273	70.8	32.4	0.7905	854	356
nte_07312.jpg	0.054541	0.5016	0.6241	135.4	122.4	0.7383	854	356
nte_07313.jpg	0.050535	0.5039	0.6316	130.1	118.1	0.6138	854	356
nte_07313.jpg	0.000960	0.4152	0.3908	19.0	15.3	0.2988	854	356
nte_07314.jpg	0.053798	0.4992	0.6288	135.4	120.8	0.5366	854	356
nte_07314.jpg	0.002533	0.4008	0.4067	31.2	24.7	0.4761	854	356
nte_07315.jpg	0.047620	0.5031	0.6213	125.4	115.4	0.8535	854	356
nte_07315.jpg	0.002701	0.3742	0.4114	34.2	24.0	0.5830	854	356
nte_07316.jpg	0.049379	0.5031	0.6250	126.8	118.4	0.8276	854	356
nte_07316.jpg	0.004887	0.3271	0.4273	50.0	29.7	0.7451	854	356
nte_07317.jpg	0.048254	0.5031	0.6175	127.1	115.4	0.8193	854	356
nte_07317.jpg	0.027039	0.1713	0.4985	138.4	59.4	0.7964	854	356
nte_07318.jpg	0.044423	0.5020	0.6185	119.4	113.1	0.8652	854	356
nte_07319.jpg	0.046285	0.5031	0.6381	124.4	113.1	0.7959	854	356
nte_07319.jpg	0.002685	0.3771	0.4095	36.5	22.4	0.6294	854	356
nte_07320.jpg	0.045185	0.5020	0.6241	120.8	113.8	0.8237	854	356
nte_07320.jpg	0.005889	0.3262	0.4301	57.7	31.0	0.7500	854	356
nte_07321.jpg	0.045721	0.5016	0.6260	120.4	115.4	0.8730	854	356
nte_07321.jpg	0.024767	0.2105	0.4854	134.4	56.0	0.2578	854	356
nte_07322.jpg	0.050393	0.5047	0.6428	130.1	117.8	0.8208	854	356
nte_07323.jpg	0.055867	0.5035	0.6325	135.8	125.1	0.5576	854	356
nte_07324.jpg	0.051720	0.5031	0.6409	128.4	122.4	0.8628	854	356
nte_07325.jpg	0.060534	0.5008	0.6475	147.1	125.1	0.8271	854	356
nte_07326.jpg	0.057629	0.5047	0.6409	136.8	128.1	0.8350	854	356
nte_07327.jpg	0.057829	0.5074	0.6400	134.1	131.1	0.8340	854	356
nte_07328.jpg	0.052417	0.5066	0.6447	133.4	119.4	0.8306	854	356
nte_07329.jpg	0.052106	0.5027	0.6335	130.1	121.8	0.8276	854	356
nte_07330.jpg	0.050636	0.5051	0.6344	126.4	121.8	0.8682	854	356
nte_07331.jpg	0.050061	0.5051	0.6353	131.1	116.1	0.8652	854	356
nte_07332.jpg	0.047786	0.5020	0.6260	124.4	116.8	0.8779	854	356
nte_07333.jpg	0.050497	0.5063	0.6325	126.4	121.4	0.8794	854	356
nte_07333.jpg	0.000346	0.4445	0.4189	11.7	9.0	0.2578	854	356
nte_07334.jpg	0.049297	0.5004	0.6288	129.1	116.1	0.8145	854	356
nte_07334.jpg	0.000425	0.4387	0.4198	13.3	9.7	0.5454	854	356
nte_07335.jpg	0.044209	0.5039	0.6297	127.1	105.7	0.8325	854	356
nte_07335.jpg	0.000577	0.4348	0.4236	15.0	11.7	0.6489	854	356
nte_07335.jpg	0.025824	0.7164	0.3973	138.4	56.7	0.3276	854	356
nte_07336.jpg	0.044673	0.5035	0.6260	128.4	105.7	0.8330	854	356
nte_07336.jpg	0.000609	0.4309	0.4264	15.0	12.3	0.5225	854	356
nte_07337.jpg	0.044167	0.5027	0.6260	123.1	109.1	0.8462	854	356
nte_07337.jpg	0.000855	0.4223	0.4320	19.0	13.7	0.5820	854	356
nte_07337.jpg	0.045242	0.9195	0.4123	137.4	100.1	0.5010	854	356
nte_07337.jpg	0.000918	0.5980	0.4273	19.0	14.7	0.3108	854	356
nte_07338.jpg	0.046162	0.5020	0.6194	127.1	110.4	0.8262	854	356
nte_07338.jpg	0.001318	0.4109	0.4357	24.0	16.7	0.7402	854	356
nte_07339.jpg	0.052918	0.4988	0.6185	131.8	122.1	0.8398	854	356
nte_07339.jpg	0.001896	0.3891	0.4404	30.9	18.7	0.7729	854	356
nte_07340.jpg	0.049629	0.5000	0.6213	131.1	115.1	0.8379	854	356
nte_07340.jpg	0.003690	0.3475	0.4563	47.4	23.7	0.4563	854	356
nte_07341.jpg	0.047436	0.4988	0.6250	129.4	111.4	0.8267	854	356
nte_07341.jpg	0.009023	0.2914	0.4732	70.9	38.7	0.6831	854	356
nte_07341.jpg	0.005820	0.5172	0.4648	53.0	33.4	0.5396	854	356
nte_07342.jpg	0.045983	0.4992	0.6194	127.8	109.4	0.8730	854	356
nte_07342.jpg	0.036655	0.1444	0.5369	168.7	66.1	0.7529	854	356
nte_07342.jpg	0.003032	0.2676	0.4264	41.9	22.0	0.6025	854	356
nte_07342.jpg	0.007775	0.5164	0.4742	60.0	39.4	0.2664	854	356
nte_07343.jpg	0.049424	0.5000	0.6260	129.4	116.1	0.8682	854	356
nte_07343.jpg	0.005013	0.1969	0.4339	55.7	27.4	0.6445	854	356
nte_07344.jpg	0.051535	0.5004	0.6147	130.1	120.4	0.8164	854	356
nte_07344.jpg	0.012556	0.0932	0.4479	94.6	40.4	0.4370	854	356
nte_07345.jpg	0.045177	0.5035	0.6119	121.1	113.4	0.8481	854	356
nte_07346.jpg	0.046998	0.4988	0.6194	127.1	112.4	0.8701	854	356
nte_07347.jpg	0.049234	0.4992	0.6203	130.4	114.8	0.8735	854	356
nte_07348.jpg	0.048622	0.4988	0.6138	131.1	112.8	0.8496	854	356
nte_07349.jpg	0.044399	0.4996	0.6147	120.4	112.1	0.8809	854	356
nte_07350.jpg	0.049979	0.4992	0.6241	129.8	117.1	0.8608	854	356
nte_07351.jpg	0.047985	0.4996	0.6344	129.8	112.4	0.8560	854	356
nte_07352.jpg	0.046419	0.4984	0.6203	129.8	108.8	0.8340	854	356
nte_07353.jpg	0.044285	0.5020	0.6175	119.8	112.4	0.8242	854	356
nte_07354.jpg	0.048412	0.4992	0.6185	129.8	113.4	0.8716	854	356
nte_07355.jpg	0.049628	0.5008	0.6260	127.8	118.1	0.8364	854	356
nte_07355.jpg	0.001950	0.5816	0.3945	24.7	24.0	0.7231	854	356
nte_07356.jpg	0.047436	0.4984	0.6222	129.4	111.4	0.7939	854	356
nte_07356.jpg	0.003057	0.5945	0.4048	32.0	29.0	0.7505	854	356
nte_07357.jpg	0.045304	0.5000	0.6119	127.4	108.1	0.8843	854	356
nte_07357.jpg	0.004287	0.6187	0.4339	40.7	32.0	0.7661	854	356
nte_07357.jpg	0.003370	0.6027	0.4020	33.0	31.0	0.6626	854	356
nte_07358.jpg	0.011942	0.6387	0.4713	75.1	48.4	0.8530	854	356
nte_07358.jpg	0.049196	0.5008	0.6203	128.1	116.8	0.8423	854	356
nte_07358.jpg	0.006920	0.5969	0.4123	46.4	45.4	0.6987	854	356
nte_07358.jpg	0.001128	0.4422	0.3814	22.4	15.3	0.5020	854	356
nte_07358.jpg	0.000717	0.4152	0.3767	18.7	11.7	0.3506	854	356
nte_07359.jpg	0.052274	0.7605	0.5613	181.1	87.7	0.8662	854	356
nte_07359.jpg	0.044646	0.5004	0.6231	124.4	109.1	0.8623	854	356
nte_07359.jpg	0.014834	0.6473	0.4470	79.1	57.0	0.6167	854	356
nte_07359.jpg	0.003825	0.6074	0.4170	31.7	36.7	0.4321	854	356
nte_07359.jpg	0.001230	0.4297	0.3842	23.4	16.0	0.3652	854	356
nte_07360.jpg	0.045818	0.4980	0.6147	122.1	114.1	0.8867	854	356
nte_07360.jpg	0.294133	0.8227	0.4170	303.2	294.9	0.8638	854	356
nte_07360.jpg	0.001853	0.4051	0.3936	31.9	17.7	0.4373	854	356
nte_07360.jpg	0.000472	0.5902	0.3655	14.3	10.0	0.3206	854	356
nte_07360.jpg	0.022929	0.7000	0.4648	96.7	72.1	0.2556	854	356
nte_07360.jpg	0.000814	0.3713	0.3879	19.0	13.0	0.2517	854	356
nte_07361.jpg	0.048604	0.5004	0.6363	128.8	114.8	0.8174	854	356
nte_07361.jpg	0.031749	0.9695	0.7112	52.0	185.5	0.5552	854	356
nte_07361.jpg	0.005286	0.3490	0.4123	55.4	29.0	0.4646	854	356
nte_07361.jpg	0.001530	0.3164	0.4011	25.4	18.3	0.3027	854	356
nte_07362.jpg	0.043650	0.5012	0.6344	125.1	106.1	0.8540	854	356
nte_07362.jpg	0.013062	0.2629	0.4470	91.6	43.4	0.7363	854	356
nte_07363.jpg	0.047747	0.4973	0.6166	125.8	115.4	0.8706	854	356
nte_07364.jpg	0.051524	0.5023	0.6156	138.1	113.4	0.8555	854	356
nte_07365.jpg	0.050552	0.5000	0.6156	132.8	115.8	0.7808	854	356
nte_07366.jpg	0.046824	0.4988	0.6241	130.1	109.4	0.8066	854	356
nte_07367.jpg	0.048266	0.5020	0.6156	126.8	115.8	0.8706	854	356
nte_07368.jpg	0.052803	0.4992	0.6231	130.8	122.8	0.8315	854	356
nte_07368.jpg	0.000787	0.4281	0.3851	16.7	14.3	0.4353	854	356
nte_07368.jpg	0.000425	0.4426	0.3917	13.3	9.7	0.2781	854	356
nte_07369.jpg	0.048537	0.4996	0.6269	130.1	113.4	0.8262	854	356
nte_07369.jpg	0.000547	0.4070	0.3964	17.2	9.7	0.3733	854	356
nte_07369.jpg	0.003182	0.3496	0.4095	53.7	18.0	0.2710	854	356
nte_07370.jpg	0.005227	0.3082	0.4226	70.1	22.7	0.8188	854	356
nte_07370.jpg	0.043764	0.4996	0.6316	130.8	101.7	0.8125	854	356
nte_07370.jpg	0.000787	0.4316	0.3954	16.7	14.3	0.4395	854	356
nte_07370.jpg	0.000981	0.4965	0.3879	19.0	15.7	0.4199	854	356
nte_07370.jpg	0.000692	0.3525	0.3983	18.0	11.7	0.2883	854	356
nte_07370.jpg	0.001031	0.7797	0.4011	21.3	14.7	0.2644	854	356
nte_07371.jpg	0.011013	0.2652	0.4348	102.4	32.7	0.8384	854	356
nte_07371.jpg	0.049251	0.5000	0.6194	130.1	115.1	0.8169	854	356
nte_07371.jpg	0.000807	0.3209	0.3992	19.3	12.7	0.4263	854	356
nte_07371.jpg	0.001063	0.4199	0.3926	22.0	14.7	0.3770	854	356
nte_07371.jpg	0.000977	0.4914	0.3861	19.3	15.3	0.3413	854	356
nte_07371.jpg	0.001702	0.3484	0.3945	31.0	16.7	0.2893	854	356
nte_07372.jpg	0.050158	0.5008	0.6250	128.8	118.4	0.7285	854	356
nte_07372.jpg	0.020622	0.1848	0.4676	127.8	49.0	0.6450	854	356
nte_07372.jpg	0.001254	0.2740	0.3992	24.9	15.3	0.5142	854	356
nte_07372.jpg	0.001396	0.3207	0.3954	31.0	13.7	0.2524	854	356
nte_07373.jpg	0.047146	0.5012	0.6156	122.8	116.8	0.7646	854	356
nte_07373.jpg	0.006414	0.2166	0.3889	57.9	33.7	0.7578	854	356
nte_07373.jpg	0.002786	0.2748	0.3954	43.0	19.7	0.6235	854	356
nte_07374.jpg	0.012382	0.1297	0.4020	94.8	39.7	0.8301	854	356
nte_07374.jpg	0.036459	0.5008	0.6353	119.1	93.1	0.8135	854	356
nte_07374.jpg	0.005099	0.2213	0.4029	62.0	25.0	0.7690	854	356
nte_07375.jpg	0.047300	0.5000	0.6194	121.4	118.4	0.8032	854	356
nte_07376.jpg	0.048745	0.4992	0.6147	128.8	115.1	0.8120	854	356
nte_07377.jpg	0.046684	0.4992	0.6325	127.8	111.1	0.8013	854	356
nte_07378.jpg	0.042353	0.4980	0.6194	121.8	105.7	0.8257	854	356
nte_07379.jpg	0.045204	0.5012	0.6128	119.8	114.8	0.8403	854	356
nte_07379.jpg	0.000469	0.4703	0.3683	13.3	10.7	0.4011	854	356
nte_07380.jpg	0.050039	0.4988	0.6316	128.1	118.8	0.7681	854	356
nte_07380.jpg	0.000425	0.4684	0.3683	13.3	9.7	0.3938	854	356
nte_07381.jpg	0.048704	0.4992	0.6119	126.1	117.4	0.8315	854	356
nte_07381.jpg	0.000447	0.4676	0.3692	12.3	11.0	0.3584	854	356
nte_07382.jpg	0.043524	0.4988	0.6082	118.8	111.4	0.8389	854	356
nte_07382.jpg	0.001550	0.3578	0.3898	32.9	14.3	0.4243	854	356
nte_07382.jpg	0.000564	0.4672	0.3683	14.7	11.7	0.3257	854	356
nte_07383.jpg	0.046094	0.4945	0.6175	121.8	115.1	0.8530	854	356
nte_07383.jpg	0.004034	0.3027	0.4086	54.9	22.4	0.7368	854	356
nte_07383.jpg	0.000556	0.4598	0.3701	15.3	11.0	0.2568	854	356
nte_07384.jpg	0.045992	0.4988	0.6363	129.8	107.8	0.7881	854	356
nte_07384.jpg	0.000776	0.4613	0.3701	17.7	13.3	0.4573	854	356
nte_07384.jpg	0.014458	0.1788	0.4376	113.6	38.7	0.4304	854	356
nte_07385.jpg	0.043897	0.5000	0.6156	123.1	108.4	0.7881	854	356
nte_07385.jpg	0.001078	0.3111	0.3692	25.9	12.7	0.3342	854	356
nte_07386.jpg	0.045450	0.5012	0.6128	124.8	110.8	0.8643	854	356
nte_07386.jpg	0.002579	0.2916	0.3701	43.5	18.0	0.3892	854	356
nte_07387.jpg	0.047228	0.4984	0.6147	128.1	112.1	0.8442	854	356
nte_07387.jpg	0.003021	0.2680	0.3776	43.7	21.0	0.3376	854	356
nte_07388.jpg	0.047541	0.4988	0.6166	127.4	113.4	0.8125	854	356
nte_07389.jpg	0.045897	0.4992	0.6100	129.1	108.1	0.8760	854	356
nte_07389.jpg	0.001482	0.3828	0.3889	30.0	15.0	0.3630	854	356
nte_07390.jpg	0.047050	0.4988	0.6156	128.8	111.1	0.8750	854	356
nte_07390.jpg	0.002357	0.3416	0.4001	40.5	17.7	0.7832	854	356
nte_07390.jpg	0.001996	0.5867	0.3655	33.7	18.0	0.3923	854	356
nte_07391.jpg	0.048288	0.4992	0.6306	129.4	113.4	0.8174	854	356
nte_07391.jpg	0.004990	0.2811	0.4151	64.1	23.7	0.7886	854	356
nte_07391.jpg	0.001899	0.5953	0.3673	30.4	19.0	0.2964	854	356
nte_07392.jpg	0.050844	0.4992	0.6119	129.4	119.4	0.8423	854	356
nte_07392.jpg	0.005191	0.1288	0.4657	63.9	24.7	0.4380	854	356
nte_07392.jpg	0.002121	0.6020	0.3683	31.7	20.3	0.3127	854	356
nte_07393.jpg	0.045642	0.4992	0.6138	126.4	109.8	0.8623	854	356
nte_07393.jpg	0.003772	0.5523	0.3861	37.4	30.7	0.5596	854	356
nte_07394.jpg	0.047458	0.5004	0.6175	126.1	114.4	0.8696	854	356
nte_07395.jpg	0.047790	0.4992	0.6166	128.1	113.4	0.8872	854	356
nte_07396.jpg	0.053401	0.4992	0.6231	129.4	125.4	0.8740	854	356
nte_07397.jpg	0.050263	0.4988	0.6278	129.8	117.8	0.8735	854	356
nte_07397.jpg	0.000998	0.7031	0.3420	19.3	15.7	0.4233	854	356
nte_07398.jpg	0.045849	0.4984	0.6269	129.8	107.4	0.8755	854	356
nte_07398.jpg	0.002929	0.5918	0.3692	42.4	21.0	0.3938	854	356
nte_07399.jpg	0.040766	0.5008	0.6278	123.4	100.4	0.8716	854	356
nte_07399.jpg	0.005668	0.7492	0.4057	58.0	29.7	0.6055	854	356
nte_07399.jpg	0.002778	0.6023	0.3692	38.4	22.0	0.3704	854	356
nte_07400.jpg	0.047202	0.5016	0.6138	132.8	108.1	0.8579	854	356
nte_07400.jpg	0.002967	0.6117	0.3701	40.4	22.4	0.5107	854	356
nte_07400.jpg	0.024440	0.7422	0.3767	142.8	52.0	0.3513	854	356
nte_07401.jpg	0.054511	0.5023	0.6072	136.1	121.8	0.8506	854	356
nte_07402.jpg	0.048518	0.5035	0.6110	130.4	113.1	0.7090	854	356
nte_07402.jpg	0.003406	0.6367	0.3692	47.0	22.0	0.2761	854	356
nte_07403.jpg	0.059354	0.5070	0.6222	139.8	129.1	0.4885	854	356
nte_07404.jpg	0.054494	0.5063	0.6082	132.4	125.1	0.8394	854	356
nte_07405.jpg	0.047756	0.5043	0.6194	128.8	112.8	0.8779	854	356
nte_07406.jpg	0.052991	0.5031	0.6035	128.1	125.8	0.8838	854	356
nte_07407.jpg	0.041529	0.4992	0.6353	127.4	99.1	0.8828	854	356
nte_07407.jpg	0.001682	0.0962	0.3383	30.1	17.0	0.6826	854	356
nte_07408.jpg	0.044197	0.5000	0.6335	129.1	104.1	0.8452	854	356
nte_07408.jpg	0.001489	0.1205	0.3430	28.3	16.0	0.6787	854	356
nte_07409.jpg	0.044903	0.4969	0.6250	132.4	103.1	0.7915	854	356
nte_07409.jpg	0.002157	0.0920	0.3467	33.3	19.7	0.7446	854	356
nte_07409.jpg	0.000840	0.0338	0.2774	22.2	11.5	0.6162	854	356
nte_07409.jpg	0.003510	0.9820	0.4770	31.4	34.0	0.2578	854	356
nte_07410.jpg	0.047759	0.5000	0.6156	131.1	110.8	0.8564	854	356
nte_07410.jpg	0.002845	0.0726	0.3476	37.6	23.0	0.7573	854	356
nte_07410.jpg	0.001024	0.0313	0.2783	23.6	13.2	0.5747	854	356
nte_07410.jpg	0.005255	0.0146	0.3814	25.2	63.4	0.4446	854	356
nte_07411.jpg	0.046702	0.5016	0.6166	127.4	111.4	0.8848	854	356
nte_07411.jpg	0.003436	0.0638	0.3533	39.6	26.4	0.7866	854	356
nte_07411.jpg	0.001233	0.0443	0.2802	24.7	15.2	0.7266	854	356
nte_07412.jpg	0.046747	0.5023	0.6166	129.1	110.1	0.7588	854	356
nte_07412.jpg	0.002387	0.0148	0.3598	25.3	28.7	0.6108	854	356
nte_07412.jpg	0.000830	0.0119	0.2839	19.9	12.7	0.3408	854	356
nte_07413.jpg	0.050303	0.4965	0.6147	136.4	112.1	0.8652	854	356
nte_07413.jpg	0.001097	0.1427	0.2563	16.3	20.5	0.4456	854	356
nte_07414.jpg	0.055207	0.4879	0.6185	147.1	114.1	0.8911	854	356
nte_07415.jpg	0.051493	0.4957	0.6175	141.8	110.4	0.8818	854	356
nte_07415.jpg	0.009957	0.0321	0.3748	54.7	55.4	0.8252	854	356
nte_07415.jpg	0.001354	0.1360	0.3177	28.7	14.3	0.3115	854	356
nte_07416.jpg	0.047026	0.4977	0.6297	134.8	106.1	0.7598	854	356
nte_07416.jpg	0.002158	0.1873	0.3280	32.8	20.0	0.7310	854	356
nte_07416.jpg	0.000412	0.2209	0.2811	12.5	10.0	0.2690	854	356
nte_07417.jpg	0.045464	0.5008	0.6269	127.1	108.8	0.8350	854	356
nte_07417.jpg	0.003040	0.2012	0.3411	42.6	21.7	0.7671	854	356
nte_07417.jpg	0.001185	0.2758	0.2839	20.2	17.8	0.3376	854	356
nte_07418.jpg	0.046928	0.4992	0.6213	128.4	111.1	0.8418	854	356
nte_07418.jpg	0.004862	0.2119	0.3580	54.0	27.4	0.8213	854	356
nte_07418.jpg	0.000506	0.3670	0.3074	13.2	11.7	0.5186	854	356
nte_07419.jpg	0.009032	0.1562	0.3730	79.1	34.7	0.8403	854	356
nte_07419.jpg	0.042598	0.4973	0.6269	124.4	104.1	0.8384	854	356
nte_07419.jpg	0.000623	0.3549	0.3074	13.8	13.7	0.6616	854	356
nte_07420.jpg	0.048672	0.4992	0.6194	127.1	116.4	0.8833	854	356
nte_07420.jpg	0.019742	0.0752	0.4198	128.5	46.7	0.8784	854	356
nte_07420.jpg	0.002828	0.3400	0.3158	34.4	25.0	0.3950	854	356
nte_07421.jpg	0.048575	0.5031	0.6166	125.8	117.4	0.8667	854	356
nte_07421.jpg	0.004486	0.0111	0.4339	19.0	71.7	0.4695	854	356
nte_07421.jpg	0.000261	0.4277	0.3252	10.3	7.7	0.2520	854	356
nte_07422.jpg	0.048163	0.5008	0.6316	129.1	113.4	0.8184	854	356
nte_07422.jpg	0.005712	0.3320	0.3458	51.0	34.0	0.6191	854	356
nte_07423.jpg	0.008442	0.2979	0.3542	62.5	41.0	0.8530	854	356
nte_07423.jpg	0.049101	0.5016	0.6156	126.8	117.8	0.8359	854	356
nte_07423.jpg	0.000362	0.4328	0.3448	12.7	8.7	0.4453	854	356
nte_07424.jpg	0.014122	0.2547	0.3608	85.2	50.4	0.8564	854	356
nte_07424.jpg	0.048555	0.5016	0.6128	126.4	116.8	0.8169	854	356
nte_07424.jpg	0.000372	0.4590	0.3430	11.7	9.7	0.3049	854	356
nte_07425.jpg	0.036261	0.1455	0.3711	149.5	73.7	0.8755	854	356
nte_07425.jpg	0.044849	0.5004	0.6213	125.8	108.4	0.8232	854	356
nte_07425.jpg	0.000498	0.4563	0.3448	13.3	11.3	0.4446	854	356
nte_07425.jpg	0.000348	0.4219	0.3589	12.7	8.3	0.3704	854	356
nte_07426.jpg	0.046841	0.5012	0.6166	124.1	114.8	0.8667	854	356
nte_07426.jpg	0.000381	0.4133	0.3589	13.3	8.7	0.4636	854	356
nte_07426.jpg	0.000471	0.4551	0.3458	13.0	11.0	0.3022	854	356
nte_07426.jpg	0.001239	0.3451	0.3383	23.5	16.0	0.2747	854	356
nte_07427.jpg	0.048631	0.5035	0.6250	122.1	121.1	0.8442	854	356
nte_07427.jpg	0.000441	0.4035	0.3645	13.8	9.7	0.5952	854	356
nte_07427.jpg	0.000492	0.4531	0.3448	14.0	10.7	0.2773	854	356
nte_07428.jpg	0.048345	0.5051	0.6260	123.8	118.8	0.8550	854	356
nte_07428.jpg	0.000731	0.3904	0.3683	18.5	12.0	0.6318	854	356
nte_07428.jpg	0.000589	0.4520	0.3467	15.3	11.7	0.3721	854	356
nte_07429.jpg	0.046308	0.5043	0.6231	123.8	113.8	0.8477	854	356
nte_07429.jpg	0.000900	0.3723	0.3730	20.0	13.7	0.7207	854	356
nte_07430.jpg	0.002199	0.3469	0.3804	32.9	20.3	0.7749	854	356
nte_07430.jpg	0.046658	0.4965	0.6297	130.4	108.8	0.7031	854	356
nte_07431.jpg	0.046533	0.5000	0.6156	125.1	113.1	0.8623	854	356
nte_07431.jpg	0.004294	0.3115	0.3908	49.5	26.4	0.8325	854	356
nte_07431.jpg	0.000456	0.4082	0.3551	14.8	9.3	0.3264	854	356
nte_07431.jpg	0.000540	0.4555	0.3467	13.7	12.0	0.2649	854	356
nte_07432.jpg	0.049698	0.5020	0.6156	124.4	121.4	0.8467	854	356
nte_07432.jpg	0.014302	0.2373	0.4217	101.8	42.7	0.8374	854	356
nte_07432.jpg	0.000454	0.4191	0.3448	13.3	10.3	0.3572	854	356
nte_07433.jpg	0.052024	0.5016	0.6194	125.4	126.1	0.8418	854	356
nte_07433.jpg	0.035645	0.0770	0.5201	131.5	82.4	0.6138	854	356
nte_07433.jpg	0.000804	0.4156	0.3280	20.3	12.0	0.3572	854	356
nte_07434.jpg	0.052955	0.4988	0.6166	130.4	123.4	0.6157	854	356
nte_07434.jpg	0.001493	0.4031	0.3158	26.7	17.0	0.5796	854	356
nte_07434.jpg	0.001206	0.3180	0.3167	28.2	13.0	0.3892	854	356
nte_07435.jpg	0.048895	0.5016	0.6128	123.1	120.8	0.7759	854	356
nte_07435.jpg	0.002411	0.3789	0.3027	36.0	20.3	0.5776	854	356
nte_07435.jpg	0.000469	0.5152	0.2839	13.3	10.7	0.2649	854	356
nte_07436.jpg	0.051603	0.5008	0.5932	118.8	132.1	0.8584	854	356
nte_07436.jpg	0.003224	0.3404	0.3149	37.2	26.4	0.6133	854	356
nte_07436.jpg	0.000472	0.2924	0.2830	14.8	9.7	0.2864	854	356
nte_07437.jpg	0.051512	0.5000	0.6044	119.8	130.8	0.6650	854	356
nte_07437.jpg	0.014155	0.2695	0.3533	101.6	42.4	0.3662	854	356
nte_07438.jpg	0.051030	0.5027	0.6035	121.4	127.8	0.7666	854	356
nte_07439.jpg	0.052239	0.5012	0.6053	121.8	130.4	0.6655	854	356
nte_07440.jpg	0.002153	0.4086	0.2877	28.9	22.7	0.7065	854	356
nte_07440.jpg	0.052142	0.5000	0.6035	123.4	128.4	0.6953	854	356
nte_07440.jpg	0.002912	0.4816	0.3008	34.0	26.0	0.3154	854	356
nte_07440.jpg	0.001388	0.4762	0.2455	26.4	16.0	0.2822	854	356
nte_07441.jpg	0.053869	0.5012	0.5941	122.4	133.8	0.7905	854	356
nte_07441.jpg	0.002451	0.3846	0.3186	34.4	21.7	0.6812	854	356
nte_07442.jpg	0.050244	0.5008	0.6072	124.4	122.8	0.8408	854	356
nte_07442.jpg	0.003241	0.3275	0.3589	38.4	25.7	0.6538	854	356
nte_07443.jpg	0.049918	0.4992	0.6110	127.4	119.1	0.8667	854	356
nte_07443.jpg	0.016476	0.2355	0.4151	115.5	43.4	0.7314	854	356
nte_07444.jpg	0.045071	0.5020	0.6391	124.1	110.4	0.8237	854	356
nte_07444.jpg	0.015037	0.0386	0.5557	65.9	69.4	0.3696	854	356
nte_07445.jpg	0.045056	0.5020	0.6194	124.4	110.1	0.7295	854	356
nte_07446.jpg	0.042753	0.5004	0.6128	121.8	106.8	0.8530	854	356
nte_07447.jpg	0.044856	0.5016	0.6138	122.8	111.1	0.8452	854	356
nte_07448.jpg	0.046694	0.5016	0.6278	124.4	114.1	0.7832	854	356
nte_07448.jpg	0.002651	0.4809	0.2952	34.0	23.7	0.3496	854	356
nte_07448.jpg	0.000500	0.4340	0.3467	13.0	11.7	0.2527	854	356
nte_07449.jpg	0.038873	0.5035	0.6288	120.1	98.4	0.8462	854	356
nte_07449.jpg	0.003035	0.4797	0.2896	34.4	26.9	0.6846	854	356
nte_07449.jpg	0.000515	0.3857	0.3298	12.7	12.3	0.4026	854	356
nte_07450.jpg	0.041360	0.5016	0.6128	117.4	107.1	0.7842	854	356
nte_07451.jpg	0.042372	0.5004	0.6100	118.1	109.1	0.8823	854	356
nte_07451.jpg	0.000700	0.4102	0.3420	16.3	13.0	0.4238	854	356
nte_07452.jpg	0.047696	0.5020	0.6241	127.1	114.1	0.8530	854	356
nte_07452.jpg	0.000889	0.3984	0.3439	18.0	15.0	0.4565	854	356
nte_07452.jpg	0.000307	0.4582	0.3083	10.0	9.3	0.2539	854	356
nte_07453.jpg	0.045177	0.5051	0.6381	124.8	110.1	0.7432	854	356
nte_07453.jpg	0.001040	0.3738	0.3570	23.7	13.3	0.6069	854	356
nte_07453.jpg	0.000326	0.4586	0.3092	11.0	9.0	0.2783	854	356
nte_07454.jpg	0.051866	0.5035	0.6391	128.1	123.1	0.8203	854	356
nte_07454.jpg	0.003132	0.3438	0.3730	40.2	23.7	0.7183	854	356
nte_07454.jpg	0.000456	0.4594	0.3139	14.3	9.7	0.4072	854	356
nte_07454.jpg	0.000438	0.4289	0.3130	15.3	8.7	0.2651	854	356
nte_07455.jpg	0.054533	0.5039	0.6363	130.1	127.4	0.8384	854	356
nte_07455.jpg	0.010388	0.2689	0.4086	80.2	39.4	0.8286	854	356
nte_07455.jpg	0.000488	0.4277	0.3177	15.3	9.7	0.4919	854	356
nte_07455.jpg	0.000545	0.4574	0.3167	16.0	10.3	0.3130	854	356
nte_07456.jpg	0.058274	0.5043	0.6475	133.1	133.1	0.7881	854	356
nte_07456.jpg	0.036732	0.0878	0.5107	150.1	74.4	0.4436	854	356
nte_07456.jpg	0.000567	0.4219	0.3242	16.7	10.3	0.3987	854	356
nte_07457.jpg	0.054875	0.5043	0.6737	134.4	124.1	0.7676	854	356
nte_07457.jpg	0.000400	0.4457	0.3317	13.0	9.3	0.4551	854	356
nte_07457.jpg	0.000343	0.4164	0.3317	13.0	8.0	0.4509	854	356
nte_07458.jpg	0.059887	0.5055	0.6541	133.8	136.1	0.8408	854	356
nte_07458.jpg	0.000371	0.4070	0.3383	13.5	8.3	0.4189	854	356
nte_07458.jpg	0.000381	0.4371	0.3383	13.3	8.7	0.2573	854	356
nte_07459.jpg	0.000484	0.3924	0.3448	16.3	9.0	0.4482	854	356
nte_07459.jpg	0.000384	0.4305	0.3458	14.0	8.3	0.2991	854	356
nte_07460.jpg	0.062812	0.4996	0.6550	143.1	133.4	0.7773	854	356
nte_07460.jpg	0.000586	0.4172	0.3570	16.7	10.7	0.4329	854	356
nte_07461.jpg	0.062487	0.4996	0.6578	143.4	132.4	0.6216	854	356
nte_07461.jpg	0.001333	0.3553	0.3626	25.9	15.7	0.4673	854	356
nte_07461.jpg	0.000593	0.4035	0.3636	18.0	10.0	0.4587	854	356
nte_07462.jpg	0.062447	0.4980	0.6569	144.4	131.4	0.7124	854	356
nte_07462.jpg	0.001601	0.3814	0.3748	27.5	17.7	0.6069	854	356
nte_07462.jpg	0.002506	0.3244	0.3739	41.5	18.3	0.4829	854	356
nte_07462.jpg	0.000343	0.5047	0.3720	12.0	8.7	0.2527	854	356
nte_07463.jpg	0.057829	0.5031	0.6569	134.1	131.1	0.8027	854	356
nte_07463.jpg	0.004559	0.2740	0.3889	57.7	24.0	0.7812	854	356
nte_07463.jpg	0.003327	0.3482	0.3926	41.5	24.4	0.5288	854	356
nte_07463.jpg	0.000499	0.4211	0.3626	15.7	9.7	0.3413	854	356
nte_07463.jpg	0.000485	0.4676	0.3730	13.0	11.3	0.2852	854	356
nte_07464.jpg	0.060022	0.4980	0.6578	137.4	132.8	0.8511	854	356
nte_07464.jpg	0.007318	0.2910	0.4151	65.4	34.0	0.7866	854	356
nte_07464.jpg	0.009791	0.1806	0.4161	85.0	35.0	0.7480	854	356
nte_07464.jpg	0.000772	0.4078	0.3683	18.5	12.7	0.5654	854	356
nte_07465.jpg	0.061787	0.5008	0.6606	140.8	133.4	0.8584	854	356
nte_07465.jpg	0.043637	0.1030	0.5088	176.0	75.4	0.8447	854	356
nte_07465.jpg	0.001266	0.3875	0.3767	22.2	17.3	0.6353	854	356
nte_07465.jpg	0.011802	0.0352	0.4873	60.1	59.7	0.2722	854	356
nte_07466.jpg	0.060159	0.5012	0.6681	142.8	128.1	0.8037	854	356
nte_07466.jpg	0.002820	0.3527	0.3898	36.2	23.7	0.7559	854	356
nte_07466.jpg	0.000476	0.3914	0.3926	16.7	8.7	0.3599	854	356
nte_07466.jpg	0.000410	0.3818	0.3954	13.8	9.0	0.2661	854	356
nte_07467.jpg	0.066856	0.4980	0.6578	146.1	139.1	0.7837	854	356
nte_07467.jpg	0.008554	0.2818	0.4207	68.4	38.0	0.6870	854	356
nte_07468.jpg	0.062878	0.4965	0.6663	140.1	136.4	0.8574	854	356
nte_07468.jpg	0.029904	0.0787	0.4901	122.8	74.1	0.7881	854	356
nte_07469.jpg	0.060850	0.5039	0.6597	141.1	131.1	0.8516	854	356
nte_07470.jpg	0.056303	0.4992	0.6728	147.4	116.1	0.8716	854	356
nte_07471.jpg	0.058597	0.4992	0.6541	147.1	121.1	0.8105	854	356
nte_07471.jpg	0.000278	0.4594	0.4292	11.0	7.7	0.2512	854	356
nte_07472.jpg	0.058168	0.5004	0.6466	138.8	127.4	0.8359	854	356
nte_07472.jpg	0.000555	0.3930	0.4460	16.8	10.0	0.2998	854	356
nte_07473.jpg	0.058007	0.4930	0.6456	142.1	124.1	0.8501	854	356
nte_07473.jpg	0.000765	0.3787	0.4507	20.5	11.3	0.4902	854	356
nte_07473.jpg	0.000223	0.4578	0.4282	9.7	7.0	0.2590	854	356
nte_07474.jpg	0.054262	0.5008	0.6625	145.4	113.4	0.8433	854	356
nte_07474.jpg	0.000664	0.3354	0.4573	19.5	10.3	0.3853	854	356
nte_07474.jpg	0.000548	0.3545	0.4563	14.7	11.3	0.3145	854	356
nte_07475.jpg	0.057273	0.4996	0.6663	147.4	118.1	0.8452	854	356
nte_07475.jpg	0.002724	0.3227	0.4601	40.7	20.3	0.7173	854	356
nte_07476.jpg	0.055929	0.4969	0.6503	142.8	119.1	0.8384	854	356
nte_07476.jpg	0.003526	0.7484	0.4545	57.4	18.7	0.3748	854	356
nte_07476.jpg	0.004912	0.2648	0.4732	63.0	23.7	0.2817	854	356
nte_07477.jpg	0.053165	0.4969	0.6559	140.4	115.1	0.8491	854	356
nte_07477.jpg	0.000451	0.4465	0.4301	14.7	9.3	0.3726	854	356
nte_07478.jpg	0.054607	0.4996	0.6616	148.1	112.1	0.8672	854	356
nte_07478.jpg	0.000435	0.4430	0.4292	14.7	9.0	0.2937	854	356
nte_07479.jpg	0.057932	0.5000	0.6550	145.4	121.1	0.8457	854	356
nte_07479.jpg	0.000446	0.4336	0.4310	14.0	9.7	0.4246	854	356
nte_07479.jpg	0.000255	0.4461	0.4264	9.7	8.0	0.3564	854	356
nte_07480.jpg	0.054989	0.4980	0.6531	142.8	117.1	0.8711	854	356
nte_07480.jpg	0.000435	0.4336	0.4292	13.7	9.7	0.3591	854	356
nte_07480.jpg	0.000379	0.4207	0.4310	12.3	9.3	0.3477	854	356
nte_07480.jpg	0.000244	0.4441	0.4273	9.7	7.7	0.2905	854	356
nte_07481.jpg	0.058700	0.4992	0.6522	147.8	120.8	0.8560	854	356
nte_07481.jpg	0.000499	0.4125	0.4339	14.7	10.3	0.5601	854	356
nte_07481.jpg	0.000406	0.4313	0.4301	12.3	10.0	0.4382	854	356
nte_07481.jpg	0.000295	0.4414	0.4254	10.3	8.7	0.4346	854	356
nte_07481.jpg	0.000725	0.2164	0.4123	20.0	11.0	0.3501	854	356
nte_07482.jpg	0.060421	0.4996	0.6681	150.5	122.1	0.8306	854	356
nte_07482.jpg	0.000445	0.4328	0.4292	12.7	10.7	0.4441	854	356
nte_07482.jpg	0.000445	0.4203	0.4301	12.7	10.7	0.4038	854	356
nte_07483.jpg	0.064977	0.4980	0.6494	151.5	130.4	0.7388	854	356
nte_07483.jpg	0.000492	0.4281	0.4292	14.0	10.7	0.4126	854	356
nte_07483.jpg	0.000553	0.4117	0.4329	14.0	12.0	0.3970	854	356
nte_07483.jpg	0.000751	0.3910	0.4385	18.0	12.7	0.3928	854	356
nte_07483.jpg	0.000314	0.4430	0.4254	11.0	8.7	0.2539	854	356
nte_07484.jpg	0.057820	0.4984	0.6447	146.8	119.8	0.8066	854	356
nte_07484.jpg	0.000695	0.4027	0.4273	16.7	12.7	0.6309	854	356
nte_07484.jpg	0.001256	0.3760	0.4357	23.4	16.3	0.6069	854	356
nte_07484.jpg	0.000717	0.4207	0.4254	16.3	13.3	0.5435	854	356
nte_07484.jpg	0.001417	0.8406	0.4264	29.4	14.7	0.3877	854	356
nte_07485.jpg	0.064180	0.4988	0.6231	144.8	134.8	0.8125	854	356
nte_07485.jpg	0.000780	0.3859	0.4301	17.3	13.7	0.5610	854	356
nte_07485.jpg	0.000451	0.4102	0.4329	14.7	9.3	0.2615	854	356
nte_07486.jpg	0.052750	0.4984	0.6306	132.4	121.1	0.7998	854	356
nte_07486.jpg	0.004125	0.3156	0.4357	40.9	30.7	0.6973	854	356
nte_07486.jpg	0.001202	0.3654	0.4357	22.4	16.3	0.6680	854	356
nte_07486.jpg	0.000410	0.3951	0.4367	13.8	9.0	0.4495	854	356
nte_07486.jpg	0.000461	0.4105	0.4357	14.0	10.0	0.4319	854	356
nte_07487.jpg	0.006381	0.2566	0.4554	61.2	31.7	0.8364	854	356
nte_07487.jpg	0.053175	0.5020	0.6306	132.8	121.8	0.8267	854	356
nte_07487.jpg	0.002088	0.3365	0.4385	31.2	20.3	0.7930	854	356
nte_07487.jpg	0.000842	0.3783	0.4357	19.2	13.3	0.5610	854	356
nte_07487.jpg	0.000250	0.4594	0.4236	10.3	7.3	0.4119	854	356
nte_07487.jpg	0.000510	0.3982	0.4367	14.5	10.7	0.3489	854	356
nte_07487.jpg	0.000351	0.4039	0.4348	11.8	9.0	0.3484	854	356
nte_07487.jpg	0.000295	0.4785	0.4264	11.7	7.7	0.2822	854	356
nte_07488.jpg	0.050797	0.5000	0.6503	142.4	108.4	0.8384	854	356
nte_07488.jpg	0.016035	0.1507	0.4657	106.7	45.7	0.8384	854	356
nte_07488.jpg	0.004054	0.2953	0.4442	47.4	26.0	0.7515	854	356
nte_07488.jpg	0.001385	0.3559	0.4423	26.9	15.7	0.4910	854	356
nte_07488.jpg	0.000591	0.3840	0.4395	15.8	11.3	0.4448	854	356
nte_07488.jpg	0.000320	0.4582	0.4236	11.7	8.3	0.3938	854	356
nte_07488.jpg	0.000846	0.3652	0.4404	17.5	14.7	0.2725	854	356
nte_07489.jpg	0.049525	0.4996	0.6456	136.8	110.1	0.8730	854	356
nte_07489.jpg	0.008714	0.2168	0.4582	74.2	35.7	0.8154	854	356
nte_07489.jpg	0.002434	0.3248	0.4451	36.4	20.3	0.5894	854	356
nte_07489.jpg	0.000451	0.4543	0.4282	14.7	9.3	0.4580	854	356
nte_07489.jpg	0.001021	0.3658	0.4451	22.7	13.7	0.4138	854	356
nte_07490.jpg	0.047184	0.5008	0.6288	131.1	109.4	0.8501	854	356
nte_07490.jpg	0.005250	0.2732	0.4479	54.4	29.4	0.8096	854	356
nte_07490.jpg	0.001989	0.3406	0.4479	34.9	17.3	0.6680	854	356
nte_07490.jpg	0.037121	0.0735	0.4310	125.8	89.7	0.6279	854	356
nte_07490.jpg	0.000533	0.4531	0.4282	15.7	10.3	0.3284	854	356
nte_07491.jpg	0.046412	0.4980	0.6363	131.8	107.1	0.8628	854	356
nte_07491.jpg	0.017488	0.1367	0.4667	113.8	46.7	0.8276	854	356
nte_07491.jpg	0.003771	0.2832	0.4592	52.9	21.7	0.7607	854	356
nte_07491.jpg	0.000477	0.4355	0.4301	14.0	10.3	0.3381	854	356
nte_07491.jpg	0.000472	0.4449	0.4282	14.3	10.0	0.2705	854	356
nte_07492.jpg	0.046467	0.4992	0.6475	134.4	105.1	0.8560	854	356
nte_07492.jpg	0.011031	0.1735	0.4723	102.6	32.7	0.7510	854	356
nte_07492.jpg	0.000807	0.4203	0.4264	19.3	12.7	0.5249	854	356
nte_07492.jpg	0.000540	0.4434	0.4207	13.7	12.0	0.4795	854	356
nte_07493.jpg	0.044480	0.5023	0.6297	129.1	104.7	0.8340	854	356
nte_07493.jpg	0.010771	0.0433	0.4966	73.8	44.4	0.7939	854	356
nte_07493.jpg	0.000691	0.3990	0.4310	18.5	11.3	0.4224	854	356
nte_07493.jpg	0.000593	0.4316	0.4236	15.0	12.0	0.3943	854	356
nte_07494.jpg	0.047930	0.4988	0.6156	132.8	109.8	0.8608	854	356
nte_07494.jpg	0.002775	0.3688	0.4292	37.2	22.7	0.7256	854	356
nte_07494.jpg	0.001067	0.4148	0.4236	20.7	15.7	0.7212	854	356
nte_07495.jpg	0.046211	0.5000	0.6353	132.4	106.1	0.8662	854	356
nte_07495.jpg	0.007409	0.3105	0.4442	58.7	38.4	0.7427	854	356
nte_07495.jpg	0.001460	0.3902	0.4301	24.2	18.3	0.6592	854	356
nte_07495.jpg	0.000628	0.6707	0.4264	17.3	11.0	0.3369	854	356
nte_07496.jpg	0.045660	0.4996	0.6363	132.1	105.1	0.8696	854	356
nte_07496.jpg	0.022061	0.1938	0.4713	119.7	56.0	0.8203	854	356
nte_07496.jpg	0.001390	0.3566	0.4376	25.9	16.3	0.5225	854	356
nte_07496.jpg	0.000821	0.6914	0.4198	22.0	11.3	0.3325	854	356
nte_07497.jpg	0.046704	0.4980	0.6156	129.8	109.4	0.8022	854	356
nte_07497.jpg	0.007599	0.3094	0.4226	57.7	40.0	0.6353	854	356
nte_07497.jpg	0.001266	0.7227	0.4217	30.4	12.7	0.3125	854	356
nte_07498.jpg	0.045936	0.4980	0.6222	126.1	110.8	0.8604	854	356
nte_07498.jpg	0.020358	0.1979	0.4535	117.4	52.7	0.6348	854	356
nte_07498.jpg	0.001970	0.7660	0.4282	39.0	15.3	0.4680	854	356
nte_07498.jpg	0.000258	0.4672	0.4020	10.7	7.3	0.2534	854	356
nte_07499.jpg	0.044968	0.5000	0.6316	130.1	105.1	0.8477	854	356
nte_07499.jpg	0.003122	0.8445	0.4367	54.7	17.3	0.6694	854	356
nte_07499.jpg	0.005072	0.4746	0.4901	49.7	31.0	0.2788	854	356
nte_07499.jpg	0.000293	0.4668	0.4011	10.7	8.3	0.2681	854	356
nte_07500.jpg	0.047862	0.5000	0.6166	126.4	115.1	0.8315	854	356
nte_07500.jpg	0.000560	0.4652	0.4029	15.0	11.3	0.2961	854	356
nte_07501.jpg	0.042835	0.4965	0.6185	122.8	106.1	0.8687	854	356
nte_07501.jpg	0.000338	0.5043	0.3889	11.0	9.3	0.2715	854	356
nte_07501.jpg	0.000467	0.4602	0.4020	14.7	9.7	0.2512	854	356
nte_07502.jpg	0.048305	0.5004	0.6231	129.1	113.8	0.8911	854	356
nte_07502.jpg	0.000326	0.5043	0.3898	11.0	9.0	0.3115	854	356
nte_07502.jpg	0.004493	0.1236	0.4329	70.6	19.3	0.2627	854	356
nte_07503.jpg	0.042780	0.5008	0.6278	129.1	100.7	0.8579	854	356
nte_07503.jpg	0.004126	0.0319	0.4479	54.5	23.0	0.5684	854	356
nte_07503.jpg	0.007819	0.4738	0.4742	59.4	40.0	0.4067	854	356
nte_07503.jpg	0.000393	0.5059	0.3889	12.3	9.7	0.2615	854	356
nte_07504.jpg	0.041827	0.5008	0.6278	123.8	102.7	0.8335	854	356
nte_07504.jpg	0.000324	0.4457	0.4048	11.3	8.7	0.2644	854	356
nte_07505.jpg	0.049095	0.5012	0.6353	132.8	112.4	0.8477	854	356
nte_07505.jpg	0.000336	0.5059	0.3926	11.3	9.0	0.2585	854	356
nte_07506.jpg	0.048238	0.5004	0.6522	136.1	107.8	0.8628	854	356
nte_07506.jpg	0.000422	0.4586	0.4076	12.0	10.7	0.3557	854	356
nte_07506.jpg	0.000369	0.4387	0.4132	12.0	9.3	0.2839	854	356
nte_07506.jpg	0.000286	0.5055	0.3954	10.0	8.7	0.2639	854	356
nte_07507.jpg	0.048661	0.5055	0.6372	130.4	113.4	0.8496	854	356
nte_07507.jpg	0.000420	0.4230	0.4226	13.7	9.3	0.4253	854	356
nte_07508.jpg	0.053910	0.4980	0.6428	140.8	116.4	0.8154	854	356
nte_07508.jpg	0.000362	0.4332	0.4217	12.7	8.7	0.3147	854	356
nte_07508.jpg	0.000697	0.4086	0.4301	18.7	11.3	0.3076	854	356
nte_07509.jpg	0.053548	0.5004	0.6625	143.1	113.8	0.8281	854	356
nte_07509.jpg	0.000572	0.4195	0.4310	15.3	11.3	0.5068	854	356
nte_07509.jpg	0.000348	0.4336	0.4254	11.3	9.3	0.4504	854	356
nte_07509.jpg	0.000647	0.3957	0.4367	16.8	11.7	0.3896	854	356
nte_07509.jpg	0.001094	0.3854	0.4432	23.2	14.3	0.3433	854	356
nte_07509.jpg	0.000318	0.4648	0.4095	10.3	9.3	0.2617	854	356
nte_07509.jpg	0.000366	0.5383	0.4179	12.3	9.0	0.2600	854	356
nte_07510.jpg	0.053320	0.5016	0.6494	140.4	115.4	0.7866	854	356
nte_07510.jpg	0.000704	0.4078	0.4357	17.3	12.3	0.4968	854	356
nte_07510.jpg	0.000339	0.4301	0.4310	12.3	8.3	0.3394	854	356
nte_07510.jpg	0.000450	0.5410	0.4179	13.7	10.0	0.3071	854	356
nte_07510.jpg	0.000350	0.4172	0.4329	11.0	9.7	0.2971	854	356
nte_07510.jpg	0.001785	0.3594	0.4498	30.7	17.7	0.2925	854	356
nte_07511.jpg	0.055473	0.4969	0.6569	144.4	116.8	0.8291	854	356
nte_07511.jpg	0.001226	0.3943	0.4414	22.4	16.7	0.5142	854	356
nte_07511.jpg	0.000630	0.4109	0.4367	14.3	13.3	0.3728	854	356
nte_07511.jpg	0.004548	0.3193	0.4610	54.5	25.4	0.3022	854	356
nte_07511.jpg	0.000525	0.4301	0.4254	13.7	11.7	0.2744	854	356
nte_07511.jpg	0.000369	0.4602	0.4114	12.0	9.3	0.2683	854	356
nte_07511.jpg	0.000443	0.4203	0.4339	13.0	10.3	0.2593	854	356
nte_07511.jpg	0.000328	0.5098	0.4114	10.7	9.3	0.2556	854	356
nte_07512.jpg	0.059128	0.4992	0.6700	148.4	121.1	0.8467	854	356
nte_07512.jpg	0.003821	0.3594	0.4629	40.0	29.0	0.7739	854	356
nte_07512.jpg	0.014081	0.2131	0.4882	104.3	41.0	0.6699	854	356
nte_07512.jpg	0.000527	0.4176	0.4348	15.0	10.7	0.5303	854	356
nte_07512.jpg	0.000471	0.4027	0.4348	13.0	11.0	0.3777	854	356
nte_07512.jpg	0.000408	0.5113	0.4123	12.0	10.3	0.3035	854	356
nte_07512.jpg	0.000825	0.3869	0.4414	16.3	15.3	0.2827	854	356
nte_07513.jpg	0.052983	0.5047	0.6653	140.8	114.4	0.7915	854	356
nte_07513.jpg	0.004655	0.3152	0.4657	52.4	27.0	0.7109	854	356
nte_07513.jpg	0.000621	0.4051	0.4367	16.2	11.7	0.5020	854	356
nte_07513.jpg	0.000725	0.3699	0.4479	20.0	11.0	0.2981	854	356
nte_07514.jpg	0.065011	0.4957	0.6409	143.1	138.1	0.8433	854	356
nte_07514.jpg	0.002769	0.3449	0.4535	41.4	20.3	0.5884	854	356
nte_07514.jpg	0.001178	0.3881	0.4451	23.9	15.0	0.3799	854	356
nte_07515.jpg	0.065120	0.5004	0.6700	151.8	130.4	0.8306	854	356
nte_07515.jpg	0.003165	0.3492	0.4563	43.7	22.0	0.7495	854	356
nte_07515.jpg	0.007643	0.2564	0.4798	72.6	32.0	0.6602	854	356
nte_07516.jpg	0.059826	0.5008	0.6728	151.5	120.1	0.8354	854	356
nte_07516.jpg	0.004949	0.3000	0.4629	56.4	26.7	0.5791	854	356
nte_07516.jpg	0.028928	0.0860	0.5285	147.3	59.7	0.3169	854	356
nte_07517.jpg	0.059727	0.4969	0.6681	147.1	123.4	0.8403	854	356
nte_07517.jpg	0.017572	0.1711	0.4976	119.5	44.7	0.5811	854	356
nte_07518.jpg	0.063012	0.5020	0.6737	154.8	123.8	0.8374	854	356
nte_07518.jpg	0.000499	0.3014	0.4207	15.7	9.7	0.2583	854	356
nte_07519.jpg	0.061619	0.5137	0.6737	147.8	126.8	0.8506	854	356
nte_07519.jpg	0.000336	0.4656	0.4161	11.3	9.0	0.2734	854	356
nte_07520.jpg	0.057481	0.5113	0.6644	145.1	120.4	0.8125	854	356
nte_07521.jpg	0.062733	0.5078	0.6503	148.1	128.8	0.8208	854	356
nte_07521.jpg	0.000734	0.5711	0.4357	19.7	11.3	0.4504	854	356
nte_07521.jpg	0.007442	0.5281	0.4938	63.4	35.7	0.3044	854	356
nte_07522.jpg	0.062632	0.5039	0.6363	143.8	132.4	0.8252	854	356
nte_07522.jpg	0.000604	0.5863	0.4385	16.7	11.0	0.4126	854	356
nte_07522.jpg	0.000447	0.5727	0.4367	12.3	11.0	0.2917	854	356
nte_07523.jpg	0.057031	0.5008	0.6438	144.8	119.8	0.7949	854	356
nte_07523.jpg	0.000960	0.5945	0.4414	21.4	13.7	0.4670	854	356
nte_07524.jpg	0.051229	0.4984	0.6466	145.4	107.1	0.8242	854	356
nte_07524.jpg	0.001818	0.6090	0.4442	30.7	18.0	0.7402	854	356
nte_07524.jpg	0.000485	0.4980	0.4048	13.0	11.3	0.3557	854	356
nte_07524.jpg	0.000553	0.4832	0.4057	14.0	12.0	0.2666	854	356
nte_07524.jpg	0.000366	0.5633	0.4076	12.3	9.0	0.2563	854	356
nte_07525.jpg	0.054811	0.4961	0.6381	141.1	118.1	0.7949	854	356
nte_07525.jpg	0.002483	0.6297	0.4507	35.4	21.3	0.7783	854	356
nte_07525.jpg	0.000510	0.4977	0.4048	13.7	11.3	0.3291	854	356
nte_07525.jpg	0.000499	0.5676	0.4067	14.7	10.3	0.3235	854	356
nte_07525.jpg	0.000425	0.5523	0.4048	13.3	9.7	0.2546	854	356
nte_07526.jpg	0.050027	0.4973	0.6297	131.8	115.4	0.8613	854	356
nte_07526.jpg	0.003895	0.6656	0.4601	46.7	25.4	0.7856	854	356
nte_07527.jpg	0.049610	0.4941	0.6344	135.8	111.1	0.9038	854	356
nte_07527.jpg	0.008734	0.7055	0.4798	74.4	35.7	0.8442	854	356
nte_07527.jpg	0.000457	0.4969	0.4039	13.0	10.7	0.2510	854	356
nte_07528.jpg	0.024139	0.7684	0.5229	126.4	58.0	0.8989	854	356
nte_07528.jpg	0.050795	0.4973	0.6381	137.8	112.1	0.8740	854	356
nte_07529.jpg	0.082323	0.8781	0.6353	207.8	120.4	0.8975	854	356
nte_07529.jpg	0.046059	0.5000	0.6363	130.8	107.1	0.8770	854	356
nte_07529.jpg	0.000485	0.5563	0.4020	13.0	11.3	0.2632	854	356
nte_07530.jpg	0.045890	0.4965	0.6335	132.8	105.1	0.8555	854	356
nte_07530.jpg	0.000498	0.5465	0.4029	13.3	11.3	0.4595	854	356
nte_07531.jpg	0.045401	0.4965	0.6231	128.1	107.8	0.8423	854	356
nte_07531.jpg	0.000485	0.5449	0.4020	13.0	11.3	0.2898	854	356
nte_07532.jpg	0.047639	0.4977	0.6241	132.8	109.1	0.8652	854	356
nte_07533.jpg	0.043011	0.4988	0.6344	128.1	102.1	0.8643	854	356
nte_07534.jpg	0.041219	0.5000	0.6260	122.8	102.1	0.8569	854	356
nte_07535.jpg	0.043969	0.4992	0.6335	130.1	102.7	0.8623	854	356
nte_07536.jpg	0.044481	0.4992	0.6381	130.8	103.4	0.8770	854	356
nte_07537.jpg	0.043144	0.4992	0.6335	129.8	101.1	0.8638	854	356
nte_07538.jpg	0.045164	0.4973	0.6222	127.4	107.8	0.8657	854	356
nte_07539.jpg	0.043856	0.4988	0.6372	129.8	102.7	0.8760	854	356
nte_07540.jpg	0.043885	0.4988	0.6325	129.4	103.1	0.8433	854	356
nte_07541.jpg	0.043346	0.4992	0.6231	127.4	103.4	0.8369	854	356
nte_07542.jpg	0.046301	0.4984	0.6185	127.1	110.8	0.8462	854	356
nte_07543.jpg	0.049811	0.4992	0.6494	135.1	112.1	0.8481	854	356
nte_07544.jpg	0.049169	0.5016	0.6335	128.8	116.1	0.8350	854	356
nte_07544.jpg	0.000324	0.4715	0.4226	11.3	8.7	0.3843	854	356
nte_07545.jpg	0.043165	0.5004	0.6400	124.1	105.7	0.8462	854	356
nte_07545.jpg	0.000403	0.4668	0.4142	12.7	9.7	0.4185	854	356
nte_07546.jpg	0.052108	0.5008	0.6288	133.8	118.4	0.8784	854	356
nte_07546.jpg	0.000500	0.4594	0.4039	13.0	11.7	0.5498	854	356
nte_07546.jpg	0.000519	0.4324	0.4048	14.3	11.0	0.5068	854	356
nte_07546.jpg	0.000379	0.4816	0.3964	12.3	9.3	0.5049	854	356
nte_07547.jpg	0.050766	0.5000	0.6353	134.1	115.1	0.8530	854	356
nte_07547.jpg	0.000540	0.4543	0.3926	13.7	12.0	0.6943	854	356
nte_07547.jpg	0.000650	0.4238	0.3917	16.0	12.3	0.5596	854	356
nte_07548.jpg	0.049323	0.5008	0.6231	131.4	114.1	0.8652	854	356
nte_07548.jpg	0.000569	0.4457	0.3889	14.0	12.3	0.6060	854	356
nte_07548.jpg	0.000641	0.4129	0.3898	16.7	11.7	0.4324	854	356
nte_07549.jpg	0.048774	0.5020	0.6363	128.1	115.8	0.8511	854	356
nte_07549.jpg	0.000747	0.4414	0.3767	17.0	13.3	0.5454	854	356
nte_07549.jpg	0.000784	0.4000	0.3889	19.8	12.0	0.3274	854	356
nte_07550.jpg	0.046421	0.5031	0.6231	124.4	113.4	0.8691	854	356
nte_07550.jpg	0.001226	0.4242	0.3795	22.4	16.7	0.7236	854	356
nte_07550.jpg	0.001309	0.3756	0.3823	23.9	16.7	0.3970	854	356
nte_07551.jpg	0.045493	0.5027	0.6128	123.8	111.8	0.8843	854	356
nte_07551.jpg	0.002110	0.4012	0.3833	30.5	21.0	0.7510	854	356
nte_07551.jpg	0.002742	0.3441	0.3861	35.7	23.4	0.7495	854	356
nte_07552.jpg	0.045435	0.5031	0.6185	125.1	110.4	0.8506	854	356
nte_07552.jpg	0.004060	0.3693	0.3954	43.5	28.4	0.8164	854	356
nte_07552.jpg	0.004618	0.2949	0.3973	50.7	27.7	0.7983	854	356
nte_07553.jpg	0.009265	0.3070	0.4104	71.6	39.4	0.8237	854	356
nte_07553.jpg	0.046890	0.5008	0.6222	126.4	112.8	0.7866	854	356
nte_07553.jpg	0.012124	0.2029	0.4132	90.6	40.7	0.6426	854	356
nte_07554.jpg	0.044478	0.5016	0.6156	122.1	110.8	0.8779	854	356
nte_07554.jpg	0.037922	0.1549	0.4610	163.8	70.4	0.8491	854	356
nte_07554.jpg	0.000579	0.4348	0.3758	17.0	10.3	0.4827	854	356
nte_07555.jpg	0.046890	0.5016	0.6203	126.4	112.8	0.8325	854	356
nte_07555.jpg	0.000981	0.4129	0.3842	22.4	13.3	0.4719	854	356
nte_07556.jpg	0.043883	0.5027	0.6306	125.8	106.1	0.8433	854	356
nte_07556.jpg	0.001428	0.3854	0.3945	27.7	15.7	0.4934	854	356
nte_07557.jpg	0.046244	0.5004	0.6175	125.4	112.1	0.8071	854	356
nte_07557.jpg	0.004420	0.3314	0.4189	48.5	27.7	0.4417	854	356
nte_07558.jpg	0.016875	0.2287	0.4601	103.9	49.4	0.8604	854	356
nte_07558.jpg	0.046558	0.5023	0.6156	124.4	113.8	0.8589	854	356
nte_07559.jpg	0.046172	0.4988	0.6241	123.8	113.4	0.8442	854	356
nte_07560.jpg	0.045642	0.4980	0.6194	126.4	109.8	0.8574	854	356
nte_07561.jpg	0.045014	0.4992	0.6156	122.1	112.1	0.8584	854	356
nte_07562.jpg	0.046514	0.4980	0.6278	130.4	108.4	0.8296	854	356
nte_07562.jpg	0.001832	0.1626	0.3711	32.1	17.3	0.2642	854	356
nte_07563.jpg	0.038764	0.5000	0.6278	117.8	100.1	0.8315	854	356
nte_07564.jpg	0.046546	0.4984	0.6091	124.8	113.4	0.8643	854	356
nte_07565.jpg	0.047849	0.5008	0.6269	126.8	114.8	0.8579	854	356
nte_07565.jpg	0.000584	0.4469	0.3580	14.0	12.7	0.4534	854	356
nte_07565.jpg	0.001289	0.0437	0.3795	30.1	13.0	0.4373	854	356
nte_07566.jpg	0.051335	0.4992	0.6231	134.4	116.1	0.8735	854	356
nte_07566.jpg	0.000705	0.4406	0.3711	15.7	13.7	0.5967	854	356
nte_07567.jpg	0.045164	0.5000	0.6550	127.4	107.8	0.8281	854	356
nte_07568.jpg	0.056890	0.4973	0.6381	136.4	126.8	0.7949	854	356
nte_07569.jpg	0.058837	0.4977	0.6438	141.1	126.8	0.8872	854	356
nte_07570.jpg	0.052973	0.4980	0.6569	144.1	111.8	0.8496	854	356
nte_07570.jpg	0.001256	0.4160	0.4011	23.4	16.3	0.2632	854	356
nte_07571.jpg	0.060160	0.4980	0.6513	147.8	123.8	0.8203	854	356
nte_07572.jpg	0.060581	0.4969	0.6513	146.4	125.8	0.8442	854	356
nte_07573.jpg	0.057487	0.4988	0.6672	150.1	116.4	0.8667	854	356
nte_07573.jpg	0.000815	0.3719	0.4348	21.9	11.3	0.4873	854	356
nte_07573.jpg	0.000488	0.3951	0.4245	14.3	10.3	0.2563	854	356
nte_07574.jpg	0.058730	0.4953	0.6569	143.1	124.8	0.8354	854	356
nte_07574.jpg	0.002647	0.3471	0.4442	43.9	18.3	0.3296	854	356
nte_07575.jpg	0.061604	0.4938	0.6550	141.8	132.1	0.8457	854	356
nte_07575.jpg	0.002265	0.2914	0.4517	37.5	18.3	0.6035	854	356
nte_07575.jpg	0.000779	0.3670	0.4348	19.2	12.3	0.5288	854	356
nte_07576.jpg	0.060058	0.5004	0.6784	150.8	121.1	0.8232	854	356
nte_07576.jpg	0.007223	0.2008	0.4695	79.3	27.7	0.7466	854	356
nte_07576.jpg	0.001135	0.3469	0.4432	25.9	13.3	0.2671	854	356
nte_07577.jpg	0.076650	0.4887	0.6494	170.0	137.1	0.7896	854	356
nte_07577.jpg	0.001246	0.3227	0.4442	27.7	13.7	0.3713	854	356
nte_07578.jpg	0.057135	0.4953	0.6550	143.4	121.1	0.8691	854	356
nte_07578.jpg	0.001794	0.2912	0.4489	33.4	16.3	0.5645	854	356
nte_07579.jpg	0.060970	0.4973	0.6691	147.8	125.4	0.8467	854	356
nte_07579.jpg	0.002706	0.2500	0.4526	44.0	18.7	0.4221	854	356
nte_07580.jpg	0.059565	0.4996	0.6559	147.1	123.1	0.8457	854	356
nte_07580.jpg	0.005185	0.1698	0.4638	66.6	23.7	0.3711	854	356
nte_07581.jpg	0.052229	0.4996	0.6466	138.8	114.4	0.8286	854	356
nte_07582.jpg	0.053615	0.5031	0.6381	136.1	119.8	0.8154	854	356
nte_07582.jpg	0.003806	0.0201	0.4442	34.3	33.7	0.3096	854	356
nte_07583.jpg	0.053246	0.4992	0.6559	139.4	116.1	0.8379	854	356
nte_07583.jpg	0.006365	0.4723	0.4816	53.7	36.0	0.4932	854	356
nte_07583.jpg	0.001094	0.4449	0.4423	21.7	15.3	0.3650	854	356
nte_07583.jpg	0.001150	0.0130	0.4498	21.8	16.0	0.3201	854	356
nte_07584.jpg	0.047578	0.5043	0.6306	129.4	111.8	0.8232	854	356
nte_07585.jpg	0.048559	0.5000	0.6306	132.1	111.8	0.8247	854	356
nte_07585.jpg	0.000473	0.4668	0.4236	12.7	11.3	0.2629	854	356
nte_07586.jpg	0.046024	0.5004	0.6456	134.4	104.1	0.8662	854	356
nte_07587.jpg	0.049461	0.4984	0.6325	135.8	110.8	0.8335	854	356
nte_07588.jpg	0.050129	0.4992	0.6513	138.4	110.1	0.8281	854	356
nte_07588.jpg	0.000430	0.3896	0.4339	14.0	9.3	0.4583	854	356
nte_07588.jpg	0.001385	0.6363	0.4329	28.7	14.7	0.2773	854	356
nte_07589.jpg	0.049184	0.4996	0.6634	138.8	107.8	0.8779	854	356
nte_07589.jpg	0.002760	0.6852	0.4301	48.4	17.3	0.3157	854	356
nte_07589.jpg	0.000652	0.3715	0.4376	19.2	10.3	0.2686	854	356
nte_07590.jpg	0.054361	0.4934	0.6484	147.4	112.1	0.8042	854	356
nte_07590.jpg	0.000846	0.3441	0.4367	22.7	11.3	0.4663	854	356
nte_07591.jpg	0.053577	0.5016	0.6409	136.8	119.1	0.8320	854	356
nte_07591.jpg	0.001573	0.3078	0.4395	29.9	16.0	0.4343	854	356
nte_07592.jpg	0.059108	0.4973	0.6653	146.8	122.4	0.7998	854	356
nte_07592.jpg	0.003640	0.2461	0.4517	51.0	21.7	0.7759	854	356
nte_07592.jpg	0.000333	0.4629	0.4132	11.7	8.7	0.3169	854	356
nte_07593.jpg	0.011297	0.1070	0.4770	99.0	34.7	0.8491	854	356
nte_07593.jpg	0.052426	0.5016	0.6616	141.8	112.4	0.8457	854	356
nte_07594.jpg	0.058258	0.4949	0.6484	143.1	123.8	0.8662	854	356
nte_07594.jpg	0.000376	0.4230	0.4236	12.7	9.0	0.2998	854	356
nte_07595.jpg	0.059825	0.4977	0.6494	145.8	124.8	0.8335	854	356
nte_07595.jpg	0.000488	0.4180	0.4245	15.3	9.7	0.2673	854	356
nte_07596.jpg	0.061290	0.4988	0.6775	151.8	122.8	0.8618	854	356
nte_07596.jpg	0.000382	0.4453	0.4236	12.0	9.7	0.3308	854	356
nte_07597.jpg	0.059125	0.4992	0.6569	151.8	118.4	0.8525	854	356
nte_07597.jpg	0.000410	0.4395	0.4207	11.7	10.7	0.2869	854	356
nte_07598.jpg	0.064569	0.4980	0.6550	147.1	133.4	0.8247	854	356
nte_07598.jpg	0.000585	0.4313	0.4264	13.7	13.0	0.3440	854	356
nte_07599.jpg	0.067037	0.5000	0.6719	153.1	133.1	0.7944	854	356
nte_07599.jpg	0.000975	0.3846	0.4310	18.5	16.0	0.2983	854	356
nte_07600.jpg	0.060594	0.5020	0.6691	155.1	118.8	0.8755	854	356
nte_07600.jpg	0.017776	0.4742	0.4807	114.1	47.4	0.5200	854	356
nte_07600.jpg	0.000469	0.4141	0.4179	13.3	10.7	0.2571	854	356
nte_07601.jpg	0.058151	0.5035	0.6616	148.4	119.1	0.7793	854	356
nte_07601.jpg	0.000980	0.3559	0.4282	19.8	15.0	0.4451	854	356
nte_07601.jpg	0.000626	0.4062	0.4161	15.8	12.0	0.2876	854	356
nte_07601.jpg	0.000439	0.4387	0.4142	13.3	10.0	0.2830	854	356
nte_07601.jpg	0.000523	0.4227	0.4161	14.0	11.3	0.2571	854	356
nte_07602.jpg	0.069579	0.5016	0.6353	144.4	146.4	0.7124	854	356
nte_07602.jpg	0.001836	0.3313	0.4282	28.9	19.3	0.4448	854	356
nte_07602.jpg	0.000984	0.3865	0.4207	21.4	14.0	0.4360	854	356
nte_07602.jpg	0.000665	0.3537	0.4067	16.8	12.0	0.2817	854	356
nte_07603.jpg	0.064583	0.5008	0.6737	156.1	125.8	0.7876	854	356
nte_07603.jpg	0.004922	0.2443	0.4535	54.0	27.7	0.6665	854	356
nte_07603.jpg	0.002803	0.3600	0.4179	37.0	23.0	0.5918	854	356
nte_07603.jpg	0.003098	0.2994	0.4348	36.2	26.0	0.4194	854	356
nte_07603.jpg	0.000622	0.4043	0.4057	17.2	11.0	0.2522	854	356
nte_07604.jpg	0.067837	0.5008	0.6644	156.1	132.1	0.8818	854	356
nte_07604.jpg	0.004649	0.3213	0.4301	48.7	29.0	0.6680	854	356
nte_07604.jpg	0.005831	0.2480	0.4329	59.7	29.7	0.6631	854	356
nte_07604.jpg	0.000577	0.4242	0.4086	15.0	11.7	0.5483	854	356
nte_07604.jpg	0.009931	0.1592	0.4629	88.7	34.0	0.4473	854	356
nte_07604.jpg	0.000616	0.3848	0.4039	16.5	11.3	0.4302	854	356
nte_07605.jpg	0.064943	0.4996	0.6541	145.8	135.4	0.8296	854	356
nte_07605.jpg	0.000751	0.4109	0.4048	18.0	12.7	0.6699	854	356
nte_07605.jpg	0.001028	0.3490	0.4001	24.0	13.0	0.4329	854	356
nte_07605.jpg	0.001068	0.3037	0.4001	23.2	14.0	0.4250	854	356
nte_07605.jpg	0.012924	0.1476	0.4414	95.0	41.4	0.3862	854	356
nte_07606.jpg	0.071624	0.5000	0.6522	139.8	155.8	0.7383	854	356
nte_07606.jpg	0.001327	0.3941	0.4104	24.2	16.7	0.6943	854	356
nte_07606.jpg	0.004016	0.3117	0.3983	53.0	23.0	0.5776	854	356
nte_07606.jpg	0.007552	0.1623	0.4029	74.8	30.7	0.4810	854	356
nte_07607.jpg	0.072581	0.5043	0.6841	144.1	153.1	0.8774	854	356
nte_07607.jpg	0.012240	0.1998	0.4507	93.7	39.7	0.8120	854	356
nte_07607.jpg	0.002609	0.3664	0.4376	33.0	24.0	0.5752	854	356
nte_07608.jpg	0.067475	0.5004	0.7103	154.1	133.1	0.8286	854	356
nte_07608.jpg	0.003816	0.3229	0.4629	46.4	25.0	0.4958	854	356
nte_07609.jpg	0.062318	0.5020	0.6803	151.5	125.1	0.8652	854	356
nte_07609.jpg	0.011917	0.2256	0.4910	92.8	39.0	0.8364	854	356
nte_07610.jpg	0.056146	0.4965	0.6606	145.8	117.1	0.8901	854	356
nte_07611.jpg	0.058735	0.4992	0.6766	150.8	118.4	0.8867	854	356
nte_07612.jpg	0.062375	0.4988	0.6653	150.8	125.8	0.8511	854	356
nte_07613.jpg	0.058730	0.4973	0.6541	143.1	124.8	0.8569	854	356
nte_07613.jpg	0.000400	0.3943	0.3683	13.0	9.3	0.4341	854	356
nte_07614.jpg	0.063708	0.5008	0.6588	148.1	130.8	0.8853	854	356
nte_07614.jpg	0.000387	0.3965	0.3664	12.2	9.7	0.4612	854	356
nte_07615.jpg	0.054689	0.4984	0.6447	135.4	122.8	0.8735	854	356
nte_07615.jpg	0.000515	0.3906	0.3655	14.7	10.7	0.5962	854	356
nte_07616.jpg	0.051461	0.4992	0.6400	127.1	123.1	0.8721	854	356
nte_07616.jpg	0.000516	0.3869	0.3692	13.8	11.3	0.5591	854	356
nte_07617.jpg	0.054555	0.5012	0.6400	135.1	122.8	0.7471	854	356
nte_07617.jpg	0.000672	0.3777	0.3711	17.0	12.0	0.3916	854	356
nte_07618.jpg	0.058986	0.5020	0.6288	136.4	131.4	0.8462	854	356
nte_07618.jpg	0.000799	0.3680	0.3786	19.7	12.3	0.4282	854	356
nte_07619.jpg	0.053877	0.4984	0.6325	136.8	119.8	0.8594	854	356
nte_07619.jpg	0.001739	0.3453	0.3833	31.7	16.7	0.7559	854	356
nte_07619.jpg	0.000425	0.4109	0.3617	13.3	9.7	0.2837	854	356
nte_07620.jpg	0.048746	0.5000	0.6372	131.4	112.8	0.8354	854	356
nte_07620.jpg	0.003715	0.2932	0.4011	50.5	22.4	0.7598	854	356
nte_07620.jpg	0.000718	0.4215	0.3739	17.7	12.3	0.2959	854	356
nte_07620.jpg	0.000450	0.4027	0.3617	13.7	10.0	0.2788	854	356
nte_07621.jpg	0.053342	0.5016	0.6260	132.1	122.8	0.8413	854	356
nte_07621.jpg	0.000568	0.3814	0.3664	16.2	10.7	0.6260	854	356
nte_07621.jpg	0.016885	0.1273	0.4460	124.1	41.4	0.3025	854	356
nte_07622.jpg	0.051906	0.5004	0.6288	131.8	119.8	0.8306	854	356
nte_07622.jpg	0.000792	0.3609	0.3748	19.5	12.3	0.6724	854	356
nte_07623.jpg	0.051876	0.4980	0.6203	127.4	123.8	0.8398	854	356
nte_07623.jpg	0.001462	0.3424	0.3833	27.2	16.3	0.5596	854	356
nte_07624.jpg	0.051082	0.5008	0.6278	130.8	118.8	0.8301	854	356
nte_07624.jpg	0.003406	0.3027	0.3945	47.0	22.0	0.7710	854	356
nte_07625.jpg	0.050276	0.5012	0.6231	129.4	118.1	0.8706	854	356
nte_07625.jpg	0.010982	0.2018	0.4282	91.0	36.7	0.7295	854	356
nte_07626.jpg	0.048621	0.5043	0.6213	123.4	119.8	0.8369	854	356
nte_07626.jpg	0.011908	0.0350	0.4873	59.6	60.7	0.3567	854	356
nte_07627.jpg	0.047333	0.5039	0.6288	125.8	114.4	0.7598	854	356
nte_07628.jpg	0.047445	0.5016	0.6250	126.4	114.1	0.8315	854	356
nte_07629.jpg	0.047333	0.5008	0.6222	125.8	114.4	0.8335	854	356
nte_07630.jpg	0.044862	0.5008	0.6316	127.8	106.8	0.8154	854	356
nte_07630.jpg	0.000307	0.4242	0.3617	11.7	8.0	0.3179	854	356
nte_07631.jpg	0.044070	0.5000	0.6335	127.1	105.4	0.8540	854	356
nte_07631.jpg	0.000441	0.4230	0.3664	14.3	9.3	0.2920	854	356
nte_07632.jpg	0.044655	0.5008	0.6222	120.8	112.4	0.8652	854	356
nte_07632.jpg	0.000712	0.4164	0.3692	18.0	12.0	0.3225	854	356
nte_07633.jpg	0.046546	0.5020	0.6241	124.8	113.4	0.8389	854	356
nte_07633.jpg	0.000643	0.4035	0.3926	15.8	12.3	0.4050	854	356
nte_07633.jpg	0.000857	0.4039	0.3758	17.3	15.0	0.3953	854	356
nte_07634.jpg	0.047723	0.4984	0.6203	126.4	114.8	0.8423	854	356
nte_07634.jpg	0.001562	0.3955	0.3814	26.4	18.0	0.6885	854	356
nte_07635.jpg	0.044737	0.5016	0.6335	129.4	105.1	0.8179	854	356
nte_07635.jpg	0.003340	0.3773	0.4001	39.5	25.7	0.8018	854	356
nte_07636.jpg	0.045002	0.5008	0.6344	127.8	107.1	0.8403	854	356
nte_07636.jpg	0.010813	0.3221	0.4357	76.4	43.0	0.7900	854	356
nte_07637.jpg	0.043446	0.4988	0.6316	126.1	104.7	0.8354	854	356
nte_07637.jpg	0.065172	0.1512	0.5332	219.2	90.4	0.5884	854	356
nte_07638.jpg	0.044331	0.4984	0.6269	122.4	110.1	0.8369	854	356
nte_07639.jpg	0.044698	0.5020	0.6372	128.1	106.1	0.8423	854	356
nte_07640.jpg	0.046244	0.4988	0.6250	128.1	109.8	0.8096	854	356
nte_07640.jpg	0.000290	0.4199	0.3917	12.0	7.3	0.5186	854	356
nte_07641.jpg	0.044021	0.5012	0.6335	127.8	104.7	0.8149	854	356
nte_07641.jpg	0.000316	0.4230	0.3945	12.0	8.0	0.5034	854	356
nte_07642.jpg	0.042787	0.5000	0.6363	127.4	102.1	0.8394	854	356
nte_07642.jpg	0.000316	0.4164	0.4001	12.0	8.0	0.4177	854	356
nte_07643.jpg	0.043999	0.4988	0.6269	126.1	106.1	0.8535	854	356
nte_07643.jpg	0.000376	0.4117	0.4048	12.7	9.0	0.4709	854	356
nte_07644.jpg	0.041555	0.4988	0.6335	123.8	102.1	0.8687	854	356
nte_07644.jpg	0.000695	0.4008	0.4067	16.7	12.7	0.4373	854	356
nte_07645.jpg	0.045024	0.5000	0.6306	127.4	107.4	0.8413	854	356
nte_07646.jpg	0.043145	0.4988	0.6344	126.4	103.7	0.8276	854	356
nte_07647.jpg	0.043772	0.5004	0.6306	129.1	103.1	0.8081	854	356
nte_07647.jpg	0.007977	0.3158	0.4601	75.7	32.0	0.3003	854	356
nte_07648.jpg	0.044197	0.5000	0.6428	129.1	104.1	0.8413	854	356
nte_07648.jpg	0.000467	0.4184	0.4179	14.7	9.7	0.3799	854	356
nte_07649.jpg	0.045983	0.4992	0.6241	127.8	109.4	0.8330	854	356
nte_07649.jpg	0.000628	0.4094	0.4226	17.3	11.0	0.6196	854	356
nte_07650.jpg	0.048212	0.5000	0.6203	128.1	114.4	0.8257	854	356
nte_07650.jpg	0.001007	0.4047	0.4292	21.9	14.0	0.4792	854	356
nte_07651.jpg	0.046538	0.4992	0.6250	130.1	108.8	0.7988	854	356
nte_07651.jpg	0.001854	0.3730	0.4470	35.2	16.0	0.5566	854	356
nte_07651.jpg	0.000417	0.4223	0.4273	12.7	10.0	0.3538	854	356
nte_07652.jpg	0.043179	0.4996	0.6297	127.8	102.7	0.8438	854	356
nte_07652.jpg	0.000527	0.4152	0.4320	15.0	10.7	0.3142	854	356
nte_07652.jpg	0.004981	0.2914	0.4723	54.0	28.0	0.3074	854	356
nte_07652.jpg	0.000428	0.3832	0.4123	12.2	10.7	0.2764	854	356
nte_07653.jpg	0.043942	0.5000	0.6278	128.8	103.7	0.8608	854	356
nte_07654.jpg	0.045614	0.4988	0.6306	129.1	107.4	0.8589	854	356
nte_07655.jpg	0.044237	0.4969	0.6269	124.4	108.1	0.8525	854	356
nte_07655.jpg	0.004930	0.2996	0.4638	61.5	24.4	0.4534	854	356
nte_07656.jpg	0.044722	0.4996	0.6250	127.8	106.4	0.8804	854	356
nte_07657.jpg	0.042089	0.4984	0.6363	125.8	101.7	0.8789	854	356
nte_07657.jpg	0.000870	0.7379	0.4357	24.0	11.0	0.3308	854	356
nte_07658.jpg	0.043165	0.4996	0.6278	124.1	105.7	0.8701	854	356
nte_07658.jpg	0.000598	0.3967	0.4170	16.5	11.0	0.3464	854	356
nte_07658.jpg	0.000314	0.4090	0.4507	11.0	8.7	0.2893	854	356
nte_07659.jpg	0.044789	0.5000	0.6269	128.8	105.7	0.8809	854	356
nte_07660.jpg	0.041341	0.5051	0.6306	126.4	99.4	0.8691	854	356
nte_07661.jpg	0.040739	0.5016	0.6260	125.4	98.7	0.8843	854	356
nte_07662.jpg	0.041540	0.5027	0.6335	128.8	98.1	0.9033	854	356
nte_07663.jpg	0.043207	0.5020	0.6344	127.4	103.1	0.8672	854	356
nte_07664.jpg	0.041729	0.5016	0.6269	126.8	100.1	0.8579	854	356
nte_07665.jpg	0.041531	0.4980	0.6344	124.1	101.7	0.8662	854	356
nte_07665.jpg	0.000238	0.4840	0.4264	10.3	7.0	0.4089	854	356
nte_07666.jpg	0.044581	0.5008	0.6288	127.8	106.1	0.8662	854	356
nte_07666.jpg	0.000281	0.4844	0.4217	10.7	8.0	0.3679	854	356
nte_07667.jpg	0.041002	0.4996	0.6278	127.1	98.1	0.8706	854	356
nte_07668.jpg	0.042007	0.5004	0.6297	126.8	100.7	0.8765	854	356
nte_07669.jpg	0.041573	0.4996	0.6363	128.4	98.4	0.8901	854	356
nte_07670.jpg	0.041931	0.4988	0.6353	129.1	98.7	0.8735	854	356
nte_07671.jpg	0.042650	0.5000	0.6335	130.4	99.4	0.8794	854	356
nte_07672.jpg	0.041109	0.4992	0.6325	127.4	98.1	0.8823	854	356
nte_07672.jpg	0.001791	0.1695	0.4001	38.9	14.0	0.5142	854	356
nte_07673.jpg	0.039991	0.4996	0.6325	127.4	95.4	0.8555	854	356
nte_07673.jpg	0.001398	0.1589	0.3964	33.5	12.7	0.3889	854	356
nte_07673.jpg	0.000299	0.4836	0.4198	11.3	8.0	0.3442	854	356
nte_07674.jpg	0.042670	0.5008	0.6353	128.8	100.7	0.8545	854	356
nte_07674.jpg	0.001485	0.1419	0.3983	34.7	13.0	0.2546	854	356
nte_07675.jpg	0.049134	0.4996	0.6447	136.1	109.8	0.8311	854	356
nte_07676.jpg	0.051800	0.4992	0.6522	138.4	113.8	0.8521	854	356
nte_07676.jpg	0.000628	0.5789	0.4563	17.3	11.0	0.2554	854	356
nte_07677.jpg	0.047088	0.5000	0.6569	137.1	104.4	0.8691	854	356
nte_07677.jpg	0.000414	0.6180	0.4601	13.0	9.7	0.4050	854	356
nte_07677.jpg	0.000830	0.6523	0.4788	18.0	14.0	0.2778	854	356
nte_07677.jpg	0.000316	0.4777	0.4226	12.0	8.0	0.2529	854	356
nte_07678.jpg	0.051941	0.4996	0.6597	143.4	110.1	0.8384	854	356
nte_07679.jpg	0.053660	0.4996	0.6672	145.1	112.4	0.8682	854	356
nte_07679.jpg	0.000578	0.3844	0.4226	19.5	9.0	0.3936	854	356
nte_07680.jpg	0.052027	0.4988	0.6644	145.4	108.8	0.8755	854	356
nte_07680.jpg	0.000785	0.3775	0.4207	23.9	10.0	0.2534	854	356
nte_07681.jpg	0.057139	0.5004	0.6737	148.8	116.8	0.8579	854	356
nte_07682.jpg	0.056776	0.5016	0.6747	149.1	115.8	0.8770	854	356
nte_07683.jpg	0.056268	0.5016	0.6700	147.8	115.8	0.8652	854	356
nte_07683.jpg	0.000405	0.4777	0.4254	13.7	9.0	0.2744	854	356
nte_07684.jpg	0.063010	0.5008	0.6822	151.1	126.8	0.8335	854	356
nte_07685.jpg	0.057919	0.4996	0.6737	152.1	115.8	0.8525	854	356
nte_07686.jpg	0.059349	0.4984	0.6644	147.8	122.1	0.8115	854	356
nte_07686.jpg	0.000531	0.4797	0.4264	14.7	11.0	0.2532	854	356
nte_07687.jpg	0.063142	0.5004	0.6850	153.5	125.1	0.8345	854	356
nte_07687.jpg	0.000865	0.3199	0.4479	23.2	11.3	0.3569	854	356
nte_07687.jpg	0.000477	0.4797	0.4273	14.0	10.3	0.2859	854	356
nte_07688.jpg	0.054804	0.5047	0.6766	143.1	116.4	0.8384	854	356
nte_07689.jpg	0.053680	0.5031	0.6672	139.8	116.8	0.8413	854	356
nte_07690.jpg	0.057207	0.5020	0.6700	139.8	124.4	0.8252	854	356
nte_07691.jpg	0.051717	0.5008	0.6522	135.4	116.1	0.8301	854	356
nte_07691.jpg	0.001006	0.3709	0.3720	26.2	11.7	0.2683	854	356
nte_07692.jpg	0.049610	0.4965	0.6522	135.8	111.1	0.7305	854	356
nte_07693.jpg	0.052298	0.5008	0.6260	127.1	125.1	0.7881	854	356
nte_07693.jpg	0.004795	0.2188	0.3917	54.6	26.7	0.5156	854	356
nte_07693.jpg	0.001223	0.3590	0.3626	27.2	13.7	0.4568	854	356
nte_07694.jpg	0.047946	0.5016	0.6484	130.4	111.8	0.7573	854	356
nte_07695.jpg	0.051061	0.5012	0.6203	125.4	123.8	0.7666	854	356
nte_07696.jpg	0.051063	0.5031	0.6231	124.4	124.8	0.8525	854	356
nte_07697.jpg	0.056493	0.5039	0.6044	123.8	138.8	0.7520	854	356
nte_07698.jpg	0.046234	0.5027	0.6175	121.4	115.8	0.8716	854	356
nte_07699.jpg	0.048859	0.4996	0.6185	125.4	118.4	0.8638	854	356
nte_07699.jpg	0.000641	0.3564	0.3664	20.8	9.3	0.3059	854	356
nte_07700.jpg	0.044474	0.5031	0.6400	125.1	108.1	0.8218	854	356
nte_07700.jpg	0.000759	0.2723	0.3879	23.9	9.7	0.2634	854	356
nte_07701.jpg	0.045721	0.4992	0.6194	120.4	115.4	0.8770	854	356
nte_07702.jpg	0.043518	0.4992	0.6335	128.8	102.7	0.8716	854	356
nte_07703.jpg	0.041758	0.5035	0.6241	122.8	103.4	0.8613	854	356
nte_07704.jpg	0.045863	0.5000	0.6316	127.4	109.4	0.8638	854	356
nte_07705.jpg	0.043651	0.5000	0.6353	127.1	104.4	0.8628	854	356
nte_07706.jpg	0.041704	0.5004	0.6260	121.4	104.4	0.8330	854	356
nte_07707.jpg	0.044979	0.5000	0.6269	128.1	106.8	0.8472	854	356
nte_07708.jpg	0.040944	0.5027	0.6306	120.8	103.1	0.8535	854	356
nte_07709.jpg	0.051229	0.4918	0.6316	142.8	109.1	0.7148	854	356
nte_07709.jpg	0.000448	0.2855	0.3786	13.2	10.3	0.3430	854	356
nte_07710.jpg	0.053427	0.4902	0.6325	148.4	109.4	0.7407	854	356
nte_07710.jpg	0.000492	0.2658	0.3795	14.0	10.7	0.4841	854	356
nte_07711.jpg	0.048024	0.4910	0.6353	144.4	101.1	0.6953	854	356
nte_07711.jpg	0.000661	0.2572	0.3814	15.8	12.7	0.6240	854	356
nte_07712.jpg	0.051708	0.4887	0.6297	144.1	109.1	0.8276	854	356
nte_07712.jpg	0.067918	0.0722	0.2577	123.2	167.6	0.6069	854	356
nte_07712.jpg	0.000846	0.2463	0.3842	18.3	14.0	0.5723	854	356
nte_07713.jpg	0.001288	0.2420	0.3861	23.0	17.0	0.7124	854	356
nte_07713.jpg	0.047618	0.4945	0.6372	140.4	103.1	0.6689	854	356
nte_07713.jpg	0.065184	0.0656	0.2792	112.1	176.8	0.4763	854	356
nte_07714.jpg	0.042871	0.5012	0.6325	124.4	104.7	0.8350	854	356
nte_07714.jpg	0.001304	0.2949	0.3823	22.9	17.3	0.7314	854	356
nte_07714.jpg	0.096000	0.0970	0.2530	165.5	176.3	0.4844	854	356
nte_07715.jpg	0.042620	0.4988	0.6278	124.1	104.4	0.8711	854	356
nte_07715.jpg	0.002219	0.2734	0.3870	30.2	22.4	0.7949	854	356
nte_07715.jpg	0.083651	0.0793	0.2652	135.8	187.3	0.2913	854	356
nte_07716.jpg	0.041537	0.5020	0.6288	125.8	100.4	0.8286	854	356
nte_07716.jpg	0.004045	0.2516	0.3898	42.9	28.7	0.7598	854	356
nte_07716.jpg	0.069834	0.0652	0.3083	111.8	190.0	0.4673	854	356
nte_07717.jpg	0.009620	0.1924	0.3964	73.1	40.0	0.8276	854	356
nte_07717.jpg	0.041129	0.5004	0.6231	122.1	102.4	0.7505	854	356
nte_07717.jpg	0.000516	0.3672	0.3701	15.7	10.0	0.5278	854	356
nte_07717.jpg	0.000710	0.4059	0.3392	16.2	13.3	0.2866	854	356
nte_07718.jpg	0.044573	0.5016	0.6119	123.1	110.1	0.8652	854	356
nte_07718.jpg	0.023087	0.0640	0.4254	109.6	64.0	0.7568	854	356
nte_07719.jpg	0.044843	0.5016	0.6175	123.1	110.8	0.8193	854	356
nte_07719.jpg	0.000324	0.4801	0.3364	11.3	8.7	0.2676	854	356
nte_07720.jpg	0.043406	0.5004	0.6119	122.1	108.1	0.7246	854	356
nte_07720.jpg	0.001804	0.3234	0.3786	31.0	17.7	0.3809	854	356
nte_07721.jpg	0.042701	0.5023	0.6231	122.8	105.7	0.8350	854	356
nte_07721.jpg	0.001219	0.2752	0.3983	24.7	15.0	0.5356	854	356
nte_07722.jpg	0.039334	0.5020	0.6250	119.1	100.4	0.8276	854	356
nte_07722.jpg	0.002164	0.2004	0.4198	36.5	18.0	0.3594	854	356
nte_07722.jpg	0.005191	0.2178	0.4123	64.8	24.4	0.3401	854	356
nte_07723.jpg	0.041284	0.5020	0.6231	121.8	103.1	0.8071	854	356
nte_07724.jpg	0.046444	0.5027	0.6138	123.8	114.1	0.8755	854	356
nte_07724.jpg	0.000362	0.4840	0.3345	12.7	8.7	0.2900	854	356
nte_07725.jpg	0.041228	0.5016	0.6250	120.4	104.1	0.8140	854	356
nte_07725.jpg	0.000488	0.3871	0.3608	14.3	10.3	0.2859	854	356
nte_07726.jpg	0.042519	0.5004	0.6091	117.4	110.1	0.8740	854	356
nte_07727.jpg	0.045222	0.5043	0.6147	123.8	111.1	0.8647	854	356
nte_07727.jpg	0.000556	0.3604	0.3739	16.3	10.3	0.3586	854	356
nte_07728.jpg	0.045539	0.5047	0.6241	125.8	110.1	0.8003	854	356
nte_07728.jpg	0.001497	0.3387	0.3992	29.0	15.7	0.6211	854	356
nte_07729.jpg	0.049836	0.5043	0.6325	129.8	116.8	0.8574	854	356
nte_07729.jpg	0.002283	0.3004	0.4198	38.5	18.0	0.5522	854	356
nte_07729.jpg	0.001820	0.5914	0.3561	37.7	14.7	0.3528	854	356
nte_07730.jpg	0.050027	0.5008	0.6438	131.8	115.4	0.8262	854	356
nte_07731.jpg	0.048870	0.4957	0.6353	131.8	112.8	0.8174	854	356
nte_07732.jpg	0.046871	0.4984	0.6438	131.4	108.4	0.8662	854	356
nte_07733.jpg	0.046970	0.4973	0.6447	133.8	106.8	0.8867	854	356
nte_07734.jpg	0.048901	0.4992	0.6231	128.4	115.8	0.8730	854	356
nte_07734.jpg	0.000807	0.7641	0.4320	25.4	9.7	0.4922	854	356
nte_07735.jpg	0.047184	0.4969	0.6456	131.1	109.4	0.8726	854	356
nte_07735.jpg	0.003088	0.5719	0.3373	47.7	19.7	0.3032	854	356
nte_07736.jpg	0.045834	0.4969	0.6372	131.8	105.7	0.8457	854	356
nte_07736.jpg	0.004903	0.5762	0.3373	60.4	24.7	0.4019	854	356
nte_07737.jpg	0.050660	0.4992	0.6166	133.4	115.4	0.8833	854	356
nte_07738.jpg	0.053978	0.5047	0.6297	145.1	113.1	0.8511	854	356
nte_07739.jpg	0.052705	0.5027	0.6175	142.1	112.8	0.8491	854	356
nte_07739.jpg	0.005871	0.5137	0.3317	66.1	27.0	0.3232	854	356
nte_07740.jpg	0.056274	0.5066	0.6231	146.1	117.1	0.8184	854	356
nte_07741.jpg	0.059360	0.5121	0.6213	155.5	116.1	0.8252	854	356
nte_07742.jpg	0.064477	0.5203	0.6185	166.5	117.8	0.8042	854	356
nte_07743.jpg	0.049934	0.5016	0.6241	130.8	116.1	0.7817	854	356
nte_07744.jpg	0.048266	0.5008	0.6194	126.8	115.8	0.8208	854	356
nte_07744.jpg	0.000406	0.5379	0.3533	12.3	10.0	0.2957	854	356
nte_07745.jpg	0.040702	0.5012	0.6222	117.8	105.1	0.8252	854	356
nte_07746.jpg	0.042681	0.5047	0.6213	120.4	107.8	0.8027	854	356
nte_07746.jpg	0.000597	0.6449	0.3411	17.0	10.7	0.3367	854	356
nte_07746.jpg	0.000454	0.4531	0.3589	13.3	10.3	0.3035	854	356
nte_07746.jpg	0.000510	0.4438	0.3542	13.7	11.3	0.2864	854	356
nte_07747.jpg	0.045788	0.5016	0.6250	123.1	113.1	0.8125	854	356
nte_07748.jpg	0.041317	0.5008	0.6344	125.1	100.4	0.8442	854	356
nte_07748.jpg	0.000492	0.6867	0.3570	16.0	9.3	0.4202	854	356
nte_07749.jpg	0.042641	0.5008	0.6353	125.8	103.1	0.8452	854	356
nte_07750.jpg	0.044730	0.5000	0.6250	125.4	108.4	0.8169	854	356
nte_07750.jpg	0.000510	0.4406	0.3570	13.7	11.3	0.3486	854	356
nte_07750.jpg	0.000256	0.4840	0.3645	9.3	8.3	0.2737	854	356
nte_07751.jpg	0.038853	0.5004	0.6278	118.4	99.7	0.8252	854	356
nte_07751.jpg	0.000471	0.4387	0.3570	13.0	11.0	0.3269	854	356
nte_07752.jpg	0.042390	0.5012	0.6335	125.4	102.7	0.7993	854	356
nte_07753.jpg	0.042980	0.5008	0.6260	126.8	103.1	0.7852	854	356
nte_07754.jpg	0.043123	0.5016	0.6288	128.4	102.1	0.8457	854	356
nte_07754.jpg	0.000414	0.4582	0.3720	13.0	9.7	0.3525	854	356
nte_07755.jpg	0.045046	0.4996	0.6325	127.1	107.8	0.7617	854	356
nte_07756.jpg	0.043538	0.5027	0.6156	118.1	112.1	0.7603	854	356
nte_07757.jpg	0.046091	0.5020	0.6203	125.8	111.4	0.7070	854	356
nte_07757.jpg	0.000560	0.4254	0.3786	15.0	11.3	0.4429	854	356
nte_07757.jpg	0.000564	0.4516	0.3851	14.7	11.7	0.3354	854	356
nte_07758.jpg	0.049119	0.5004	0.6128	126.1	118.4	0.7588	854	356
nte_07758.jpg	0.000742	0.4418	0.3879	17.3	13.0	0.6938	854	356
nte_07758.jpg	0.000644	0.4105	0.3795	14.7	13.3	0.3567	854	356
nte_07759.jpg	0.055108	0.4984	0.5885	123.1	136.1	0.8320	854	356
nte_07759.jpg	0.001054	0.4301	0.3954	21.4	15.0	0.5771	854	356
nte_07759.jpg	0.000955	0.3967	0.3870	18.5	15.7	0.4648	854	356
nte_07760.jpg	0.047849	0.5008	0.6166	126.8	114.8	0.8203	854	356
nte_07760.jpg	0.001473	0.3689	0.3908	24.9	18.0	0.6099	854	356
nte_07760.jpg	0.001809	0.4059	0.4067	30.5	18.0	0.5278	854	356
nte_07760.jpg	0.000564	0.4270	0.3739	14.7	11.7	0.4976	854	356
nte_07760.jpg	0.000433	0.4418	0.3692	12.3	10.7	0.2590	854	356
nte_07761.jpg	0.045781	0.5004	0.6185	126.4	110.1	0.8213	854	356
nte_07761.jpg	0.002937	0.3299	0.4029	35.7	25.0	0.7764	854	356
nte_07761.jpg	0.004480	0.3666	0.4282	51.0	26.7	0.7505	854	356
nte_07761.jpg	0.000641	0.4164	0.3870	16.7	11.7	0.5264	854	356
nte_07762.jpg	0.048565	0.5004	0.6091	126.1	117.1	0.7793	854	356
nte_07762.jpg	0.016215	0.2738	0.4685	101.9	48.4	0.6953	854	356
nte_07762.jpg	0.000731	0.3988	0.3926	18.0	12.3	0.6362	854	356
nte_07762.jpg	0.007284	0.2520	0.4198	67.1	33.0	0.5068	854	356
nte_07763.jpg	0.045519	0.5020	0.6269	128.4	107.8	0.7827	854	356
nte_07763.jpg	0.000855	0.3723	0.3973	19.0	13.7	0.6211	854	356
nte_07764.jpg	0.045383	0.5016	0.6185	126.1	109.4	0.8379	854	356
nte_07764.jpg	0.003188	0.3250	0.4123	44.7	21.7	0.7397	854	356
nte_07764.jpg	0.000689	0.3990	0.3917	16.5	12.7	0.5293	854	356
nte_07764.jpg	0.000373	0.4664	0.3645	11.3	10.0	0.3450	854	356
nte_07765.jpg	0.042893	0.5008	0.6344	126.1	103.4	0.8335	854	356
nte_07765.jpg	0.009834	0.2313	0.4423	83.0	36.0	0.6211	854	356
nte_07765.jpg	0.001359	0.3795	0.3983	26.4	15.7	0.5708	854	356
nte_07765.jpg	0.000485	0.4625	0.3580	13.0	11.3	0.3167	854	356
nte_07766.jpg	0.041037	0.4996	0.6297	123.4	101.1	0.8535	854	356
nte_07766.jpg	0.002928	0.3439	0.4029	41.7	21.4	0.5903	854	356
nte_07767.jpg	0.042348	0.5023	0.6231	124.1	103.7	0.8193	854	356
nte_07767.jpg	0.005453	0.2891	0.4207	59.9	27.7	0.5796	854	356
nte_07767.jpg	0.000261	0.4629	0.3533	10.3	7.7	0.2815	854	356
nte_07768.jpg	0.043607	0.5008	0.6278	125.8	105.4	0.8418	854	356
nte_07768.jpg	0.004979	0.0286	0.4891	48.8	31.0	0.2815	854	356
nte_07769.jpg	0.042576	0.4984	0.6288	124.8	103.7	0.8398	854	356
nte_07770.jpg	0.048180	0.5020	0.6231	128.8	113.8	0.8135	854	356
nte_07770.jpg	0.003343	0.3742	0.4207	46.9	21.7	0.4348	854	356
nte_07770.jpg	0.000635	0.6793	0.3701	18.7	10.3	0.3320	854	356
nte_07771.jpg	0.047472	0.5008	0.6335	131.1	110.1	0.8521	854	356
nte_07771.jpg	0.005025	0.5246	0.4920	52.0	29.4	0.3225	854	356
nte_07772.jpg	0.048050	0.5016	0.6363	133.1	109.8	0.8335	854	356
nte_07773.jpg	0.055161	0.5000	0.6325	138.1	121.4	0.8174	854	356
nte_07774.jpg	0.052634	0.5000	0.6503	139.4	114.8	0.8276	854	356
nte_07774.jpg	0.000350	0.3379	0.4095	14.5	7.3	0.2705	854	356
nte_07775.jpg	0.051221	0.4992	0.6522	138.1	112.8	0.8281	854	356
nte_07776.jpg	0.050887	0.5023	0.6634	140.1	110.4	0.8677	854	356
nte_07777.jpg	0.055082	0.4980	0.6625	146.8	114.1	0.8379	854	356
nte_07777.jpg	0.000258	0.6047	0.4011	10.7	7.3	0.3462	854	356
nte_07778.jpg	0.054774	0.4965	0.6597	143.4	116.1	0.8467	854	356
nte_07778.jpg	0.000519	0.5809	0.4020	14.3	11.0	0.3359	854	356
nte_07778.jpg	0.000274	0.6078	0.4020	11.3	7.3	0.2600	854	356
nte_07779.jpg	0.056243	0.4953	0.6578	142.8	119.8	0.8291	854	356
nte_07779.jpg	0.000316	0.6129	0.4039	12.0	8.0	0.2849	854	356
nte_07780.jpg	0.057577	0.5000	0.6653	150.8	116.1	0.8564	854	356
nte_07780.jpg	0.000334	0.6180	0.4039	12.7	8.0	0.3359	854	356
nte_07780.jpg	0.000339	0.4445	0.4207	12.3	8.3	0.3174	854	356
nte_07781.jpg	0.061861	0.4992	0.6672	152.8	123.1	0.8101	854	356
nte_07781.jpg	0.000492	0.4379	0.4226	14.0	10.7	0.4768	854	356
nte_07781.jpg	0.001030	0.5883	0.4020	22.4	14.0	0.4624	854	356
nte_07781.jpg	0.000435	0.6227	0.4048	14.7	9.0	0.2571	854	356
nte_07782.jpg	0.055284	0.4953	0.6709	144.8	116.1	0.8569	854	356
nte_07782.jpg	0.000400	0.4316	0.4292	13.0	9.3	0.6694	854	356
nte_07782.jpg	0.001256	0.5125	0.4845	24.4	15.7	0.4141	854	356
nte_07783.jpg	0.058213	0.5008	0.6747	152.5	116.1	0.8643	854	356
nte_07783.jpg	0.000505	0.5902	0.4029	15.3	10.0	0.3093	854	356
nte_07783.jpg	0.000454	0.4238	0.4301	13.3	10.3	0.2527	854	356
nte_07784.jpg	0.066316	0.4996	0.6597	153.8	131.1	0.7935	854	356
nte_07784.jpg	0.000499	0.4148	0.4357	14.7	10.3	0.7178	854	356
nte_07784.jpg	0.000764	0.2902	0.4217	17.8	13.0	0.3022	854	356
nte_07785.jpg	0.060970	0.4969	0.6691	147.8	125.4	0.8315	854	356
nte_07785.jpg	0.000892	0.4031	0.4395	19.3	14.0	0.7500	854	356
nte_07786.jpg	0.059913	0.5000	0.6803	155.1	117.4	0.8818	854	356
nte_07786.jpg	0.001202	0.3813	0.4442	22.4	16.3	0.7339	854	356
nte_07787.jpg	0.063045	0.4992	0.6691	154.5	124.1	0.8242	854	356
nte_07787.jpg	0.001963	0.3447	0.4470	28.9	20.7	0.6636	854	356
nte_07788.jpg	0.061440	0.4965	0.6700	150.1	124.4	0.8589	854	356
nte_07788.jpg	0.004234	0.2990	0.4507	44.9	28.7	0.6440	854	356
nte_07788.jpg	0.000360	0.6129	0.4076	13.7	8.0	0.2517	854	356
nte_07789.jpg	0.060213	0.4996	0.6775	155.5	117.8	0.8765	854	356
nte_07789.jpg	0.016624	0.1883	0.4638	97.7	51.7	0.7529	854	356
nte_07790.jpg	0.063554	0.4980	0.6691	154.5	125.1	0.8335	854	356
nte_07791.jpg	0.066865	0.4996	0.6588	155.5	130.8	0.8188	854	356
nte_07792.jpg	0.060383	0.4996	0.6794	155.5	118.1	0.8740	854	356
nte_07792.jpg	0.000604	0.4234	0.4414	16.7	11.0	0.2646	854	356
nte_07793.jpg	0.063370	0.4973	0.6700	152.8	126.1	0.8491	854	356
nte_07794.jpg	0.066041	0.4992	0.6644	155.1	129.4	0.8394	854	356
nte_07795.jpg	0.057411	0.5000	0.6709	150.8	115.8	0.8755	854	356
nte_07795.jpg	0.008565	0.2998	0.4835	75.1	34.7	0.2974	854	356
nte_07796.jpg	0.055570	0.4965	0.6550	145.1	116.4	0.8472	854	356
nte_07797.jpg	0.058237	0.4992	0.6428	143.4	123.4	0.8052	854	356
nte_07798.jpg	0.051060	0.5035	0.6428	134.1	115.8	0.8096	854	356
nte_07799.jpg	0.049646	0.4988	0.6381	137.1	110.1	0.8354	854	356
nte_07799.jpg	0.000915	0.3637	0.4460	19.8	14.0	0.4927	854	356
nte_07800.jpg	0.048772	0.4992	0.6419	139.8	106.1	0.8301	854	356
nte_07800.jpg	0.001630	0.3248	0.4554	28.0	17.7	0.5308	854	356
nte_07801.jpg	0.049218	0.5000	0.6344	135.1	110.8	0.8550	854	356
nte_07801.jpg	0.004711	0.2664	0.4704	55.0	26.0	0.7598	854	356
nte_07802.jpg	0.046823	0.4984	0.6353	133.8	106.4	0.8423	854	356
nte_07803.jpg	0.053600	0.4996	0.6325	138.8	117.4	0.8359	854	356
nte_07804.jpg	0.054818	0.4980	0.6344	138.8	120.1	0.8398	854	356
nte_07805.jpg	0.053423	0.5000	0.6438	139.1	116.8	0.8115	854	356
nte_07806.jpg	0.054172	0.4980	0.6531	144.8	113.8	0.8232	854	356
nte_07807.jpg	0.058813	0.4980	0.6419	146.4	122.1	0.8174	854	356
nte_07808.jpg	0.050700	0.4988	0.6644	140.4	109.8	0.8779	854	356
nte_07809.jpg	0.055180	0.4996	0.6719	148.8	112.8	0.8838	854	356
nte_07810.jpg	0.056114	0.4984	0.6569	146.1	116.8	0.8511	854	356
nte_07811.jpg	0.053464	0.4969	0.6569	145.4	111.8	0.8398	854	356
nte_07812.jpg	0.058123	0.4957	0.6419	142.8	123.8	0.8496	854	356
nte_07813.jpg	0.049825	0.4953	0.6447	136.8	110.8	0.8374	854	356
nte_07813.jpg	0.000272	0.4715	0.3945	10.3	8.0	0.2683	854	356
nte_07814.jpg	0.051221	0.4969	0.6475	138.1	112.8	0.8599	854	356
nte_07814.jpg	0.000356	0.4676	0.3945	12.0	9.0	0.6211	854	356
nte_07815.jpg	0.050504	0.4973	0.6400	135.8	113.1	0.8574	854	356
nte_07815.jpg	0.000379	0.4691	0.3908	12.3	9.3	0.3687	854	356
nte_07815.jpg	0.001010	0.5824	0.3767	20.0	15.3	0.3093	854	356
nte_07816.jpg	0.046823	0.4977	0.6419	133.8	106.4	0.8008	854	356
nte_07816.jpg	0.000477	0.4863	0.3917	14.0	10.3	0.4282	854	356
nte_07816.jpg	0.000955	0.6148	0.3758	19.3	15.0	0.3545	854	356
nte_07817.jpg	0.050752	0.4969	0.6260	136.4	113.1	0.8311	854	356
nte_07817.jpg	0.000477	0.4773	0.3926	14.0	10.3	0.5195	854	356
nte_07817.jpg	0.000420	0.5172	0.3973	12.3	10.3	0.3257	854	356
nte_07818.jpg	0.046110	0.5000	0.6372	130.1	107.8	0.8423	854	356
nte_07818.jpg	0.000712	0.4297	0.3992	18.0	12.0	0.4797	854	356
nte_07818.jpg	0.000403	0.4797	0.3983	12.7	9.7	0.2737	854	356
nte_07819.jpg	0.043945	0.4965	0.6335	124.8	107.1	0.7944	854	356
nte_07819.jpg	0.000950	0.4148	0.3833	19.7	14.7	0.4285	854	356
nte_07819.jpg	0.000585	0.4785	0.3861	15.7	11.3	0.4260	854	356
nte_07820.jpg	0.049520	0.5012	0.6231	130.4	115.4	0.8555	854	356
nte_07820.jpg	0.000659	0.4625	0.3758	16.7	12.0	0.5259	854	356
nte_07820.jpg	0.001238	0.3801	0.3804	23.0	16.3	0.5049	854	356
nte_07821.jpg	0.049989	0.4961	0.6213	132.4	114.8	0.8784	854	356
nte_07821.jpg	0.001111	0.4438	0.3823	23.0	14.7	0.5615	854	356
nte_07821.jpg	0.002894	0.3375	0.3814	41.9	21.0	0.2900	854	356
nte_07822.jpg	0.045936	0.5004	0.6241	126.1	110.8	0.8550	854	356
nte_07822.jpg	0.012164	0.2285	0.4123	88.0	42.0	0.7446	854	356
nte_07823.jpg	0.046322	0.5016	0.6288	129.1	109.1	0.8501	854	356
nte_07823.jpg	0.001009	0.5574	0.5004	17.3	17.7	0.3552	854	356
nte_07823.jpg	0.000711	0.2504	0.3720	18.5	11.7	0.3467	854	356
nte_07823.jpg	0.003345	0.3068	0.4320	41.2	24.7	0.3279	854	356
nte_07823.jpg	0.000579	0.5430	0.4479	17.0	10.3	0.2605	854	356
nte_07823.jpg	0.008954	0.3287	0.4282	79.2	34.4	0.2539	854	356
nte_07824.jpg	0.043093	0.5004	0.6335	127.1	103.1	0.8467	854	356
nte_07825.jpg	0.045226	0.4992	0.6241	126.4	108.8	0.8462	854	356
nte_07826.jpg	0.044650	0.4988	0.6269	126.8	107.1	0.8423	854	356
nte_07827.jpg	0.046965	0.5004	0.6222	127.8	111.8	0.8579	854	356
nte_07827.jpg	0.000330	0.3160	0.3542	13.7	7.3	0.2576	854	356
nte_07828.jpg	0.046905	0.5016	0.6222	126.1	113.1	0.8345	854	356
nte_07829.jpg	0.046819	0.5004	0.6138	124.8	114.1	0.8540	854	356
nte_07830.jpg	0.048672	0.5027	0.6166	127.1	116.4	0.8535	854	356
nte_07831.jpg	0.044543	0.5031	0.6297	123.8	109.4	0.8276	854	356
nte_07831.jpg	0.000346	0.3602	0.3420	11.7	9.0	0.3704	854	356
nte_07832.jpg	0.045002	0.5004	0.6297	127.8	107.1	0.7915	854	356
nte_07832.jpg	0.000405	0.3586	0.3476	13.7	9.0	0.3843	854	356
nte_07833.jpg	0.045348	0.5000	0.6082	116.1	118.8	0.6362	854	356
nte_07833.jpg	0.000527	0.3670	0.3514	16.0	10.0	0.4802	854	356
nte_07834.jpg	0.040593	0.5027	0.6353	122.1	101.1	0.8428	854	356
nte_07835.jpg	0.043308	0.5008	0.6297	126.1	104.4	0.7734	854	356
nte_07835.jpg	0.000685	0.3654	0.3598	17.3	12.0	0.3276	854	356
nte_07835.jpg	0.000472	0.3809	0.3617	14.3	10.0	0.2634	854	356
nte_07836.jpg	0.044194	0.4988	0.6128	117.4	114.4	0.8677	854	356
nte_07837.jpg	0.040749	0.5055	0.6381	121.8	101.7	0.8701	854	356
nte_07837.jpg	0.002570	0.2920	0.3936	36.0	21.7	0.7012	854	356
nte_07838.jpg	0.044232	0.5031	0.6203	126.8	106.1	0.8394	854	356
nte_07838.jpg	0.008215	0.2283	0.4179	70.0	35.7	0.7847	854	356
nte_07839.jpg	0.048109	0.4996	0.6128	130.1	112.4	0.8921	854	356
nte_07839.jpg	0.032688	0.0874	0.4938	149.7	66.4	0.8242	854	356
nte_07840.jpg	0.045969	0.5008	0.6119	125.4	111.4	0.8950	854	356
nte_07841.jpg	0.043101	0.5000	0.6278	125.1	104.7	0.8486	854	356
nte_07842.jpg	0.044276	0.4973	0.6278	128.1	105.1	0.8032	854	356
nte_07843.jpg	0.053359	0.4938	0.6194	141.8	114.4	0.8535	854	356
nte_07844.jpg	0.041755	0.5004	0.6297	130.8	97.1	0.8555	854	356
nte_07844.jpg	0.000757	0.2100	0.4104	17.7	13.0	0.6328	854	356
nte_07845.jpg	0.043433	0.5016	0.6241	128.1	103.1	0.8696	854	356
nte_07845.jpg	0.000918	0.1980	0.4123	19.0	14.7	0.7104	854	356
nte_07846.jpg	0.044682	0.5004	0.6194	130.1	104.4	0.8809	854	356
nte_07846.jpg	0.001285	0.1813	0.4132	21.7	18.0	0.6943	854	356
nte_07846.jpg	0.000535	0.1586	0.3926	16.3	10.0	0.3020	854	356
nte_07846.jpg	0.000813	0.3648	0.5379	18.5	13.3	0.2991	854	356
nte_07847.jpg	0.042689	0.5020	0.6166	125.1	103.7	0.8774	854	356
nte_07847.jpg	0.001585	0.2533	0.4095	23.7	20.3	0.7861	854	356
nte_07847.jpg	0.001153	0.3990	0.5576	21.0	16.7	0.3652	854	356
nte_07847.jpg	0.000536	0.4051	0.5107	12.8	12.7	0.3450	854	356
nte_07848.jpg	0.042980	0.5012	0.6297	126.8	103.1	0.8818	854	356
nte_07848.jpg	0.002774	0.2184	0.4161	35.1	24.0	0.8135	854	356
nte_07848.jpg	0.000493	0.3912	0.5144	12.8	11.7	0.3245	854	356
nte_07849.jpg	0.044055	0.5016	0.6241	129.1	103.7	0.8755	854	356
nte_07849.jpg	0.005208	0.2063	0.4226	51.0	31.0	0.8057	854	356
nte_07850.jpg	0.040680	0.4984	0.6381	122.8	100.7	0.8823	854	356
nte_07850.jpg	0.010355	0.1846	0.4357	76.7	41.0	0.8628	854	356
nte_07851.jpg	0.041509	0.4992	0.6260	126.1	100.1	0.8774	854	356
nte_07851.jpg	0.037747	0.0603	0.4189	103.0	111.4	0.4827	854	356
nte_07851.jpg	0.000740	0.4254	0.5107	15.7	14.3	0.3579	854	356
nte_07851.jpg	0.000551	0.4254	0.4976	14.3	11.7	0.2654	854	356
nte_07852.jpg	0.041681	0.5000	0.6335	128.8	98.4	0.8892	854	356
nte_07852.jpg	0.002318	0.1355	0.3917	39.9	17.7	0.3037	854	356
nte_07853.jpg	0.040333	0.4996	0.6316	123.8	99.1	0.8677	854	356
nte_07853.jpg	0.001739	0.1301	0.3879	34.4	15.3	0.2627	854	356
nte_07854.jpg	0.043169	0.4988	0.6194	121.4	108.1	0.8408	854	356
nte_07854.jpg	0.002978	0.1151	0.3898	53.2	17.0	0.3254	854	356
nte_07854.jpg	0.000593	0.2879	0.3851	15.0	12.0	0.2876	854	356
nte_07855.jpg	0.046396	0.5012	0.6138	125.1	112.8	0.8916	854	356
nte_07855.jpg	0.000900	0.2779	0.3898	20.0	13.7	0.6963	854	356
nte_07855.jpg	0.000593	0.3336	0.3767	15.0	12.0	0.3472	854	356
nte_07855.jpg	0.000414	0.2889	0.3758	12.2	10.3	0.3286	854	356
nte_07856.jpg	0.042647	0.5012	0.6213	127.4	101.7	0.8481	854	356
nte_07856.jpg	0.001476	0.2648	0.3954	28.0	16.0	0.7256	854	356
nte_07856.jpg	0.000742	0.2877	0.3795	17.3	13.0	0.5781	854	356
nte_07856.jpg	0.000641	0.3377	0.3879	16.7	11.7	0.3455	854	356
nte_07857.jpg	0.045677	0.5016	0.6260	125.8	110.4	0.8477	854	356
nte_07857.jpg	0.002879	0.2381	0.4095	40.4	21.7	0.7803	854	356
nte_07857.jpg	0.000850	0.2846	0.3842	18.0	14.3	0.6274	854	356
nte_07857.jpg	0.000560	0.4082	0.3851	15.0	11.3	0.3391	854	356
nte_07857.jpg	0.000870	0.3393	0.3861	18.0	14.7	0.2961	854	356
nte_07858.jpg	0.044490	0.4984	0.6110	121.8	111.1	0.8506	854	356
nte_07858.jpg	0.007242	0.1833	0.4292	71.0	31.0	0.8022	854	356
nte_07858.jpg	0.001199	0.2875	0.3851	21.9	16.7	0.7632	854	356
nte_07858.jpg	0.001111	0.3428	0.3926	23.0	14.7	0.5190	854	356
nte_07858.jpg	0.000277	0.3646	0.3701	10.5	8.0	0.3862	854	356
nte_07859.jpg	0.046244	0.5008	0.6297	128.1	109.8	0.8691	854	356
nte_07859.jpg	0.002020	0.2605	0.3917	29.7	20.7	0.8071	854	356
nte_07859.jpg	0.001404	0.3268	0.4011	22.9	18.7	0.5356	854	356
nte_07859.jpg	0.000319	0.3617	0.3711	11.2	8.7	0.4688	854	356
nte_07860.jpg	0.041647	0.4988	0.6316	126.1	100.4	0.8911	854	356
nte_07860.jpg	0.003513	0.2830	0.4198	39.5	27.0	0.7329	854	356
nte_07860.jpg	0.004163	0.2105	0.4020	44.1	28.7	0.7222	854	356
nte_07860.jpg	0.000288	0.3525	0.3748	10.5	8.3	0.4438	854	356
nte_07860.jpg	0.000914	0.3615	0.4254	18.5	15.0	0.3452	854	356
nte_07861.jpg	0.044452	0.4984	0.6138	122.8	110.1	0.8740	854	356
nte_07861.jpg	0.012893	0.2076	0.4470	86.4	45.4	0.7627	854	356
nte_07861.jpg	0.007161	0.1143	0.4086	57.8	37.7	0.4617	854	356
nte_07861.jpg	0.000347	0.3445	0.3748	12.2	8.7	0.3640	854	356
nte_07862.jpg	0.045660	0.5008	0.6194	126.1	110.1	0.8809	854	356
nte_07862.jpg	0.000436	0.3359	0.3767	14.2	9.3	0.2947	854	356
nte_07863.jpg	0.043469	0.5004	0.6250	125.8	105.1	0.8535	854	356
nte_07864.jpg	0.039305	0.4988	0.6297	121.4	98.4	0.8677	854	356
nte_07865.jpg	0.044587	0.5004	0.6147	122.8	110.4	0.8750	854	356
nte_07866.jpg	0.048288	0.5012	0.6250	129.4	113.4	0.8540	854	356
nte_07866.jpg	0.007146	0.1764	0.3992	67.1	32.4	0.7246	854	356
nte_07867.jpg	0.045637	0.5012	0.6250	128.8	107.8	0.8423	854	356
nte_07867.jpg	0.001123	0.6727	0.3392	31.0	11.0	0.2539	854	356
nte_07868.jpg	0.040623	0.4965	0.6241	119.4	103.4	0.8218	854	356
nte_07868.jpg	0.001021	0.6816	0.3402	30.0	10.3	0.2981	854	356
nte_07869.jpg	0.044737	0.5004	0.6203	129.4	105.1	0.8066	854	356
nte_07869.jpg	0.001226	0.6879	0.3392	31.0	12.0	0.3025	854	356
nte_07870.jpg	0.044905	0.4996	0.6344	129.1	105.7	0.8320	854	356
nte_07871.jpg	0.039532	0.4961	0.6288	120.1	100.1	0.8359	854	356
nte_07872.jpg	0.043078	0.4953	0.6082	120.4	108.8	0.8423	854	356
nte_07873.jpg	0.041849	0.4969	0.6325	123.4	103.1	0.8301	854	356
nte_07874.jpg	0.046749	0.4980	0.6072	122.4	116.1	0.7720	854	356
nte_07875.jpg	0.042752	0.5000	0.6138	118.4	109.8	0.8472	854	356
nte_07875.jpg	0.003272	0.7672	0.4217	49.7	20.0	0.3076	854	356
nte_07876.jpg	0.041228	0.4938	0.6372	120.4	104.1	0.8481	854	356
nte_07877.jpg	0.044371	0.4977	0.6325	126.8	106.4	0.8525	854	356
nte_07878.jpg	0.041896	0.5000	0.6297	126.4	100.7	0.8364	854	356
nte_07879.jpg	0.044062	0.4992	0.6100	125.1	107.1	0.8672	854	356
nte_07880.jpg	0.046510	0.4961	0.6185	120.8	117.1	0.8154	854	356
nte_07881.jpg	0.043537	0.4988	0.6297	126.8	104.4	0.8037	854	356
nte_07882.jpg	0.039602	0.4988	0.6203	116.4	103.4	0.8271	854	356
nte_07883.jpg	0.043169	0.4973	0.6344	126.1	104.1	0.8101	854	356
nte_07883.jpg	0.002588	0.4387	0.3786	33.7	23.4	0.3779	854	356
nte_07883.jpg	0.001746	0.6871	0.3645	30.0	17.7	0.3088	854	356
nte_07884.jpg	0.041245	0.4945	0.6335	120.1	104.4	0.8457	854	356
nte_07884.jpg	0.003041	0.4086	0.3786	35.5	26.0	0.3052	854	356
nte_07885.jpg	0.041377	0.4969	0.6222	120.1	104.7	0.8311	854	356
nte_07885.jpg	0.003583	0.3855	0.3814	37.5	29.0	0.2600	854	356
nte_07886.jpg	0.042742	0.4949	0.6128	118.8	109.4	0.8579	854	356
nte_07887.jpg	0.042415	0.4977	0.6325	125.1	103.1	0.8560	854	356
nte_07887.jpg	0.003676	0.3703	0.3804	40.4	27.7	0.5913	854	356
nte_07888.jpg	0.044725	0.5016	0.6288	132.8	102.4	0.7739	854	356
nte_07889.jpg	0.043607	0.4992	0.6269	125.8	105.4	0.8496	854	356
nte_07890.jpg	0.045378	0.4988	0.6166	128.4	107.4	0.8521	854	356
nte_07891.jpg	0.042559	0.4996	0.6306	128.4	100.7	0.8696	854	356
nte_07892.jpg	0.041070	0.4988	0.6185	124.8	100.1	0.8604	854	356
nte_07893.jpg	0.041685	0.4996	0.6185	121.8	104.1	0.8647	854	356
nte_07894.jpg	0.042787	0.4996	0.6288	127.4	102.1	0.8789	854	356
nte_07895.jpg	0.044532	0.4977	0.6231	126.4	107.1	0.8701	854	356
nte_07896.jpg	0.043376	0.5004	0.6213	125.1	105.4	0.8706	854	356
nte_07897.jpg	0.042479	0.5000	0.6222	127.8	101.1	0.8784	854	356
nte_07898.jpg	0.042536	0.4977	0.6241	127.1	101.7	0.8633	854	356
nte_07899.jpg	0.045656	0.5008	0.6316	130.4	106.4	0.8750	854	356
nte_07900.jpg	0.041341	0.5008	0.6278	126.4	99.4	0.8789	854	356
nte_07901.jpg	0.040727	0.5000	0.6194	128.4	96.4	0.8657	854	356
nte_07901.jpg	0.006433	0.5312	0.5004	58.0	33.7	0.3906	854	356
nte_07902.jpg	0.042451	0.4992	0.6194	126.4	102.1	0.8516	854	356
nte_07903.jpg	0.043154	0.5031	0.6278	133.8	98.1	0.8242	854	356
nte_07903.jpg	0.005253	0.5254	0.4891	52.0	30.7	0.3281	854	356
nte_07904.jpg	0.044730	0.5008	0.6082	125.4	108.4	0.8667	854	356
nte_07905.jpg	0.045142	0.5008	0.6213	127.8	107.4	0.8574	854	356
nte_07906.jpg	0.042616	0.4988	0.6260	126.1	102.7	0.8818	854	356
nte_07907.jpg	0.040973	0.4973	0.6213	122.4	101.7	0.8716	854	356
nte_07908.jpg	0.044564	0.5023	0.6119	131.4	103.1	0.8687	854	356
nte_07909.jpg	0.042201	0.4980	0.6278	126.1	101.7	0.8765	854	356
nte_07909.jpg	0.000471	0.4230	0.3364	13.0	11.0	0.4180	854	356
nte_07909.jpg	0.000840	0.4125	0.3842	18.7	13.7	0.3474	854	356
nte_07910.jpg	0.039330	0.4957	0.6156	121.1	98.7	0.8638	854	356
nte_07910.jpg	0.003826	0.3279	0.4676	44.7	26.0	0.4248	854	356
nte_07910.jpg	0.000598	0.4145	0.3336	14.3	12.7	0.3589	854	356
nte_07910.jpg	0.000983	0.4020	0.3608	21.9	13.7	0.2898	854	356
nte_07911.jpg	0.042253	0.4973	0.6138	121.1	106.1	0.8770	854	356
nte_07911.jpg	0.007132	0.2438	0.5154	69.9	31.0	0.4612	854	356
nte_07911.jpg	0.000675	0.4020	0.3355	16.2	12.7	0.4297	854	356
nte_07911.jpg	0.001624	0.3838	0.3580	29.0	17.0	0.2708	854	356
nte_07912.jpg	0.042620	0.4973	0.6231	124.1	104.4	0.8691	854	356
nte_07912.jpg	0.001081	0.3520	0.3664	20.5	16.0	0.3894	854	356
nte_07912.jpg	0.000960	0.3877	0.3336	17.8	16.3	0.3760	854	356
nte_07912.jpg	0.003976	0.4762	0.4929	51.0	23.7	0.2932	854	356
nte_07913.jpg	0.041360	0.4965	0.6231	120.4	104.4	0.8530	854	356
nte_07913.jpg	0.001456	0.3137	0.3692	25.5	17.3	0.5449	854	356
nte_07913.jpg	0.000737	0.3721	0.3177	19.2	11.7	0.4128	854	356
nte_07914.jpg	0.039203	0.4980	0.6241	119.1	100.1	0.8667	854	356
nte_07914.jpg	0.003706	0.2619	0.3692	43.9	25.7	0.5981	854	356
nte_07914.jpg	0.000908	0.3516	0.3130	20.2	13.7	0.5488	854	356
nte_07915.jpg	0.044135	0.5012	0.6072	123.8	108.4	0.8828	854	356
nte_07915.jpg	0.008792	0.1692	0.3879	76.3	35.0	0.7549	854	356
nte_07915.jpg	0.000878	0.3236	0.3111	20.0	13.3	0.4685	854	356
nte_07915.jpg	0.000933	0.4465	0.4207	25.0	11.3	0.3257	854	356
nte_07916.jpg	0.045656	0.5051	0.6363	130.4	106.4	0.6729	854	356
nte_07916.jpg	0.001363	0.2979	0.3177	24.4	17.0	0.3726	854	356
nte_07917.jpg	0.004284	0.2895	0.3177	44.4	29.4	0.7393	854	356
nte_07917.jpg	0.046033	0.4977	0.6325	131.1	106.8	0.6709	854	356
nte_07918.jpg	0.039378	0.5008	0.6372	120.4	99.4	0.8628	854	356
nte_07918.jpg	0.008638	0.2666	0.3411	69.1	38.0	0.6538	854	356
nte_07919.jpg	0.024225	0.2146	0.3861	115.6	63.7	0.7578	854	356
nte_07919.jpg	0.040704	0.4984	0.6419	122.4	101.1	0.7544	854	356
nte_07920.jpg	0.047334	0.0759	0.5023	129.9	110.8	0.7939	854	356
nte_07920.jpg	0.041331	0.5000	0.6428	123.1	102.1	0.5698	854	356
nte_07921.jpg	0.054647	0.4996	0.5969	125.8	132.1	0.6978	854	356
nte_07922.jpg	0.047597	0.5004	0.6175	126.1	114.8	0.7861	854	356
nte_07923.jpg	0.041342	0.5008	0.6260	120.8	104.1	0.7871	854	356
nte_07923.jpg	0.000390	0.6688	0.3008	13.7	8.7	0.4133	854	356
nte_07923.jpg	0.000814	0.6883	0.3111	19.0	13.0	0.3896	854	356
nte_07924.jpg	0.045464	0.4996	0.6147	127.1	108.8	0.7871	854	356
nte_07924.jpg	0.000531	0.6727	0.3045	16.7	9.7	0.3892	854	356
nte_07925.jpg	0.049263	0.5035	0.6128	132.4	113.1	0.7432	854	356
nte_07925.jpg	0.001430	0.6414	0.3092	31.0	14.0	0.3486	854	356
nte_07926.jpg	0.042969	0.5012	0.6344	130.1	100.4	0.7705	854	356
nte_07926.jpg	0.001600	0.6117	0.3130	31.0	15.7	0.5166	854	356
nte_07927.jpg	0.002399	0.5895	0.3177	38.4	19.0	0.7524	854	356
nte_07927.jpg	0.042811	0.5004	0.6353	128.8	101.1	0.6973	854	356
nte_07928.jpg	0.039305	0.5008	0.6335	123.1	97.1	0.7568	854	356
nte_07928.jpg	0.003068	0.5355	0.3233	42.4	22.0	0.4177	854	356
nte_07929.jpg	0.049477	0.4996	0.5997	128.1	117.4	0.8369	854	356
nte_07929.jpg	0.005712	0.4578	0.3439	55.4	31.4	0.7578	854	356
nte_07930.jpg	0.010673	0.4035	0.3879	79.7	40.7	0.8442	854	356
nte_07930.jpg	0.048915	0.4992	0.6128	128.1	116.1	0.8223	854	356
nte_07931.jpg	0.039821	0.2678	0.4732	165.0	73.4	0.8413	854	356
nte_07931.jpg	0.052655	0.5059	0.6091	137.1	116.8	0.8301	854	356
nte_07932.jpg	0.052813	0.5070	0.6203	139.1	115.4	0.8145	854	356
nte_07932.jpg	0.049123	0.0662	0.6569	113.3	131.8	0.3289	854	356
nte_07933.jpg	0.047616	0.5059	0.6288	131.1	110.4	0.7310	854	356
nte_07934.jpg	0.048089	0.5082	0.6288	136.1	107.4	0.6699	854	356
nte_07936.jpg	0.058086	0.5141	0.6147	152.1	116.1	0.4460	854	356
nte_07937.jpg	0.048800	0.5012	0.6119	127.4	116.4	0.6821	854	356
nte_07938.jpg	0.039872	0.5000	0.6372	122.8	98.7	0.7515	854	356
nte_07939.jpg	0.036036	0.4961	0.6381	112.1	97.7	0.7988	854	356
nte_07940.jpg	0.035913	0.4945	0.6419	112.1	97.4	0.7754	854	356
nte_07941.jpg	0.051438	0.5043	0.6053	128.4	121.8	0.8633	854	356
nte_07942.jpg	0.053098	0.5035	0.6063	130.4	123.8	0.8662	854	356
nte_07943.jpg	0.047585	0.5066	0.6278	133.4	108.4	0.7021	854	356
nte_07943.jpg	0.000846	0.4520	0.2746	20.0	12.8	0.3799	854	356
nte_07944.jpg	0.043938	0.5051	0.6372	130.4	102.4	0.7788	854	356
nte_07945.jpg	0.047294	0.5051	0.6269	129.4	111.1	0.7485	854	356
nte_07946.jpg	0.048345	0.5066	0.6128	123.8	118.8	0.5298	854	356
nte_07947.jpg	0.052288	0.5031	0.6053	128.1	124.1	0.8359	854	356
nte_07948.jpg	0.051876	0.5023	0.6007	127.4	123.8	0.8809	854	356
nte_07949.jpg	0.051885	0.4996	0.6035	124.8	126.4	0.8765	854	356
nte_07950.jpg	0.050786	0.4996	0.6072	125.4	123.1	0.8530	854	356
nte_07951.jpg	0.048884	0.5000	0.6119	124.1	119.8	0.8291	854	356
nte_07952.jpg	0.041739	0.4992	0.6325	120.8	105.1	0.7988	854	356
nte_07953.jpg	0.039664	0.5000	0.6335	120.1	100.4	0.8057	854	356
nte_07954.jpg	0.049839	0.5020	0.6100	123.8	122.4	0.8516	854	356
nte_07954.jpg	0.001313	0.5312	0.4254	26.0	15.3	0.3047	854	356
nte_07955.jpg	0.045701	0.5031	0.6082	114.4	121.4	0.8750	854	356
nte_07956.jpg	0.047701	0.5000	0.6100	121.1	119.8	0.8428	854	356
nte_07957.jpg	0.051963	0.4996	0.5978	121.4	130.1	0.8438	854	356
nte_07958.jpg	0.046778	0.4996	0.6110	118.1	120.4	0.8916	854	356
nte_07959.jpg	0.047830	0.4973	0.6100	121.8	119.4	0.8691	854	356
nte_07960.jpg	0.048630	0.4988	0.6110	120.8	122.4	0.8740	854	356
nte_07961.jpg	0.046781	0.5008	0.6072	118.8	119.8	0.8618	854	356
nte_07962.jpg	0.049393	0.5008	0.5950	115.4	130.1	0.7676	854	356
nte_07963.jpg	0.046956	0.5004	0.6035	114.4	124.8	0.7915	854	356
nte_07964.jpg	0.046094	0.5004	0.6082	115.1	121.8	0.8340	854	356
nte_07965.jpg	0.046900	0.4984	0.6091	117.4	121.4	0.8862	854	356
nte_07966.jpg	0.048095	0.4961	0.6082	119.8	122.1	0.8843	854	356
nte_07967.jpg	0.045609	0.4945	0.6138	118.8	116.8	0.7959	854	356
nte_07968.jpg	0.043762	0.4977	0.6260	123.1	108.1	0.8027	854	356
nte_07969.jpg	0.045442	0.4969	0.6147	121.1	114.1	0.8384	854	356
nte_07970.jpg	0.040850	0.4984	0.6316	120.1	103.4	0.8687	854	356
nte_07971.jpg	0.048694	0.5012	0.6175	126.4	117.1	0.8335	854	356
nte_07972.jpg	0.049971	0.4988	0.6082	124.4	122.1	0.8608	854	356
nte_07973.jpg	0.047307	0.4961	0.6072	119.8	120.1	0.8223	854	356
nte_07974.jpg	0.048232	0.4957	0.6082	121.4	120.8	0.8633	854	356
nte_07975.jpg	0.054928	0.5051	0.6119	136.8	122.1	0.7529	854	356
nte_07975.jpg	0.000765	0.3906	0.2896	18.8	12.3	0.4180	854	356
nte_07976.jpg	0.049499	0.5000	0.6128	127.4	118.1	0.8340	854	356
nte_07976.jpg	0.000718	0.3928	0.2886	17.7	12.3	0.3528	854	356
nte_07977.jpg	0.043259	0.5020	0.6306	126.8	103.7	0.7939	854	356
nte_07977.jpg	0.000765	0.3926	0.2905	18.8	12.3	0.3032	854	356
nte_07978.jpg	0.048748	0.5004	0.6100	124.1	119.4	0.8716	854	356
nte_07978.jpg	0.000884	0.3971	0.2952	19.2	14.0	0.3757	854	356
nte_07979.jpg	0.049435	0.4996	0.6138	122.1	123.1	0.8467	854	356
nte_07979.jpg	0.001038	0.4117	0.3017	21.0	15.0	0.4797	854	356
nte_07980.jpg	0.047689	0.4988	0.6119	122.4	118.4	0.8936	854	356
nte_07980.jpg	0.000807	0.4297	0.3008	19.3	12.7	0.3027	854	356
nte_07981.jpg	0.047563	0.4965	0.6128	121.8	118.8	0.8843	854	356
nte_07982.jpg	0.044423	0.4977	0.6325	123.4	109.4	0.7979	854	356
nte_07983.jpg	0.042682	0.4977	0.6278	123.1	105.4	0.8398	854	356
nte_07984.jpg	0.039334	0.5004	0.6335	119.1	100.4	0.8257	854	356
nte_07984.jpg	0.002657	0.4090	0.3270	39.7	20.3	0.3252	854	356
nte_07985.jpg	0.040718	0.5012	0.6363	120.1	103.1	0.7979	854	356
nte_07985.jpg	0.004745	0.4066	0.3392	49.7	29.0	0.6440	854	356
nte_07986.jpg	0.040171	0.5035	0.6391	120.4	101.4	0.7744	854	356
nte_07986.jpg	0.004121	0.4031	0.3486	42.2	29.7	0.3179	854	356
nte_07986.jpg	0.001775	0.4418	0.3505	33.7	16.0	0.3123	854	356
nte_07987.jpg	0.048365	0.5000	0.6100	121.8	120.8	0.8623	854	356
nte_07987.jpg	0.005897	0.4539	0.3448	60.4	29.7	0.3948	854	356
nte_07988.jpg	0.047915	0.4980	0.6194	124.8	116.8	0.8389	854	356
nte_07988.jpg	0.002249	0.4516	0.3655	42.7	16.0	0.5762	854	356
nte_07989.jpg	0.048939	0.5004	0.6175	127.4	116.8	0.8896	854	356
nte_07989.jpg	0.003467	0.4246	0.3814	47.9	22.0	0.5659	854	356
nte_07989.jpg	0.000709	0.6594	0.3645	19.0	11.3	0.5107	854	356
nte_07990.jpg	0.046135	0.5004	0.6166	124.8	112.4	0.8877	854	356
nte_07990.jpg	0.003119	0.4062	0.3842	47.4	20.0	0.6592	854	356
nte_07990.jpg	0.000821	0.6785	0.3720	22.0	11.3	0.4890	854	356
nte_07991.jpg	0.037924	0.4988	0.6353	120.4	95.7	0.8809	854	356
nte_07991.jpg	0.003105	0.4016	0.3870	43.5	21.7	0.7002	854	356
nte_07991.jpg	0.001054	0.7305	0.3739	24.0	13.3	0.5698	854	356
nte_07992.jpg	0.036622	0.5000	0.6363	115.1	96.7	0.8398	854	356
nte_07992.jpg	0.002979	0.3842	0.3945	37.2	24.4	0.7505	854	356
nte_07992.jpg	0.001727	0.7793	0.3767	29.7	17.7	0.4126	854	356
nte_07993.jpg	0.037025	0.4992	0.6353	116.8	96.4	0.8833	854	356
nte_07993.jpg	0.004268	0.3555	0.4076	44.2	29.4	0.8433	854	356
nte_07993.jpg	0.002379	0.8406	0.3889	38.0	19.0	0.4724	854	356
nte_07994.jpg	0.037705	0.4992	0.6297	116.1	98.7	0.8564	854	356
nte_07994.jpg	0.008914	0.3301	0.4254	71.9	37.7	0.8477	854	356
nte_07994.jpg	0.003848	0.9211	0.3983	48.7	24.0	0.5381	854	356
nte_07994.jpg	0.001354	0.8578	0.3786	28.7	14.3	0.2622	854	356
nte_07995.jpg	0.040593	0.4961	0.6316	122.1	101.1	0.8911	854	356
nte_07995.jpg	0.021134	0.2887	0.4592	124.3	51.7	0.8770	854	356
nte_07996.jpg	0.054133	0.2408	0.5210	208.2	79.1	0.8760	854	356
nte_07996.jpg	0.042270	0.4977	0.6288	120.8	106.4	0.8296	854	356
nte_07996.jpg	0.000753	0.4215	0.3701	16.3	14.0	0.3562	854	356
nte_07997.jpg	0.044478	0.4973	0.6175	122.1	110.8	0.8633	854	356
nte_07997.jpg	0.185552	0.1829	0.6597	312.6	180.5	0.6289	854	356
nte_07997.jpg	0.000753	0.4156	0.3720	16.3	14.0	0.5610	854	356
nte_07997.jpg	0.000393	0.4836	0.3664	12.3	9.7	0.2795	854	356
nte_07998.jpg	0.045985	0.4980	0.5978	120.4	116.1	0.8428	854	356
nte_07998.jpg	0.001377	0.4059	0.3823	23.7	17.7	0.4998	854	356
nte_07998.jpg	0.002911	0.4051	0.4029	28.5	31.0	0.2593	854	356
nte_07999.jpg	0.038682	0.5000	0.6353	114.1	103.1	0.8022	854	356
nte_07999.jpg	0.002699	0.3850	0.3992	33.7	24.4	0.7612	854	356
nte_07999.jpg	0.000320	0.4184	0.3664	11.7	8.3	0.3452	854	356
nte_07999.jpg	0.006744	0.4633	0.4189	62.7	32.7	0.2710	854	356
nte_08000.jpg	0.005580	0.3496	0.4254	49.4	34.4	0.8516	854	356
nte_08000.jpg	0.043777	0.5008	0.6185	119.1	111.8	0.7881	854	356
nte_08000.jpg	0.000723	0.4039	0.3683	17.3	12.7	0.5093	854	356
nte_08000.jpg	0.000398	0.4199	0.3673	11.3	10.7	0.4363	854	356
nte_08000.jpg	0.000446	0.4793	0.3664	14.0	9.7	0.2605	854	356
nte_08001.jpg	0.043569	0.5027	0.6138	121.4	109.1	0.8364	854	356
nte_08001.jpg	0.001596	0.3816	0.3795	25.5	19.0	0.7056	854	356
nte_08001.jpg	0.000433	0.4098	0.3561	12.3	10.7	0.2900	854	356
nte_08001.jpg	0.000356	0.4094	0.3420	12.0	9.0	0.2683	854	356
nte_08002.jpg	0.042006	0.4996	0.6269	123.1	103.7	0.8457	854	356
nte_08002.jpg	0.003253	0.3607	0.3954	39.5	25.0	0.8057	854	356
nte_08002.jpg	0.000672	0.4191	0.3673	17.0	12.0	0.3574	854	356
nte_08002.jpg	0.000600	0.4023	0.3458	15.2	12.0	0.2546	854	356
nte_08003.jpg	0.008608	0.3115	0.4357	67.1	39.0	0.8550	854	356
nte_08003.jpg	0.040901	0.4980	0.6335	123.4	100.7	0.8433	854	356
nte_08003.jpg	0.000878	0.3949	0.3570	18.2	14.7	0.2896	854	356
nte_08004.jpg	0.065211	0.1739	0.5613	211.5	93.7	0.8965	854	356
nte_08004.jpg	0.046183	0.4984	0.6166	123.4	113.8	0.8267	854	356
nte_08004.jpg	0.001808	0.4297	0.3655	25.4	21.7	0.6802	854	356
nte_08005.jpg	0.049183	0.5000	0.6091	128.4	116.4	0.8179	854	356
nte_08005.jpg	0.003499	0.4004	0.3879	40.4	26.4	0.8071	854	356
nte_08006.jpg	0.044305	0.5012	0.6110	118.8	113.4	0.8354	854	356
nte_08006.jpg	0.009727	0.3336	0.4320	68.7	43.0	0.7881	854	356
nte_08007.jpg	0.091352	0.1068	0.6616	183.0	151.8	0.8818	854	356
nte_08007.jpg	0.042477	0.4980	0.6363	126.1	102.4	0.7710	854	356
nte_08008.jpg	0.044327	0.5004	0.6119	116.8	115.4	0.8218	854	356
nte_08009.jpg	0.040081	0.4965	0.6391	121.8	100.1	0.7275	854	356
nte_08010.jpg	0.045341	0.5000	0.6100	115.4	119.4	0.7466	854	356
nte_08011.jpg	0.042756	0.4973	0.6409	124.1	104.7	0.8115	854	356
nte_08011.jpg	0.001128	0.4168	0.3448	22.4	15.3	0.5537	854	356
nte_08012.jpg	0.047689	0.4977	0.6166	122.4	118.4	0.7642	854	356
nte_08012.jpg	0.002283	0.3918	0.3626	31.5	22.0	0.5010	854	356
nte_08013.jpg	0.039572	0.4973	0.6391	121.4	99.1	0.8418	854	356
nte_08013.jpg	0.005946	0.3531	0.3926	57.0	31.7	0.7886	854	356
nte_08013.jpg	0.000705	0.4148	0.3523	18.3	11.7	0.3313	854	356
nte_08014.jpg	0.024718	0.2590	0.4713	123.1	61.0	0.8354	854	356
nte_08014.jpg	0.047905	0.4996	0.6260	125.1	116.4	0.8228	854	356
nte_08014.jpg	0.001513	0.4000	0.3711	26.5	17.3	0.5947	854	356
nte_08014.jpg	0.000535	0.4281	0.3598	14.3	11.3	0.3726	854	356
nte_08015.jpg	0.044911	0.5012	0.6269	121.1	112.8	0.8325	854	356
nte_08015.jpg	0.003198	0.3793	0.4067	38.9	25.0	0.7793	854	356
nte_08015.jpg	0.000840	0.4227	0.3786	18.7	13.7	0.2900	854	356
nte_08016.jpg	0.010214	0.3248	0.4601	72.7	42.7	0.8228	854	356
nte_08016.jpg	0.046036	0.5023	0.6634	132.8	105.4	0.8184	854	356
nte_08016.jpg	0.001394	0.4098	0.4001	27.0	15.7	0.6494	854	356
nte_08017.jpg	0.043690	0.5031	0.6494	124.4	106.8	0.8301	854	356
nte_08017.jpg	0.003157	0.3908	0.4179	37.9	25.4	0.7236	854	356
nte_08017.jpg	0.093343	0.1374	0.6203	234.3	121.1	0.4846	854	356
nte_08018.jpg	0.047758	0.5023	0.6672	136.4	106.4	0.8604	854	356
nte_08018.jpg	0.010564	0.3492	0.4517	72.4	44.4	0.6396	854	356
nte_08019.jpg	0.051301	0.5020	0.6475	137.1	113.8	0.8320	854	356
nte_08019.jpg	0.042535	0.1663	0.5716	146.3	88.4	0.4187	854	356
nte_08020.jpg	0.050994	0.5012	0.6681	144.8	107.1	0.8726	854	356
nte_08021.jpg	0.049313	0.5012	0.6578	140.4	106.8	0.8369	854	356
nte_08022.jpg	0.051187	0.4984	0.6719	145.8	106.8	0.8799	854	356
nte_08022.jpg	0.012396	0.4957	0.4957	95.7	39.4	0.3052	854	356
nte_08023.jpg	0.051749	0.4965	0.6681	145.1	108.4	0.8540	854	356
nte_08024.jpg	0.054961	0.4949	0.6484	143.1	116.8	0.8364	854	356
nte_08025.jpg	0.052096	0.4969	0.6616	147.4	107.4	0.8750	854	356
nte_08025.jpg	0.000810	0.4187	0.4264	18.0	13.7	0.4185	854	356
nte_08026.jpg	0.051041	0.4969	0.6428	140.1	110.8	0.8359	854	356
nte_08027.jpg	0.047812	0.4961	0.6578	140.1	103.7	0.8608	854	356
nte_08028.jpg	0.046745	0.4992	0.6484	136.1	104.4	0.8491	854	356
nte_08029.jpg	0.041466	0.5023	0.6438	123.1	102.4	0.8452	854	356
nte_08030.jpg	0.046513	0.5012	0.6438	139.4	101.4	0.8418	854	356
nte_08030.jpg	0.015088	0.4715	0.5416	76.4	60.0	0.2549	854	356
nte_08031.jpg	0.052175	0.4973	0.6278	139.4	113.8	0.8350	854	356
nte_08032.jpg	0.046066	0.5035	0.6475	132.4	105.7	0.8955	854	356
nte_08033.jpg	0.048254	0.5031	0.6260	127.1	115.4	0.8159	854	356
nte_08034.jpg	0.044365	0.5016	0.6494	128.8	104.7	0.8755	854	356
nte_08035.jpg	0.051643	0.4992	0.6260	131.1	119.8	0.8560	854	356
nte_08036.jpg	0.041868	0.5039	0.6409	126.8	100.4	0.8677	854	356
nte_08037.jpg	0.048118	0.4988	0.6372	138.8	105.4	0.8208	854	356
nte_08038.jpg	0.043630	0.5031	0.6381	129.1	102.7	0.8853	854	356
nte_08039.jpg	0.048314	0.5008	0.6260	131.4	111.8	0.8457	854	356
nte_08040.jpg	0.043659	0.5016	0.6428	128.8	103.1	0.8804	854	356
nte_08041.jpg	0.042701	0.5055	0.6372	122.8	105.7	0.8247	854	356
nte_08042.jpg	0.045682	0.4996	0.6447	130.1	106.8	0.8789	854	356
nte_08043.jpg	0.043803	0.4996	0.6166	117.8	113.1	0.8657	854	356
nte_08044.jpg	0.046147	0.5000	0.6381	137.4	102.1	0.8218	854	356
nte_08045.jpg	0.045544	0.4938	0.6353	137.4	100.7	0.8628	854	356
nte_08045.jpg	0.000849	0.5508	0.5107	19.3	13.3	0.3662	854	356
nte_08046.jpg	0.043444	0.5016	0.6381	131.1	100.7	0.8423	854	356
nte_08046.jpg	0.015220	0.4613	0.5472	73.4	63.0	0.4299	854	356
nte_08047.jpg	0.045225	0.4918	0.6409	138.8	99.1	0.8569	854	356
nte_08048.jpg	0.043444	0.5035	0.6335	131.1	100.7	0.7969	854	356
nte_08049.jpg	0.043861	0.4984	0.6278	126.1	105.7	0.8433	854	356
nte_08050.jpg	0.047273	0.5012	0.6203	129.8	110.8	0.8691	854	356
nte_08051.jpg	0.042922	0.5008	0.6391	129.1	101.1	0.8906	854	356
nte_08052.jpg	0.045799	0.5008	0.6306	130.4	106.8	0.8711	854	356
nte_08053.jpg	0.042387	0.5008	0.6353	128.8	100.1	0.8926	854	356
nte_08054.jpg	0.043930	0.5023	0.6250	127.1	105.1	0.8467	854	356
nte_08055.jpg	0.045255	0.5012	0.6409	131.8	104.4	0.8940	854	356
nte_08056.jpg	0.043331	0.4957	0.6260	125.8	104.7	0.8735	854	356
nte_08057.jpg	0.048642	0.5012	0.6278	130.8	113.1	0.8604	854	356
nte_08058.jpg	0.043011	0.4996	0.6325	128.1	102.1	0.8555	854	356
nte_08059.jpg	0.046561	0.5023	0.6316	129.8	109.1	0.8716	854	356
nte_08060.jpg	0.042700	0.5000	0.6306	128.4	101.1	0.8721	854	356
nte_08061.jpg	0.050713	0.5020	0.6325	129.1	119.4	0.8804	854	356
nte_08062.jpg	0.042257	0.5020	0.6363	127.1	101.1	0.8931	854	356
nte_08063.jpg	0.048050	0.5023	0.6278	133.1	109.8	0.8335	854	356
nte_08063.jpg	0.023008	0.4699	0.5707	97.1	72.1	0.3054	854	356
nte_08064.jpg	0.047544	0.5000	0.6372	132.1	109.4	0.8599	854	356
nte_08065.jpg	0.042451	0.4977	0.6306	126.4	102.1	0.8535	854	356
nte_08066.jpg	0.047087	0.5004	0.6231	130.4	109.8	0.8667	854	356
nte_08066.jpg	0.000482	0.3529	0.4798	14.2	10.3	0.5850	854	356
nte_08066.jpg	0.000653	0.5445	0.5088	17.0	11.7	0.4612	854	356
nte_08066.jpg	0.000465	0.3469	0.4788	13.7	10.3	0.3228	854	356
nte_08067.jpg	0.042641	0.5004	0.6344	125.8	103.1	0.9014	854	356
nte_08067.jpg	0.000544	0.3723	0.4788	15.0	11.0	0.4485	854	356
nte_08068.jpg	0.042439	0.5000	0.6241	124.8	103.4	0.8955	854	356
nte_08068.jpg	0.000664	0.3727	0.4845	16.3	12.3	0.5190	854	356
nte_08069.jpg	0.044055	0.5023	0.6231	129.1	103.7	0.9092	854	356
nte_08069.jpg	0.000735	0.3705	0.4929	17.2	13.0	0.5225	854	356
nte_08070.jpg	0.044131	0.5016	0.6231	131.4	102.1	0.8975	854	356
nte_08070.jpg	0.001193	0.3666	0.4957	22.2	16.3	0.7139	854	356
nte_08071.jpg	0.044243	0.4984	0.6222	131.8	102.1	0.8892	854	356
nte_08071.jpg	0.001886	0.3617	0.5051	30.7	18.7	0.5796	854	356
nte_08072.jpg	0.043601	0.5016	0.6241	129.4	102.4	0.8892	854	356
nte_08072.jpg	0.005548	0.3547	0.5098	47.7	35.4	0.8501	854	356
nte_08073.jpg	0.043683	0.5012	0.6222	130.1	102.1	0.8999	854	356
nte_08073.jpg	0.013958	0.3199	0.5426	74.4	57.0	0.8550	854	356
nte_08073.jpg	0.001183	0.3682	0.4807	20.3	17.7	0.6406	854	356
nte_08074.jpg	0.042257	0.5000	0.6222	127.1	101.1	0.8989	854	356
nte_08074.jpg	0.105133	0.1965	0.6672	226.5	141.1	0.8872	854	356
nte_08074.jpg	0.002786	0.3543	0.4873	33.9	25.0	0.7681	854	356
nte_08075.jpg	0.042368	0.5012	0.6241	127.4	101.1	0.8794	854	356
nte_08075.jpg	0.005958	0.3289	0.4920	52.2	34.7	0.8271	854	356
nte_08076.jpg	0.018853	0.2646	0.5313	98.7	58.0	0.8789	854	356
nte_08076.jpg	0.046253	0.5012	0.6203	130.1	108.1	0.8672	854	356
nte_08076.jpg	0.000420	0.4102	0.4245	12.3	10.3	0.4585	854	356
nte_08077.jpg	0.050892	0.4996	0.6288	134.4	115.1	0.8931	854	356
nte_08077.jpg	0.094704	0.1255	0.6625	214.2	134.4	0.8286	854	356
nte_08077.jpg	0.000577	0.3916	0.4198	13.8	12.7	0.5615	854	356
nte_08077.jpg	0.001827	0.6930	0.4189	34.7	16.0	0.4753	854	356
nte_08077.jpg	0.009725	0.8227	0.4217	72.1	41.0	0.2769	854	356
nte_08078.jpg	0.048002	0.4980	0.6278	135.4	107.8	0.8857	854	356
nte_08078.jpg	0.000593	0.3773	0.4179	15.0	12.0	0.3489	854	356
nte_08079.jpg	0.047057	0.4980	0.6260	134.4	106.4	0.8877	854	356
nte_08079.jpg	0.000826	0.3650	0.4236	17.5	14.3	0.6636	854	356
nte_08080.jpg	0.047174	0.4977	0.6222	134.8	106.4	0.8594	854	356
nte_08080.jpg	0.001015	0.3420	0.4264	21.0	14.7	0.6445	854	356
nte_08081.jpg	0.048581	0.4945	0.6250	140.1	105.4	0.8267	854	356
nte_08081.jpg	0.001507	0.3268	0.4301	28.0	16.3	0.6304	854	356
nte_08082.jpg	0.052693	0.4930	0.6166	143.8	111.4	0.8530	854	356
nte_08082.jpg	0.002306	0.3121	0.4395	33.4	21.0	0.7593	854	356
nte_08083.jpg	0.056741	0.4926	0.6241	144.4	119.4	0.8354	854	356
nte_08083.jpg	0.003467	0.2896	0.4470	42.7	24.7	0.8086	854	356
nte_08083.jpg	0.000899	0.5133	0.3617	21.0	13.0	0.5010	854	356
nte_08084.jpg	0.059710	0.4926	0.5950	145.1	125.1	0.8384	854	356
nte_08084.jpg	0.007748	0.2561	0.4610	63.0	37.4	0.7773	854	356
nte_08085.jpg	0.053882	0.4953	0.6091	141.1	116.1	0.8232	854	356
nte_08085.jpg	0.020233	0.1920	0.5051	107.8	57.0	0.8091	854	356
nte_08086.jpg	0.046039	0.5012	0.6222	129.1	108.4	0.8481	854	356
nte_08086.jpg	0.054986	0.0794	0.6438	135.4	123.4	0.7764	854	356
nte_08087.jpg	0.045046	0.4992	0.6241	127.1	107.8	0.8501	854	356
nte_08087.jpg	0.000563	0.5301	0.3476	17.7	9.7	0.3040	854	356
nte_08087.jpg	0.002313	0.6652	0.3645	39.0	18.0	0.2820	854	356
nte_08088.jpg	0.047029	0.5016	0.6194	126.4	113.1	0.8389	854	356
nte_08089.jpg	0.046264	0.5008	0.6166	127.8	110.1	0.8584	854	356
nte_08089.jpg	0.000745	0.6363	0.3383	18.3	12.3	0.2781	854	356
nte_08090.jpg	0.043401	0.4945	0.6194	118.4	111.4	0.8491	854	356
nte_08090.jpg	0.000549	0.5332	0.3458	16.7	10.0	0.2996	854	356
nte_08091.jpg	0.043492	0.4980	0.6119	123.1	107.4	0.8550	854	356
nte_08091.jpg	0.000400	0.5168	0.3486	14.0	8.7	0.4048	854	356
nte_08092.jpg	0.041357	0.5012	0.6306	127.8	98.4	0.8052	854	356
nte_08092.jpg	0.000653	0.4746	0.3505	17.0	11.7	0.4143	854	356
nte_08093.jpg	0.042047	0.5020	0.6335	122.4	104.4	0.8008	854	356
nte_08093.jpg	0.000737	0.4445	0.3561	17.7	12.7	0.5303	854	356
nte_08094.jpg	0.046702	0.5016	0.6288	127.4	111.4	0.7495	854	356
nte_08094.jpg	0.001079	0.4453	0.3561	22.4	14.7	0.6533	854	356
nte_08095.jpg	0.046040	0.4980	0.6250	126.8	110.4	0.8271	854	356
nte_08095.jpg	0.001376	0.4316	0.3655	26.7	15.7	0.5898	854	356
nte_08096.jpg	0.045002	0.4980	0.6278	127.8	107.1	0.8818	854	356
nte_08096.jpg	0.002203	0.4113	0.3720	34.0	19.7	0.6914	854	356
nte_08097.jpg	0.044255	0.5004	0.6306	126.4	106.4	0.8672	854	356
nte_08097.jpg	0.003706	0.3803	0.3823	43.9	25.7	0.7959	854	356
nte_08097.jpg	0.000672	0.5445	0.3308	18.0	11.3	0.2988	854	356
nte_08098.jpg	0.042536	0.4996	0.6260	127.1	101.7	0.8794	854	356
nte_08098.jpg	0.006366	0.3375	0.3992	62.4	31.0	0.8271	854	356
nte_08098.jpg	0.001590	0.5449	0.3252	26.4	18.3	0.4160	854	356
nte_08099.jpg	0.042675	0.5012	0.6269	127.1	102.1	0.8901	854	356
nte_08099.jpg	0.012022	0.2814	0.4245	92.1	39.7	0.8608	854	356
nte_08099.jpg	0.001933	0.5469	0.3261	29.4	20.0	0.4348	854	356
nte_08100.jpg	0.044764	0.5008	0.6391	129.1	105.4	0.8911	854	356
nte_08100.jpg	0.026888	0.2016	0.4610	140.0	58.4	0.8887	854	356
nte_08100.jpg	0.001739	0.5496	0.3289	31.7	16.7	0.2603	854	356
nte_08101.jpg	0.047612	0.5023	0.6466	133.1	108.8	0.8813	854	356
nte_08101.jpg	0.043441	0.0881	0.5304	150.5	87.7	0.8550	854	356
nte_08101.jpg	0.002224	0.5402	0.3242	32.7	20.7	0.2988	854	356
nte_08102.jpg	0.075859	0.4957	0.6550	175.5	131.4	0.7563	854	356
nte_08102.jpg	0.000639	0.2863	0.3261	16.2	12.0	0.5527	854	356
nte_08103.jpg	0.093078	0.4969	0.6681	201.5	140.4	0.8975	854	356
nte_08103.jpg	0.000644	0.1981	0.3280	17.3	11.3	0.4426	854	356
nte_08103.jpg	0.000852	0.2844	0.3055	16.2	16.0	0.3452	854	356
nte_08104.jpg	0.099358	0.5051	0.6794	208.2	145.1	0.9033	854	356
nte_08104.jpg	0.000553	0.1961	0.3289	15.8	10.7	0.5044	854	356
nte_08104.jpg	0.000807	0.2846	0.3055	16.3	15.0	0.2610	854	356
nte_08105.jpg	0.106007	0.5121	0.6859	215.2	149.8	0.8936	854	356
nte_08105.jpg	0.000613	0.1964	0.3298	16.9	11.0	0.5020	854	356
nte_08106.jpg	0.105502	0.5117	0.6859	213.7	150.1	0.8872	854	356
nte_08106.jpg	0.000653	0.1950	0.3308	17.5	11.3	0.4365	854	356
nte_08107.jpg	0.104610	0.5117	0.6859	212.3	149.8	0.8892	854	356
nte_08107.jpg	0.000750	0.1906	0.3308	20.1	11.3	0.3862	854	356
nte_08108.jpg	0.100283	0.5039	0.6794	208.7	146.1	0.8857	854	356
nte_08108.jpg	0.000749	0.1894	0.3345	19.5	11.7	0.4009	854	356
nte_08109.jpg	0.097724	0.4992	0.6737	206.2	144.1	0.8604	854	356
nte_08109.jpg	0.000692	0.1890	0.3355	18.0	11.7	0.2659	854	356
nte_08110.jpg	0.092965	0.4969	0.6681	199.8	141.4	0.8276	854	356
nte_08111.jpg	0.087945	0.4895	0.6588	195.5	136.8	0.8643	854	356
nte_08111.jpg	0.000826	0.2879	0.3055	16.0	15.7	0.4080	854	356
nte_08111.jpg	0.000660	0.1844	0.3392	17.2	11.7	0.2505	854	356
nte_08112.jpg	0.083552	0.4887	0.6531	188.5	134.8	0.8877	854	356
nte_08112.jpg	0.000852	0.2891	0.3055	16.2	16.0	0.2712	854	356
nte_08112.jpg	0.001029	0.1674	0.3420	20.8	15.0	0.2588	854	356
nte_08113.jpg	0.086907	0.4906	0.6588	193.7	136.4	0.8481	854	356
nte_08113.jpg	0.000949	0.2895	0.3045	18.0	16.0	0.4746	854	356
nte_08113.jpg	0.001323	0.1697	0.3448	24.6	16.3	0.4653	854	356
nte_08114.jpg	0.086055	0.4918	0.6513	189.0	138.4	0.8701	854	356
nte_08114.jpg	0.002520	0.1660	0.3476	34.3	22.4	0.6807	854	356
nte_08114.jpg	0.001007	0.2900	0.3027	18.3	16.7	0.4209	854	356
nte_08115.jpg	0.092668	0.4832	0.6550	207.0	136.1	0.9043	854	356
nte_08115.jpg	0.003270	0.0281	0.3608	45.2	22.0	0.7456	854	356
nte_08115.jpg	0.000767	0.0483	0.3177	17.9	13.0	0.4211	854	356
nte_08115.jpg	0.000269	0.0941	0.3074	11.1	7.3	0.2676	854	356
nte_08116.jpg	0.087199	0.4527	0.6775	230.3	115.1	0.8931	854	356
nte_08117.jpg	0.113842	0.4566	0.6737	247.0	140.1	0.8818	854	356
nte_08118.jpg	0.113675	0.4672	0.6784	243.2	142.1	0.8950	854	356
nte_08118.jpg	0.001285	0.8625	0.2525	26.0	15.0	0.2693	854	356
nte_08119.jpg	0.109307	0.4859	0.6728	237.2	140.1	0.8696	854	356
nte_08119.jpg	0.001256	0.8672	0.2530	26.0	14.7	0.2539	854	356
nte_08120.jpg	0.107626	0.4930	0.6737	236.4	138.4	0.8975	854	356
nte_08120.jpg	0.001599	0.8672	0.2530	28.0	17.3	0.4841	854	356
nte_08120.jpg	0.001120	0.9813	0.2033	22.7	15.0	0.2671	854	356
nte_08121.jpg	0.106094	0.4937	0.6756	234.7	137.4	0.8857	854	356
nte_08121.jpg	0.001523	0.8672	0.2530	26.7	17.3	0.4680	854	356
nte_08122.jpg	0.107409	0.4941	0.6728	234.2	139.4	0.8896	854	356
nte_08122.jpg	0.001428	0.8680	0.2530	26.0	16.7	0.3889	854	356
nte_08123.jpg	0.106819	0.4941	0.6737	234.0	138.8	0.8936	854	356
nte_08124.jpg	0.106351	0.4941	0.6756	234.7	137.8	0.8911	854	356
nte_08125.jpg	0.106427	0.4941	0.6766	234.8	137.8	0.8862	854	356
nte_08125.jpg	0.001399	0.8680	0.2535	26.0	16.3	0.2632	854	356
nte_08126.jpg	0.109702	0.5102	0.7347	222.2	150.1	0.9097	854	356
nte_08126.jpg	0.000867	0.3021	0.4601	17.2	15.3	0.3730	854	356
nte_08127.jpg	0.095332	0.4984	0.7356	185.6	156.1	0.8813	854	356
nte_08127.jpg	0.030466	0.1468	0.5866	164.3	56.4	0.8208	854	356
nte_08128.jpg	0.093105	0.4871	0.7122	189.0	149.8	0.9062	854	356
nte_08128.jpg	0.027159	0.1846	0.5772	152.8	54.0	0.8389	854	356
nte_08128.jpg	0.001574	0.4305	0.5248	28.7	16.7	0.4224	854	356
nte_08129.jpg	0.091585	0.4867	0.6953	187.1	148.8	0.8960	854	356
nte_08129.jpg	0.028938	0.1896	0.5660	150.7	58.4	0.8291	854	356
nte_08130.jpg	0.091504	0.4871	0.6784	186.1	149.5	0.8999	854	356
nte_08130.jpg	0.025219	0.1919	0.5669	148.3	51.7	0.8511	854	356
nte_08131.jpg	0.091218	0.4883	0.6606	186.0	149.1	0.9155	854	356
nte_08131.jpg	0.027760	0.1919	0.5519	149.7	56.4	0.8540	854	356
nte_08132.jpg	0.090158	0.4887	0.6494	185.5	147.8	0.9243	854	356
nte_08132.jpg	0.025197	0.1924	0.5510	149.1	51.4	0.8379	854	356
nte_08132.jpg	0.193401	0.8883	0.5126	185.1	317.6	0.2625	854	356
nte_08133.jpg	0.090117	0.4895	0.6409	185.8	147.4	0.9048	854	356
nte_08133.jpg	0.024365	0.1942	0.5482	148.0	50.0	0.7822	854	356
nte_08134.jpg	0.089712	0.4895	0.6363	185.0	147.4	0.9048	854	356
nte_08134.jpg	0.025660	0.1933	0.5444	148.9	52.4	0.7588	854	356
nte_08135.jpg	0.090848	0.4902	0.6306	184.8	149.5	0.8989	854	356
nte_08135.jpg	0.025410	0.1926	0.5444	148.4	52.0	0.7856	854	356
nte_08136.jpg	0.090848	0.4902	0.6269	184.8	149.5	0.8989	854	356
nte_08136.jpg	0.024936	0.1928	0.5454	148.5	51.0	0.7925	854	356
nte_08137.jpg	0.090361	0.4898	0.6250	184.6	148.8	0.8936	854	356
nte_08137.jpg	0.024703	0.1928	0.5444	148.1	50.7	0.8301	854	356
nte_08138.jpg	0.090606	0.4902	0.6241	185.1	148.8	0.8955	854	356
nte_08138.jpg	0.024908	0.1927	0.5444	148.4	51.0	0.8364	854	356
nte_08139.jpg	0.092111	0.4898	0.6269	185.3	151.1	0.8926	854	356
nte_08139.jpg	0.024908	0.1927	0.5444	148.4	51.0	0.8374	854	356
nte_08139.jpg	0.190213	0.8859	0.5304	178.8	323.4	0.3665	854	356
nte_08140.jpg	0.092231	0.4906	0.6231	185.1	151.5	0.8945	854	356
nte_08140.jpg	0.024852	0.1929	0.5435	148.0	51.0	0.8286	854	356
nte_08140.jpg	0.186988	0.8852	0.5304	176.1	322.8	0.5488	854	356
nte_08141.jpg	0.091622	0.4906	0.6231	185.1	150.5	0.8955	854	356
nte_08141.jpg	0.025387	0.1929	0.5435	147.4	52.4	0.8208	854	356
nte_08141.jpg	0.182888	0.8828	0.5266	173.8	319.9	0.3394	854	356
nte_08142.jpg	0.210717	0.8891	0.4770	189.5	338.1	0.8101	854	356
nte_08164.jpg	0.010489	0.1562	0.5557	76.5	41.7	0.5952	854	356
nte_08164.jpg	0.002483	0.0177	0.5819	30.2	25.0	0.3479	854	356
nte_08164.jpg	0.141825	0.5020	0.4835	210.0	205.3	0.3262	854	356
nte_08165.jpg	0.089832	0.4895	0.6166	185.6	147.1	0.8970	854	356
nte_08165.jpg	0.024815	0.1926	0.5435	148.8	50.7	0.7192	854	356
nte_08166.jpg	0.089467	0.4898	0.6194	185.3	146.8	0.8911	854	356
nte_08166.jpg	0.025502	0.1927	0.5426	148.0	52.4	0.7905	854	356
nte_08167.jpg	0.090281	0.4902	0.6156	185.3	148.1	0.8901	854	356
nte_08167.jpg	0.025516	0.1926	0.5426	148.1	52.4	0.8125	854	356
nte_08168.jpg	0.089955	0.4906	0.6147	185.5	147.4	0.8945	854	356
nte_08168.jpg	0.026328	0.1927	0.5379	149.0	53.7	0.6909	854	356
nte_08169.jpg	0.089548	0.4898	0.6175	185.5	146.8	0.8950	854	356
nte_08169.jpg	0.025754	0.1931	0.5416	147.6	53.0	0.7710	854	356
nte_08170.jpg	0.090403	0.4902	0.6203	185.1	148.4	0.8979	854	356
nte_08170.jpg	0.024759	0.1926	0.5435	148.4	50.7	0.7915	854	356
nte_08171.jpg	0.078763	0.4750	0.5875	173.0	138.4	0.8853	854	356
nte_08171.jpg	0.021217	0.2061	0.5238	139.1	46.4	0.8184	854	356
nte_08172.jpg	0.073317	0.4734	0.6316	167.5	133.1	0.8657	854	356
nte_08172.jpg	0.021433	0.2045	0.5313	140.5	46.4	0.2839	854	356
nte_08173.jpg	0.072186	0.4758	0.6531	165.3	132.8	0.8862	854	356
nte_08173.jpg	0.025318	0.1746	0.5491	131.9	58.4	0.3210	854	356
nte_08174.jpg	0.072769	0.4809	0.6616	165.8	133.4	0.8862	854	356
nte_08174.jpg	0.000661	0.5398	0.5116	14.3	14.0	0.2983	854	356
nte_08174.jpg	0.001015	0.4266	0.5116	22.0	14.0	0.2590	854	356
nte_08175.jpg	0.070558	0.4883	0.6784	162.8	131.8	0.8594	854	356
nte_08175.jpg	0.026315	0.0488	0.5885	83.3	96.1	0.5298	854	356
nte_08175.jpg	0.000984	0.4309	0.5285	16.0	18.7	0.3313	854	356
nte_08176.jpg	0.069557	0.4918	0.6794	163.0	129.8	0.8701	854	356
nte_08176.jpg	0.000414	0.4867	0.4779	13.0	9.7	0.2666	854	356
nte_08177.jpg	0.070770	0.4957	0.6831	162.5	132.4	0.8677	854	356
nte_08178.jpg	0.072196	0.4977	0.6850	162.5	135.1	0.8647	854	356
nte_08179.jpg	0.080800	0.5113	0.6878	188.8	130.1	0.8794	854	356
nte_08179.jpg	0.000700	0.3781	0.4245	14.2	15.0	0.3108	854	356
nte_08180.jpg	0.099039	0.4879	0.6634	250.0	120.4	0.9033	854	356
nte_08181.jpg	0.098841	0.4883	0.6634	249.5	120.4	0.9028	854	356
nte_08182.jpg	0.098907	0.4895	0.6634	249.7	120.4	0.9038	854	356
nte_08183.jpg	0.099455	0.4906	0.6616	249.7	121.1	0.9043	854	356
nte_08184.jpg	0.099181	0.4910	0.6616	249.7	120.8	0.9121	854	356
nte_08185.jpg	0.098688	0.4906	0.6644	250.5	119.8	0.9028	854	356
nte_08185.jpg	0.004035	0.2408	0.5913	50.4	24.4	0.2649	854	356
nte_08186.jpg	0.097876	0.4910	0.6653	249.9	119.1	0.9023	854	356
nte_08187.jpg	0.097667	0.4910	0.6653	250.0	118.8	0.9033	854	356
nte_08188.jpg	0.097354	0.4922	0.6681	248.5	119.1	0.8979	854	356
nte_08189.jpg	0.093794	0.4750	0.6803	213.2	133.8	0.8877	854	356
nte_08189.jpg	0.003410	0.8063	0.4891	45.0	23.0	0.8047	854	356
nte_08190.jpg	0.075257	0.4746	0.6794	173.6	131.8	0.8994	854	356
nte_08190.jpg	0.001968	0.6480	0.5070	32.0	18.7	0.7275	854	356
nte_08191.jpg	0.073913	0.4746	0.6794	171.0	131.4	0.9126	854	356
nte_08191.jpg	0.001852	0.6371	0.5079	30.7	18.3	0.7427	854	356
nte_08192.jpg	0.073653	0.4750	0.6794	170.8	131.1	0.9126	854	356
nte_08192.jpg	0.001763	0.6301	0.5051	28.7	18.7	0.7695	854	356
nte_08193.jpg	0.073725	0.4750	0.6794	171.0	131.1	0.9106	854	356
nte_08193.jpg	0.001107	0.6227	0.4995	24.0	14.0	0.5278	854	356
nte_08193.jpg	0.002392	0.8062	0.4779	33.0	22.0	0.2554	854	356
nte_08194.jpg	0.074517	0.4738	0.6766	170.6	132.8	0.9111	854	356
nte_08194.jpg	0.001045	0.6180	0.4985	22.7	14.0	0.7100	854	356
nte_08195.jpg	0.073060	0.4785	0.6728	167.3	132.8	0.8970	854	356
nte_08195.jpg	0.000821	0.5875	0.5144	19.7	12.7	0.7109	854	356
nte_08196.jpg	0.074462	0.4844	0.6691	171.8	131.8	0.8979	854	356
nte_08197.jpg	0.073355	0.4879	0.6663	172.3	129.4	0.9053	854	356
nte_08198.jpg	0.074161	0.4871	0.6672	173.3	130.1	0.9033	854	356
nte_08199.jpg	0.072694	0.4883	0.6653	171.6	128.8	0.9028	854	356
nte_08200.jpg	0.073278	0.4887	0.6681	170.8	130.4	0.9038	854	356
nte_08201.jpg	0.072670	0.4887	0.6653	171.1	129.1	0.9028	854	356
nte_08202.jpg	0.072836	0.4883	0.6653	172.0	128.8	0.8999	854	356
nte_08203.jpg	0.072341	0.4891	0.6644	170.8	128.8	0.9014	854	356
nte_08204.jpg	0.072295	0.4891	0.6644	171.1	128.4	0.9004	854	356
nte_08205.jpg	0.072647	0.4883	0.6644	172.0	128.4	0.8994	854	356
nte_08206.jpg	0.072645	0.4891	0.6653	170.6	129.4	0.8979	854	356
nte_08207.jpg	0.071755	0.4898	0.6634	170.3	128.1	0.8984	854	356
nte_08208.jpg	0.072104	0.4902	0.6653	169.8	129.1	0.8989	854	356
nte_08209.jpg	0.071334	0.4902	0.6644	169.3	128.1	0.8950	854	356
nte_08210.jpg	0.072777	0.4898	0.6672	169.6	130.4	0.9009	854	356
nte_08211.jpg	0.071872	0.4895	0.6644	170.1	128.4	0.9023	854	356
nte_08212.jpg	0.071872	0.4895	0.6653	170.1	128.4	0.9028	854	356
nte_08213.jpg	0.071660	0.4898	0.6644	169.6	128.4	0.9019	854	356
nte_08214.jpg	0.071872	0.4898	0.6644	170.1	128.4	0.9043	854	356
nte_08215.jpg	0.071755	0.4898	0.6634	170.3	128.1	0.9043	854	356
nte_08216.jpg	0.071962	0.4898	0.6653	169.5	129.1	0.9004	854	356
nte_08217.jpg	0.071731	0.4902	0.6644	169.8	128.4	0.8965	854	356
nte_08218.jpg	0.071499	0.4906	0.6644	170.1	127.8	0.8979	854	356
nte_08219.jpg	0.071615	0.4895	0.6634	170.0	128.1	0.8989	854	356
nte_08220.jpg	0.071148	0.4898	0.6634	169.3	127.8	0.8989	854	356
nte_08221.jpg	0.072129	0.4895	0.6644	170.3	128.8	0.8989	854	356
nte_08222.jpg	0.072361	0.4895	0.6653	170.0	129.4	0.8901	854	356
nte_08223.jpg	0.072836	0.4883	0.6644	172.0	128.8	0.8896	854	356
nte_08224.jpg	0.072224	0.4891	0.6644	171.0	128.4	0.9097	854	356
nte_08225.jpg	0.072836	0.4883	0.6644	172.0	128.8	0.9028	854	356
nte_08226.jpg	0.072506	0.4883	0.6653	171.6	128.4	0.9028	854	356
nte_08227.jpg	0.072506	0.4887	0.6653	171.6	128.4	0.9019	854	356
nte_08228.jpg	0.072458	0.4883	0.6644	172.0	128.1	0.9048	854	356
nte_08229.jpg	0.072550	0.4887	0.6644	172.6	127.8	0.9082	854	356
nte_08230.jpg	0.074398	0.4887	0.6681	173.0	130.8	0.9067	854	356
nte_08231.jpg	0.072977	0.4891	0.6653	172.3	128.8	0.9077	854	356
nte_08232.jpg	0.072270	0.4891	0.6663	172.0	127.8	0.9087	854	356
nte_08233.jpg	0.072506	0.4891	0.6663	171.6	128.4	0.9092	854	356
nte_08234.jpg	0.072436	0.4891	0.6672	171.5	128.4	0.9106	854	356
nte_08235.jpg	0.073024	0.4887	0.6681	172.0	129.1	0.9116	854	356
nte_08236.jpg	0.106236	0.4785	0.6737	232.2	139.1	0.9028	854	356
nte_08236.jpg	0.030555	0.0777	0.6691	132.6	70.1	0.3066	854	356
nte_08237.jpg	0.109106	0.4996	0.6719	234.5	141.4	0.8296	854	356
nte_08238.jpg	0.095995	0.5152	0.6841	200.7	145.4	0.8989	854	356
nte_08238.jpg	0.003077	0.1983	0.4095	38.9	24.0	0.7593	854	356
nte_08238.jpg	0.001138	0.3281	0.3645	18.5	18.7	0.3787	854	356
nte_08238.jpg	0.008322	0.5980	0.5173	65.4	38.7	0.3386	854	356
nte_08239.jpg	0.073860	0.5238	0.6794	165.8	135.4	0.8608	854	356
nte_08239.jpg	0.002383	0.3059	0.4301	35.0	20.7	0.7666	854	356
nte_08239.jpg	0.012674	0.6543	0.5426	92.4	41.7	0.6514	854	356
nte_08240.jpg	0.064118	0.5063	0.6878	158.8	122.8	0.8862	854	356
nte_08240.jpg	0.002375	0.3893	0.4423	34.4	21.0	0.7124	854	356
nte_08241.jpg	0.065999	0.5070	0.6831	159.1	126.1	0.8735	854	356
nte_08241.jpg	0.003036	0.3797	0.4442	39.5	23.4	0.8242	854	356
nte_08242.jpg	0.064641	0.5063	0.6859	158.8	123.8	0.8823	854	356
nte_08242.jpg	0.004114	0.3668	0.4479	46.9	26.7	0.8071	854	356
nte_08243.jpg	0.062832	0.5059	0.6841	156.5	122.1	0.8789	854	356
nte_08243.jpg	0.005273	0.3490	0.4535	55.9	28.7	0.7998	854	356
nte_08244.jpg	0.059463	0.5039	0.6756	150.1	120.4	0.8589	854	356
nte_08244.jpg	0.006920	0.3287	0.4620	66.4	31.7	0.8213	854	356
nte_08245.jpg	0.055781	0.5043	0.6737	147.8	114.8	0.8696	854	356
nte_08245.jpg	0.010290	0.2979	0.4732	83.7	37.4	0.7920	854	356
nte_08246.jpg	0.052657	0.5047	0.6691	144.1	111.1	0.8726	854	356
nte_08246.jpg	0.018527	0.2459	0.4966	117.3	48.0	0.8579	854	356
nte_08247.jpg	0.042239	0.1624	0.5323	183.3	70.1	0.8838	854	356
nte_08247.jpg	0.050404	0.5039	0.6578	141.8	108.1	0.8652	854	356
nte_08248.jpg	0.047617	0.5004	0.6494	134.8	107.4	0.8486	854	356
nte_08248.jpg	0.045778	0.0876	0.5838	149.5	93.1	0.6689	854	356
nte_08249.jpg	0.047294	0.5004	0.6222	129.4	111.1	0.8301	854	356
nte_08249.jpg	0.008923	0.9805	0.8696	34.0	79.7	0.3386	854	356
nte_08250.jpg	0.044016	0.4984	0.6231	123.4	108.4	0.8296	854	356
nte_08250.jpg	0.005858	0.5242	0.4826	55.0	32.4	0.3242	854	356
nte_08251.jpg	0.043546	0.5020	0.6335	128.4	103.1	0.8394	854	356
nte_08251.jpg	0.000425	0.5117	0.4161	14.3	9.0	0.2505	854	356
nte_08252.jpg	0.039761	0.5043	0.6250	124.1	97.4	0.8530	854	356
nte_08252.jpg	0.000415	0.5133	0.4161	14.0	9.0	0.2820	854	356
nte_08253.jpg	0.040115	0.5043	0.6222	123.1	99.1	0.8457	854	356
nte_08254.jpg	0.044568	0.5008	0.6241	129.8	104.4	0.8560	854	356
nte_08254.jpg	0.000912	0.5383	0.3936	17.7	15.7	0.3313	854	356
nte_08255.jpg	0.042700	0.5008	0.6250	128.4	101.1	0.8584	854	356
nte_08256.jpg	0.039851	0.5004	0.6231	127.4	95.1	0.8740	854	356
nte_08256.jpg	0.000573	0.5039	0.4254	18.0	9.7	0.2712	854	356
nte_08257.jpg	0.041280	0.4996	0.6250	127.1	98.7	0.8584	854	356
nte_08257.jpg	0.000375	0.5227	0.4236	13.7	8.3	0.2651	854	356
nte_08257.jpg	0.000438	0.5047	0.4254	17.3	7.7	0.2512	854	356
nte_08258.jpg	0.044648	0.5000	0.6231	128.8	105.4	0.8618	854	356
nte_08259.jpg	0.043687	0.4984	0.6241	128.4	103.4	0.8760	854	356
nte_08260.jpg	0.043630	0.4992	0.6278	129.1	102.7	0.8623	854	356
nte_08261.jpg	0.041529	0.5008	0.6316	127.4	99.1	0.8564	854	356
nte_08262.jpg	0.042815	0.5020	0.6335	127.1	102.4	0.8530	854	356
nte_08263.jpg	0.043101	0.5008	0.6335	125.1	104.7	0.8740	854	356
nte_08264.jpg	0.043942	0.5012	0.6353	128.8	103.7	0.8408	854	356
nte_08265.jpg	0.041838	0.4977	0.6409	127.1	100.1	0.8750	854	356
nte_08265.jpg	0.000428	0.5375	0.4329	15.0	8.7	0.3948	854	356
nte_08266.jpg	0.047880	0.4977	0.6353	129.1	112.8	0.8740	854	356
nte_08266.jpg	0.000448	0.5398	0.4301	16.3	8.3	0.3596	854	356
nte_08267.jpg	0.048948	0.4996	0.6353	130.4	114.1	0.8711	854	356
nte_08267.jpg	0.000488	0.5422	0.4310	15.3	9.7	0.3262	854	356
nte_08268.jpg	0.046474	0.5004	0.6381	126.4	111.8	0.8413	854	356
nte_08268.jpg	0.004251	0.3082	0.4517	49.0	26.4	0.3083	854	356
nte_08268.jpg	0.000635	0.5594	0.4479	17.0	11.3	0.2805	854	356
nte_08269.jpg	0.047504	0.5000	0.6297	124.8	115.8	0.8145	854	356
nte_08270.jpg	0.045521	0.4996	0.6400	126.1	109.8	0.7896	854	356
nte_08271.jpg	0.050698	0.5027	0.6409	132.8	116.1	0.8315	854	356
nte_08271.jpg	0.002671	0.7441	0.4657	42.7	19.0	0.4805	854	356
nte_08272.jpg	0.048292	0.5020	0.6513	131.8	111.4	0.8413	854	356
nte_08273.jpg	0.053253	0.4996	0.6419	134.4	120.4	0.8696	854	356
nte_08273.jpg	0.000544	0.4660	0.4217	15.0	11.0	0.4856	854	356
nte_08274.jpg	0.052695	0.5004	0.6391	133.8	119.8	0.8628	854	356
nte_08274.jpg	0.000590	0.4406	0.4076	17.3	10.3	0.3457	854	356
nte_08275.jpg	0.049090	0.5039	0.6297	127.1	117.4	0.8345	854	356
nte_08276.jpg	0.043534	0.5035	0.6419	124.8	106.1	0.8613	854	356
nte_08277.jpg	0.045604	0.5047	0.6316	127.1	109.1	0.8501	854	356
nte_08277.jpg	0.000582	0.4410	0.3889	14.3	12.3	0.3240	854	356
nte_08278.jpg	0.045401	0.4973	0.6316	125.8	109.8	0.8232	854	356
nte_08278.jpg	0.000795	0.4516	0.3664	17.7	13.7	0.3062	854	356
nte_08279.jpg	0.044885	0.4961	0.6335	127.4	107.1	0.8589	854	356
nte_08279.jpg	0.001089	0.4512	0.3589	20.7	16.0	0.4973	854	356
nte_08280.jpg	0.045213	0.5012	0.6297	128.8	106.8	0.8789	854	356
nte_08280.jpg	0.001164	0.4453	0.3626	20.0	17.7	0.4807	854	356
nte_08280.jpg	0.001364	0.4656	0.3917	23.0	18.0	0.3535	854	356
nte_08281.jpg	0.041042	0.5004	0.6475	125.1	99.7	0.8521	854	356
nte_08281.jpg	0.001997	0.4328	0.3664	29.4	20.7	0.6128	854	356
nte_08281.jpg	0.000873	0.4152	0.3673	15.0	17.7	0.2556	854	356
nte_08282.jpg	0.050329	0.4988	0.6166	127.8	119.8	0.7568	854	356
nte_08282.jpg	0.002526	0.4219	0.3758	33.4	23.0	0.6675	854	356
nte_08283.jpg	0.045226	0.4996	0.6484	130.4	105.4	0.8677	854	356
nte_08283.jpg	0.004381	0.3955	0.3917	44.4	30.0	0.7524	854	356
nte_08283.jpg	0.000943	0.4250	0.3626	18.7	15.3	0.5005	854	356
nte_08284.jpg	0.045093	0.5004	0.6166	116.1	118.1	0.8711	854	356
nte_08284.jpg	0.010952	0.3484	0.4245	73.4	45.4	0.8403	854	356
nte_08284.jpg	0.002029	0.4016	0.3748	27.2	22.7	0.6543	854	356
nte_08285.jpg	0.064844	0.2063	0.5501	197.0	100.1	0.8804	854	356
nte_08285.jpg	0.044163	0.5008	0.6447	131.1	102.4	0.8330	854	356
nte_08285.jpg	0.006434	0.3592	0.4048	56.4	34.7	0.7969	854	356
nte_08286.jpg	0.020891	0.2973	0.4638	102.9	61.7	0.8755	854	356
nte_08286.jpg	0.039028	0.5012	0.6419	119.8	99.1	0.8672	854	356
nte_08286.jpg	0.062342	0.0727	0.7571	124.6	152.1	0.6982	854	356
nte_08287.jpg	0.047377	0.5027	0.6222	124.4	115.8	0.7944	854	356
nte_08287.jpg	0.120350	0.1313	0.6728	223.8	163.5	0.7148	854	356
nte_08287.jpg	0.000641	0.3996	0.3645	16.7	11.7	0.2979	854	356
nte_08288.jpg	0.044710	0.5000	0.6456	129.8	104.7	0.8794	854	356
nte_08288.jpg	0.001272	0.4020	0.3711	23.2	16.7	0.6577	854	356
nte_08289.jpg	0.043943	0.5000	0.6147	116.8	114.4	0.8252	854	356
nte_08289.jpg	0.002235	0.3926	0.3861	30.9	22.0	0.7305	854	356
nte_08290.jpg	0.041578	0.5016	0.6363	129.8	97.4	0.8042	854	356
nte_08290.jpg	0.004263	0.3678	0.4086	45.7	28.4	0.7817	854	356
nte_08291.jpg	0.013415	0.3072	0.4554	84.9	48.0	0.8638	854	356
nte_08291.jpg	0.038745	0.5008	0.6409	121.8	96.7	0.8350	854	356
nte_08292.jpg	0.104591	0.1321	0.6400	225.3	141.1	0.8857	854	356
nte_08292.jpg	0.040687	0.5031	0.6372	124.4	99.4	0.8516	854	356
nte_08293.jpg	0.042639	0.4992	0.6447	129.1	100.4	0.8691	854	356
nte_08294.jpg	0.037676	0.5016	0.6391	121.8	94.1	0.8599	854	356
nte_08295.jpg	0.044254	0.5023	0.6466	130.1	103.4	0.8486	854	356
nte_08295.jpg	0.000477	0.3924	0.3992	13.2	11.0	0.2771	854	356
nte_08296.jpg	0.036231	0.4980	0.6335	117.1	94.1	0.8618	854	356
nte_08297.jpg	0.044397	0.5008	0.6438	130.1	103.7	0.8555	854	356
nte_08298.jpg	0.035514	0.4992	0.6353	116.4	92.7	0.8662	854	356
nte_08298.jpg	0.000751	0.3881	0.4123	18.0	12.7	0.4380	854	356
nte_08299.jpg	0.043119	0.5051	0.6353	126.8	103.4	0.7886	854	356
nte_08299.jpg	0.001032	0.3783	0.4161	20.0	15.7	0.7427	854	356
nte_08300.jpg	0.036671	0.5020	0.6372	118.1	94.4	0.8833	854	356
nte_08300.jpg	0.001486	0.3945	0.4254	24.2	18.7	0.6836	854	356
nte_08301.jpg	0.049557	0.5035	0.6260	124.8	120.8	0.8213	854	356
nte_08301.jpg	0.003062	0.3855	0.4376	34.0	27.4	0.8071	854	356
nte_08302.jpg	0.038612	0.5004	0.6353	121.8	96.4	0.8745	854	356
nte_08302.jpg	0.008076	0.3549	0.4695	58.9	41.7	0.8447	854	356
nte_08303.jpg	0.048646	0.2648	0.5613	169.2	87.4	0.8940	854	356
nte_08303.jpg	0.046474	0.5027	0.6194	126.4	111.8	0.8267	854	356
nte_08304.jpg	0.041866	0.4988	0.6288	125.1	101.7	0.8623	854	356
nte_08305.jpg	0.043518	0.5016	0.6222	128.8	102.7	0.8516	854	356
nte_08306.jpg	0.041736	0.4980	0.6194	123.1	103.1	0.7905	854	356
nte_08307.jpg	0.042574	0.5016	0.6250	129.8	99.7	0.8491	854	356
nte_08308.jpg	0.041420	0.5000	0.6297	127.1	99.1	0.8452	854	356
nte_08309.jpg	0.040762	0.4996	0.6288	128.1	96.7	0.8320	854	356
nte_08309.jpg	0.001231	0.7289	0.4442	27.4	13.7	0.2876	854	356
nte_08310.jpg	0.039947	0.5000	0.6260	129.1	94.1	0.8101	854	356
nte_08311.jpg	0.046152	0.5027	0.6409	133.1	105.4	0.8184	854	356
nte_08312.jpg	0.042005	0.5016	0.6260	131.1	97.4	0.7900	854	356
nte_08313.jpg	0.042432	0.5012	0.6222	129.8	99.4	0.8267	854	356
nte_08314.jpg	0.043600	0.4996	0.6269	127.8	103.7	0.8013	854	356
nte_08315.jpg	0.040295	0.4988	0.6250	125.8	97.4	0.8140	854	356
nte_08316.jpg	0.039051	0.4945	0.6175	119.4	99.4	0.8477	854	356
nte_08317.jpg	0.037034	0.4945	0.6203	118.4	95.1	0.8535	854	356
nte_08317.jpg	0.000720	0.4750	0.4151	16.0	13.7	0.4385	854	356
nte_08318.jpg	0.039987	0.4941	0.6110	119.1	102.1	0.8613	854	356
nte_08318.jpg	0.001001	0.4625	0.4142	19.0	16.0	0.3320	854	356
nte_08319.jpg	0.038824	0.4957	0.6269	120.8	97.7	0.8223	854	356
nte_08319.jpg	0.001570	0.4469	0.4217	22.4	21.4	0.4761	854	356
nte_08320.jpg	0.004528	0.4133	0.4470	44.4	31.0	0.8193	854	356
nte_08320.jpg	0.042035	0.4992	0.6269	126.4	101.1	0.8110	854	356
nte_08321.jpg	0.041432	0.5004	0.6213	128.4	98.1	0.8525	854	356
nte_08321.jpg	0.019253	0.3322	0.5032	98.6	59.4	0.8413	854	356
nte_08322.jpg	0.043930	0.5000	0.6241	127.1	105.1	0.8330	854	356
nte_08323.jpg	0.040141	0.4969	0.6278	122.8	99.4	0.8403	854	356
nte_08324.jpg	0.043256	0.4969	0.6166	122.4	107.4	0.8237	854	356
nte_08325.jpg	0.044868	0.4965	0.6063	122.4	111.4	0.7837	854	356
nte_08326.jpg	0.045100	0.4969	0.6138	123.4	111.1	0.8774	854	356
nte_08327.jpg	0.048416	0.5016	0.6156	126.4	116.4	0.8867	854	356
nte_08328.jpg	0.044201	0.5000	0.6110	116.1	115.8	0.8750	854	356
nte_08329.jpg	0.045723	0.5008	0.6335	127.4	109.1	0.8188	854	356
nte_08330.jpg	0.046472	0.4988	0.6110	122.8	115.1	0.8638	854	356
nte_08330.jpg	0.001041	0.4543	0.3448	26.4	12.0	0.3142	854	356
nte_08331.jpg	0.041017	0.5023	0.6428	121.8	102.4	0.8892	854	356
nte_08332.jpg	0.049534	0.5027	0.6128	126.1	119.4	0.8574	854	356
nte_08332.jpg	0.001406	0.4340	0.3580	32.0	13.3	0.3533	854	356
nte_08333.jpg	0.042559	0.5016	0.6372	128.4	100.7	0.8594	854	356
nte_08333.jpg	0.001384	0.4711	0.3795	28.0	15.0	0.3086	854	356
nte_08333.jpg	0.000715	0.4430	0.3692	21.0	10.3	0.2529	854	356
nte_08334.jpg	0.044465	0.5023	0.6241	127.4	106.1	0.8721	854	356
nte_08335.jpg	0.042003	0.4996	0.6166	125.1	102.1	0.8857	854	356
nte_08335.jpg	0.001564	0.5598	0.4067	29.7	16.0	0.3047	854	356
nte_08336.jpg	0.042958	0.4980	0.6100	120.1	108.8	0.8716	854	356
nte_08336.jpg	0.001400	0.5840	0.4086	28.4	15.0	0.2964	854	356
nte_08337.jpg	0.042308	0.5000	0.6213	128.1	100.4	0.7891	854	356
nte_08338.jpg	0.042039	0.5000	0.6213	129.4	98.7	0.8018	854	356
nte_08339.jpg	0.041931	0.5012	0.6250	129.1	98.7	0.8345	854	356
nte_08340.jpg	0.042076	0.4969	0.6119	124.1	103.1	0.8516	854	356
nte_08341.jpg	0.040248	0.4957	0.6100	119.1	102.7	0.8726	854	356
nte_08342.jpg	0.042563	0.4957	0.6063	120.1	107.8	0.6943	854	356
nte_08342.jpg	0.001202	0.6027	0.3767	24.4	15.0	0.4573	854	356
nte_08343.jpg	0.041855	0.4996	0.6222	121.1	105.1	0.5562	854	356
nte_08343.jpg	0.001475	0.6121	0.3776	26.4	17.0	0.3577	854	356
nte_08344.jpg	0.058766	0.5004	0.5725	128.4	139.1	0.7095	854	356
nte_08344.jpg	0.001899	0.6184	0.3645	30.4	19.0	0.3459	854	356
nte_08345.jpg	0.046223	0.5012	0.6100	128.4	109.4	0.8340	854	356
nte_08346.jpg	0.042438	0.5000	0.6072	114.1	113.1	0.8174	854	356
nte_08346.jpg	0.000539	0.5707	0.3008	15.3	10.7	0.5483	854	356
nte_08346.jpg	0.003012	0.6773	0.3336	40.4	22.7	0.5225	854	356
nte_08347.jpg	0.044074	0.4957	0.6110	115.8	115.8	0.8276	854	356
nte_08347.jpg	0.000679	0.5730	0.2999	19.3	10.7	0.3503	854	356
nte_08348.jpg	0.044436	0.4941	0.6063	118.8	113.8	0.8892	854	356
nte_08348.jpg	0.000820	0.7832	0.3308	18.7	13.3	0.3149	854	356
nte_08348.jpg	0.000756	0.5730	0.2970	19.7	11.7	0.2649	854	356
nte_08349.jpg	0.046736	0.4980	0.5988	126.8	112.1	0.8315	854	356
nte_08350.jpg	0.044671	0.4984	0.6025	120.1	113.1	0.8745	854	356
nte_08350.jpg	0.000430	0.6055	0.3017	14.0	9.3	0.4246	854	356
nte_08350.jpg	0.009634	0.8359	0.3608	78.4	37.4	0.2949	854	356
nte_08350.jpg	0.002866	0.5230	0.2933	48.4	18.0	0.2603	854	356
nte_08351.jpg	0.044810	0.4953	0.6128	119.8	113.8	0.7612	854	356
nte_08351.jpg	0.000640	0.5801	0.3055	17.7	11.0	0.3125	854	356
nte_08352.jpg	0.040941	0.4973	0.6053	113.8	109.4	0.8403	854	356
nte_08352.jpg	0.000758	0.5535	0.3158	18.7	12.3	0.3164	854	356
nte_08353.jpg	0.041788	0.4984	0.6035	115.8	109.8	0.8320	854	356
nte_08353.jpg	0.000590	0.5469	0.3327	17.3	10.3	0.3076	854	356
nte_08354.jpg	0.043947	0.4969	0.6053	115.1	116.1	0.7305	854	356
nte_08355.jpg	0.043046	0.5016	0.6044	112.1	116.8	0.8677	854	356
nte_08355.jpg	0.004654	0.2158	0.3280	61.5	23.0	0.7480	854	356
nte_08355.jpg	0.007388	0.0894	0.3430	77.4	29.0	0.4666	854	356
nte_08355.jpg	0.002003	0.4551	0.3186	32.0	19.0	0.3186	854	356
nte_08355.jpg	0.001094	0.4844	0.2989	20.3	16.3	0.2988	854	356
nte_08356.jpg	0.047029	0.4980	0.6147	126.4	113.1	0.8247	854	356
nte_08356.jpg	0.005813	0.4301	0.3430	58.2	30.4	0.7710	854	356
nte_08356.jpg	0.001808	0.4785	0.3045	25.4	21.7	0.5830	854	356
nte_08357.jpg	0.048683	0.4996	0.6082	126.8	116.8	0.7998	854	356
nte_08357.jpg	0.002917	0.4605	0.3167	32.0	27.7	0.7573	854	356
nte_08357.jpg	0.012377	0.3721	0.3795	97.2	38.7	0.7329	854	356
nte_08358.jpg	0.049769	0.4996	0.6072	127.8	118.4	0.8691	854	356
nte_08358.jpg	0.006201	0.4301	0.3402	46.7	40.4	0.7749	854	356
nte_08358.jpg	0.000988	0.4668	0.3355	18.0	16.7	0.3823	854	356
nte_08358.jpg	0.000732	0.5297	0.3392	16.7	13.3	0.3428	854	356
nte_08358.jpg	0.000742	0.5082	0.3392	17.3	13.0	0.2688	854	356
nte_08359.jpg	0.017463	0.3648	0.3870	85.6	62.0	0.8843	854	356
nte_08359.jpg	0.047277	0.4992	0.6007	127.1	113.1	0.8281	854	356
nte_08359.jpg	0.002665	0.4348	0.3551	34.7	23.4	0.5015	854	356
nte_08359.jpg	0.000784	0.5215	0.3561	17.0	14.0	0.3638	854	356
nte_08359.jpg	0.000750	0.5223	0.3420	16.7	13.7	0.3486	854	356
nte_08360.jpg	0.129819	0.1507	0.5501	255.5	154.5	0.9082	854	356
nte_08360.jpg	0.006963	0.3641	0.3908	62.2	34.0	0.8315	854	356
nte_08360.jpg	0.044161	0.4953	0.6110	119.4	112.4	0.8154	854	356
nte_08360.jpg	0.000815	0.4859	0.3589	17.7	14.0	0.5859	854	356
nte_08361.jpg	0.045570	0.2303	0.5266	167.5	82.7	0.8774	854	356
nte_08361.jpg	0.047024	0.4973	0.6063	122.1	117.1	0.8389	854	356
nte_08361.jpg	0.003662	0.3811	0.4189	41.2	27.0	0.7832	854	356
nte_08361.jpg	0.000586	0.4785	0.3936	16.7	10.7	0.4075	854	356
nte_08361.jpg	0.000805	0.4785	0.3776	16.7	14.7	0.3115	854	356
nte_08362.jpg	0.009824	0.3316	0.4601	71.1	42.0	0.8574	854	356
nte_08362.jpg	0.041553	0.4992	0.6185	114.8	110.1	0.8340	854	356
nte_08362.jpg	0.002114	0.4043	0.4142	29.2	22.0	0.7832	854	356
nte_08362.jpg	0.000934	0.4805	0.3786	19.3	14.7	0.5239	854	356
nte_08362.jpg	0.000433	0.4918	0.3261	12.3	10.7	0.2825	854	356
nte_08363.jpg	0.076429	0.1276	0.5875	217.7	106.8	0.8916	854	356
nte_08363.jpg	0.039849	0.4969	0.6156	126.1	96.1	0.8760	854	356
nte_08363.jpg	0.004938	0.3633	0.4339	47.4	31.7	0.8062	854	356
nte_08363.jpg	0.001730	0.4727	0.3945	25.0	21.0	0.6714	854	356
nte_08363.jpg	0.001701	0.4145	0.4076	28.2	18.3	0.5166	854	356
nte_08364.jpg	0.014091	0.2758	0.4798	93.7	45.7	0.8252	854	356
nte_08364.jpg	0.042365	0.4992	0.6156	125.8	102.4	0.8110	854	356
nte_08364.jpg	0.003086	0.3793	0.4254	41.4	22.7	0.7773	854	356
nte_08364.jpg	0.000718	0.4789	0.3270	17.7	12.3	0.5723	854	356
nte_08364.jpg	0.002791	0.4570	0.4057	31.0	27.4	0.3508	854	356
nte_08365.jpg	0.008769	0.2973	0.4554	75.4	35.4	0.7720	854	356
nte_08365.jpg	0.042528	0.5023	0.6035	125.4	103.1	0.7178	854	356
nte_08365.jpg	0.003172	0.4293	0.3926	35.7	27.0	0.5562	854	356
nte_08366.jpg	0.044948	0.4988	0.5988	126.4	108.1	0.6938	854	356
nte_08366.jpg	0.065884	0.1166	0.5285	198.8	100.7	0.6929	854	356
nte_08366.jpg	0.006824	0.3918	0.3992	52.7	39.4	0.4749	854	356
nte_08367.jpg	0.039153	0.5000	0.6175	124.8	95.4	0.8418	854	356
nte_08368.jpg	0.044928	0.5016	0.6007	126.8	107.8	0.8594	854	356
nte_08368.jpg	0.004566	0.3766	0.3364	51.4	27.0	0.7661	854	356
nte_08369.jpg	0.014437	0.3205	0.3786	96.7	45.4	0.8726	854	356
nte_08369.jpg	0.050213	0.5039	0.6091	120.4	126.8	0.8296	854	356
nte_08370.jpg	0.050093	0.4973	0.6053	125.8	121.1	0.8335	854	356
nte_08370.jpg	0.120683	0.1225	0.5960	209.5	175.1	0.6699	854	356
nte_08370.jpg	0.001094	0.6129	0.2952	20.3	16.3	0.4768	854	356
nte_08370.jpg	0.005355	0.9664	0.3177	51.4	31.7	0.4756	854	356
nte_08371.jpg	0.046068	0.5008	0.6138	122.8	114.1	0.7271	854	356
nte_08372.jpg	0.003294	0.4551	0.3139	41.7	24.0	0.7817	854	356
nte_08372.jpg	0.045737	0.5012	0.6025	116.8	119.1	0.7368	854	356
nte_08372.jpg	0.000510	0.5410	0.2830	13.7	11.3	0.3079	854	356
nte_08373.jpg	0.007248	0.4000	0.3561	66.7	33.0	0.8643	854	356
nte_08373.jpg	0.040325	0.5020	0.6325	122.1	100.4	0.6416	854	356
nte_08373.jpg	0.000835	0.5063	0.3298	19.0	13.3	0.4888	854	356
nte_08374.jpg	0.024964	0.2953	0.4292	129.3	58.7	0.8296	854	356
nte_08374.jpg	0.044942	0.5012	0.6072	119.8	114.1	0.7764	854	356
nte_08374.jpg	0.001381	0.4801	0.3430	24.7	17.0	0.5176	854	356
nte_08374.jpg	0.001070	0.1858	0.3327	27.9	11.7	0.3042	854	356
nte_08375.jpg	0.045604	0.4992	0.6072	127.1	109.1	0.7998	854	356
nte_08375.jpg	0.093011	0.1029	0.6513	175.1	161.5	0.6660	854	356
nte_08375.jpg	0.001482	0.4395	0.3523	29.4	15.3	0.2874	854	356
nte_08376.jpg	0.041014	0.4996	0.6156	125.4	99.4	0.7964	854	356
nte_08376.jpg	0.000983	0.4957	0.3139	26.4	11.3	0.2922	854	356
nte_08377.jpg	0.039005	0.4992	0.6156	123.4	96.1	0.8379	854	356
nte_08378.jpg	0.045723	0.5004	0.6072	127.4	109.1	0.8682	854	356
nte_08378.jpg	0.002460	0.3627	0.3898	37.4	20.0	0.3923	854	356
nte_08379.jpg	0.006383	0.2914	0.4039	61.9	31.4	0.8281	854	356
nte_08379.jpg	0.034802	0.4969	0.6269	114.1	92.7	0.8125	854	356
nte_08379.jpg	0.003942	0.6688	0.3692	40.4	29.7	0.4631	854	356
nte_08379.jpg	0.003382	0.3500	0.3870	44.0	23.4	0.4082	854	356
nte_08379.jpg	0.001970	0.4668	0.3055	39.0	15.3	0.3149	854	356
nte_08380.jpg	0.024080	0.1084	0.4592	138.0	53.0	0.8530	854	356
nte_08380.jpg	0.045100	0.4992	0.5997	123.4	111.1	0.8418	854	356
nte_08380.jpg	0.008317	0.2592	0.4132	76.6	33.0	0.8237	854	356
nte_08380.jpg	0.002223	0.4441	0.2961	44.0	15.3	0.5991	854	356
nte_08380.jpg	0.010736	0.6906	0.3608	70.4	46.4	0.5615	854	356
nte_08381.jpg	0.042492	0.4949	0.6082	118.4	109.1	0.8438	854	356
nte_08381.jpg	0.029925	0.0954	0.4517	166.3	54.7	0.7939	854	356
nte_08382.jpg	0.047050	0.4988	0.6147	128.8	111.1	0.8379	854	356
nte_08383.jpg	0.043964	0.5004	0.6063	124.4	107.4	0.8428	854	356
nte_08384.jpg	0.042469	0.5008	0.6007	122.1	105.7	0.8652	854	356
nte_08385.jpg	0.048335	0.4988	0.6063	131.1	112.1	0.7456	854	356
nte_08385.jpg	0.000652	0.5379	0.2896	18.0	11.0	0.4131	854	356
nte_08386.jpg	0.044371	0.4988	0.6053	126.8	106.4	0.8027	854	356
nte_08387.jpg	0.045106	0.4992	0.5988	126.1	108.8	0.7754	854	356
nte_08387.jpg	0.000871	0.5008	0.2896	20.3	13.0	0.5840	854	356
nte_08388.jpg	0.049219	0.4996	0.6072	127.4	117.4	0.7290	854	356
nte_08388.jpg	0.001061	0.5035	0.2914	23.0	14.0	0.5181	854	356
nte_08389.jpg	0.050507	0.5000	0.6128	125.8	122.1	0.8037	854	356
nte_08389.jpg	0.001196	0.5070	0.2914	25.4	14.3	0.3325	854	356
nte_08390.jpg	0.046831	0.5000	0.6100	124.4	114.4	0.7671	854	356
nte_08390.jpg	0.001263	0.5113	0.2924	25.0	15.3	0.5923	854	356
nte_08390.jpg	0.000514	0.4867	0.2849	17.3	9.0	0.3013	854	356
nte_08391.jpg	0.046875	0.4980	0.5997	126.8	112.4	0.8311	854	356
nte_08391.jpg	0.001464	0.5145	0.2924	26.7	16.7	0.5537	854	356
nte_08391.jpg	0.000682	0.4070	0.2849	18.8	11.0	0.5420	854	356
nte_08392.jpg	0.046421	0.5008	0.5997	124.4	113.4	0.8208	854	356
nte_08392.jpg	0.001637	0.5168	0.2924	28.7	17.3	0.6504	854	356
nte_08393.jpg	0.002292	0.5172	0.2961	33.7	20.7	0.7075	854	356
nte_08393.jpg	0.050081	0.5027	0.5875	126.4	120.4	0.5020	854	356
nte_08394.jpg	0.002913	0.5133	0.3017	36.4	24.4	0.7705	854	356
nte_08394.jpg	0.048822	0.5023	0.5997	130.1	114.1	0.6616	854	356
nte_08395.jpg	0.053487	0.4996	0.6147	132.1	123.1	0.6401	854	356
nte_08395.jpg	0.003310	0.5004	0.3120	39.7	25.4	0.6372	854	356
nte_08396.jpg	0.005001	0.4801	0.3317	46.0	33.0	0.7896	854	356
nte_08396.jpg	0.049520	0.5004	0.5960	130.4	115.4	0.6592	854	356
nte_08397.jpg	0.008246	0.4563	0.3505	58.7	42.7	0.8018	854	356
nte_08397.jpg	0.047525	0.5023	0.6063	127.8	113.1	0.7710	854	356
nte_08398.jpg	0.049323	0.5004	0.5997	131.4	114.1	0.8359	854	356
nte_08398.jpg	0.019668	0.4082	0.4029	88.7	67.4	0.7354	854	356
nte_08399.jpg	0.048212	0.4992	0.6007	128.1	114.4	0.8618	854	356
nte_08399.jpg	0.063285	0.3047	0.4760	170.1	113.1	0.8169	854	356
nte_08400.jpg	0.048101	0.4996	0.5978	127.4	114.8	0.8252	854	356
nte_08400.jpg	0.111033	0.1124	0.7459	191.6	176.1	0.6416	854	356
nte_08400.jpg	0.001116	0.5121	0.3045	20.3	16.7	0.4341	854	356
nte_08400.jpg	0.000807	0.6406	0.3045	16.3	15.0	0.4031	854	356
nte_08400.jpg	0.000834	0.6621	0.3055	17.7	14.3	0.2852	854	356
nte_08401.jpg	0.047633	0.5000	0.5978	128.4	112.8	0.7485	854	356
nte_08401.jpg	0.001722	0.5016	0.3130	28.0	18.7	0.7285	854	356
nte_08401.jpg	0.000613	0.5422	0.3102	18.0	10.3	0.3333	854	356
nte_08402.jpg	0.002817	0.4816	0.3139	34.7	24.7	0.8159	854	356
nte_08402.jpg	0.066460	0.4992	0.6625	131.1	154.1	0.7046	854	356
nte_08402.jpg	0.000747	0.5379	0.3074	20.0	11.3	0.6235	854	356
nte_08402.jpg	0.000527	0.5094	0.3045	16.0	10.0	0.3875	854	356
nte_08403.jpg	0.005184	0.4504	0.3280	48.7	32.4	0.8398	854	356
nte_08403.jpg	0.047759	0.5008	0.5969	131.1	110.8	0.6704	854	356
nte_08403.jpg	0.001192	0.5297	0.3130	24.7	14.7	0.6040	854	356
nte_08403.jpg	0.001299	0.7418	0.3177	23.7	16.7	0.3147	854	356
nte_08404.jpg	0.019662	0.3146	0.3861	103.6	57.7	0.8701	854	356
nte_08404.jpg	0.047747	0.5031	0.5969	125.8	115.4	0.8320	854	356
nte_08404.jpg	0.002196	0.4770	0.3270	33.4	20.0	0.6841	854	356
nte_08404.jpg	0.008381	0.8555	0.3776	70.7	36.0	0.5405	854	356
nte_08404.jpg	0.003049	0.7809	0.3411	39.7	23.4	0.3074	854	356
nte_08405.jpg	0.004062	0.4367	0.3523	48.7	25.4	0.7969	854	356
nte_08405.jpg	0.048128	0.5012	0.5969	129.8	112.8	0.7485	854	356
nte_08405.jpg	0.050158	0.0752	0.5013	128.8	118.4	0.5444	854	356
nte_08405.jpg	0.000787	0.6848	0.3120	16.7	14.3	0.4089	854	356
nte_08405.jpg	0.000700	0.6676	0.3083	16.3	13.0	0.2627	854	356
nte_08406.jpg	0.015233	0.3227	0.4020	96.4	48.0	0.8452	854	356
nte_08406.jpg	0.046982	0.5000	0.6007	127.4	112.1	0.7808	854	356
nte_08406.jpg	0.001160	0.6945	0.3120	24.0	14.7	0.4775	854	356
nte_08407.jpg	0.044979	0.5000	0.6053	128.1	106.7	0.7993	854	356
nte_08407.jpg	0.001927	0.7766	0.3373	37.4	15.7	0.5547	854	356
nte_08408.jpg	0.041970	0.5020	0.6203	130.1	98.1	0.8228	854	356
nte_08409.jpg	0.044062	0.4996	0.6091	125.1	107.1	0.6895	854	356
nte_08409.jpg	0.001700	0.4305	0.3373	36.0	14.3	0.3240	854	356
nte_08410.jpg	0.047210	0.5023	0.6091	128.4	111.8	0.7598	854	356
nte_08411.jpg	0.045936	0.5004	0.6044	126.1	110.8	0.7661	854	356
nte_08411.jpg	0.000647	0.4836	0.3317	19.0	10.3	0.3726	854	356
nte_08412.jpg	0.042992	0.4949	0.6063	119.1	109.8	0.8047	854	356
nte_08412.jpg	0.000701	0.4785	0.3355	19.3	11.0	0.2725	854	356
nte_08413.jpg	0.037794	0.4938	0.6166	116.8	98.4	0.8232	854	356
nte_08414.jpg	0.040657	0.4953	0.6091	118.8	104.1	0.8442	854	356
nte_08414.jpg	0.000960	0.4691	0.3317	23.0	12.7	0.5171	854	356
nte_08415.jpg	0.038634	0.4969	0.6091	117.8	99.7	0.8442	854	356
nte_08415.jpg	0.001252	0.4602	0.3205	25.4	15.0	0.3416	854	356
nte_08415.jpg	0.000409	0.6074	0.3514	12.0	10.3	0.2605	854	356
nte_08416.jpg	0.040153	0.4957	0.6025	118.4	103.1	0.8301	854	356
nte_08416.jpg	0.001578	0.4551	0.3083	29.4	16.3	0.5684	854	356
nte_08416.jpg	0.000700	0.6547	0.3270	16.3	13.0	0.2854	854	356
nte_08417.jpg	0.039203	0.4938	0.6044	116.8	102.1	0.8262	854	356
nte_08417.jpg	0.001882	0.4641	0.2933	32.4	17.7	0.5098	854	356
nte_08418.jpg	0.045475	0.4938	0.6053	119.1	116.1	0.7397	854	356
nte_08419.jpg	0.048612	0.4945	0.6025	119.1	124.1	0.4883	854	356
nte_08419.jpg	0.009165	0.0332	0.2544	56.6	49.2	0.2644	854	356
nte_08420.jpg	0.047040	0.4957	0.5997	118.4	120.8	0.6665	854	356
nte_08420.jpg	0.002553	0.0799	0.2586	38.8	20.0	0.3738	854	356
nte_08421.jpg	0.045224	0.4953	0.5950	117.8	116.8	0.7959	854	356
nte_08422.jpg	0.049705	0.4996	0.5922	123.1	122.8	0.8169	854	356
nte_08423.jpg	0.045435	0.4996	0.6194	125.1	110.4	0.7896	854	356
nte_08424.jpg	0.049284	0.4988	0.6231	124.8	120.1	0.8472	854	356
nte_08425.jpg	0.045073	0.4961	0.6250	119.8	114.4	0.8306	854	356
nte_08426.jpg	0.038583	0.4961	0.6110	122.1	96.1	0.8628	854	356
nte_08427.jpg	0.039705	0.4965	0.6147	121.4	99.4	0.7725	854	356
nte_08428.jpg	0.036096	0.4961	0.6185	118.8	92.4	0.8516	854	356
nte_08428.jpg	0.000698	0.5023	0.4189	17.7	12.0	0.5820	854	356
nte_08429.jpg	0.038772	0.4973	0.6156	121.4	97.1	0.8398	854	356
nte_08429.jpg	0.001403	0.4762	0.4329	23.7	18.0	0.5542	854	356
nte_08430.jpg	0.034986	0.4953	0.6119	118.1	90.1	0.8784	854	356
nte_08430.jpg	0.002779	0.4422	0.4573	34.7	24.4	0.6958	854	356
nte_08431.jpg	0.037706	0.4973	0.6231	121.4	94.4	0.8672	854	356
nte_08431.jpg	0.014376	0.3756	0.5107	89.7	48.7	0.8418	854	356
nte_08432.jpg	0.038264	0.5000	0.6091	119.4	97.4	0.8501	854	356
nte_08432.jpg	0.003651	0.5254	0.4985	44.4	25.0	0.3914	854	356
nte_08433.jpg	0.038603	0.4992	0.6175	126.1	93.1	0.8809	854	356
nte_08433.jpg	0.004022	0.5238	0.4957	44.7	27.4	0.4250	854	356
nte_08434.jpg	0.038195	0.4992	0.6138	124.8	93.1	0.8579	854	356
nte_08435.jpg	0.038296	0.4992	0.6138	123.8	94.1	0.8462	854	356
nte_08435.jpg	0.000821	0.5066	0.4067	19.7	12.7	0.3818	854	356
nte_08436.jpg	0.036714	0.4973	0.6128	113.4	98.4	0.8374	854	356
nte_08436.jpg	0.000668	0.4805	0.4048	16.0	12.7	0.3413	854	356
nte_08436.jpg	0.001368	0.5055	0.4076	29.7	14.0	0.3110	854	356
nte_08437.jpg	0.038634	0.4988	0.6213	119.8	98.1	0.8232	854	356
nte_08437.jpg	0.022617	0.3486	0.5088	107.9	63.7	0.4270	854	356
nte_08437.jpg	0.001111	0.4695	0.4151	23.0	14.7	0.3442	854	356
nte_08437.jpg	0.001162	0.5000	0.4161	23.0	15.3	0.2756	854	356
nte_08438.jpg	0.042276	0.5039	0.6119	123.1	104.4	0.7915	854	356
nte_08438.jpg	0.001671	0.4535	0.4292	27.7	18.3	0.5767	854	356
nte_08438.jpg	0.000668	0.4762	0.4264	16.0	12.7	0.4285	854	356
nte_08438.jpg	0.001953	0.5027	0.4292	32.4	18.3	0.3022	854	356
nte_08439.jpg	0.005674	0.4160	0.4695	51.7	33.4	0.8330	854	356
nte_08439.jpg	0.040868	0.5027	0.6110	119.8	103.7	0.7983	854	356
nte_08439.jpg	0.000640	0.5086	0.4245	17.7	11.0	0.3875	854	356
nte_08439.jpg	0.002690	0.4648	0.4732	32.7	25.0	0.3406	854	356
nte_08439.jpg	0.000414	0.4852	0.4264	13.0	9.7	0.3232	854	356
nte_08439.jpg	0.001051	0.4691	0.4517	23.4	13.7	0.2566	854	356
nte_08440.jpg	0.036760	0.5004	0.6072	108.4	103.1	0.8608	854	356
nte_08440.jpg	0.066130	0.2395	0.5763	205.0	98.1	0.8394	854	356
nte_08440.jpg	0.002237	0.4523	0.4545	31.4	21.7	0.4883	854	356
nte_08440.jpg	0.000737	0.4738	0.4292	17.7	12.7	0.3313	854	356
nte_08441.jpg	0.045125	0.4984	0.6175	125.8	109.1	0.8545	854	356
nte_08441.jpg	0.007303	0.4117	0.4826	57.9	38.4	0.7935	854	356
nte_08441.jpg	0.001804	0.4598	0.4432	25.7	21.3	0.4038	854	356
nte_08441.jpg	0.001433	0.5031	0.4198	29.7	14.7	0.3198	854	356
nte_08442.jpg	0.063271	0.2629	0.5791	198.2	97.1	0.8877	854	356
nte_08442.jpg	0.039629	0.4938	0.6128	115.8	104.1	0.8276	854	356
nte_08442.jpg	0.003558	0.4285	0.4535	36.0	30.0	0.7319	854	356
nte_08442.jpg	0.004054	0.5055	0.4432	52.0	23.7	0.2852	854	356
nte_08443.jpg	0.029071	0.3215	0.5182	120.4	73.4	0.8647	854	356
nte_08443.jpg	0.044879	0.5012	0.6372	129.4	105.4	0.8413	854	356
nte_08443.jpg	0.004733	0.3965	0.4910	38.9	37.0	0.5962	854	356
nte_08443.jpg	0.003283	0.5031	0.4779	65.1	15.3	0.2957	854	356
nte_08444.jpg	0.043629	0.4992	0.6335	125.4	105.7	0.8286	854	356
nte_08445.jpg	0.042590	0.4988	0.6185	126.4	102.4	0.8628	854	356
nte_08446.jpg	0.040326	0.4980	0.6269	125.4	97.7	0.8296	854	356
nte_08447.jpg	0.040925	0.4984	0.6316	126.4	98.4	0.8560	854	356
nte_08448.jpg	0.041364	0.4996	0.6278	129.1	97.4	0.8706	854	356
nte_08448.jpg	0.007062	0.7332	0.4517	70.7	30.4	0.2747	854	356
nte_08449.jpg	0.040433	0.4980	0.6213	125.8	97.7	0.8706	854	356
nte_08450.jpg	0.039886	0.4996	0.6297	127.1	95.4	0.8911	854	356
nte_08451.jpg	0.040376	0.4996	0.6250	127.8	96.1	0.8975	854	356
nte_08451.jpg	0.001070	0.2939	0.4901	26.4	12.3	0.4001	854	356
nte_08451.jpg	0.000756	0.4590	0.4929	16.0	14.3	0.2937	854	356
nte_08451.jpg	0.001274	0.3934	0.4854	24.2	16.0	0.2676	854	356
nte_08451.jpg	0.002099	0.2479	0.4901	39.0	16.3	0.2576	854	356
nte_08452.jpg	0.042137	0.5000	0.6250	128.4	99.7	0.8906	854	356
nte_08452.jpg	0.001485	0.3676	0.4863	28.2	16.0	0.3599	854	356
nte_08453.jpg	0.040481	0.4996	0.6269	128.1	96.1	0.8872	854	356
nte_08453.jpg	0.001078	0.4625	0.4966	21.3	15.3	0.3677	854	356
nte_08454.jpg	0.039497	0.4988	0.6306	128.1	93.7	0.8965	854	356
nte_08455.jpg	0.041009	0.4992	0.6260	128.4	97.1	0.9058	854	356
nte_08455.jpg	0.001067	0.7133	0.5229	27.0	12.0	0.3674	854	356
nte_08455.jpg	0.000976	0.7383	0.5219	20.7	14.3	0.2515	854	356
nte_08456.jpg	0.040727	0.4992	0.6241	128.4	96.4	0.9058	854	356
nte_08456.jpg	0.000500	0.4672	0.4610	13.0	11.7	0.4556	854	356
nte_08457.jpg	0.040127	0.4992	0.6325	128.8	94.7	0.8867	854	356
nte_08457.jpg	0.000707	0.4574	0.4554	15.3	14.0	0.5151	854	356
nte_08458.jpg	0.040089	0.4957	0.6213	123.4	98.7	0.8677	854	356
nte_08458.jpg	0.001094	0.4441	0.4610	20.3	16.3	0.7778	854	356
nte_08459.jpg	0.042871	0.4988	0.6231	128.1	101.7	0.8657	854	356
nte_08459.jpg	0.002022	0.4305	0.4723	28.4	21.7	0.7168	854	356
nte_08460.jpg	0.005201	0.4004	0.4966	49.4	32.0	0.8408	854	356
nte_08460.jpg	0.043998	0.5008	0.6381	129.8	103.1	0.8340	854	356
nte_08461.jpg	0.039357	0.4980	0.6335	128.1	93.4	0.8882	854	356
nte_08461.jpg	0.056338	0.2293	0.5922	194.5	88.1	0.8838	854	356
nte_08462.jpg	0.044966	0.5000	0.6316	131.8	103.7	0.8789	854	356
nte_08463.jpg	0.043731	0.5000	0.6260	131.1	101.4	0.8677	854	356
nte_08464.jpg	0.041222	0.4992	0.6335	129.1	97.1	0.8779	854	356
nte_08465.jpg	0.042042	0.5000	0.6288	130.8	97.7	0.8921	854	356
nte_08466.jpg	0.044968	0.5004	0.6241	130.1	105.1	0.9033	854	356
nte_08467.jpg	0.044027	0.5000	0.6222	129.4	103.4	0.8906	854	356
nte_08467.jpg	0.000685	0.4031	0.4367	19.5	10.7	0.2666	854	356
nte_08468.jpg	0.042684	0.4996	0.6353	130.1	99.7	0.8926	854	356
nte_08468.jpg	0.001731	0.2713	0.4545	35.9	14.7	0.3735	854	356
nte_08469.jpg	0.043601	0.4996	0.6185	129.4	102.4	0.8838	854	356
nte_08470.jpg	0.043795	0.5000	0.6194	130.4	102.1	0.8633	854	356
nte_08471.jpg	0.045170	0.5012	0.6335	131.1	104.7	0.8809	854	356
nte_08472.jpg	0.040219	0.4969	0.6316	125.1	97.7	0.8564	854	356
nte_08473.jpg	0.044564	0.5000	0.6213	131.4	103.1	0.8872	854	356
nte_08474.jpg	0.047612	0.5000	0.6241	133.1	108.8	0.8521	854	356
nte_08475.jpg	0.052227	0.5004	0.6513	136.8	116.1	0.8315	854	356
nte_08476.jpg	0.049521	0.5004	0.6475	138.4	108.8	0.7769	854	356
nte_08476.jpg	0.000352	0.4715	0.3748	10.3	10.3	0.3196	854	356
nte_08477.jpg	0.053446	0.4996	0.6353	140.8	115.4	0.8535	854	356
nte_08477.jpg	0.000556	0.4699	0.3748	13.3	12.7	0.5220	854	356
nte_08478.jpg	0.056626	0.4980	0.6363	141.8	121.4	0.8320	854	356
nte_08478.jpg	0.000707	0.4668	0.3758	15.3	14.0	0.5117	854	356
nte_08479.jpg	0.063421	0.4977	0.6559	143.8	134.1	0.8267	854	356
nte_08479.jpg	0.001047	0.4621	0.3720	18.3	17.3	0.6025	854	356
nte_08480.jpg	0.052386	0.4984	0.6747	145.1	109.8	0.8521	854	356
nte_08480.jpg	0.001098	0.4582	0.3645	20.0	16.7	0.4597	854	356
nte_08481.jpg	0.001112	0.4453	0.3748	20.7	16.3	0.6826	854	356
nte_08481.jpg	0.061324	0.4957	0.6700	140.8	132.4	0.6299	854	356
nte_08481.jpg	0.000612	0.4594	0.3561	14.7	12.7	0.4636	854	356
nte_08482.jpg	0.062916	0.4984	0.6559	147.8	129.4	0.8330	854	356
nte_08482.jpg	0.001677	0.4320	0.3833	26.4	19.3	0.6523	854	356
nte_08482.jpg	0.000567	0.4512	0.3598	14.3	12.0	0.4380	854	356
nte_08482.jpg	0.000398	0.4609	0.3514	11.3	10.7	0.4148	854	356
nte_08482.jpg	0.000284	0.5039	0.3336	10.3	8.3	0.2554	854	356
nte_08483.jpg	0.069017	0.4996	0.6578	150.1	139.8	0.8257	854	356
nte_08483.jpg	0.003652	0.4062	0.4001	38.7	28.7	0.7822	854	356
nte_08483.jpg	0.001089	0.4402	0.3692	20.7	16.0	0.4912	854	356
nte_08483.jpg	0.000674	0.4543	0.3542	15.3	13.3	0.3933	854	356
nte_08484.jpg	0.058215	0.4988	0.6990	149.5	118.4	0.8594	854	356
nte_08484.jpg	0.012318	0.3406	0.4526	76.9	48.7	0.8262	854	356
nte_08484.jpg	0.001968	0.4250	0.3776	28.0	21.3	0.7881	854	356
nte_08484.jpg	0.000859	0.4488	0.3589	17.0	15.3	0.6177	854	356
nte_08485.jpg	0.003856	0.3992	0.3973	40.9	28.7	0.8110	854	356
nte_08485.jpg	0.000988	0.4418	0.3645	20.0	15.0	0.7305	854	356
nte_08485.jpg	0.050715	0.4969	0.6897	141.8	108.8	0.6616	854	356
nte_08485.jpg	0.106825	0.1112	0.7075	190.1	170.8	0.4771	854	356
nte_08486.jpg	0.060786	0.5000	0.6513	142.8	129.4	0.8013	854	356
nte_08486.jpg	0.001983	0.4199	0.3767	28.7	21.0	0.7998	854	356
nte_08486.jpg	0.021784	0.3102	0.4423	95.9	69.1	0.6748	854	356
nte_08487.jpg	0.059878	0.4988	0.6419	142.1	128.1	0.8149	854	356
nte_08487.jpg	0.003998	0.3971	0.3908	42.4	28.7	0.7988	854	356
nte_08488.jpg	0.011176	0.3350	0.4339	74.9	45.4	0.8242	854	356
nte_08488.jpg	0.052328	0.4977	0.6559	139.4	114.1	0.7969	854	356
nte_08489.jpg	0.049793	0.4984	0.6466	138.8	109.1	0.7207	854	356
nte_08490.jpg	0.056590	0.5012	0.6363	136.4	126.1	0.8340	854	356
nte_08491.jpg	0.055023	0.5008	0.6353	134.4	124.4	0.8242	854	356
nte_08492.jpg	0.050619	0.4996	0.6428	134.1	114.8	0.8032	854	356
nte_08493.jpg	0.046697	0.5012	0.6522	135.1	105.1	0.7427	854	356
nte_08493.jpg	0.007248	0.7809	0.4039	66.1	33.4	0.2549	854	356
nte_08494.jpg	0.049117	0.5008	0.6250	132.4	112.8	0.7271	854	356
nte_08494.jpg	0.011306	0.7656	0.3795	88.1	39.0	0.3740	854	356
nte_08495.jpg	0.051212	0.5016	0.6213	131.1	118.8	0.8071	854	356
nte_08495.jpg	0.027304	0.8578	0.3926	164.8	50.4	0.5518	854	356
nte_08496.jpg	0.050349	0.5008	0.6175	131.1	116.8	0.8569	854	356
nte_08497.jpg	0.053352	0.5012	0.6288	131.8	123.1	0.8110	854	356
nte_08498.jpg	0.049708	0.4988	0.6185	129.4	116.8	0.8394	854	356
nte_08499.jpg	0.048588	0.5012	0.6110	129.1	114.4	0.7896	854	356
nte_08500.jpg	0.047739	0.4996	0.6128	129.1	112.4	0.8472	854	356
nte_08500.jpg	0.000654	0.4492	0.3402	15.7	12.7	0.2805	854	356
nte_08501.jpg	0.044968	0.4996	0.6475	130.1	105.1	0.8413	854	356
nte_08501.jpg	0.000960	0.4516	0.3420	19.0	15.3	0.6406	854	356
nte_08502.jpg	0.042228	0.4984	0.6419	127.4	100.7	0.8438	854	356
nte_08502.jpg	0.000751	0.4469	0.3402	18.0	12.7	0.3164	854	356
nte_08503.jpg	0.047069	0.4988	0.6222	128.4	111.4	0.7988	854	356
nte_08503.jpg	0.001440	0.4289	0.3598	23.0	19.0	0.5322	854	356
nte_08504.jpg	0.003030	0.4035	0.3814	35.9	25.7	0.7915	854	356
nte_08504.jpg	0.045518	0.4992	0.6138	123.1	112.4	0.7812	854	356
nte_08504.jpg	0.001256	0.4367	0.3589	22.0	17.3	0.4045	854	356
nte_08505.jpg	0.009860	0.3453	0.4310	71.9	41.7	0.8608	854	356
nte_08505.jpg	0.044046	0.4988	0.6438	127.4	105.1	0.7656	854	356
nte_08505.jpg	0.001555	0.4266	0.3598	24.0	19.7	0.6406	854	356
nte_08506.jpg	0.115069	0.1214	0.6981	207.7	168.5	0.8979	854	356
nte_08506.jpg	0.044579	0.5016	0.6400	132.8	102.1	0.7725	854	356
nte_08506.jpg	0.003469	0.4055	0.3814	39.0	27.0	0.6328	854	356
nte_08507.jpg	0.008423	0.3609	0.4179	65.1	39.4	0.7954	854	356
nte_08507.jpg	0.039362	0.4988	0.6391	125.4	95.4	0.6655	854	356
nte_08508.jpg	0.043434	0.5000	0.6110	116.4	113.4	0.7305	854	356
nte_08509.jpg	0.048212	0.4996	0.6119	128.1	114.4	0.8320	854	356
nte_08509.jpg	0.000935	0.6297	0.3158	23.0	12.3	0.2664	854	356
nte_08510.jpg	0.043235	0.5000	0.6475	128.8	102.1	0.8579	854	356
nte_08510.jpg	0.000606	0.4262	0.3327	15.3	12.0	0.5903	854	356
nte_08511.jpg	0.039198	0.5008	0.6447	122.8	97.1	0.8613	854	356
nte_08511.jpg	0.000707	0.4219	0.3392	15.3	14.0	0.4009	854	356
nte_08512.jpg	0.049968	0.5016	0.6222	124.8	121.8	0.8428	854	356
nte_08512.jpg	0.000810	0.4187	0.3448	18.0	13.7	0.5083	854	356
nte_08513.jpg	0.048729	0.5004	0.6166	125.1	118.4	0.8633	854	356
nte_08513.jpg	0.001067	0.4152	0.3505	20.7	15.7	0.6372	854	356
nte_08514.jpg	0.052147	0.5000	0.6231	128.1	123.8	0.8755	854	356
nte_08514.jpg	0.001898	0.4074	0.3692	27.0	21.4	0.7339	854	356
nte_08515.jpg	0.047458	0.4980	0.6250	126.1	114.4	0.8379	854	356
nte_08515.jpg	0.004540	0.3908	0.3973	39.0	35.4	0.7720	854	356
nte_08516.jpg	0.014987	0.3539	0.4685	71.9	63.4	0.8521	854	356
nte_08516.jpg	0.044834	0.4984	0.6138	118.1	115.4	0.8218	854	356
nte_08517.jpg	0.052826	0.5016	0.6269	129.8	123.8	0.8853	854	356
nte_08518.jpg	0.046787	0.5004	0.6316	128.4	110.8	0.8130	854	356
nte_08519.jpg	0.047294	0.5012	0.6372	129.4	111.1	0.8418	854	356
nte_08520.jpg	0.049304	0.5008	0.6185	131.8	113.8	0.8540	854	356
nte_08521.jpg	0.042849	0.5023	0.6335	124.8	104.4	0.8325	854	356
nte_08522.jpg	0.047152	0.5000	0.6269	129.4	110.8	0.8501	854	356
nte_08523.jpg	0.054760	0.4996	0.6241	133.4	124.8	0.8540	854	356
nte_08524.jpg	0.048188	0.5000	0.6128	124.8	117.4	0.8169	854	356
nte_08525.jpg	0.046267	0.4988	0.6409	131.8	106.8	0.7964	854	356
nte_08526.jpg	0.053385	0.5012	0.6484	134.8	120.4	0.8086	854	356
nte_08527.jpg	0.051118	0.4996	0.6100	129.8	119.8	0.8418	854	356
nte_08528.jpg	0.047087	0.4996	0.6325	130.4	109.8	0.7900	854	356
nte_08529.jpg	0.046583	0.5000	0.6447	131.4	107.8	0.7666	854	356
nte_08530.jpg	0.050451	0.4988	0.6119	128.4	119.4	0.8862	854	356
nte_08531.jpg	0.047720	0.5000	0.6269	129.4	112.1	0.8296	854	356
nte_08532.jpg	0.054377	0.4992	0.6241	131.1	126.1	0.8555	854	356
nte_08533.jpg	0.048661	0.4996	0.6072	130.4	113.4	0.8330	854	356
nte_08534.jpg	0.051775	0.5004	0.6119	131.4	119.8	0.8765	854	356
nte_08535.jpg	0.050077	0.4996	0.6297	130.8	116.4	0.7993	854	356
nte_08536.jpg	0.061531	0.5027	0.6335	137.1	136.4	0.8037	854	356
nte_08537.jpg	0.041249	0.5004	0.6344	127.4	98.4	0.8032	854	356
nte_08538.jpg	0.050508	0.5000	0.6063	130.8	117.4	0.8667	854	356
nte_08539.jpg	0.053217	0.5008	0.6166	131.4	123.1	0.8359	854	356
nte_08540.jpg	0.052265	0.4992	0.6138	129.4	122.8	0.8228	854	356
nte_08541.jpg	0.048892	0.4957	0.6110	123.4	120.4	0.8413	854	356
nte_08542.jpg	0.046781	0.4949	0.6260	119.8	118.8	0.8057	854	356
nte_08543.jpg	0.046100	0.4988	0.6147	115.4	121.4	0.8687	854	356
nte_08543.jpg	0.003644	0.4172	0.3355	42.0	26.4	0.4617	854	356
nte_08544.jpg	0.042313	0.4961	0.6381	119.8	107.4	0.8447	854	356
nte_08544.jpg	0.009414	0.3691	0.3711	67.6	42.4	0.5571	854	356
nte_08545.jpg	0.047938	0.4996	0.6138	117.8	123.8	0.8652	854	356
nte_08546.jpg	0.048227	0.4938	0.6128	119.8	122.4	0.8413	854	356
nte_08547.jpg	0.041077	0.4945	0.6381	120.8	103.4	0.8164	854	356
nte_08548.jpg	0.038920	0.4953	0.6428	119.4	99.1	0.8877	854	356
nte_08548.jpg	0.010730	0.3600	0.4385	75.2	43.4	0.7944	854	356
nte_08549.jpg	0.047774	0.4980	0.6138	128.4	113.1	0.8071	854	356
nte_08549.jpg	0.001900	0.3699	0.4189	29.4	19.7	0.3945	854	356
nte_08550.jpg	0.045897	0.4984	0.6185	129.1	108.1	0.8252	854	356
nte_08550.jpg	0.006828	0.2982	0.4432	75.9	27.4	0.3079	854	356
nte_08551.jpg	0.041505	0.4988	0.6297	130.4	96.7	0.9106	854	356
nte_08552.jpg	0.039947	0.4980	0.6335	129.1	94.1	0.8887	854	356
nte_08553.jpg	0.040469	0.5031	0.6494	123.8	99.4	0.8628	854	356
nte_08554.jpg	0.056566	0.4961	0.6344	137.1	125.4	0.8071	854	356
nte_08554.jpg	0.000334	0.4508	0.4226	12.7	8.0	0.3230	854	356
nte_08554.jpg	0.000478	0.4305	0.4254	15.0	9.7	0.2708	854	356
nte_08554.jpg	0.000925	0.4016	0.4282	22.2	12.7	0.2583	854	356
nte_08555.jpg	0.043998	0.5031	0.6597	129.8	103.1	0.8608	854	356
nte_08555.jpg	0.000777	0.4121	0.4292	19.7	12.0	0.5591	854	356
nte_08555.jpg	0.001280	0.3637	0.4348	25.4	15.3	0.4985	854	356
nte_08555.jpg	0.003820	0.5230	0.4948	49.0	23.7	0.4729	854	356
nte_08555.jpg	0.000290	0.4398	0.4236	11.0	8.0	0.2849	854	356
nte_08555.jpg	0.000314	0.4867	0.4198	11.0	8.7	0.2703	854	356
nte_08556.jpg	0.061021	0.4969	0.6503	144.4	128.4	0.7241	854	356
nte_08556.jpg	0.003274	0.3232	0.4479	44.5	22.4	0.6997	854	356
nte_08556.jpg	0.001055	0.3939	0.4367	22.4	14.3	0.6450	854	356
nte_08556.jpg	0.000329	0.4281	0.4282	12.0	8.3	0.3289	854	356
nte_08556.jpg	0.000389	0.4816	0.4236	12.7	9.3	0.2605	854	356
nte_08557.jpg	0.052180	0.5000	0.6522	137.4	115.4	0.8276	854	356
nte_08557.jpg	0.008143	0.2506	0.4676	75.7	32.7	0.6528	854	356
nte_08557.jpg	0.001749	0.3699	0.4414	29.5	18.0	0.6206	854	356
nte_08557.jpg	0.000691	0.4164	0.4395	17.0	12.3	0.4333	854	356
nte_08557.jpg	0.000343	0.4934	0.4273	12.0	8.7	0.3103	854	356
nte_08557.jpg	0.000284	0.4836	0.4236	10.3	8.3	0.2886	854	356
nte_08557.jpg	0.000348	0.4723	0.4273	11.3	9.3	0.2632	854	356
nte_08558.jpg	0.053292	0.5016	0.6625	140.8	115.1	0.8423	854	356
nte_08558.jpg	0.003485	0.3236	0.4535	46.7	22.7	0.4773	854	356
nte_08558.jpg	0.015366	0.0543	0.5201	92.7	50.4	0.3604	854	356
nte_08558.jpg	0.000791	0.4016	0.4348	20.0	12.0	0.3506	854	356
nte_08558.jpg	0.000326	0.4812	0.4217	11.0	9.0	0.3223	854	356
nte_08558.jpg	0.000348	0.4184	0.4320	12.7	8.3	0.2764	854	356
nte_08559.jpg	0.065922	0.4988	0.6700	149.5	134.1	0.7959	854	356
nte_08559.jpg	0.007813	0.2480	0.4723	77.4	30.7	0.7085	854	356
nte_08560.jpg	0.051933	0.5020	0.6719	140.4	112.4	0.8418	854	356
nte_08560.jpg	0.002354	0.3494	0.4517	36.4	19.7	0.6660	854	356
nte_08560.jpg	0.000400	0.4949	0.4301	13.0	9.3	0.2727	854	356
nte_08560.jpg	0.000336	0.4695	0.4254	11.3	9.0	0.2610	854	356
nte_08561.jpg	0.059925	0.4988	0.6775	150.5	121.1	0.8301	854	356
nte_08561.jpg	0.004799	0.2920	0.4638	57.5	25.4	0.7554	854	356
nte_08562.jpg	0.015050	0.1780	0.4901	115.3	39.7	0.8286	854	356
nte_08562.jpg	0.060241	0.4988	0.6672	148.8	123.1	0.8218	854	356
nte_08563.jpg	0.063037	0.5016	0.6653	148.4	129.1	0.7930	854	356
nte_08564.jpg	0.064320	0.5000	0.6578	153.5	127.4	0.8257	854	356
nte_08565.jpg	0.061654	0.5000	0.6709	151.5	123.8	0.8418	854	356
nte_08565.jpg	0.000217	0.4797	0.4254	9.0	7.3	0.2554	854	356
nte_08565.jpg	0.000295	0.4711	0.4273	10.3	8.7	0.2549	854	356
nte_08566.jpg	0.068659	0.5000	0.6737	154.1	135.4	0.8223	854	356
nte_08566.jpg	0.000339	0.4645	0.4310	12.3	8.3	0.3723	854	356
nte_08566.jpg	0.000244	0.4770	0.4273	9.7	7.7	0.3342	854	356
nte_08566.jpg	0.000488	0.4391	0.4310	14.3	10.3	0.2676	854	356
nte_08567.jpg	0.061271	0.5000	0.6709	148.1	125.8	0.7778	854	356
nte_08567.jpg	0.000456	0.4594	0.4339	14.3	9.7	0.5527	854	356
nte_08567.jpg	0.000299	0.4762	0.4273	11.3	8.0	0.3018	854	356
nte_08568.jpg	0.064013	0.4996	0.6756	153.1	127.1	0.8486	854	356
nte_08568.jpg	0.000372	0.4738	0.4282	11.7	9.7	0.4976	854	356
nte_08568.jpg	0.000488	0.4547	0.4339	14.3	10.3	0.4507	854	356
nte_08569.jpg	0.066865	0.5000	0.6672	155.5	130.8	0.8540	854	356
nte_08569.jpg	0.000372	0.4719	0.4301	11.7	9.7	0.6431	854	356
nte_08569.jpg	0.000533	0.4469	0.4385	15.7	10.3	0.5669	854	356
nte_08570.jpg	0.061418	0.4996	0.6784	156.8	119.1	0.8716	854	356
nte_08570.jpg	0.000417	0.4699	0.4282	12.7	10.0	0.5532	854	356
nte_08570.jpg	0.000339	0.4820	0.4329	12.3	8.3	0.2583	854	356
nte_08571.jpg	0.056626	0.5016	0.6672	141.8	121.4	0.8374	854	356
nte_08571.jpg	0.000465	0.4676	0.4301	13.7	10.3	0.6313	854	356
nte_08571.jpg	0.000339	0.4809	0.4339	12.3	8.3	0.3933	854	356
nte_08571.jpg	0.001142	0.4238	0.4404	21.7	16.0	0.3621	854	356
nte_08572.jpg	0.061113	0.5004	0.6522	142.4	130.4	0.8228	854	356
nte_08572.jpg	0.000492	0.4637	0.4310	14.0	10.7	0.4434	854	356
nte_08572.jpg	0.000302	0.4793	0.4339	11.0	8.3	0.2952	854	356
nte_08573.jpg	0.067597	0.5012	0.6438	154.8	132.8	0.8120	854	356
nte_08573.jpg	0.003622	0.3623	0.4638	42.9	25.7	0.7856	854	356
nte_08573.jpg	0.000408	0.4730	0.4376	12.0	10.3	0.3237	854	356
nte_08574.jpg	0.012348	0.2752	0.4957	86.6	43.4	0.8774	854	356
nte_08574.jpg	0.065155	0.5027	0.6550	148.4	133.4	0.8218	854	356
nte_08574.jpg	0.000988	0.3896	0.4357	22.5	13.3	0.4600	854	356
nte_08574.jpg	0.000548	0.4453	0.4348	14.7	11.3	0.3269	854	356
nte_08574.jpg	0.000519	0.4707	0.4367	14.3	11.0	0.2598	854	356
nte_08575.jpg	0.066022	0.5035	0.6484	147.1	136.4	0.8271	854	356
nte_08575.jpg	0.036147	0.0725	0.5800	123.8	88.7	0.7271	854	356
nte_08575.jpg	0.001587	0.3686	0.4432	29.5	16.3	0.6289	854	356
nte_08575.jpg	0.000698	0.4375	0.4376	17.7	12.0	0.3108	854	356
nte_08576.jpg	0.064180	0.4988	0.6447	144.8	134.8	0.8408	854	356
nte_08576.jpg	0.001137	0.4199	0.4432	23.0	15.0	0.7119	854	356
nte_08576.jpg	0.002728	0.3234	0.4535	42.9	19.3	0.6362	854	356
nte_08576.jpg	0.000717	0.4453	0.4301	16.3	13.3	0.6313	854	356
nte_08577.jpg	0.068015	0.5004	0.6578	150.5	137.4	0.8062	854	356
nte_08577.jpg	0.001651	0.4004	0.4479	27.4	18.3	0.7637	854	356
nte_08577.jpg	0.006380	0.2596	0.4620	70.1	27.7	0.7036	854	356
nte_08577.jpg	0.000999	0.4383	0.4292	21.7	14.0	0.5811	854	356
nte_08578.jpg	0.061878	0.4965	0.6550	150.8	124.8	0.8403	854	356
nte_08578.jpg	0.003769	0.3639	0.4563	45.2	25.4	0.8364	854	356
nte_08578.jpg	0.001470	0.4266	0.4282	24.4	18.3	0.7617	854	356
nte_08578.jpg	0.028431	0.0947	0.4948	163.0	53.0	0.4148	854	356
nte_08579.jpg	0.014641	0.2648	0.4901	99.6	44.7	0.8691	854	356
nte_08579.jpg	0.057688	0.4969	0.6494	146.4	119.8	0.8657	854	356
nte_08579.jpg	0.002576	0.4027	0.4301	34.5	22.7	0.7637	854	356
nte_08580.jpg	0.053639	0.4969	0.6494	143.8	113.4	0.8657	854	356
nte_08580.jpg	0.031735	0.0708	0.5604	121.0	79.7	0.7305	854	356
nte_08580.jpg	0.004360	0.3646	0.4376	46.2	28.7	0.4592	854	356
nte_08581.jpg	0.054760	0.4980	0.6400	141.8	117.4	0.8545	854	356
nte_08581.jpg	0.018571	0.2605	0.4657	100.7	56.0	0.8379	854	356
nte_08582.jpg	0.053962	0.4980	0.6391	140.1	117.1	0.8452	854	356
nte_08582.jpg	0.001110	0.4012	0.4142	21.5	15.7	0.4351	854	356
nte_08583.jpg	0.054858	0.4973	0.6400	138.1	120.8	0.8218	854	356
nte_08583.jpg	0.001646	0.3828	0.4151	28.9	17.3	0.3440	854	356
nte_08584.jpg	0.050699	0.4984	0.6316	137.1	112.4	0.7651	854	356
nte_08585.jpg	0.048418	0.4984	0.6409	135.8	108.4	0.7734	854	356
nte_08586.jpg	0.047617	0.4980	0.6391	134.8	107.4	0.8188	854	356
nte_08586.jpg	0.013722	0.1881	0.4460	94.7	44.0	0.7935	854	356
nte_08587.jpg	0.045444	0.5020	0.6288	127.4	108.4	0.7886	854	356
nte_08588.jpg	0.050279	0.5008	0.6260	134.8	113.4	0.7505	854	356
nte_08589.jpg	0.056536	0.4977	0.6260	140.8	122.1	0.7461	854	356
nte_08590.jpg	0.054907	0.5004	0.6353	139.8	119.4	0.7471	854	356
nte_08591.jpg	0.058332	0.5004	0.6185	138.4	128.1	0.7817	854	356
nte_08592.jpg	0.046514	0.5043	0.6391	130.4	108.4	0.8521	854	356
nte_08593.jpg	0.050560	0.5043	0.6241	129.4	118.8	0.8345	854	356
nte_08594.jpg	0.050452	0.5000	0.6288	136.4	112.4	0.8330	854	356
nte_08595.jpg	0.050528	0.4980	0.6297	135.4	113.4	0.8433	854	356
nte_08596.jpg	0.049095	0.4992	0.6335	132.8	112.4	0.8599	854	356
nte_08597.jpg	0.046095	0.4996	0.6222	132.1	106.1	0.8765	854	356
nte_08597.jpg	0.000691	0.3750	0.4057	18.5	11.3	0.4768	854	356
nte_08598.jpg	0.043999	0.5000	0.6213	126.1	106.1	0.8667	854	356
nte_08598.jpg	0.001047	0.3533	0.4076	22.2	14.3	0.5356	854	356
nte_08599.jpg	0.043883	0.5004	0.6250	125.8	106.1	0.8047	854	356
nte_08599.jpg	0.001872	0.3344	0.4114	32.2	17.7	0.7871	854	356
nte_08600.jpg	0.045142	0.5004	0.6269	127.8	107.4	0.8433	854	356
nte_08600.jpg	0.004036	0.2850	0.4217	49.7	24.7	0.8052	854	356
nte_08601.jpg	0.012429	0.1772	0.4498	100.2	37.7	0.8477	854	356
nte_08601.jpg	0.047843	0.5008	0.6185	129.8	112.1	0.8105	854	356
nte_08602.jpg	0.045781	0.5043	0.6194	126.4	110.1	0.8149	854	356
nte_08603.jpg	0.045919	0.5023	0.6194	126.4	110.4	0.8428	854	356
nte_08604.jpg	0.043702	0.5027	0.6128	121.4	109.4	0.8516	854	356
nte_08605.jpg	0.040301	0.5063	0.6344	122.4	100.1	0.8208	854	356
nte_08606.jpg	0.042849	0.5043	0.6241	124.8	104.4	0.8320	854	356
nte_08607.jpg	0.054082	0.5035	0.6606	125.1	131.4	0.7739	854	356
nte_08608.jpg	0.043308	0.5000	0.6156	126.1	104.4	0.8428	854	356
nte_08609.jpg	0.042620	0.5027	0.6166	121.8	106.4	0.8467	854	356
nte_08610.jpg	0.043745	0.4969	0.6231	123.4	107.8	0.8628	854	356
nte_08611.jpg	0.041331	0.5008	0.6297	123.1	102.1	0.8096	854	356
nte_08612.jpg	0.044180	0.4977	0.6344	125.4	107.1	0.8022	854	356
nte_08613.jpg	0.043904	0.5051	0.6325	125.4	106.4	0.8115	854	356
nte_08614.jpg	0.040230	0.5016	0.6260	119.4	102.4	0.8115	854	356
nte_08615.jpg	0.048219	0.5023	0.6213	123.1	119.1	0.8232	854	356
nte_08616.jpg	0.043524	0.5027	0.6147	118.8	111.4	0.8599	854	356
nte_08617.jpg	0.044331	0.4996	0.6185	122.4	110.1	0.8511	854	356
nte_08618.jpg	0.040521	0.4977	0.6260	123.1	100.1	0.8154	854	356
nte_08619.jpg	0.046725	0.4973	0.6213	123.4	115.1	0.8442	854	356
nte_08619.jpg	0.001135	0.3934	0.3936	20.7	16.7	0.3865	854	356
nte_08620.jpg	0.044678	0.4973	0.6156	123.8	109.8	0.8691	854	356
nte_08620.jpg	0.001838	0.3727	0.3973	27.0	20.7	0.7456	854	356
nte_08621.jpg	0.042636	0.4961	0.6110	121.4	106.8	0.8809	854	356
nte_08621.jpg	0.003439	0.3346	0.4095	38.7	27.0	0.7812	854	356
nte_08622.jpg	0.041871	0.4969	0.6156	123.1	103.4	0.8491	854	356
nte_08622.jpg	0.008293	0.2662	0.4264	66.9	37.7	0.6343	854	356
nte_08623.jpg	0.043828	0.5000	0.6166	128.4	103.7	0.8389	854	356
nte_08623.jpg	0.110952	0.0949	0.2989	163.0	207.0	0.5400	854	356
nte_08623.jpg	0.038109	0.0947	0.4788	160.8	72.1	0.4351	854	356
nte_08623.jpg	0.000689	0.3947	0.3926	19.0	11.0	0.3032	854	356
nte_08624.jpg	0.043064	0.5012	0.6250	129.1	101.4	0.8403	854	356
nte_08624.jpg	0.000826	0.3896	0.3945	20.3	12.3	0.2539	854	356
nte_08625.jpg	0.043883	0.5000	0.6128	125.8	106.1	0.7964	854	356
nte_08626.jpg	0.045519	0.4996	0.6100	128.4	107.8	0.8823	854	356
nte_08626.jpg	0.001419	0.3879	0.4086	23.5	18.3	0.6055	854	356
nte_08627.jpg	0.043301	0.4977	0.6091	124.1	106.1	0.8823	854	356
nte_08627.jpg	0.002331	0.3674	0.4301	32.2	22.0	0.7256	854	356
nte_08627.jpg	0.000848	0.3830	0.3908	18.8	13.7	0.3022	854	356
nte_08628.jpg	0.042431	0.4961	0.6100	120.1	107.4	0.8828	854	356
nte_08628.jpg	0.010445	0.2908	0.4826	73.2	43.4	0.7900	854	356
nte_08628.jpg	0.000921	0.3629	0.3973	24.7	11.3	0.3179	854	356
nte_08629.jpg	0.044884	0.4992	0.6203	127.4	107.1	0.8555	854	356
nte_08629.jpg	0.002794	0.3959	0.4254	35.9	23.7	0.7871	854	356
nte_08629.jpg	0.003228	0.3256	0.4226	40.9	24.0	0.7773	854	356
nte_08629.jpg	0.001028	0.4348	0.3908	17.7	17.7	0.5366	854	356
nte_08630.jpg	0.042479	0.4996	0.6175	127.8	101.1	0.8242	854	356
nte_08630.jpg	0.008015	0.3355	0.4592	65.2	37.4	0.7358	854	356
nte_08630.jpg	0.001409	0.4211	0.3973	23.4	18.3	0.6714	854	356
nte_08630.jpg	0.008697	0.2414	0.4517	73.4	36.0	0.4980	854	356
nte_08631.jpg	0.062476	0.1511	0.5679	211.7	89.7	0.8652	854	356
nte_08631.jpg	0.044722	0.4992	0.6156	127.8	106.4	0.8408	854	356
nte_08631.jpg	0.002010	0.4004	0.4048	28.2	21.7	0.7466	854	356
nte_08632.jpg	0.044199	0.5012	0.6128	125.1	107.4	0.8462	854	356
nte_08632.jpg	0.003614	0.3664	0.4189	37.9	29.0	0.8125	854	356
nte_08633.jpg	0.039227	0.5012	0.6128	112.4	106.1	0.8481	854	356
nte_08633.jpg	0.001120	0.4187	0.3898	22.7	15.0	0.2825	854	356
nte_08634.jpg	0.043374	0.5063	0.6138	122.8	107.4	0.8550	854	356
nte_08634.jpg	0.132627	0.0925	0.3636	159.0	253.5	0.7573	854	356
nte_08634.jpg	0.001639	0.3072	0.4189	28.2	17.7	0.5537	854	356
nte_08634.jpg	0.000519	0.4207	0.3954	14.3	11.0	0.4580	854	356
nte_08634.jpg	0.056455	0.0933	0.5341	159.3	107.8	0.2837	854	356
nte_08635.jpg	0.042027	0.5043	0.6222	122.8	104.1	0.8047	854	356
nte_08635.jpg	0.003833	0.3402	0.4301	45.4	25.7	0.7427	854	356
nte_08635.jpg	0.004117	0.2541	0.4320	49.4	25.4	0.6987	854	356
nte_08635.jpg	0.000906	0.4152	0.4020	18.3	15.0	0.5845	854	356
nte_08635.jpg	0.000551	0.3732	0.4029	15.7	10.7	0.3789	854	356
nte_08636.jpg	0.009997	0.2695	0.4704	76.6	39.7	0.8354	854	356
nte_08636.jpg	0.041289	0.5031	0.6241	125.4	100.1	0.8242	854	356
nte_08636.jpg	0.001112	0.3607	0.4067	22.5	15.0	0.6514	854	356
nte_08636.jpg	0.001425	0.4094	0.3992	23.2	18.7	0.3909	854	356
nte_08637.jpg	0.040605	0.5035	0.6185	119.8	103.1	0.8325	854	356
nte_08637.jpg	0.001643	0.3393	0.4132	29.4	17.0	0.5747	854	356
nte_08637.jpg	0.048201	0.0763	0.6100	130.4	112.4	0.4304	854	356
nte_08637.jpg	0.001562	0.4137	0.3879	26.4	18.0	0.3975	854	356
nte_08637.jpg	0.001144	0.4008	0.4114	22.2	15.7	0.3945	854	356
nte_08638.jpg	0.039433	0.5004	0.6119	114.1	105.1	0.8447	854	356
nte_08638.jpg	0.001710	0.3811	0.4179	28.9	18.0	0.5869	854	356
nte_08638.jpg	0.003188	0.2938	0.4217	44.7	21.7	0.5288	854	356
nte_08639.jpg	0.038159	0.5008	0.6194	117.1	99.1	0.8452	854	356
nte_08639.jpg	0.003869	0.3480	0.4348	45.2	26.0	0.8022	854	356
nte_08639.jpg	0.000780	0.4066	0.4095	17.3	13.7	0.3853	854	356
nte_08639.jpg	0.006861	0.2129	0.4470	71.1	29.4	0.3271	854	356
nte_08639.jpg	0.001212	0.4293	0.4029	23.0	16.0	0.2627	854	356
nte_08640.jpg	0.045843	0.5004	0.6175	127.8	109.1	0.8623	854	356
nte_08640.jpg	0.018075	0.2176	0.4920	116.0	47.4	0.8213	854	356
nte_08640.jpg	0.001753	0.3818	0.4142	28.0	19.0	0.7070	854	356
nte_08640.jpg	0.002009	0.3100	0.4189	37.4	16.3	0.5542	854	356
nte_08641.jpg	0.042278	0.4996	0.6250	128.4	100.1	0.8364	854	356
nte_08641.jpg	0.004351	0.3463	0.4292	47.2	28.0	0.7725	854	356
nte_08641.jpg	0.005200	0.2400	0.4367	61.5	25.7	0.7515	854	356
nte_08641.jpg	0.000978	0.3637	0.3786	22.9	13.0	0.3232	854	356
nte_08642.jpg	0.014556	0.2557	0.4648	99.7	44.4	0.8774	854	356
nte_08642.jpg	0.044055	0.4988	0.6269	129.1	103.7	0.8359	854	356
nte_08642.jpg	0.002428	0.3410	0.3823	33.0	22.4	0.3508	854	356
nte_08643.jpg	0.045086	0.5023	0.6128	123.8	110.8	0.8643	854	356
nte_08644.jpg	0.039868	0.4969	0.6203	124.4	97.4	0.7598	854	356
nte_08645.jpg	0.037649	0.5004	0.6185	114.8	99.7	0.8179	854	356
nte_08646.jpg	0.041341	0.4992	0.6269	126.4	99.4	0.8281	854	356
nte_08647.jpg	0.041909	0.5012	0.6156	116.1	109.8	0.8228	854	356
nte_08648.jpg	0.040051	0.4980	0.6278	125.4	97.1	0.8267	854	356
nte_08649.jpg	0.042677	0.5012	0.6025	115.8	112.1	0.7769	854	356
nte_08650.jpg	0.042871	0.5000	0.6363	128.1	101.7	0.8486	854	356
nte_08651.jpg	0.043431	0.5004	0.6072	116.8	113.1	0.8003	854	356
nte_08652.jpg	0.041537	0.4992	0.6288	125.8	100.4	0.8208	854	356
nte_08653.jpg	0.047597	0.5008	0.6147	129.1	112.1	0.7959	854	356
nte_08654.jpg	0.039488	0.4961	0.6297	124.1	96.7	0.8315	854	356
nte_08655.jpg	0.042058	0.5031	0.6241	127.8	100.1	0.8394	854	356
nte_08656.jpg	0.036602	0.5016	0.6250	115.4	96.4	0.8291	854	356
nte_08657.jpg	0.043317	0.5004	0.6278	129.4	101.7	0.6978	854	356
nte_08658.jpg	0.037752	0.5008	0.6288	117.4	97.7	0.8418	854	356
nte_08659.jpg	0.044511	0.5008	0.6381	130.4	103.7	0.8281	854	356
nte_08660.jpg	0.038506	0.4992	0.6278	121.4	96.4	0.8477	854	356
nte_08661.jpg	0.044365	0.4992	0.6231	128.8	104.7	0.7778	854	356
nte_08662.jpg	0.037556	0.4988	0.6269	120.1	95.1	0.8374	854	356
nte_08663.jpg	0.043346	0.5000	0.6194	127.4	103.4	0.8115	854	356
nte_08664.jpg	0.042285	0.4996	0.6203	120.4	106.8	0.8447	854	356
nte_08665.jpg	0.040410	0.5000	0.6250	127.4	96.4	0.8691	854	356
nte_08666.jpg	0.038818	0.5008	0.6166	116.8	101.1	0.8262	854	356
nte_08667.jpg	0.043489	0.5027	0.6166	129.1	102.4	0.7979	854	356
nte_08668.jpg	0.040056	0.5020	0.6110	117.8	103.4	0.8423	854	356
nte_08669.jpg	0.041291	0.5000	0.6222	128.4	97.7	0.8564	854	356
nte_08670.jpg	0.043185	0.5008	0.6110	123.8	106.1	0.8530	854	356
nte_08671.jpg	0.039459	0.5000	0.6269	128.4	93.4	0.8657	854	356
nte_08672.jpg	0.046806	0.5004	0.6335	128.1	111.1	0.8345	854	356
nte_08673.jpg	0.038434	0.5000	0.6269	125.1	93.4	0.8779	854	356
nte_08674.jpg	0.040402	0.5023	0.6297	126.1	97.4	0.8311	854	356
nte_08675.jpg	0.039048	0.4977	0.6241	124.4	95.4	0.8193	854	356
nte_08676.jpg	0.044161	0.5008	0.6203	127.8	105.1	0.8179	854	356
nte_08677.jpg	0.039243	0.5012	0.6138	118.4	100.7	0.8403	854	356
nte_08678.jpg	0.043123	0.4996	0.6147	124.8	105.1	0.8291	854	356
nte_08679.jpg	0.042590	0.5027	0.6119	126.4	102.4	0.7969	854	356
nte_08680.jpg	0.043491	0.4992	0.6110	125.4	105.4	0.8013	854	356
nte_08681.jpg	0.043907	0.5063	0.6063	119.1	112.1	0.7480	854	356
nte_08682.jpg	0.041042	0.5000	0.6194	125.1	99.7	0.7744	854	356
nte_08683.jpg	0.044532	0.5008	0.6203	128.4	105.4	0.7881	854	356
nte_08684.jpg	0.042370	0.4980	0.6110	123.8	104.1	0.7583	854	356
nte_08685.jpg	0.050865	0.4996	0.6082	128.8	120.1	0.7686	854	356
nte_08686.jpg	0.043925	0.4984	0.6091	125.1	106.8	0.7798	854	356
nte_08687.jpg	0.047650	0.4988	0.6119	128.1	113.1	0.7642	854	356
nte_08688.jpg	0.040550	0.5000	0.6222	124.4	99.1	0.7900	854	356
nte_08689.jpg	0.042552	0.5035	0.6269	125.1	103.4	0.7397	854	356
nte_08689.jpg	0.000552	0.3914	0.3598	17.3	9.7	0.2507	854	356
nte_08690.jpg	0.039972	0.5055	0.6250	121.4	100.1	0.8135	854	356
nte_08690.jpg	0.000890	0.3791	0.3645	23.2	11.7	0.5278	854	356
nte_08690.jpg	0.000688	0.5719	0.3439	15.7	13.3	0.2607	854	356
nte_08691.jpg	0.043169	0.5066	0.6128	121.4	108.1	0.7485	854	356
nte_08691.jpg	0.000885	0.3625	0.3664	20.7	13.0	0.5659	854	356
nte_08692.jpg	0.041147	0.5047	0.6128	119.4	104.7	0.8481	854	356
nte_08692.jpg	0.001123	0.5992	0.3392	19.7	17.3	0.3735	854	356
nte_08692.jpg	0.001466	0.3424	0.3739	29.7	15.0	0.2888	854	356
nte_08693.jpg	0.044566	0.5027	0.6175	118.8	114.1	0.8091	854	356
nte_08693.jpg	0.002452	0.3158	0.3814	38.5	19.3	0.6362	854	356
nte_08693.jpg	0.000650	0.3684	0.3598	18.5	10.7	0.2849	854	356
nte_08694.jpg	0.041499	0.5023	0.6194	117.1	107.8	0.8237	854	356
nte_08694.jpg	0.005583	0.2584	0.4057	62.0	27.4	0.7969	854	356
nte_08694.jpg	0.001222	0.3543	0.3711	26.5	14.0	0.4949	854	356
nte_08694.jpg	0.000573	0.3820	0.3645	18.0	9.7	0.2734	854	356
nte_08695.jpg	0.042382	0.5039	0.6278	117.8	109.4	0.8325	854	356
nte_08695.jpg	0.018653	0.1320	0.4526	133.9	42.4	0.7017	854	356
nte_08695.jpg	0.002255	0.3324	0.3908	36.7	18.7	0.5337	854	356
nte_08695.jpg	0.000883	0.3760	0.3767	21.2	12.7	0.4619	854	356
nte_08696.jpg	0.050017	0.4996	0.6316	128.8	118.1	0.8550	854	356
nte_08696.jpg	0.004493	0.2902	0.4142	53.9	25.4	0.7954	854	356
nte_08696.jpg	0.001273	0.3627	0.3898	24.7	15.7	0.6729	854	356
nte_08697.jpg	0.048363	0.5008	0.6325	122.1	120.4	0.8447	854	356
nte_08697.jpg	0.015121	0.1713	0.4545	114.8	40.0	0.8423	854	356
nte_08697.jpg	0.002250	0.3309	0.4039	35.4	19.3	0.8057	854	356
nte_08697.jpg	0.000930	0.3850	0.3870	21.2	13.3	0.5693	854	356
nte_08698.jpg	0.052507	0.5012	0.6409	131.1	121.8	0.8755	854	356
nte_08698.jpg	0.004396	0.2793	0.4226	54.9	24.4	0.8364	854	356
nte_08698.jpg	0.001239	0.3646	0.3954	24.0	15.7	0.6255	854	356
nte_08699.jpg	0.054406	0.5027	0.6428	135.1	122.4	0.8809	854	356
nte_08699.jpg	0.017214	0.1426	0.4695	119.8	43.7	0.8384	854	356
nte_08699.jpg	0.002790	0.3260	0.4114	40.4	21.0	0.7207	854	356
nte_08700.jpg	0.053408	0.5016	0.6428	128.8	126.1	0.8770	854	356
nte_08700.jpg	0.006529	0.2635	0.4273	60.7	32.7	0.7812	854	356
nte_08701.jpg	0.055104	0.5008	0.6541	130.1	128.8	0.8667	854	356
nte_08702.jpg	0.057018	0.5039	0.6513	137.1	126.4	0.8716	854	356
nte_08703.jpg	0.059887	0.5027	0.6466	136.1	133.8	0.8496	854	356
nte_08704.jpg	0.059550	0.5055	0.6541	142.4	127.1	0.8608	854	356
nte_08704.jpg	0.001495	0.3660	0.3589	35.9	12.7	0.4734	854	356
nte_08705.jpg	0.059302	0.5047	0.6541	141.1	127.8	0.7974	854	356
nte_08705.jpg	0.001983	0.3488	0.3551	43.0	14.0	0.2585	854	356
nte_08706.jpg	0.059447	0.5031	0.6466	135.1	133.8	0.8350	854	356
nte_08707.jpg	0.056959	0.5109	0.6766	141.4	122.4	0.8433	854	356
nte_08708.jpg	0.054535	0.5031	0.6531	129.8	127.8	0.8345	854	356
nte_08709.jpg	0.055337	0.5063	0.6400	133.8	125.8	0.8291	854	356
nte_08710.jpg	0.052072	0.5070	0.6409	134.4	117.8	0.8354	854	356
nte_08711.jpg	0.053105	0.5039	0.6325	130.1	124.1	0.7847	854	356
nte_08712.jpg	0.053477	0.5043	0.6353	132.4	122.8	0.8242	854	356
nte_08712.jpg	0.002224	0.1751	0.4292	36.2	18.7	0.6118	854	356
nte_08713.jpg	0.051060	0.5023	0.6513	134.1	115.8	0.8218	854	356
nte_08714.jpg	0.052382	0.5035	0.6185	130.4	122.1	0.8047	854	356
nte_08715.jpg	0.047279	0.5020	0.6325	131.8	109.1	0.8145	854	356
nte_08716.jpg	0.048412	0.4996	0.6306	134.1	109.8	0.8418	854	356
nte_08716.jpg	0.000492	0.4527	0.4217	14.0	10.7	0.3140	854	356
nte_08717.jpg	0.049647	0.5012	0.6297	130.8	115.4	0.8477	854	356
nte_08717.jpg	0.000551	0.4492	0.4292	14.3	11.7	0.3513	854	356
nte_08718.jpg	0.049219	0.5020	0.6325	133.1	112.4	0.8540	854	356
nte_08718.jpg	0.000830	0.4449	0.4320	18.0	14.0	0.4087	854	356
nte_08718.jpg	0.000700	0.5469	0.5201	16.3	13.0	0.2976	854	356
nte_08719.jpg	0.048002	0.5031	0.6363	131.8	110.8	0.8193	854	356
nte_08719.jpg	0.000906	0.4352	0.4348	18.3	15.0	0.3735	854	356
nte_08720.jpg	0.049503	0.5023	0.6260	130.8	115.1	0.8291	854	356
nte_08721.jpg	0.047971	0.5016	0.6316	135.8	107.4	0.8535	854	356
nte_08722.jpg	0.050074	0.5016	0.6316	133.4	114.1	0.8818	854	356
nte_08723.jpg	0.047304	0.5023	0.6353	131.4	109.4	0.8535	854	356
nte_08723.jpg	0.003782	0.3434	0.4798	42.0	27.4	0.4077	854	356
nte_08723.jpg	0.002031	0.4133	0.4376	29.9	20.7	0.3564	854	356
nte_08723.jpg	0.001827	0.3584	0.4273	32.0	17.3	0.3372	854	356
nte_08724.jpg	0.045280	0.5031	0.6316	129.8	106.1	0.8716	854	356
nte_08724.jpg	0.013423	0.2797	0.4995	95.6	42.7	0.8706	854	356
nte_08724.jpg	0.003704	0.3533	0.4667	42.2	26.7	0.6890	854	356
nte_08724.jpg	0.002600	0.3926	0.4498	35.4	22.4	0.4893	854	356
nte_08725.jpg	0.045484	0.5008	0.6250	126.8	109.1	0.8691	854	356
nte_08725.jpg	0.005396	0.3455	0.4695	52.9	31.0	0.8188	854	356
nte_08725.jpg	0.014775	0.2607	0.5051	97.6	46.0	0.6597	854	356
nte_08725.jpg	0.003410	0.2879	0.4282	45.7	22.7	0.5557	854	356
nte_08725.jpg	0.062410	0.1061	0.6025	181.1	104.7	0.4170	854	356
nte_08726.jpg	0.045599	0.4984	0.6344	132.8	104.4	0.8564	854	356
nte_08726.jpg	0.040557	0.0780	0.6007	133.4	92.4	0.8413	854	356
nte_08726.jpg	0.023262	0.2314	0.5088	129.3	54.7	0.6611	854	356
nte_08726.jpg	0.006595	0.2139	0.4357	66.1	30.4	0.4060	854	356
nte_08727.jpg	0.041531	0.4938	0.6353	122.1	103.4	0.7910	854	356
nte_08728.jpg	0.043281	0.5047	0.6166	124.4	105.7	0.8530	854	356
nte_08729.jpg	0.045087	0.5035	0.6119	126.4	108.4	0.8286	854	356
nte_08730.jpg	0.047821	0.5012	0.6222	127.4	114.1	0.8521	854	356
nte_08731.jpg	0.046148	0.5020	0.6175	124.4	112.8	0.8545	854	356
nte_08732.jpg	0.047168	0.5008	0.6110	126.4	113.4	0.8579	854	356
nte_08733.jpg	0.046932	0.4996	0.6175	125.4	113.8	0.8550	854	356
nte_08734.jpg	0.044655	0.5016	0.6194	120.8	112.4	0.8555	854	356
nte_08735.jpg	0.044152	0.5016	0.6128	123.4	108.8	0.8062	854	356
nte_08736.jpg	0.045826	0.5012	0.6203	121.8	114.4	0.8784	854	356
nte_08737.jpg	0.044799	0.5020	0.6175	124.1	109.8	0.8545	854	356
nte_08737.jpg	0.002343	0.3727	0.3889	33.4	21.3	0.7417	854	356
nte_08738.jpg	0.043913	0.5035	0.6138	122.8	108.8	0.8804	854	356
nte_08738.jpg	0.004289	0.3088	0.3964	46.5	28.0	0.8208	854	356
nte_08738.jpg	0.003338	0.6070	0.3767	38.0	26.7	0.3667	854	356
nte_08739.jpg	0.009855	0.2311	0.4161	75.5	39.7	0.8682	854	356
nte_08739.jpg	0.044843	0.5023	0.6166	123.1	110.8	0.8667	854	356
nte_08739.jpg	0.002952	0.6461	0.4048	37.4	24.0	0.6201	854	356
nte_08739.jpg	0.002511	0.6184	0.3804	32.7	23.4	0.4458	854	356
nte_08740.jpg	0.043815	0.5000	0.6213	126.8	105.1	0.8481	854	356
nte_08740.jpg	0.007126	0.7004	0.4310	63.0	34.4	0.7417	854	356
nte_08740.jpg	0.004758	0.6520	0.3954	44.7	32.4	0.3945	854	356
nte_08740.jpg	0.024851	0.0754	0.4357	128.7	58.7	0.2644	854	356
nte_08740.jpg	0.001853	0.2727	0.3823	40.2	14.0	0.2524	854	356
nte_08741.jpg	0.043492	0.5035	0.6166	123.1	107.4	0.8521	854	356
nte_08741.jpg	0.025520	0.8016	0.4807	138.4	56.0	0.8311	854	356
nte_08741.jpg	0.003941	0.6633	0.3983	37.0	32.4	0.4712	854	356
nte_08741.jpg	0.008929	0.7133	0.4161	57.7	47.0	0.3767	854	356
nte_08742.jpg	0.043462	0.5027	0.6100	120.8	109.4	0.8833	854	356
nte_08742.jpg	0.048918	0.8367	0.4779	173.5	85.7	0.8408	854	356
nte_08742.jpg	0.012731	0.7234	0.4301	78.4	49.4	0.5908	854	356
nte_08742.jpg	0.007965	0.7082	0.3992	56.7	42.7	0.3376	854	356
nte_08743.jpg	0.045834	0.5039	0.6147	121.4	114.8	0.8555	854	356
nte_08743.jpg	0.062202	0.8852	0.5107	196.2	96.4	0.8066	854	356
nte_08743.jpg	0.003433	0.0199	0.4226	34.0	30.7	0.5322	854	356
nte_08743.jpg	0.032135	0.8383	0.4638	115.8	84.4	0.3198	854	356
nte_08744.jpg	0.045137	0.5027	0.6110	122.4	112.1	0.8398	854	356
nte_08745.jpg	0.044223	0.5035	0.6100	121.8	110.4	0.8564	854	356
nte_08746.jpg	0.045003	0.5023	0.6082	122.4	111.8	0.8647	854	356
nte_08747.jpg	0.044135	0.5027	0.6166	123.8	108.4	0.8188	854	356
nte_08748.jpg	0.045888	0.5023	0.6166	124.1	112.4	0.8359	854	356
nte_08749.jpg	0.043674	0.5027	0.6100	122.1	108.8	0.8413	854	356
nte_08749.jpg	0.001377	0.5316	0.3589	22.0	19.0	0.2627	854	356
nte_08750.jpg	0.045329	0.5016	0.6166	124.4	110.8	0.8496	854	356
nte_08751.jpg	0.044829	0.5023	0.6203	123.4	110.4	0.8359	854	356
nte_08751.jpg	0.000972	0.7230	0.3730	19.7	15.0	0.2949	854	356
nte_08752.jpg	0.043197	0.5039	0.6110	120.8	108.8	0.8677	854	356
nte_08753.jpg	0.042813	0.5035	0.6138	120.4	108.1	0.8687	854	356
nte_08754.jpg	0.043185	0.5031	0.6128	123.8	106.1	0.7925	854	356
nte_08755.jpg	0.041799	0.5035	0.6194	122.1	104.1	0.8315	854	356
nte_08755.jpg	0.001560	0.3195	0.4001	29.0	16.3	0.3518	854	356
nte_08756.jpg	0.042785	0.5035	0.6119	121.1	107.4	0.8618	854	356
nte_08756.jpg	0.001853	0.3203	0.3983	31.9	17.7	0.4797	854	356
nte_08757.jpg	0.041172	0.5020	0.6175	123.4	101.4	0.8599	854	356
nte_08757.jpg	0.004625	0.2529	0.4114	58.5	24.0	0.7949	854	356
nte_08757.jpg	0.001201	0.3766	0.3964	26.7	13.7	0.5342	854	356
nte_08757.jpg	0.010953	0.1574	0.4254	108.5	30.7	0.3687	854	356
nte_08758.jpg	0.045282	0.4984	0.6082	127.8	107.8	0.8120	854	356
nte_08758.jpg	0.013016	0.1321	0.4414	109.8	36.0	0.3818	854	356
nte_08759.jpg	0.045656	0.4988	0.6241	130.4	106.4	0.8511	854	356
nte_08760.jpg	0.044978	0.5027	0.6110	123.1	111.1	0.8408	854	356
nte_08761.jpg	0.042486	0.4957	0.6128	121.8	106.1	0.8359	854	356
nte_08762.jpg	0.043002	0.4992	0.6288	129.8	100.7	0.8247	854	356
nte_08763.jpg	0.043006	0.5000	0.6278	126.4	103.4	0.8193	854	356
nte_08764.jpg	0.042123	0.5020	0.6082	117.8	108.8	0.8730	854	356
nte_08765.jpg	0.041774	0.4980	0.6063	116.4	109.1	0.8428	854	356
nte_08766.jpg	0.044257	0.5023	0.6091	120.8	111.4	0.8105	854	356
nte_08767.jpg	0.044778	0.5016	0.6091	121.1	112.4	0.8501	854	356
nte_08767.jpg	0.000445	0.4445	0.3308	15.0	9.0	0.3535	854	356
nte_08768.jpg	0.042418	0.4996	0.6082	116.1	111.1	0.8584	854	356
nte_08769.jpg	0.042931	0.4980	0.6110	115.8	112.8	0.8408	854	356
nte_08769.jpg	0.000385	0.4293	0.3364	13.0	9.0	0.3308	854	356
nte_08769.jpg	0.000439	0.4441	0.3298	13.3	10.0	0.2549	854	356
nte_08770.jpg	0.048365	0.5027	0.6147	121.8	120.8	0.8066	854	356
nte_08770.jpg	0.000666	0.4410	0.3289	17.3	11.7	0.3123	854	356
nte_08771.jpg	0.042056	0.4988	0.6072	114.8	111.4	0.8774	854	356
nte_08771.jpg	0.000669	0.3982	0.3467	19.7	10.3	0.3701	854	356
nte_08772.jpg	0.042188	0.4988	0.6082	114.1	112.4	0.8696	854	356
nte_08772.jpg	0.001141	0.3770	0.3542	25.4	13.7	0.6958	854	356
nte_08772.jpg	0.000969	0.4328	0.3289	21.0	14.0	0.2820	854	356
nte_08773.jpg	0.046562	0.5004	0.6250	127.4	111.1	0.7671	854	356
nte_08774.jpg	0.046161	0.5000	0.6100	124.1	113.1	0.8755	854	356
nte_08774.jpg	0.004243	0.2773	0.3861	56.0	23.0	0.5029	854	356
nte_08774.jpg	0.002925	0.5914	0.3270	43.7	20.3	0.3079	854	356
nte_08775.jpg	0.043157	0.5004	0.6035	117.8	111.4	0.8726	854	356
nte_08776.jpg	0.041070	0.4980	0.6053	113.4	110.1	0.8838	854	356
nte_08777.jpg	0.043031	0.4988	0.6147	126.1	103.7	0.8379	854	356
nte_08778.jpg	0.044592	0.5020	0.6110	125.4	108.1	0.7930	854	356
nte_08778.jpg	0.005412	0.6504	0.3261	64.0	25.7	0.5483	854	356
nte_08779.jpg	0.047320	0.5016	0.6128	126.1	114.1	0.8569	854	356
nte_08780.jpg	0.043436	0.5008	0.6100	121.4	108.8	0.7832	854	356
nte_08781.jpg	0.040894	0.5012	0.6260	126.8	98.1	0.8560	854	356
nte_08781.jpg	0.014272	0.7309	0.3373	105.7	41.0	0.3135	854	356
nte_08782.jpg	0.041746	0.5000	0.6269	128.1	99.1	0.8262	854	356
nte_08783.jpg	0.039980	0.5063	0.6241	123.1	98.7	0.7168	854	356
nte_08783.jpg	0.037009	0.8898	0.3430	182.8	61.5	0.5732	854	356
nte_08783.jpg	0.006272	0.8062	0.3505	51.0	37.4	0.3572	854	356
nte_08784.jpg	0.040645	0.5051	0.6269	115.8	106.8	0.8311	854	356
nte_08785.jpg	0.042647	0.5020	0.6250	127.4	101.7	0.7666	854	356
nte_08786.jpg	0.046297	0.5039	0.6175	124.1	113.4	0.7402	854	356
nte_08787.jpg	0.041525	0.5035	0.6306	119.8	105.4	0.7896	854	356
nte_08788.jpg	0.046684	0.5035	0.6082	127.8	111.1	0.8594	854	356
nte_08789.jpg	0.048499	0.5012	0.6250	130.8	112.8	0.2964	854	356
nte_08790.jpg	0.002298	0.9641	0.3580	28.7	24.4	0.2542	854	356
nte_08791.jpg	0.002278	0.0095	0.1556	16.3	42.5	0.3242	854	356
nte_08791.jpg	0.052481	0.4945	0.6119	137.4	116.1	0.3052	854	356
nte_08792.jpg	0.051019	0.4941	0.6128	134.8	115.1	0.5791	854	356
nte_08792.jpg	0.001987	0.0221	0.1926	25.5	23.7	0.4370	854	356
nte_08793.jpg	0.043415	0.5008	0.6156	117.8	112.1	0.8086	854	356
nte_08794.jpg	0.038879	0.5031	0.6316	121.8	97.1	0.8169	854	356
nte_08794.jpg	0.000896	0.2182	0.2460	20.7	13.2	0.4927	854	356
nte_08795.jpg	0.043947	0.5020	0.6138	115.4	115.8	0.8467	854	356
nte_08796.jpg	0.043524	0.5043	0.6072	118.8	111.4	0.8447	854	356
nte_08796.jpg	0.000749	0.3184	0.2755	15.5	14.7	0.5146	854	356
nte_08797.jpg	0.042912	0.5023	0.6063	117.1	111.4	0.8521	854	356
nte_08797.jpg	0.003384	0.1973	0.3092	46.0	22.4	0.2764	854	356
nte_08798.jpg	0.046234	0.5008	0.6119	121.4	115.8	0.8623	854	356
nte_08798.jpg	0.004742	0.1901	0.3364	57.6	25.0	0.5356	854	356
nte_08799.jpg	0.007569	0.1874	0.3767	76.6	30.0	0.8428	854	356
nte_08799.jpg	0.047105	0.4984	0.6147	127.8	112.1	0.7812	854	356
nte_08800.jpg	0.017327	0.0873	0.4086	129.4	40.7	0.8618	854	356
nte_08800.jpg	0.046308	0.4996	0.6138	123.8	113.8	0.8301	854	356
nte_08801.jpg	0.044502	0.5039	0.6110	121.4	111.4	0.8721	854	356
nte_08801.jpg	0.004611	0.3172	0.3233	44.7	31.4	0.5479	854	356
nte_08801.jpg	0.004848	0.0168	0.4226	28.7	51.4	0.3630	854	356
nte_08802.jpg	0.043384	0.4992	0.6119	119.1	110.8	0.8184	854	356
nte_08802.jpg	0.007420	0.2904	0.3252	60.4	37.4	0.3757	854	356
nte_08803.jpg	0.044655	0.4980	0.6100	120.8	112.4	0.8711	854	356
nte_08803.jpg	0.012234	0.2363	0.3289	76.9	48.4	0.7324	854	356
nte_08804.jpg	0.022237	0.1726	0.3345	112.6	60.0	0.8950	854	356
nte_08804.jpg	0.044311	0.4992	0.6119	118.4	113.8	0.8525	854	356
nte_08805.jpg	0.037116	0.0763	0.3505	130.1	86.7	0.8818	854	356
nte_08805.jpg	0.047093	0.5000	0.6297	124.8	114.8	0.7593	854	356
nte_08806.jpg	0.049240	0.5008	0.6166	126.8	118.1	0.8447	854	356
nte_08807.jpg	0.045788	0.4984	0.6100	123.1	113.1	0.8809	854	356
nte_08808.jpg	0.045674	0.4992	0.6091	122.4	113.4	0.8179	854	356
nte_08809.jpg	0.045192	0.4973	0.6100	120.4	114.1	0.8682	854	356
nte_08810.jpg	0.046346	0.5004	0.6072	122.4	115.1	0.7988	854	356
nte_08811.jpg	0.052158	0.5004	0.6147	127.1	124.8	0.8301	854	356
nte_08812.jpg	0.046234	0.5066	0.6091	121.4	115.8	0.8530	854	356
nte_08813.jpg	0.052278	0.5016	0.5875	123.4	128.8	0.7046	854	356
nte_08814.jpg	0.045826	0.5012	0.6072	121.8	114.4	0.7476	854	356
nte_08815.jpg	0.047011	0.5004	0.6119	122.8	116.4	0.6714	854	356
nte_08816.jpg	0.040932	0.4980	0.6231	118.4	105.1	0.6909	854	356
nte_08817.jpg	0.044935	0.5051	0.6063	120.1	113.8	0.8462	854	356
nte_08818.jpg	0.046900	0.5047	0.6016	121.4	117.4	0.8477	854	356
nte_08818.jpg	0.001502	0.6203	0.3692	36.0	12.7	0.2642	854	356
nte_08818.jpg	0.000324	0.4848	0.3655	11.3	8.7	0.2522	854	356
nte_08819.jpg	0.043316	0.5031	0.6241	121.1	108.8	0.8057	854	356
nte_08819.jpg	0.000695	0.4242	0.3926	16.7	12.7	0.4897	854	356
nte_08819.jpg	0.002185	0.2824	0.3973	42.4	15.7	0.3496	854	356
nte_08820.jpg	0.042234	0.5043	0.6363	123.8	103.7	0.8076	854	356
nte_08820.jpg	0.004007	0.2604	0.4086	53.7	22.7	0.3599	854	356
nte_08820.jpg	0.000803	0.4187	0.4029	17.0	14.3	0.3003	854	356
nte_08821.jpg	0.004723	0.2229	0.4357	60.6	23.7	0.8281	854	356
nte_08821.jpg	0.038666	0.5051	0.6325	121.1	97.1	0.8130	854	356
nte_08821.jpg	0.001142	0.4129	0.4086	20.0	17.3	0.5308	854	356
nte_08821.jpg	0.000385	0.4848	0.3739	13.0	9.0	0.2932	854	356
nte_08821.jpg	0.000389	0.4617	0.3673	12.7	9.3	0.2551	854	356
nte_08822.jpg	0.007265	0.1599	0.4667	69.0	32.0	0.8394	854	356
nte_08822.jpg	0.040623	0.5055	0.6156	119.4	103.4	0.7783	854	356
nte_08822.jpg	0.001237	0.4066	0.4151	21.7	17.3	0.7075	854	356
nte_08823.jpg	0.012248	0.0457	0.4938	78.1	47.7	0.8125	854	356
nte_08823.jpg	0.039291	0.5059	0.6213	119.8	99.7	0.8076	854	356
nte_08823.jpg	0.001364	0.3979	0.4170	23.0	18.0	0.6406	854	356
nte_08824.jpg	0.038920	0.5047	0.6175	119.4	99.1	0.8262	854	356
nte_08824.jpg	0.001898	0.3873	0.4207	27.0	21.4	0.8115	854	356
nte_08825.jpg	0.038478	0.5047	0.6269	121.8	96.1	0.8555	854	356
nte_08825.jpg	0.002445	0.3936	0.4273	30.5	24.4	0.7915	854	356
nte_08825.jpg	0.000363	0.4332	0.3692	10.7	10.3	0.3767	854	356
nte_08826.jpg	0.040080	0.5035	0.6166	119.8	101.7	0.8022	854	356
nte_08826.jpg	0.003710	0.3752	0.4329	38.9	29.0	0.7769	854	356
nte_08826.jpg	0.000387	0.4211	0.3655	11.0	10.7	0.2661	854	356
nte_08827.jpg	0.040718	0.5035	0.6147	120.1	103.1	0.8320	854	356
nte_08827.jpg	0.006535	0.3420	0.4367	52.7	37.7	0.8223	854	356
nte_08827.jpg	0.000515	0.3957	0.3476	12.7	12.3	0.4023	854	356
nte_08828.jpg	0.012211	0.2918	0.4376	80.1	46.4	0.8691	854	356
nte_08828.jpg	0.042417	0.5039	0.6119	120.4	107.1	0.8540	854	356
nte_08828.jpg	0.000966	0.3576	0.3158	18.3	16.0	0.4934	854	356
nte_08829.jpg	0.037226	0.1816	0.4685	150.1	75.4	0.8931	854	356
nte_08829.jpg	0.044789	0.5000	0.6128	128.8	105.7	0.8594	854	356
nte_08830.jpg	0.044964	0.5027	0.6082	123.4	110.8	0.8623	854	356
nte_08831.jpg	0.046361	0.5020	0.6110	121.8	115.8	0.8540	854	356
nte_08832.jpg	0.047735	0.5004	0.6100	126.1	115.1	0.8481	854	356
nte_08833.jpg	0.046382	0.5004	0.6072	125.4	112.4	0.8418	854	356
nte_08834.jpg	0.041488	0.5023	0.6241	122.8	102.7	0.7935	854	356
nte_08835.jpg	0.047701	0.5043	0.6063	119.8	121.1	0.8716	854	356
nte_08836.jpg	0.040672	0.5031	0.6250	118.4	104.4	0.6748	854	356
nte_08837.jpg	0.049141	0.5031	0.5978	119.4	125.1	0.6943	854	356
nte_08838.jpg	0.047967	0.5047	0.6044	120.4	121.1	0.7417	854	356
nte_08839.jpg	0.042458	0.5043	0.6185	119.4	108.1	0.7373	854	356
nte_08840.jpg	0.048481	0.5043	0.5969	119.1	123.8	0.7651	854	356
nte_08841.jpg	0.041571	0.5000	0.6100	112.4	112.4	0.7144	854	356
nte_08842.jpg	0.040059	0.5047	0.6250	120.1	101.4	0.7104	854	356
nte_08843.jpg	0.037318	0.5047	0.6344	118.1	96.1	0.8022	854	356
nte_08843.jpg	0.002946	0.3916	0.2633	37.0	24.2	0.6958	854	356
nte_08844.jpg	0.008107	0.3313	0.3177	65.4	37.7	0.8433	854	356
nte_08844.jpg	0.048339	0.5047	0.5941	118.4	124.1	0.8047	854	356
nte_08845.jpg	0.043039	0.1615	0.4620	169.8	77.1	0.6509	854	356
nte_08845.jpg	0.040645	0.5020	0.6156	115.8	106.8	0.5581	854	356
nte_08846.jpg	0.045740	0.5031	0.5988	117.4	118.4	0.7500	854	356
nte_08847.jpg	0.044223	0.5051	0.6100	121.8	110.4	0.7964	854	356
nte_08848.jpg	0.045317	0.5039	0.6147	120.8	114.1	0.8706	854	356
nte_08849.jpg	0.045952	0.5035	0.6194	122.1	114.4	0.8203	854	356
nte_08849.jpg	0.005135	0.7113	0.3542	55.7	28.0	0.3704	854	356
nte_08850.jpg	0.045344	0.5027	0.6250	124.1	111.1	0.8735	854	356
nte_08851.jpg	0.044488	0.5027	0.6344	127.1	106.4	0.8618	854	356
nte_08852.jpg	0.048901	0.5023	0.6372	128.4	115.8	0.8574	854	356
nte_08853.jpg	0.044161	0.5027	0.6428	127.8	105.1	0.8501	854	356
nte_08854.jpg	0.050030	0.4996	0.6438	136.1	111.8	0.8555	854	356
nte_08855.jpg	0.048610	0.4996	0.6531	138.4	106.8	0.8545	854	356
nte_08855.jpg	0.001156	0.3697	0.4310	25.7	13.7	0.3572	854	356
nte_08856.jpg	0.051511	0.4980	0.6531	144.4	108.4	0.8350	854	356
nte_08856.jpg	0.001876	0.3404	0.4432	33.5	17.0	0.7700	854	356
nte_08857.jpg	0.052693	0.4965	0.6475	143.8	111.4	0.8262	854	356
nte_08857.jpg	0.003946	0.2855	0.4563	51.4	23.4	0.2637	854	356
nte_08858.jpg	0.047737	0.5004	0.6494	139.4	104.1	0.8013	854	356
nte_08858.jpg	0.012070	0.1619	0.4807	96.5	38.0	0.3386	854	356
nte_08859.jpg	0.048723	0.4973	0.6438	142.8	103.7	0.8105	854	356
nte_08860.jpg	0.047109	0.5031	0.6316	132.1	108.4	0.8354	854	356
nte_08861.jpg	0.050153	0.5035	0.6194	132.1	115.4	0.8271	854	356
nte_08862.jpg	0.050678	0.5031	0.6147	130.1	118.4	0.8364	854	356
nte_08863.jpg	0.046124	0.5047	0.6231	127.8	109.8	0.8403	854	356
nte_08864.jpg	0.042424	0.5039	0.6278	126.8	101.7	0.8447	854	356
nte_08865.jpg	0.042650	0.5020	0.6306	130.4	99.4	0.8452	854	356
nte_08866.jpg	0.042980	0.5047	0.6306	126.8	103.1	0.8203	854	356
nte_08867.jpg	0.049028	0.5039	0.6222	128.8	115.8	0.8203	854	356
nte_08867.jpg	0.001010	0.3666	0.4442	23.0	13.3	0.4490	854	356
nte_08867.jpg	0.000465	0.4340	0.4301	13.7	10.3	0.3625	854	356
nte_08868.jpg	0.049198	0.5047	0.6288	131.1	114.1	0.8428	854	356
nte_08868.jpg	0.001875	0.3295	0.4489	32.9	17.3	0.5908	854	356
nte_08868.jpg	0.000835	0.4180	0.4432	20.0	12.7	0.4587	854	356
nte_08868.jpg	0.004151	0.8555	0.4620	54.0	23.4	0.3264	854	356
nte_08869.jpg	0.004080	0.2629	0.4620	52.4	23.7	0.8384	854	356
nte_08869.jpg	0.048387	0.5047	0.6438	136.1	108.1	0.8193	854	356
nte_08869.jpg	0.001631	0.3928	0.4479	27.0	18.3	0.7476	854	356
nte_08869.jpg	0.000488	0.4320	0.4357	15.3	9.7	0.2664	854	356
nte_08870.jpg	0.011664	0.1481	0.4816	105.2	33.7	0.8218	854	356
nte_08870.jpg	0.053798	0.5063	0.6335	135.4	120.8	0.8145	854	356
nte_08870.jpg	0.002772	0.3588	0.4563	38.9	21.7	0.7954	854	356
nte_08870.jpg	0.000718	0.4176	0.4395	17.7	12.3	0.6147	854	356
nte_08871.jpg	0.051576	0.5043	0.6475	137.4	114.1	0.8208	854	356
nte_08871.jpg	0.008860	0.2732	0.4816	78.4	34.4	0.7402	854	356
nte_08872.jpg	0.050554	0.5043	0.6513	138.8	110.8	0.8506	854	356
nte_08872.jpg	0.002542	0.3713	0.4535	36.2	21.4	0.7607	854	356
nte_08872.jpg	0.040948	0.0952	0.5594	163.0	76.4	0.3333	854	356
nte_08873.jpg	0.005792	0.3152	0.4713	57.4	30.7	0.8418	854	356
nte_08873.jpg	0.054548	0.5047	0.6484	142.4	116.4	0.7905	854	356
nte_08873.jpg	0.000942	0.7812	0.4179	26.0	11.0	0.3499	854	356
nte_08874.jpg	0.021045	0.1962	0.5079	127.0	50.4	0.8574	854	356
nte_08874.jpg	0.058906	0.5051	0.6381	142.8	125.4	0.7930	854	356
nte_08875.jpg	0.055533	0.5047	0.6550	143.8	117.4	0.8379	854	356
nte_08875.jpg	0.000772	0.8023	0.4470	20.7	11.3	0.2830	854	356
nte_08876.jpg	0.054807	0.5043	0.6625	144.8	115.1	0.8398	854	356
nte_08876.jpg	0.000494	0.4453	0.4357	15.0	10.0	0.3635	854	356
nte_08877.jpg	0.058493	0.5059	0.6494	141.8	125.4	0.7803	854	356
nte_08878.jpg	0.062099	0.5055	0.6400	145.1	130.1	0.8110	854	356
nte_08878.jpg	0.000757	0.4289	0.4414	17.7	13.0	0.4265	854	356
nte_08879.jpg	0.056982	0.5039	0.6616	147.1	117.8	0.8457	854	356
nte_08879.jpg	0.001023	0.4168	0.4451	21.7	14.3	0.4990	854	356
nte_08880.jpg	0.055345	0.5043	0.6606	144.1	116.8	0.8188	854	356
nte_08881.jpg	0.064328	0.5055	0.6409	145.1	134.8	0.7930	854	356
nte_08882.jpg	0.007615	0.2906	0.4826	73.1	31.7	0.8462	854	356
nte_08882.jpg	0.058786	0.5051	0.6606	146.8	121.8	0.7759	854	356
nte_08883.jpg	0.054966	0.5023	0.6616	141.1	118.4	0.7798	854	356
nte_08883.jpg	0.038972	0.1146	0.5332	195.2	60.7	0.7041	854	356
nte_08884.jpg	0.067959	0.5035	0.6325	147.1	140.4	0.8340	854	356
nte_08885.jpg	0.058214	0.5023	0.6625	147.8	119.8	0.8237	854	356
nte_08886.jpg	0.058947	0.5023	0.6569	146.8	122.1	0.7832	854	356
nte_08887.jpg	0.066334	0.5051	0.6344	147.4	136.8	0.8003	854	356
nte_08888.jpg	0.065407	0.5027	0.6456	152.5	130.4	0.7949	854	356
nte_08889.jpg	0.064590	0.5043	0.6475	149.8	131.1	0.7876	854	356
nte_08889.jpg	0.001002	0.3803	0.4376	24.7	12.3	0.3125	854	356
nte_08890.jpg	0.066687	0.5051	0.6335	146.4	138.4	0.7661	854	356
nte_08891.jpg	0.060723	0.5031	0.6644	152.5	121.1	0.8296	854	356
nte_08892.jpg	0.061031	0.5000	0.6672	157.1	118.1	0.8296	854	356
nte_08893.jpg	0.063852	0.5035	0.6513	148.4	130.8	0.6421	854	356
nte_08894.jpg	0.056649	0.5051	0.6691	148.8	115.8	0.8174	854	356
nte_08895.jpg	0.057167	0.5027	0.6737	152.8	113.8	0.8613	854	356
nte_08895.jpg	0.009312	0.4973	0.4910	88.4	32.0	0.2844	854	356
nte_08896.jpg	0.062315	0.5063	0.6541	149.4	126.8	0.7930	854	356
nte_08896.jpg	0.000424	0.3775	0.4292	14.8	8.7	0.3220	854	356
nte_08897.jpg	0.061459	0.5063	0.6438	141.4	132.1	0.7773	854	356
nte_08897.jpg	0.000849	0.5281	0.4339	19.3	13.3	0.5317	854	356
nte_08898.jpg	0.055060	0.5090	0.6644	145.4	115.1	0.8379	854	356
nte_08898.jpg	0.000892	0.5406	0.4339	19.3	14.0	0.3828	854	356
nte_08899.jpg	0.053888	0.5051	0.6550	144.4	113.4	0.8481	854	356
nte_08899.jpg	0.000946	0.5504	0.4348	18.3	15.7	0.6592	854	356
nte_08899.jpg	0.000644	0.3654	0.4282	18.3	10.7	0.3713	854	356
nte_08900.jpg	0.057773	0.5008	0.6419	145.4	120.8	0.8330	854	356
nte_08900.jpg	0.001142	0.5570	0.4367	20.0	17.3	0.6069	854	356
nte_08901.jpg	0.051903	0.5031	0.6391	137.1	115.1	0.8252	854	356
nte_08901.jpg	0.001585	0.5680	0.4385	23.7	20.3	0.6289	854	356
nte_08902.jpg	0.048994	0.5000	0.6363	132.1	112.8	0.8667	854	356
nte_08902.jpg	0.002131	0.5797	0.4414	27.4	23.7	0.7925	854	356
nte_08902.jpg	0.001062	0.4020	0.4385	24.2	13.3	0.3462	854	356
nte_08903.jpg	0.048464	0.5023	0.6353	133.4	110.4	0.8784	854	356
nte_08903.jpg	0.003558	0.5945	0.4460	36.0	30.0	0.7441	854	356
nte_08904.jpg	0.046793	0.5004	0.6372	134.1	106.1	0.8569	854	356
nte_08904.jpg	0.005015	0.6145	0.4592	45.7	33.4	0.7905	854	356
nte_08904.jpg	0.002504	0.3510	0.4535	40.0	19.0	0.7212	854	356
nte_08905.jpg	0.044622	0.5031	0.6335	129.1	105.1	0.8823	854	356
nte_08905.jpg	0.011425	0.6488	0.4751	68.1	51.0	0.8516	854	356
nte_08905.jpg	0.005268	0.3014	0.4648	61.5	26.0	0.8247	854	356
nte_08906.jpg	0.031897	0.7176	0.5098	124.8	77.7	0.9028	854	356
nte_08906.jpg	0.044093	0.5027	0.6278	126.8	105.7	0.8647	854	356
nte_08906.jpg	0.012463	0.2072	0.4826	105.2	36.0	0.8276	854	356
nte_08907.jpg	0.044527	0.5012	0.6175	124.1	109.1	0.8340	854	356
nte_08907.jpg	0.247664	0.8750	0.5004	215.2	349.9	0.5063	854	356
nte_08908.jpg	0.051356	0.5008	0.6166	131.1	119.1	0.8662	854	356
nte_08909.jpg	0.049455	0.4980	0.6419	139.1	108.1	0.8330	854	356
nte_08910.jpg	0.058026	0.4961	0.6278	141.8	124.4	0.8276	854	356
nte_08911.jpg	0.055866	0.5012	0.6288	139.1	122.1	0.8213	854	356
nte_08912.jpg	0.052985	0.4984	0.6484	145.4	110.8	0.8062	854	356
nte_08913.jpg	0.053067	0.4996	0.6606	147.4	109.4	0.8281	854	356
nte_08914.jpg	0.061302	0.5020	0.6466	145.1	128.4	0.7480	854	356
nte_08915.jpg	0.055222	0.5000	0.6606	149.8	112.1	0.8574	854	356
nte_08916.jpg	0.055217	0.5000	0.6672	151.1	111.1	0.8701	854	356
nte_08917.jpg	0.054992	0.5039	0.6616	146.1	114.4	0.8252	854	356
nte_08918.jpg	0.064349	0.5047	0.6363	144.4	135.4	0.8491	854	356
nte_08919.jpg	0.059254	0.5000	0.6578	152.1	118.4	0.8433	854	356
nte_08920.jpg	0.057267	0.5031	0.6700	149.1	116.8	0.8057	854	356
nte_08920.jpg	0.001801	0.7152	0.4517	44.4	12.3	0.3396	854	356
nte_08921.jpg	0.067029	0.5051	0.6419	145.4	140.1	0.8066	854	356
nte_08922.jpg	0.066375	0.5051	0.6363	146.1	138.1	0.8311	854	356
nte_08922.jpg	0.002092	0.3000	0.4479	42.4	15.0	0.5742	854	356
nte_08923.jpg	0.056592	0.5051	0.6672	147.8	116.4	0.8315	854	356
nte_08923.jpg	0.003492	0.2670	0.4545	54.9	19.3	0.6914	854	356
nte_08924.jpg	0.055601	0.5035	0.6606	144.8	116.8	0.8184	854	356
nte_08924.jpg	0.005757	0.1993	0.4742	63.2	27.7	0.6685	854	356
nte_08925.jpg	0.063984	0.5043	0.6400	145.8	133.4	0.7983	854	356
nte_08926.jpg	0.057557	0.5043	0.6606	146.1	119.8	0.8057	854	356
nte_08927.jpg	0.059456	0.5051	0.6653	146.4	123.4	0.8076	854	356
nte_08928.jpg	0.064466	0.5051	0.6447	149.1	131.4	0.8081	854	356
nte_08929.jpg	0.057662	0.5051	0.6653	148.4	118.1	0.8369	854	356
nte_08930.jpg	0.062853	0.5055	0.6503	148.8	128.4	0.7920	854	356
nte_08930.jpg	0.000698	0.4211	0.4357	17.7	12.0	0.4761	854	356
nte_08931.jpg	0.065363	0.5059	0.6363	147.4	134.8	0.8213	854	356
nte_08931.jpg	0.000656	0.4066	0.4376	18.7	10.7	0.3696	854	356
nte_08932.jpg	0.057139	0.5051	0.6691	148.8	116.8	0.8418	854	356
nte_08932.jpg	0.001098	0.3846	0.4479	25.0	13.3	0.6577	854	356
nte_08932.jpg	0.000456	0.4238	0.4385	14.3	9.7	0.3633	854	356
nte_08933.jpg	0.057206	0.5035	0.6700	151.1	115.1	0.8262	854	356
nte_08933.jpg	0.002275	0.3455	0.4535	39.9	17.3	0.5796	854	356
nte_08933.jpg	0.000684	0.4105	0.4395	18.3	11.3	0.3276	854	356
nte_08934.jpg	0.053464	0.4988	0.6747	145.4	111.8	0.8286	854	356
nte_08934.jpg	0.007215	0.2727	0.4751	74.7	29.4	0.8193	854	356
nte_08934.jpg	0.001390	0.3482	0.4470	25.9	16.3	0.7715	854	356
nte_08934.jpg	0.000967	0.3928	0.4460	23.2	12.7	0.6519	854	356
nte_08935.jpg	0.059181	0.5004	0.6756	156.8	114.8	0.8687	854	356
nte_08935.jpg	0.001754	0.3611	0.4545	35.5	15.0	0.4517	854	356
nte_08935.jpg	0.002295	0.3029	0.4563	38.0	18.3	0.3135	854	356
nte_08936.jpg	0.061186	0.5031	0.6578	151.1	123.1	0.8257	854	356
nte_08936.jpg	0.004155	0.3047	0.4648	57.4	22.0	0.7822	854	356
nte_08936.jpg	0.005242	0.2270	0.4676	62.0	25.7	0.5371	854	356
nte_08937.jpg	0.065114	0.4988	0.6363	145.4	136.1	0.8354	854	356
nte_08937.jpg	0.026285	0.1181	0.5088	176.1	45.4	0.5635	854	356
nte_08938.jpg	0.062942	0.4984	0.6597	155.5	123.1	0.8271	854	356
nte_08939.jpg	0.065047	0.4977	0.6484	152.8	129.4	0.8223	854	356
nte_08939.jpg	0.001824	0.6051	0.4245	35.4	15.7	0.4189	854	356
nte_08940.jpg	0.066132	0.4984	0.6419	148.4	135.4	0.8374	854	356
nte_08941.jpg	0.060203	0.4980	0.6653	154.1	118.8	0.8276	854	356
nte_08941.jpg	0.000551	0.4352	0.4207	15.7	10.7	0.3577	854	356
nte_08942.jpg	0.066325	0.4996	0.6663	155.8	129.4	0.8169	854	356
nte_08943.jpg	0.061370	0.5016	0.6503	143.8	129.8	0.8291	854	356
nte_08943.jpg	0.000704	0.4281	0.4207	17.3	12.3	0.3328	854	356
nte_08944.jpg	0.062375	0.4953	0.6550	150.8	125.8	0.8218	854	356
nte_08945.jpg	0.060586	0.4953	0.6616	150.5	122.4	0.8159	854	356
nte_08946.jpg	0.059694	0.4961	0.6691	151.1	120.1	0.7910	854	356
nte_08947.jpg	0.061539	0.4992	0.6728	155.8	120.1	0.8149	854	356
nte_08948.jpg	0.061123	0.4969	0.6644	151.8	122.4	0.8096	854	356
nte_08949.jpg	0.061539	0.4984	0.6681	155.8	120.1	0.8521	854	356
nte_08950.jpg	0.069184	0.5004	0.6578	156.5	134.4	0.8179	854	356
nte_08951.jpg	0.065031	0.4996	0.6597	156.8	126.1	0.8242	854	356
nte_08951.jpg	0.000647	0.3805	0.4357	17.3	11.3	0.2590	854	356
nte_08952.jpg	0.058181	0.4941	0.6719	149.8	118.1	0.8682	854	356
nte_08952.jpg	0.001111	0.3588	0.4460	24.7	13.7	0.3328	854	356
nte_08953.jpg	0.068360	0.4992	0.6869	158.1	131.4	0.8462	854	356
nte_08953.jpg	0.000320	0.4465	0.4292	11.7	8.3	0.2563	854	356
nte_08954.jpg	0.062367	0.5031	0.6625	146.1	129.8	0.8223	854	356
nte_08954.jpg	0.002476	0.2871	0.4582	41.0	18.3	0.4053	854	356
nte_08955.jpg	0.054475	0.5023	0.6663	141.4	117.1	0.8311	854	356
nte_08955.jpg	0.006841	0.1962	0.4723	74.2	28.0	0.7842	854	356
nte_08955.jpg	0.001418	0.2896	0.4507	31.5	13.7	0.4673	854	356
nte_08955.jpg	0.000441	0.4402	0.4264	14.3	9.3	0.4216	854	356
nte_08956.jpg	0.061615	0.4996	0.6691	155.1	120.8	0.8643	854	356
nte_08956.jpg	0.000461	0.4359	0.4273	14.0	10.0	0.5723	854	356
nte_08956.jpg	0.002600	0.2447	0.4545	44.7	17.7	0.4556	854	356
nte_08956.jpg	0.000311	0.4680	0.4245	11.3	8.3	0.3481	854	356
nte_08957.jpg	0.062869	0.5000	0.6794	156.1	122.4	0.8765	854	356
nte_08957.jpg	0.000551	0.4320	0.4254	15.7	10.7	0.4182	854	356
nte_08957.jpg	0.004597	0.1775	0.4620	65.5	21.3	0.2632	854	356
nte_08958.jpg	0.058020	0.5004	0.6663	148.1	119.1	0.8208	854	356
nte_08959.jpg	0.062356	0.4996	0.6709	156.1	121.4	0.8213	854	356
nte_08959.jpg	0.000278	0.4688	0.4236	11.0	7.7	0.3115	854	356
nte_08960.jpg	0.069527	0.5004	0.6934	156.5	135.1	0.7998	854	356
nte_08961.jpg	0.059331	0.5008	0.6700	149.8	120.4	0.8169	854	356
nte_08962.jpg	0.058965	0.4973	0.6466	148.4	120.8	0.8218	854	356
nte_08963.jpg	0.053906	0.4977	0.6588	145.8	112.4	0.8247	854	356
nte_08963.jpg	0.006589	0.8953	0.4742	66.7	30.0	0.3667	854	356
nte_08964.jpg	0.050248	0.4969	0.6550	141.8	107.8	0.8188	854	356
nte_08965.jpg	0.052169	0.4973	0.6466	142.8	111.1	0.8457	854	356
nte_08965.jpg	0.001512	0.3475	0.4329	27.0	17.0	0.5674	854	356
nte_08966.jpg	0.049635	0.5012	0.6316	133.4	113.1	0.8237	854	356
nte_08966.jpg	0.002742	0.3080	0.4357	37.9	22.0	0.7988	854	356
nte_08967.jpg	0.046006	0.4992	0.6344	133.1	105.1	0.8237	854	356
nte_08967.jpg	0.004254	0.2639	0.4423	49.7	26.0	0.7588	854	356
nte_08967.jpg	0.002916	0.7988	0.4123	45.0	19.7	0.3472	854	356
nte_08967.jpg	0.000527	0.3846	0.4310	15.0	10.7	0.2600	854	356
nte_08968.jpg	0.047617	0.4988	0.6297	134.8	107.4	0.8564	854	356
nte_08968.jpg	0.001558	0.3562	0.4367	33.0	14.3	0.7095	854	356
nte_08968.jpg	0.016961	0.1688	0.4198	85.4	60.4	0.3826	854	356
nte_08968.jpg	0.000520	0.4117	0.4264	16.3	9.7	0.2847	854	356
nte_08969.jpg	0.046367	0.4992	0.6306	135.4	104.1	0.8540	854	356
nte_08969.jpg	0.003553	0.2982	0.4507	54.9	19.7	0.7578	854	356
nte_08970.jpg	0.044283	0.5016	0.6288	129.8	103.7	0.8110	854	356
nte_08970.jpg	0.014072	0.1617	0.4770	124.5	34.4	0.7480	854	356
nte_08970.jpg	0.001291	0.3625	0.4357	27.4	14.3	0.7383	854	356
nte_08971.jpg	0.044182	0.4973	0.6185	122.8	109.4	0.8340	854	356
nte_08972.jpg	0.044397	0.4980	0.6297	130.1	103.7	0.8428	854	356
nte_08973.jpg	0.044417	0.5016	0.6250	128.1	105.4	0.8154	854	356
nte_08974.jpg	0.042891	0.4992	0.6306	129.4	100.7	0.8418	854	356
nte_08975.jpg	0.044136	0.5000	0.6316	128.1	104.7	0.8359	854	356
nte_08976.jpg	0.053896	0.5000	0.6559	136.4	120.1	0.8252	854	356
nte_08977.jpg	0.047191	0.5055	0.6475	128.8	111.4	0.8506	854	356
nte_08978.jpg	0.049155	0.5035	0.6409	129.1	115.8	0.8418	854	356
nte_08979.jpg	0.051410	0.4969	0.6409	133.1	117.4	0.8442	854	356
nte_08980.jpg	0.056396	0.4996	0.6531	144.8	118.4	0.8262	854	356
nte_08980.jpg	0.001703	0.2957	0.3889	33.0	15.7	0.3259	854	356
nte_08981.jpg	0.056004	0.5004	0.6419	141.8	120.1	0.8271	854	356
nte_08981.jpg	0.001369	0.2650	0.3739	36.7	11.3	0.3896	854	356
nte_08982.jpg	0.050003	0.5023	0.6325	136.4	111.4	0.8521	854	356
nte_08982.jpg	0.002194	0.2102	0.3655	45.5	14.7	0.4207	854	356
nte_08983.jpg	0.058127	0.4977	0.6175	133.4	132.4	0.7349	854	356
nte_08983.jpg	0.004183	0.1170	0.3542	70.6	18.0	0.2671	854	356
nte_08984.jpg	0.053553	0.4965	0.6325	128.1	127.1	0.8467	854	356
nte_08985.jpg	0.047942	0.5000	0.6494	134.4	108.4	0.8472	854	356
nte_08986.jpg	0.045209	0.5000	0.6250	133.8	102.7	0.8521	854	356
nte_08987.jpg	0.043305	0.4984	0.6269	132.4	99.4	0.8369	854	356
nte_08988.jpg	0.043996	0.5004	0.6335	132.8	100.7	0.8218	854	356
nte_08988.jpg	0.001113	0.2818	0.4535	26.0	13.0	0.3782	854	356
nte_08989.jpg	0.042982	0.5027	0.6241	128.4	101.7	0.8213	854	356
nte_08990.jpg	0.041779	0.5039	0.6185	124.4	102.1	0.8550	854	356
nte_08991.jpg	0.041644	0.5055	0.6185	122.4	103.4	0.8574	854	356
nte_08992.jpg	0.043745	0.5047	0.6203	123.4	107.8	0.8755	854	356
nte_08993.jpg	0.042749	0.5000	0.6353	129.4	100.4	0.8364	854	356
nte_08994.jpg	0.049964	0.5012	0.6260	130.1	116.8	0.8604	854	356
nte_08995.jpg	0.044693	0.5020	0.6203	123.4	110.1	0.8457	854	356
nte_08996.jpg	0.043235	0.5020	0.6306	128.8	102.1	0.8213	854	356
nte_08997.jpg	0.038178	0.5008	0.6306	116.8	99.4	0.8223	854	356
nte_08998.jpg	0.043144	0.4988	0.6335	124.4	105.4	0.8193	854	356
nte_08999.jpg	0.044600	0.4996	0.6166	122.4	110.8	0.8521	854	356
nte_08999.jpg	0.001142	0.6527	0.3617	26.0	13.3	0.3479	854	356
nte_09000.jpg	0.043154	0.4973	0.6175	121.8	107.8	0.8159	854	356
nte_09001.jpg	0.043331	0.4992	0.6231	125.8	104.7	0.8086	854	356
nte_09002.jpg	0.044032	0.4996	0.6185	123.1	108.8	0.8320	854	356
nte_09002.jpg	0.000374	0.4059	0.3664	12.2	9.3	0.3123	854	356
nte_09003.jpg	0.043945	0.4973	0.6156	124.8	107.1	0.8433	854	356
nte_09003.jpg	0.000371	0.4027	0.3683	12.5	9.0	0.3191	854	356
nte_09004.jpg	0.044417	0.4996	0.6231	128.1	105.4	0.8203	854	356
nte_09004.jpg	0.000450	0.3947	0.3645	13.7	10.0	0.4595	854	356
nte_09005.jpg	0.043509	0.4988	0.6147	122.8	107.8	0.8193	854	356
nte_09005.jpg	0.000630	0.3881	0.3664	15.5	12.3	0.6167	854	356
nte_09006.jpg	0.045450	0.4980	0.6128	124.8	110.8	0.8325	854	356
nte_09006.jpg	0.000753	0.3855	0.3673	16.3	14.0	0.6636	854	356
nte_09007.jpg	0.043469	0.4984	0.6316	125.8	105.1	0.8184	854	356
nte_09007.jpg	0.000997	0.3891	0.3673	18.2	16.7	0.7427	854	356
nte_09008.jpg	0.044814	0.4973	0.6156	123.8	110.1	0.8613	854	356
nte_09008.jpg	0.001641	0.3730	0.3701	24.5	20.3	0.8018	854	356
nte_09009.jpg	0.042185	0.5012	0.6128	114.4	112.1	0.8384	854	356
nte_09009.jpg	0.002753	0.3416	0.3748	31.4	26.7	0.6333	854	356
nte_09010.jpg	0.043617	0.5051	0.6222	120.1	110.4	0.8384	854	356
nte_09010.jpg	0.005379	0.2941	0.3851	48.5	33.7	0.7681	854	356
nte_09011.jpg	0.042812	0.5020	0.6166	114.8	113.4	0.8740	854	356
nte_09011.jpg	0.013375	0.2063	0.4086	84.6	48.0	0.8208	854	356
nte_09012.jpg	0.039459	0.5016	0.6316	116.8	102.7	0.7910	854	356
nte_09013.jpg	0.040081	0.5059	0.6335	121.8	100.1	0.8394	854	356
nte_09014.jpg	0.044331	0.4980	0.6128	122.4	110.1	0.8428	854	356
nte_09015.jpg	0.044573	0.4961	0.6138	123.1	110.1	0.8340	854	356
nte_09016.jpg	0.046824	0.5000	0.6138	130.1	109.4	0.8335	854	356
nte_09017.jpg	0.046193	0.4992	0.6185	123.1	114.1	0.8311	854	356
nte_09018.jpg	0.041994	0.5012	0.6344	117.8	108.4	0.8359	854	356
nte_09019.jpg	0.038824	0.5039	0.6325	120.8	97.7	0.8555	854	356
nte_09020.jpg	0.039715	0.4988	0.6325	116.8	103.4	0.8555	854	356
nte_09021.jpg	0.038168	0.4996	0.6241	114.4	101.4	0.8345	854	356
nte_09022.jpg	0.039387	0.5035	0.6306	122.1	98.1	0.8496	854	356
nte_09023.jpg	0.041510	0.5027	0.6250	122.4	103.1	0.8447	854	356
nte_09024.jpg	0.039564	0.5027	0.6335	124.8	96.4	0.8594	854	356
nte_09025.jpg	0.043152	0.5020	0.6353	128.1	102.4	0.8462	854	356
nte_09025.jpg	0.000626	0.6582	0.3973	19.0	10.0	0.3115	854	356
nte_09026.jpg	0.038723	0.5016	0.6316	118.4	99.4	0.8384	854	356
nte_09026.jpg	0.003122	0.6852	0.4039	54.7	17.3	0.3669	854	356
nte_09027.jpg	0.038316	0.5051	0.6306	122.1	95.4	0.8789	854	356
nte_09027.jpg	0.000483	0.3344	0.4132	14.7	10.0	0.3921	854	356
nte_09028.jpg	0.038717	0.5063	0.6269	120.4	97.7	0.8379	854	356
nte_09028.jpg	0.000776	0.3287	0.4179	17.7	13.3	0.5405	854	356
nte_09029.jpg	0.037902	0.5031	0.6306	117.1	98.4	0.8721	854	356
nte_09029.jpg	0.001135	0.3158	0.4226	22.0	15.7	0.6113	854	356
nte_09030.jpg	0.037752	0.5008	0.6306	117.4	97.7	0.8682	854	356
nte_09030.jpg	0.002802	0.2721	0.4367	38.7	22.0	0.5854	854	356
nte_09030.jpg	0.000709	0.3156	0.4217	17.0	12.7	0.5288	854	356
nte_09031.jpg	0.036749	0.5000	0.6325	115.1	97.1	0.8350	854	356
nte_09031.jpg	0.009729	0.1603	0.4676	83.6	35.4	0.7544	854	356
nte_09031.jpg	0.001297	0.2953	0.4273	25.7	15.3	0.4458	854	356
nte_09032.jpg	0.036714	0.5016	0.6260	113.4	98.4	0.8462	854	356
nte_09032.jpg	0.002192	0.2570	0.4414	33.9	19.7	0.7935	854	356
nte_09032.jpg	0.000799	0.2871	0.4367	19.7	12.3	0.5054	854	356
nte_09032.jpg	0.000541	0.3682	0.4264	14.5	11.3	0.3374	854	356
nte_09032.jpg	0.000709	0.3324	0.4273	17.0	12.7	0.2708	854	356
nte_09033.jpg	0.038583	0.5043	0.6297	122.1	96.1	0.8613	854	356
nte_09033.jpg	0.004503	0.2240	0.4610	53.3	25.7	0.7803	854	356
nte_09033.jpg	0.001943	0.3416	0.4404	30.5	19.3	0.2827	854	356
nte_09034.jpg	0.035908	0.5012	0.6297	114.4	95.4	0.8584	854	356
nte_09034.jpg	0.002645	0.3188	0.4545	36.5	22.0	0.5991	854	356
nte_09034.jpg	0.000679	0.3477	0.4348	17.7	11.7	0.3906	854	356
nte_09035.jpg	0.037175	0.5031	0.6288	116.4	97.1	0.8760	854	356
nte_09035.jpg	0.008248	0.2766	0.4854	67.7	37.0	0.7720	854	356
nte_09035.jpg	0.001426	0.3533	0.4451	24.5	17.7	0.7031	854	356
nte_09035.jpg	0.000523	0.3713	0.4329	14.0	11.3	0.5845	854	356
nte_09035.jpg	0.000302	0.3975	0.4264	11.0	8.3	0.3452	854	356
nte_09035.jpg	0.000244	0.3828	0.4292	9.7	7.7	0.2759	854	356
nte_09036.jpg	0.038912	0.5027	0.6288	124.4	95.1	0.8755	854	356
nte_09036.jpg	0.002444	0.3291	0.4657	35.4	21.0	0.6782	854	356
nte_09036.jpg	0.000798	0.3664	0.4395	18.2	13.3	0.6431	854	356
nte_09036.jpg	0.000512	0.4105	0.4348	13.3	11.7	0.2788	854	356
nte_09037.jpg	0.037367	0.5051	0.6316	120.8	94.1	0.8774	854	356
nte_09037.jpg	0.005893	0.2924	0.4891	58.4	30.7	0.7476	854	356
nte_09037.jpg	0.015063	0.0464	0.5426	79.4	57.7	0.3550	854	356
nte_09037.jpg	0.000907	0.4187	0.4432	19.7	14.0	0.3137	854	356
nte_09037.jpg	0.001111	0.3590	0.4479	23.0	14.7	0.2913	854	356
nte_09038.jpg	0.039170	0.5047	0.6278	123.1	96.7	0.8662	854	356
nte_09038.jpg	0.002328	0.3418	0.4517	35.4	20.0	0.7188	854	356
nte_09038.jpg	0.030880	0.1543	0.5463	165.5	56.7	0.5117	854	356
nte_09039.jpg	0.042078	0.5008	0.6260	130.4	98.1	0.8545	854	356
nte_09039.jpg	0.005428	0.3029	0.4704	56.2	29.4	0.6870	854	356
nte_09040.jpg	0.039440	0.5035	0.6353	123.1	97.4	0.8604	854	356
nte_09040.jpg	0.023113	0.1569	0.5032	146.3	48.0	0.6841	854	356
nte_09040.jpg	0.003495	0.2910	0.4404	41.4	25.7	0.6606	854	356
nte_09041.jpg	0.037740	0.5059	0.6213	119.4	96.1	0.8418	854	356
nte_09041.jpg	0.007174	0.2434	0.4442	65.4	33.4	0.8066	854	356
nte_09042.jpg	0.037084	0.5051	0.6213	117.8	95.7	0.8496	854	356
nte_09042.jpg	0.003186	0.5195	0.4807	42.7	22.7	0.2876	854	356
nte_09043.jpg	0.037846	0.5047	0.6260	119.8	96.1	0.8286	854	356
nte_09044.jpg	0.039198	0.5020	0.6213	122.8	97.1	0.8091	854	356
nte_09044.jpg	0.000579	0.4156	0.4161	17.0	10.3	0.3743	854	356
nte_09045.jpg	0.039991	0.5004	0.6288	127.4	95.4	0.8760	854	356
nte_09045.jpg	0.001087	0.3727	0.4151	22.5	14.7	0.5615	854	356
nte_09046.jpg	0.037897	0.5043	0.6213	120.8	95.4	0.8496	854	356
nte_09047.jpg	0.040061	0.5000	0.6241	123.8	98.4	0.8423	854	356
nte_09047.jpg	0.001102	0.3875	0.4114	23.4	14.3	0.5303	854	356
nte_09047.jpg	0.001040	0.3104	0.4217	23.7	13.3	0.3318	854	356
nte_09048.jpg	0.039676	0.4992	0.6269	126.4	95.4	0.8535	854	356
nte_09049.jpg	0.039064	0.4980	0.6203	122.8	96.7	0.8467	854	356
nte_09050.jpg	0.039868	0.4988	0.6213	124.4	97.4	0.8232	854	356
nte_09050.jpg	0.000567	0.6129	0.4207	16.7	10.3	0.3015	854	356
nte_09051.jpg	0.036176	0.5004	0.6250	116.1	94.7	0.8433	854	356
nte_09051.jpg	0.005347	0.2930	0.4451	55.4	29.4	0.6792	854	356
nte_09052.jpg	0.040679	0.4977	0.6306	126.1	98.1	0.8618	854	356
nte_09052.jpg	0.001632	0.1292	0.3636	36.3	13.7	0.4075	854	356
nte_09053.jpg	0.039991	0.5020	0.6269	127.4	95.4	0.8535	854	356
nte_09053.jpg	0.001693	0.1127	0.3626	38.6	13.3	0.2795	854	356
nte_09054.jpg	0.038010	0.5000	0.6278	117.4	98.4	0.8223	854	356
nte_09055.jpg	0.044169	0.5000	0.6316	129.4	103.7	0.8633	854	356
nte_09056.jpg	0.037635	0.5047	0.6288	119.1	96.1	0.8369	854	356
nte_09057.jpg	0.039330	0.4969	0.6231	121.1	98.7	0.8364	854	356
nte_09057.jpg	0.001704	0.6590	0.4376	32.4	16.0	0.2805	854	356
nte_09058.jpg	0.043233	0.4992	0.6278	127.1	103.4	0.8462	854	356
nte_09059.jpg	0.042871	0.5020	0.6166	122.1	106.8	0.7871	854	356
nte_09060.jpg	0.039280	0.4957	0.6269	121.8	98.1	0.8623	854	356
nte_09061.jpg	0.041647	0.5004	0.6316	129.1	98.1	0.8530	854	356
nte_09062.jpg	0.039547	0.5035	0.6297	121.8	98.7	0.8379	854	356
nte_09063.jpg	0.041203	0.4988	0.6288	126.4	99.1	0.8501	854	356
nte_09063.jpg	0.000433	0.3641	0.4170	15.2	8.7	0.2898	854	356
nte_09064.jpg	0.046614	0.5004	0.6456	134.4	105.4	0.8633	854	356
nte_09065.jpg	0.041232	0.5043	0.6400	126.1	99.4	0.8433	854	356
nte_09066.jpg	0.046900	0.4996	0.6475	138.8	102.7	0.8291	854	356
nte_09067.jpg	0.051426	0.5023	0.6503	137.4	113.8	0.7725	854	356
nte_09068.jpg	0.051051	0.5023	0.6513	136.4	113.8	0.7227	854	356
nte_09069.jpg	0.049489	0.4977	0.6625	138.8	108.4	0.8599	854	356
nte_09070.jpg	0.048997	0.4961	0.6616	139.1	107.1	0.8340	854	356
nte_09071.jpg	0.055506	0.5000	0.6634	148.8	113.4	0.8223	854	356
nte_09071.jpg	0.003597	0.2826	0.4535	52.9	20.7	0.2693	854	356
nte_09072.jpg	0.050218	0.4973	0.6606	139.1	109.8	0.7900	854	356
nte_09073.jpg	0.049554	0.4957	0.6503	138.1	109.1	0.8140	854	356
nte_09073.jpg	0.003473	0.3063	0.4432	57.5	18.3	0.4927	854	356
nte_09074.jpg	0.051682	0.5027	0.6438	141.4	111.1	0.8408	854	356
nte_09075.jpg	0.048089	0.5055	0.6335	130.4	112.1	0.8403	854	356
nte_09076.jpg	0.048527	0.5000	0.6428	137.8	107.1	0.7949	854	356
nte_09077.jpg	0.046148	0.5039	0.6306	124.4	112.8	0.8237	854	356
nte_09078.jpg	0.049025	0.4973	0.6250	133.8	111.4	0.8340	854	356
nte_09079.jpg	0.044733	0.4988	0.6381	134.1	101.4	0.8267	854	356
nte_09080.jpg	0.040266	0.5004	0.6288	118.8	103.1	0.8149	854	356
nte_09081.jpg	0.043540	0.4973	0.6316	130.1	101.7	0.8184	854	356
nte_09082.jpg	0.039111	0.4992	0.6278	123.8	96.1	0.8442	854	356
nte_09083.jpg	0.039395	0.4984	0.6297	125.1	95.7	0.8457	854	356
nte_09084.jpg	0.041613	0.4992	0.6278	129.4	97.7	0.8584	854	356
nte_09085.jpg	0.039064	0.5043	0.6260	122.8	96.7	0.8286	854	356
nte_09086.jpg	0.037528	0.5063	0.6231	120.4	94.7	0.8462	854	356
nte_09087.jpg	0.036904	0.5039	0.6269	118.4	94.7	0.8428	854	356
nte_09088.jpg	0.038516	0.5039	0.6100	115.1	101.7	0.7720	854	356
nte_09089.jpg	0.039906	0.5031	0.6091	115.1	105.4	0.8413	854	356
nte_09090.jpg	0.039246	0.5051	0.6222	120.4	99.1	0.8179	854	356
nte_09091.jpg	0.038486	0.5035	0.6194	115.8	101.1	0.7788	854	356
nte_09092.jpg	0.038108	0.5055	0.6250	119.8	96.7	0.8345	854	356
nte_09093.jpg	0.037578	0.5035	0.6260	118.1	96.7	0.7905	854	356
nte_09094.jpg	0.042004	0.5020	0.6110	117.4	108.8	0.8091	854	356
nte_09095.jpg	0.039781	0.5004	0.6222	126.8	95.4	0.8506	854	356
nte_09096.jpg	0.038581	0.4980	0.6288	113.4	103.4	0.7974	854	356
nte_09097.jpg	0.040484	0.5027	0.6166	116.8	105.4	0.8354	854	356
nte_09097.jpg	0.000606	0.4363	0.3795	15.3	12.0	0.3750	854	356
nte_09098.jpg	0.040032	0.5063	0.6325	122.4	99.4	0.8447	854	356
nte_09098.jpg	0.000761	0.4293	0.3973	17.3	13.3	0.3645	854	356
nte_09099.jpg	0.042047	0.5047	0.6260	122.4	104.4	0.8394	854	356
nte_09099.jpg	0.001757	0.3473	0.4282	32.0	16.7	0.5811	854	356
nte_09099.jpg	0.001221	0.4172	0.4123	23.7	15.7	0.3237	854	356
nte_09100.jpg	0.042662	0.5043	0.6438	123.4	105.1	0.8433	854	356
nte_09100.jpg	0.004189	0.2926	0.4498	54.5	23.4	0.7988	854	356
nte_09100.jpg	0.002233	0.3973	0.4273	33.4	20.3	0.7910	854	356
nte_09101.jpg	0.044595	0.5059	0.6484	131.1	103.4	0.8809	854	356
nte_09101.jpg	0.004904	0.3572	0.4442	51.4	29.0	0.7852	854	356
nte_09101.jpg	0.013984	0.1591	0.4835	116.9	36.4	0.2671	854	356
nte_09102.jpg	0.047592	0.5059	0.6456	131.4	110.1	0.8354	854	356
nte_09102.jpg	0.031195	0.2059	0.4807	142.9	66.4	0.7998	854	356
nte_09103.jpg	0.046024	0.5027	0.6409	124.1	112.8	0.8584	854	356
nte_09104.jpg	0.048128	0.5074	0.6353	129.8	112.8	0.8467	854	356
nte_09105.jpg	0.044048	0.5035	0.6409	122.8	109.1	0.8403	854	356
nte_09106.jpg	0.041531	0.5055	0.6409	124.1	101.7	0.7910	854	356
nte_09107.jpg	0.045653	0.5063	0.6241	123.1	112.8	0.8149	854	356
nte_09108.jpg	0.047786	0.5031	0.6222	124.4	116.8	0.7759	854	356
nte_09109.jpg	0.046875	0.5023	0.6231	126.8	112.4	0.8242	854	356
nte_09109.jpg	0.007281	0.2996	0.4170	73.7	30.0	0.3662	854	356
nte_09110.jpg	0.045444	0.4992	0.6260	127.4	108.4	0.7686	854	356
nte_09111.jpg	0.043644	0.5004	0.6128	122.8	108.1	0.7583	854	356
nte_09112.jpg	0.043885	0.4969	0.6344	129.4	103.1	0.8267	854	356
nte_09113.jpg	0.041376	0.4992	0.6297	122.4	102.7	0.8311	854	356
nte_09114.jpg	0.049488	0.5000	0.6128	135.4	111.1	0.8491	854	356
nte_09115.jpg	0.054047	0.5035	0.6194	144.4	113.8	0.6626	854	356
nte_09115.jpg	0.005888	0.4004	0.4011	63.9	28.0	0.3845	854	356
nte_09116.jpg	0.051430	0.5063	0.6241	145.1	107.8	0.7642	854	356
nte_09117.jpg	0.047193	0.5012	0.6297	136.1	105.4	0.7661	854	356
nte_09118.jpg	0.054861	0.5078	0.6156	142.4	117.1	0.7983	854	356
nte_09119.jpg	0.048386	0.5055	0.6213	139.1	105.7	0.3447	854	356
nte_09120.jpg	0.040797	0.4984	0.6288	129.1	96.1	0.7876	854	356
nte_09121.jpg	0.046646	0.5004	0.6100	128.4	110.4	0.8301	854	356
nte_09122.jpg	0.042458	0.5008	0.6100	119.4	108.1	0.7637	854	356
nte_09123.jpg	0.043051	0.5039	0.6119	121.1	108.1	0.7900	854	356
nte_09124.jpg	0.041492	0.5047	0.6185	120.4	104.7	0.8008	854	356
nte_09125.jpg	0.040963	0.5020	0.6213	120.4	103.4	0.8115	854	356
nte_09126.jpg	0.039468	0.5023	0.6269	122.8	97.7	0.8574	854	356
nte_09127.jpg	0.043210	0.5035	0.6091	120.4	109.1	0.8647	854	356
nte_09128.jpg	0.042839	0.5031	0.6072	119.8	108.8	0.8833	854	356
nte_09129.jpg	0.040567	0.5031	0.6175	120.4	102.4	0.8442	854	356
nte_09130.jpg	0.040605	0.5039	0.6147	119.8	103.1	0.8276	854	356
nte_09131.jpg	0.043654	0.5031	0.6100	118.8	111.8	0.8320	854	356
nte_09132.jpg	0.042576	0.5023	0.6306	124.8	103.7	0.8286	854	356
nte_09132.jpg	0.002577	0.3734	0.4076	41.2	19.0	0.4360	854	356
nte_09133.jpg	0.043437	0.5035	0.6297	124.1	106.4	0.7793	854	356
nte_09133.jpg	0.009312	0.2865	0.4573	82.4	34.4	0.5068	854	356
nte_09133.jpg	0.000622	0.3600	0.4039	17.2	11.0	0.4304	854	356
nte_09133.jpg	0.000425	0.4578	0.3926	13.3	9.7	0.3391	854	356
nte_09134.jpg	0.044046	0.5027	0.6381	127.4	105.1	0.8413	854	356
nte_09134.jpg	0.001354	0.3234	0.4179	24.7	16.7	0.6118	854	356
nte_09134.jpg	0.001153	0.4121	0.4179	22.4	15.7	0.5254	854	356
nte_09135.jpg	0.049736	0.5012	0.6419	134.1	112.8	0.8223	854	356
nte_09135.jpg	0.002622	0.2627	0.4404	41.2	19.3	0.7959	854	356
nte_09135.jpg	0.002360	0.3770	0.4357	34.7	20.7	0.7783	854	356
nte_09135.jpg	0.000539	0.4313	0.4245	15.3	10.7	0.5439	854	356
nte_09136.jpg	0.005147	0.3215	0.4620	54.5	28.7	0.8301	854	356
nte_09136.jpg	0.049712	0.5027	0.6409	134.4	112.4	0.8022	854	356
nte_09136.jpg	0.007561	0.1543	0.4667	81.1	28.4	0.7676	854	356
nte_09136.jpg	0.001072	0.4180	0.4264	20.3	16.0	0.6826	854	356
nte_09137.jpg	0.052940	0.5000	0.6400	139.4	115.4	0.8140	854	356
nte_09137.jpg	0.025167	0.1768	0.5135	136.5	56.0	0.8052	854	356
nte_09137.jpg	0.001408	0.3965	0.4348	26.2	16.3	0.7148	854	356
nte_09137.jpg	0.000835	0.3256	0.4254	19.5	13.0	0.6069	854	356
nte_09138.jpg	0.050098	0.4980	0.6400	138.8	109.8	0.8604	854	356
nte_09138.jpg	0.003643	0.3404	0.4507	44.9	24.7	0.8062	854	356
nte_09138.jpg	0.002160	0.2734	0.4282	33.4	19.7	0.5635	854	356
nte_09139.jpg	0.009568	0.2625	0.4779	78.6	37.0	0.8433	854	356
nte_09139.jpg	0.050057	0.4977	0.6269	135.8	112.1	0.8306	854	356
nte_09139.jpg	0.004226	0.2160	0.4310	49.4	26.0	0.7256	854	356
nte_09140.jpg	0.045363	0.4992	0.6381	135.1	102.1	0.8394	854	356
nte_09140.jpg	0.011071	0.0945	0.4442	86.2	39.0	0.6475	854	356
nte_09141.jpg	0.044029	0.4992	0.6381	135.1	99.1	0.8667	854	356
nte_09141.jpg	0.001330	0.3568	0.4226	26.4	15.3	0.3069	854	356
nte_09142.jpg	0.044768	0.4984	0.6391	133.8	101.7	0.8325	854	356
nte_09142.jpg	0.002978	0.3230	0.4245	37.7	24.0	0.6860	854	356
nte_09143.jpg	0.045206	0.4992	0.6185	126.8	108.4	0.8110	854	356
nte_09143.jpg	0.005826	0.2480	0.4442	57.7	30.7	0.2715	854	356
nte_09143.jpg	0.001112	0.3648	0.4179	22.5	15.0	0.2568	854	356
nte_09144.jpg	0.046123	0.4992	0.6194	131.8	106.4	0.8247	854	356
nte_09144.jpg	0.002394	0.3326	0.4245	35.2	20.7	0.4827	854	356
nte_09145.jpg	0.042647	0.5004	0.6288	133.1	97.4	0.8643	854	356
nte_09145.jpg	0.005170	0.2717	0.4339	53.5	29.4	0.5659	854	356
nte_09145.jpg	0.001157	0.3525	0.4264	26.4	13.3	0.3293	854	356
nte_09146.jpg	0.039092	0.4977	0.6288	122.4	97.1	0.8403	854	356
nte_09146.jpg	0.014093	0.1564	0.4554	102.7	41.7	0.8193	854	356
nte_09146.jpg	0.003081	0.3115	0.4329	43.2	21.7	0.5337	854	356
nte_09147.jpg	0.040933	0.4996	0.6278	130.4	95.4	0.8521	854	356
nte_09147.jpg	0.005614	0.2369	0.4517	68.2	25.0	0.5474	854	356
nte_09148.jpg	0.040828	0.4996	0.6288	130.1	95.4	0.8418	854	356
nte_09148.jpg	0.004395	0.3223	0.4489	58.0	23.0	0.4783	854	356
nte_09149.jpg	0.040679	0.5023	0.6260	120.8	102.4	0.7969	854	356
nte_09149.jpg	0.021098	0.1635	0.5144	119.4	53.7	0.7363	854	356
nte_09150.jpg	0.045943	0.5012	0.6335	133.8	104.4	0.8145	854	356
nte_09151.jpg	0.048055	0.5059	0.6278	128.4	113.8	0.8032	854	356
nte_09152.jpg	0.048588	0.5047	0.6316	129.1	114.4	0.8188	854	356
nte_09153.jpg	0.055337	0.5043	0.6419	133.8	125.8	0.8208	854	356
nte_09154.jpg	0.055542	0.5047	0.6306	136.4	123.8	0.7900	854	356
nte_09155.jpg	0.050398	0.5039	0.6456	137.1	111.8	0.7500	854	356
nte_09156.jpg	0.056086	0.5020	0.6400	142.8	119.4	0.7979	854	356
nte_09157.jpg	0.055200	0.5023	0.6428	142.1	118.1	0.8154	854	356
nte_09158.jpg	0.058007	0.5047	0.6484	142.1	124.1	0.7651	854	356
nte_09159.jpg	0.055980	0.5051	0.6559	142.1	119.8	0.7988	854	356
nte_09159.jpg	0.000933	0.3422	0.4507	25.0	11.3	0.4424	854	356
nte_09160.jpg	0.057058	0.5047	0.6522	144.4	120.1	0.7983	854	356
nte_09161.jpg	0.053391	0.5051	0.6606	143.1	113.4	0.8306	854	356
nte_09162.jpg	0.058302	0.5051	0.6578	144.8	122.4	0.8164	854	356
nte_09163.jpg	0.065883	0.5047	0.6503	146.4	136.8	0.7544	854	356
nte_09164.jpg	0.061593	0.5066	0.6409	142.1	131.8	0.7876	854	356
nte_09164.jpg	0.000482	0.4164	0.4095	15.7	9.3	0.3538	854	356
nte_09165.jpg	0.067000	0.5066	0.6503	146.8	138.8	0.8223	854	356
nte_09165.jpg	0.000620	0.3141	0.4057	18.8	10.0	0.2725	854	356
nte_09166.jpg	0.068370	0.5031	0.6484	149.8	138.8	0.7651	854	356
nte_09167.jpg	0.065228	0.5051	0.6484	146.8	135.1	0.7681	854	356
nte_09168.jpg	0.061813	0.5039	0.6466	144.4	130.1	0.7808	854	356
nte_09169.jpg	0.059793	0.5039	0.6709	150.1	121.1	0.8223	854	356
nte_09170.jpg	0.059242	0.5051	0.6672	147.1	122.4	0.7969	854	356
nte_09171.jpg	0.057076	0.5051	0.6578	146.1	118.8	0.8271	854	356
nte_09172.jpg	0.055029	0.5039	0.6606	144.1	116.1	0.8276	854	356
nte_09173.jpg	0.052913	0.5059	0.6484	139.8	115.1	0.7974	854	356
nte_09174.jpg	0.053962	0.5051	0.6288	135.1	121.4	0.8081	854	356
nte_09175.jpg	0.052679	0.5047	0.6316	134.1	119.4	0.7905	854	356
nte_09176.jpg	0.050702	0.5051	0.6203	129.4	119.1	0.8213	854	356
nte_09177.jpg	0.048163	0.5047	0.6203	129.1	113.4	0.8169	854	356
nte_09178.jpg	0.044251	0.5047	0.6306	128.4	104.7	0.8228	854	356
nte_09179.jpg	0.045642	0.5047	0.6222	126.4	109.8	0.8423	854	356
nte_09179.jpg	0.000357	0.4727	0.4301	13.0	8.3	0.2920	854	356
nte_09180.jpg	0.047739	0.5047	0.6231	129.1	112.4	0.8276	854	356
nte_09181.jpg	0.047494	0.5051	0.6372	130.8	110.4	0.8291	854	356
nte_09182.jpg	0.051117	0.5059	0.6316	133.1	116.8	0.8467	854	356
nte_09183.jpg	0.051451	0.5047	0.6456	137.1	114.1	0.7920	854	356
nte_09184.jpg	0.056086	0.5051	0.6381	137.8	123.8	0.7603	854	356
nte_09185.jpg	0.055579	0.5051	0.6353	138.8	121.8	0.8047	854	356
nte_09185.jpg	0.000574	0.4648	0.4329	16.3	10.7	0.2783	854	356
nte_09185.jpg	0.001191	0.3877	0.4526	25.9	14.0	0.2722	854	356
nte_09186.jpg	0.058412	0.5000	0.6400	149.1	119.1	0.7793	854	356
nte_09186.jpg	0.001622	0.3486	0.4498	35.2	14.0	0.4795	854	356
nte_09187.jpg	0.051809	0.5043	0.6644	140.1	112.4	0.8135	854	356
nte_09187.jpg	0.010383	0.2473	0.4985	77.6	40.7	0.3550	854	356
nte_09187.jpg	0.000474	0.4582	0.4329	16.0	9.0	0.3333	854	356
nte_09188.jpg	0.051992	0.5059	0.6606	141.4	111.8	0.7979	854	356
nte_09188.jpg	0.000371	0.4559	0.4329	13.0	8.7	0.2825	854	356
nte_09189.jpg	0.054671	0.5035	0.6681	146.1	113.8	0.8403	854	356
nte_09190.jpg	0.052705	0.5051	0.6625	142.1	112.8	0.8286	854	356
nte_09191.jpg	0.059081	0.5055	0.6475	142.4	126.1	0.8037	854	356
nte_09192.jpg	0.055026	0.5047	0.6709	145.8	114.8	0.8496	854	356
nte_09193.jpg	0.057851	0.5047	0.6597	144.4	121.8	0.8047	854	356
nte_09194.jpg	0.056917	0.5047	0.6784	147.8	117.1	0.8540	854	356
nte_09195.jpg	0.055312	0.5047	0.6756	146.1	115.1	0.8232	854	356
nte_09195.jpg	0.000616	0.4313	0.4357	17.0	11.0	0.3965	854	356
nte_09196.jpg	0.055275	0.5035	0.6700	143.1	117.4	0.7910	854	356
nte_09197.jpg	0.058995	0.5047	0.6663	148.1	121.1	0.8359	854	356
nte_09198.jpg	0.063008	0.5031	0.6681	146.1	131.1	0.8291	854	356
nte_09198.jpg	0.003523	0.3479	0.4395	41.7	25.7	0.3169	854	356
nte_09199.jpg	0.064303	0.5047	0.6484	149.1	131.1	0.8545	854	356
nte_09199.jpg	0.001103	0.4000	0.4451	24.5	13.7	0.5073	854	356
nte_09200.jpg	0.059588	0.5039	0.6747	152.1	119.1	0.8179	854	356
nte_09200.jpg	0.001527	0.3643	0.4535	35.7	13.0	0.4456	854	356
nte_09201.jpg	0.058275	0.5027	0.6728	150.5	117.8	0.8530	854	356
nte_09201.jpg	0.005134	0.3037	0.4732	62.4	25.0	0.3145	854	356
nte_09202.jpg	0.061156	0.5004	0.6578	147.4	126.1	0.8018	854	356
nte_09203.jpg	0.055872	0.5016	0.6475	141.4	120.1	0.7979	854	356
nte_09204.jpg	0.051275	0.5031	0.6447	137.4	113.4	0.7593	854	356
nte_09205.jpg	0.049662	0.5031	0.6531	135.1	111.8	0.8037	854	356
nte_09206.jpg	0.043207	0.5039	0.6428	127.4	103.1	0.7871	854	356
nte_09207.jpg	0.043687	0.5086	0.6428	128.4	103.4	0.8315	854	356
nte_09208.jpg	0.046344	0.5059	0.6372	128.8	109.4	0.8101	854	356
nte_09209.jpg	0.043093	0.5047	0.6353	127.1	103.1	0.8369	854	356
nte_09210.jpg	0.044940	0.5051	0.6400	130.4	104.7	0.8530	854	356
nte_09211.jpg	0.044141	0.5027	0.6409	129.8	103.4	0.8457	854	356
nte_09211.jpg	0.000926	0.3908	0.4236	18.3	15.3	0.3533	854	356
nte_09212.jpg	0.040171	0.5027	0.6372	120.4	101.4	0.8237	854	356
nte_09212.jpg	0.002268	0.5262	0.3973	35.0	19.7	0.3201	854	356
nte_09213.jpg	0.042620	0.5047	0.6391	124.1	104.4	0.8521	854	356
nte_09214.jpg	0.041962	0.5063	0.6335	123.8	103.1	0.8506	854	356
nte_09215.jpg	0.039745	0.5035	0.6353	118.8	101.7	0.8433	854	356
nte_09216.jpg	0.041555	0.5059	0.6231	119.1	106.1	0.8716	854	356
nte_09217.jpg	0.041565	0.5055	0.6306	125.4	100.7	0.8647	854	356
nte_09218.jpg	0.038506	0.5066	0.6306	121.4	96.4	0.8511	854	356
nte_09219.jpg	0.040057	0.5039	0.6231	122.1	99.7	0.8677	854	356
nte_09220.jpg	0.047077	0.5008	0.6241	135.8	105.4	0.8857	854	356
nte_09221.jpg	0.041918	0.5020	0.6325	127.8	99.7	0.8975	854	356
nte_09222.jpg	0.041291	0.5000	0.6269	128.4	97.7	0.8882	854	356
nte_09223.jpg	0.041172	0.4988	0.6222	123.4	101.4	0.9004	854	356
nte_09224.jpg	0.042479	0.5039	0.6231	127.8	101.1	0.9028	854	356
nte_09225.jpg	0.041868	0.5012	0.6269	126.8	100.4	0.8965	854	356
nte_09226.jpg	0.041152	0.4996	0.6222	125.4	99.7	0.8862	854	356
nte_09227.jpg	0.042576	0.5004	0.6156	124.8	103.7	0.8740	854	356
nte_09228.jpg	0.042027	0.5020	0.6363	128.1	99.7	0.8530	854	356
nte_09228.jpg	0.000615	0.3045	0.4385	16.0	11.7	0.2683	854	356
nte_09228.jpg	0.001884	0.6164	0.4348	44.0	13.0	0.2583	854	356
nte_09229.jpg	0.036943	0.5043	0.6288	122.4	91.7	0.8525	854	356
nte_09229.jpg	0.000842	0.3074	0.4404	19.2	13.3	0.6733	854	356
nte_09230.jpg	0.038745	0.5012	0.6231	121.8	96.7	0.8657	854	356
nte_09230.jpg	0.001087	0.2920	0.4442	22.5	14.7	0.3503	854	356
nte_09231.jpg	0.040402	0.5027	0.6288	126.1	97.4	0.8511	854	356
nte_09231.jpg	0.001717	0.2771	0.4498	29.5	17.7	0.6270	854	356
nte_09232.jpg	0.037954	0.5043	0.6278	123.1	93.7	0.8633	854	356
nte_09232.jpg	0.003057	0.2533	0.4592	43.5	21.4	0.6030	854	356
nte_09233.jpg	0.037603	0.5051	0.6288	121.1	94.4	0.8687	854	356
nte_09233.jpg	0.007775	0.1830	0.4760	73.8	32.0	0.7993	854	356
nte_09234.jpg	0.038134	0.5020	0.6250	121.1	95.7	0.8618	854	356
nte_09235.jpg	0.037921	0.5035	0.6306	124.8	92.4	0.8711	854	356
nte_09236.jpg	0.038256	0.5020	0.6288	122.8	94.7	0.8550	854	356
nte_09236.jpg	0.003426	0.2393	0.3580	42.2	24.7	0.3372	854	356
nte_09236.jpg	0.001204	0.1625	0.3336	25.5	14.3	0.3225	854	356
nte_09237.jpg	0.035761	0.5012	0.6297	114.8	94.7	0.8574	854	356
nte_09237.jpg	0.005132	0.2178	0.4582	58.5	26.7	0.7271	854	356
nte_09238.jpg	0.037499	0.5051	0.6306	120.8	94.4	0.8472	854	356
nte_09238.jpg	0.000550	0.3975	0.4217	15.2	11.0	0.3357	854	356
nte_09239.jpg	0.039862	0.5027	0.6325	121.1	100.1	0.8174	854	356
nte_09240.jpg	0.039487	0.5039	0.6185	120.8	99.4	0.8208	854	356
nte_09240.jpg	0.000477	0.3795	0.3945	14.0	10.3	0.4399	854	356
nte_09241.jpg	0.041420	0.4988	0.6166	127.1	99.1	0.8296	854	356
nte_09242.jpg	0.041323	0.4941	0.6288	121.1	103.7	0.8306	854	356
nte_09242.jpg	0.015251	0.3678	0.6072	72.4	64.1	0.4290	854	356
nte_09243.jpg	0.042547	0.4961	0.6203	123.1	105.1	0.7861	854	356
nte_09243.jpg	0.000613	0.3604	0.3626	18.0	10.3	0.4336	854	356
nte_09244.jpg	0.038056	0.4953	0.6250	120.4	96.1	0.8706	854	356
nte_09244.jpg	0.000669	0.3160	0.3467	19.7	10.3	0.2927	854	356
nte_09245.jpg	0.041417	0.4961	0.6316	121.8	103.4	0.8418	854	356
nte_09245.jpg	0.000857	0.2604	0.3373	26.0	10.0	0.2688	854	356
nte_09246.jpg	0.042503	0.4957	0.6100	121.4	106.4	0.8325	854	356
nte_09247.jpg	0.038264	0.4953	0.6231	119.4	97.4	0.8550	854	356
nte_09247.jpg	0.000507	0.6398	0.4320	14.0	11.0	0.3442	854	356
nte_09248.jpg	0.040925	0.5000	0.6278	126.4	98.4	0.8491	854	356
nte_09249.jpg	0.047723	0.4984	0.6156	126.4	114.8	0.8696	854	356
nte_09250.jpg	0.044605	0.4992	0.6128	127.4	106.4	0.7949	854	356
nte_09251.jpg	0.041184	0.4996	0.6250	128.1	97.7	0.8467	854	356
nte_09252.jpg	0.039028	0.4953	0.6250	119.8	99.1	0.8237	854	356
nte_09253.jpg	0.037684	0.4988	0.6260	118.4	96.7	0.8545	854	356
nte_09254.jpg	0.038526	0.4961	0.6269	119.4	98.1	0.8574	854	356
nte_09255.jpg	0.049629	0.4996	0.6194	131.1	115.1	0.7930	854	356
nte_09256.jpg	0.043193	0.5012	0.6269	133.4	98.4	0.6421	854	356
nte_09257.jpg	0.041280	0.4977	0.6306	127.1	98.7	0.7549	854	356
nte_09258.jpg	0.051347	0.5098	0.6325	145.8	107.1	0.7690	854	356
nte_09259.jpg	0.039003	0.4973	0.6269	118.1	100.4	0.8193	854	356
nte_09260.jpg	0.041646	0.4969	0.6072	116.4	108.8	0.8481	854	356
nte_09261.jpg	0.038788	0.4949	0.6316	119.4	98.7	0.8320	854	356
nte_09261.jpg	0.003511	0.3336	0.3786	46.4	23.0	0.2832	854	356
nte_09262.jpg	0.037687	0.4961	0.6250	120.1	95.4	0.8462	854	356
nte_09263.jpg	0.036370	0.4953	0.6222	115.1	96.1	0.8589	854	356
nte_09264.jpg	0.039075	0.4953	0.6335	116.8	101.7	0.8516	854	356
nte_09265.jpg	0.040762	0.5020	0.6260	128.1	96.7	0.7783	854	356
nte_09266.jpg	0.036322	0.4992	0.6250	113.8	97.1	0.8496	854	356
nte_09267.jpg	0.038056	0.5004	0.6203	120.4	96.1	0.8467	854	356
nte_09268.jpg	0.037714	0.4945	0.6250	119.8	95.7	0.8594	854	356
nte_09269.jpg	0.035922	0.4973	0.6278	116.1	94.1	0.8770	854	356
nte_09270.jpg	0.034903	0.4973	0.6213	114.4	92.7	0.8755	854	356
nte_09271.jpg	0.041551	0.4980	0.6409	121.8	103.7	0.8521	854	356
nte_09272.jpg	0.036050	0.4938	0.6241	117.8	93.1	0.8691	854	356
nte_09273.jpg	0.035175	0.4953	0.6194	112.1	95.4	0.8384	854	356
nte_09274.jpg	0.035974	0.4949	0.6241	120.1	91.1	0.8853	854	356
nte_09275.jpg	0.040197	0.4977	0.6231	123.8	98.7	0.7964	854	356
nte_09276.jpg	0.036438	0.5016	0.6250	117.8	94.1	0.8647	854	356
nte_09277.jpg	0.035131	0.4953	0.6213	116.4	91.7	0.8647	854	356
nte_09278.jpg	0.038689	0.4965	0.6250	122.4	96.1	0.8589	854	356
nte_09279.jpg	0.036357	0.4977	0.6231	118.8	93.1	0.8589	854	356
nte_09280.jpg	0.038264	0.4957	0.6175	119.4	97.4	0.8516	854	356
nte_09280.jpg	0.001373	0.4168	0.3448	22.4	18.7	0.3054	854	356
nte_09281.jpg	0.038717	0.4949	0.6250	120.4	97.7	0.8306	854	356
nte_09282.jpg	0.035843	0.4961	0.6250	113.4	96.1	0.8560	854	356
nte_09282.jpg	0.000939	0.3645	0.3626	19.0	15.0	0.5146	854	356
nte_09282.jpg	0.000824	0.3934	0.3495	20.8	12.0	0.3025	854	356
nte_09283.jpg	0.037794	0.4945	0.6166	116.8	98.4	0.8687	854	356
nte_09283.jpg	0.002178	0.3383	0.3739	28.4	23.4	0.6768	854	356
nte_09284.jpg	0.039072	0.4961	0.6288	119.1	99.7	0.8511	854	356
nte_09284.jpg	0.003785	0.2986	0.3842	39.2	29.4	0.5161	854	356
nte_09285.jpg	0.011786	0.2072	0.4001	79.0	45.4	0.8286	854	356
nte_09285.jpg	0.041304	0.4969	0.6166	121.4	103.4	0.8228	854	356
nte_09286.jpg	0.042412	0.5004	0.6100	123.1	104.7	0.8115	854	356
nte_09286.jpg	0.002972	0.3174	0.3102	33.9	26.7	0.3928	854	356
nte_09287.jpg	0.039705	0.5016	0.6306	121.4	99.4	0.7759	854	356
nte_09288.jpg	0.045309	0.5020	0.6082	121.1	113.8	0.7998	854	356
nte_09288.jpg	0.017882	0.2002	0.3364	92.1	59.0	0.6802	854	356
nte_09289.jpg	0.045168	0.4980	0.6128	121.4	113.1	0.7520	854	356
nte_09289.jpg	0.003338	0.3023	0.3336	47.5	21.3	0.3718	854	356
nte_09290.jpg	0.007652	0.2738	0.3561	67.1	34.7	0.7705	854	356
nte_09290.jpg	0.051538	0.4941	0.6110	133.4	117.4	0.6450	854	356
nte_09291.jpg	0.029842	0.1944	0.4245	137.4	66.1	0.8257	854	356
nte_09291.jpg	0.043954	0.5016	0.6213	126.8	105.4	0.7134	854	356
nte_09291.jpg	0.015304	0.4586	0.5285	75.4	61.7	0.4146	854	356
nte_09292.jpg	0.055247	0.4996	0.6138	129.8	129.4	0.8188	854	356
nte_09293.jpg	0.052565	0.5031	0.5988	124.4	128.4	0.6831	854	356
nte_09294.jpg	0.048229	0.4949	0.6044	120.1	122.1	0.4741	854	356
nte_09295.jpg	0.058387	0.5016	0.6185	136.4	130.1	0.4417	854	356
nte_09295.jpg	0.000750	0.6535	0.2980	21.3	10.7	0.2742	854	356
nte_09296.jpg	0.001583	0.6406	0.3064	30.7	15.7	0.5508	854	356
nte_09297.jpg	0.002295	0.6207	0.3149	38.0	18.3	0.7344	854	356
nte_09298.jpg	0.003086	0.5051	0.3252	41.4	22.7	0.7964	854	356
nte_09298.jpg	0.055960	0.5180	0.6119	151.8	112.1	0.4258	854	356
nte_09299.jpg	0.047819	0.5012	0.5988	122.8	118.4	0.8677	854	356
nte_09299.jpg	0.006936	0.3604	0.3598	63.2	33.4	0.8408	854	356
nte_09300.jpg	0.022865	0.2688	0.4282	119.8	58.0	0.8765	854	356
nte_09300.jpg	0.046183	0.5035	0.6100	123.4	113.8	0.7827	854	356
nte_09301.jpg	0.045113	0.5020	0.6053	123.1	111.4	0.8179	854	356
nte_09301.jpg	0.062997	0.0801	0.6737	137.0	139.8	0.7056	854	356
nte_09302.jpg	0.046458	0.4980	0.6128	126.8	111.4	0.7974	854	356
nte_09303.jpg	0.047578	0.5023	0.6053	129.4	111.8	0.8799	854	356
nte_09304.jpg	0.060623	0.5180	0.6044	151.8	121.4	0.7554	854	356
nte_09305.jpg	0.065867	0.5242	0.6156	164.5	121.8	0.6333	854	356
nte_09305.jpg	0.184105	0.9016	0.5313	168.8	331.6	0.5615	854	356
nte_09306.jpg	0.062725	0.5188	0.6119	160.1	119.1	0.8018	854	356
nte_09307.jpg	0.052424	0.5109	0.6138	140.1	113.8	0.6470	854	356
nte_09308.jpg	0.053577	0.5117	0.6063	136.8	119.1	0.8086	854	356
nte_09309.jpg	0.051456	0.5043	0.5978	122.8	127.4	0.5562	854	356
nte_09309.jpg	0.000671	0.7043	0.3336	15.7	13.0	0.3533	854	356
nte_09309.jpg	0.000646	0.6941	0.3139	14.0	14.0	0.3496	854	356
nte_09310.jpg	0.049968	0.5035	0.6053	124.8	121.8	0.6924	854	356
nte_09311.jpg	0.052660	0.5008	0.6091	130.8	122.4	0.7847	854	356
nte_09312.jpg	0.049336	0.5012	0.6231	128.1	117.1	0.6138	854	356
nte_09313.jpg	0.051925	0.5027	0.6091	134.4	117.4	0.4634	854	356
nte_09313.jpg	0.136553	0.5582	0.5407	232.2	178.8	0.2954	854	356
nte_09314.jpg	0.045809	0.4961	0.6119	122.4	113.8	0.5586	854	356
nte_09315.jpg	0.056153	0.5063	0.6016	136.1	125.4	0.6602	854	356
nte_09316.jpg	0.062283	0.5145	0.5913	138.1	137.1	0.2673	854	356
nte_09317.jpg	0.048897	0.5020	0.6025	121.1	122.8	0.8003	854	356
nte_09318.jpg	0.048762	0.5000	0.6016	122.8	120.8	0.8794	854	356
nte_09319.jpg	0.049167	0.4973	0.6044	122.1	122.4	0.8530	854	356
nte_09320.jpg	0.048898	0.4961	0.6063	121.4	122.4	0.8516	854	356
nte_09321.jpg	0.053072	0.5035	0.6016	135.1	119.4	0.7822	854	356
nte_09322.jpg	0.047170	0.4957	0.6025	121.1	118.4	0.8281	854	356
nte_09323.jpg	0.039427	0.4977	0.6325	117.4	102.1	0.7812	854	356
nte_09324.jpg	0.037398	0.5027	0.6306	114.8	99.1	0.7720	854	356
nte_09325.jpg	0.051545	0.4992	0.5894	120.8	129.8	0.7852	854	356
nte_09326.jpg	0.048866	0.4992	0.6082	118.8	125.1	0.7925	854	356
nte_09327.jpg	0.048363	0.4965	0.6044	120.4	122.1	0.8647	854	356
nte_09327.jpg	0.000776	0.4031	0.2699	16.8	14.0	0.5063	854	356
nte_09328.jpg	0.048229	0.4961	0.6044	120.1	122.1	0.8784	854	356
nte_09328.jpg	0.001204	0.4012	0.2661	20.5	17.8	0.6196	854	356
nte_09329.jpg	0.047175	0.4957	0.6007	119.4	120.1	0.8882	854	356
nte_09329.jpg	0.001582	0.4035	0.2783	22.4	21.5	0.7222	854	356
nte_09330.jpg	0.047437	0.4957	0.5997	120.8	119.4	0.8838	854	356
nte_09330.jpg	0.002505	0.4004	0.2914	28.4	26.9	0.7710	854	356
nte_09331.jpg	0.044696	0.5004	0.6044	114.4	118.8	0.7734	854	356
nte_09331.jpg	0.004505	0.3840	0.3055	38.2	35.9	0.7671	854	356
nte_09332.jpg	0.010210	0.3486	0.3448	61.2	50.7	0.7935	854	356
nte_09332.jpg	0.043812	0.5012	0.6100	113.8	117.1	0.7100	854	356
nte_09333.jpg	0.041926	0.2543	0.4273	137.9	92.4	0.8779	854	356
nte_09333.jpg	0.047905	0.5020	0.6053	116.4	125.1	0.7358	854	356
nte_09333.jpg	0.000789	0.3543	0.2717	19.2	12.5	0.2551	854	356
nte_09334.jpg	0.048498	0.4980	0.6053	121.1	121.8	0.8027	854	356
nte_09334.jpg	0.000817	0.3543	0.2736	19.8	12.5	0.3640	854	356
nte_09334.jpg	0.001302	0.4012	0.2896	21.2	18.7	0.3528	854	356
nte_09334.jpg	0.094145	0.0782	0.6944	133.4	214.5	0.2852	854	356
nte_09335.jpg	0.048229	0.4969	0.6063	120.1	122.1	0.8325	854	356
nte_09335.jpg	0.001922	0.3963	0.2999	25.0	23.4	0.5239	854	356
nte_09336.jpg	0.049033	0.4969	0.6072	122.1	122.1	0.8579	854	356
nte_09336.jpg	0.003746	0.3881	0.3298	38.4	29.7	0.7495	854	356
nte_09337.jpg	0.047830	0.4969	0.6053	121.8	119.4	0.8643	854	356
nte_09337.jpg	0.008037	0.3506	0.3720	59.5	41.0	0.7090	854	356
nte_09338.jpg	0.047305	0.4961	0.6035	120.8	119.1	0.8701	854	356
nte_09338.jpg	0.038013	0.2527	0.4779	139.7	82.7	0.8340	854	356
nte_09339.jpg	0.045960	0.5004	0.6035	114.8	121.8	0.8149	854	356
nte_09340.jpg	0.041301	0.5008	0.6288	114.8	109.4	0.7314	854	356
nte_09341.jpg	0.054689	0.5023	0.5875	122.8	135.4	0.5352	854	356
nte_09342.jpg	0.049705	0.4988	0.6091	122.4	123.4	0.7192	854	356
nte_09343.jpg	0.049165	0.4969	0.6110	121.4	123.1	0.8496	854	356
nte_09344.jpg	0.048098	0.4957	0.6119	120.1	121.8	0.8677	854	356
nte_09345.jpg	0.046913	0.4957	0.6072	119.1	119.8	0.8813	854	356
nte_09346.jpg	0.046240	0.4984	0.6063	116.1	121.1	0.8696	854	356
nte_09347.jpg	0.036188	0.5008	0.6297	111.4	98.7	0.7798	854	356
nte_09348.jpg	0.042062	0.5039	0.6147	112.1	114.1	0.7251	854	356
nte_09349.jpg	0.046240	0.5016	0.6100	116.1	121.1	0.6968	854	356
nte_09350.jpg	0.044561	0.4996	0.6053	113.8	119.1	0.8315	854	356
nte_09350.jpg	0.001153	0.7563	0.2924	23.4	15.0	0.3809	854	356
nte_09351.jpg	0.043927	0.4973	0.6147	118.1	113.1	0.7144	854	356
nte_09352.jpg	0.045599	0.5008	0.6091	115.8	119.8	0.8418	854	356
nte_09353.jpg	0.044957	0.5016	0.6082	115.1	118.8	0.8516	854	356
nte_09354.jpg	0.045223	0.5008	0.6138	118.1	116.4	0.7705	854	356
nte_09355.jpg	0.047568	0.4984	0.5997	119.4	121.1	0.8398	854	356
nte_09356.jpg	0.050310	0.5012	0.6053	128.4	119.1	0.8711	854	356
nte_09357.jpg	0.046895	0.4988	0.6091	121.8	117.1	0.8242	854	356
nte_09357.jpg	0.000840	0.4172	0.3261	18.7	13.7	0.3000	854	356
nte_09358.jpg	0.046787	0.5008	0.6100	128.4	110.8	0.7842	854	356
nte_09358.jpg	0.001282	0.4113	0.3308	24.9	15.7	0.5747	854	356
nte_09358.jpg	0.000950	0.4520	0.3233	19.7	14.7	0.3213	854	356
nte_09359.jpg	0.046012	0.4988	0.6082	124.4	112.4	0.8423	854	356
nte_09359.jpg	0.000960	0.4504	0.3261	20.3	14.3	0.4272	854	356
nte_09360.jpg	0.044920	0.4969	0.6063	120.8	113.1	0.8921	854	356
nte_09360.jpg	0.000771	0.4457	0.3327	18.0	13.0	0.6006	854	356
nte_09360.jpg	0.003398	0.3902	0.3570	36.9	28.0	0.3860	854	356
nte_09361.jpg	0.044161	0.4965	0.6072	119.4	112.4	0.8862	854	356
nte_09361.jpg	0.000810	0.4445	0.3373	18.0	13.7	0.7002	854	356
nte_09361.jpg	0.003069	0.6598	0.3505	43.7	21.4	0.4448	854	356
nte_09362.jpg	0.044837	0.4992	0.6100	117.8	115.8	0.8521	854	356
nte_09362.jpg	0.003778	0.3691	0.3720	43.0	26.7	0.7861	854	356
nte_09362.jpg	0.001064	0.4457	0.3430	19.0	17.0	0.6890	854	356
nte_09362.jpg	0.001977	0.6059	0.3177	36.0	16.7	0.3284	854	356
nte_09363.jpg	0.008954	0.3297	0.4048	66.9	40.7	0.8696	854	356
nte_09363.jpg	0.037488	0.5004	0.6297	115.4	98.7	0.7959	854	356
nte_09363.jpg	0.012274	0.7328	0.3898	110.8	33.7	0.7261	854	356
nte_09363.jpg	0.001242	0.4457	0.3486	21.4	17.7	0.6455	854	356
nte_09363.jpg	0.001318	0.7723	0.3392	24.0	16.7	0.3945	854	356
nte_09364.jpg	0.027487	0.2594	0.4760	124.0	67.4	0.8628	854	356
nte_09364.jpg	0.042434	0.5016	0.6063	114.8	112.4	0.8442	854	356
nte_09364.jpg	0.024543	0.7879	0.4357	150.1	49.7	0.8159	854	356
nte_09364.jpg	0.001786	0.4496	0.3514	26.7	20.3	0.6406	854	356
nte_09364.jpg	0.002152	0.8375	0.3495	32.7	20.0	0.3181	854	356
nte_09365.jpg	0.120117	0.1237	0.6878	211.3	172.8	0.8804	854	356
nte_09365.jpg	0.043860	0.4996	0.6044	120.8	110.4	0.8608	854	356
nte_09365.jpg	0.056621	0.8820	0.5313	203.2	84.7	0.7925	854	356
nte_09365.jpg	0.001944	0.4516	0.3570	27.7	21.3	0.7324	854	356
nte_09366.jpg	0.046040	0.4957	0.6044	126.8	110.4	0.8247	854	356
nte_09366.jpg	0.002383	0.4586	0.3664	31.0	23.4	0.7573	854	356
nte_09367.jpg	0.044331	0.4977	0.6260	122.4	110.1	0.7881	854	356
nte_09367.jpg	0.002855	0.4848	0.3730	34.7	25.0	0.7109	854	356
nte_09367.jpg	0.000628	0.4238	0.3373	14.7	13.0	0.3447	854	356
nte_09368.jpg	0.046259	0.4961	0.6016	119.1	118.1	0.8374	854	356
nte_09368.jpg	0.004335	0.5168	0.3879	42.0	31.4	0.7222	854	356
nte_09368.jpg	0.000854	0.4387	0.3383	17.7	14.7	0.3547	854	356
nte_09369.jpg	0.043992	0.4965	0.6044	120.8	110.8	0.7910	854	356
nte_09369.jpg	0.006169	0.5367	0.4067	53.0	35.4	0.7734	854	356
nte_09369.jpg	0.000873	0.4375	0.3458	17.7	15.0	0.3147	854	356
nte_09370.jpg	0.009511	0.5613	0.4348	67.7	42.7	0.8120	854	356
nte_09370.jpg	0.039185	0.4996	0.6250	124.4	95.7	0.8047	854	356
nte_09370.jpg	0.001309	0.4359	0.3467	21.7	18.3	0.2583	854	356
nte_09371.jpg	0.022325	0.6074	0.5116	95.1	71.4	0.8306	854	356
nte_09371.jpg	0.044254	0.5023	0.6138	130.1	103.4	0.7656	854	356
nte_09371.jpg	0.001809	0.4355	0.3458	27.0	20.3	0.4509	854	356
nte_09372.jpg	0.057967	0.6703	0.6213	159.1	110.8	0.7588	854	356
nte_09372.jpg	0.043749	0.4965	0.6035	120.1	110.8	0.6479	854	356
nte_09372.jpg	0.002911	0.4297	0.3598	32.4	27.4	0.6265	854	356
nte_09372.jpg	0.015229	0.4938	0.5060	97.7	47.4	0.2922	854	356
nte_09373.jpg	0.006101	0.4121	0.3945	49.2	37.7	0.8335	854	356
nte_09373.jpg	0.045506	0.4984	0.5997	123.4	112.1	0.8237	854	356
nte_09374.jpg	0.022571	0.3682	0.4713	96.6	71.1	0.8813	854	356
nte_09374.jpg	0.047328	0.5012	0.6016	131.1	109.8	0.7642	854	356
nte_09374.jpg	0.000417	0.4832	0.2933	12.7	10.0	0.4055	854	356
nte_09374.jpg	0.000352	0.4363	0.2924	12.3	8.7	0.2732	854	356
nte_09375.jpg	0.039897	0.4992	0.6269	124.1	97.7	0.7783	854	356
nte_09375.jpg	0.000369	0.4816	0.2858	12.0	9.3	0.3647	854	356
nte_09375.jpg	0.000314	0.4441	0.2980	11.0	8.7	0.2708	854	356
nte_09376.jpg	0.047267	0.4980	0.6035	123.4	116.4	0.8184	854	356
nte_09376.jpg	0.000519	0.4809	0.2877	14.3	11.0	0.4116	854	356
nte_09377.jpg	0.047620	0.4992	0.6063	125.4	115.4	0.8599	854	356
nte_09378.jpg	0.043006	0.5012	0.6194	126.4	103.4	0.7988	854	356
nte_09379.jpg	0.045475	0.4984	0.6100	119.1	116.1	0.8423	854	356
nte_09380.jpg	0.050081	0.5008	0.6166	126.4	120.4	0.8667	854	356
nte_09380.jpg	0.000966	0.4277	0.3111	18.3	16.0	0.4314	854	356
nte_09380.jpg	0.000551	0.4820	0.3017	14.3	11.7	0.3416	854	356
nte_09380.jpg	0.000714	0.5094	0.3158	16.7	13.0	0.2625	854	356
nte_09381.jpg	0.047274	0.5004	0.6203	123.1	116.8	0.8301	854	356
nte_09381.jpg	0.001523	0.4242	0.3505	24.4	19.0	0.6567	854	356
nte_09381.jpg	0.000597	0.4855	0.3270	16.0	11.3	0.5278	854	356
nte_09382.jpg	0.052363	0.5023	0.6185	131.1	121.4	0.8701	854	356
nte_09382.jpg	0.003431	0.4129	0.3758	35.5	29.4	0.8135	854	356
nte_09382.jpg	0.000849	0.4910	0.3317	19.3	13.3	0.5464	854	356
nte_09383.jpg	0.050198	0.5020	0.6260	127.4	119.8	0.8105	854	356
nte_09383.jpg	0.008712	0.3916	0.4226	58.4	45.4	0.7974	854	356
nte_09383.jpg	0.001164	0.4953	0.3364	20.0	17.7	0.6929	854	356
nte_09384.jpg	0.047162	0.5020	0.6166	117.8	121.8	0.8755	854	356
nte_09384.jpg	0.038450	0.3270	0.5407	122.1	95.7	0.8330	854	356
nte_09384.jpg	0.001490	0.4977	0.3430	23.0	19.7	0.7144	854	356
nte_09385.jpg	0.050713	0.5020	0.6278	129.1	119.4	0.8545	854	356
nte_09385.jpg	0.001747	0.5012	0.3467	25.7	20.7	0.7515	854	356
nte_09386.jpg	0.048475	0.4992	0.6156	124.1	118.8	0.8882	854	356
nte_09386.jpg	0.002070	0.5082	0.3542	29.0	21.7	0.7612	854	356
nte_09387.jpg	0.051297	0.5012	0.6241	128.4	121.4	0.8433	854	356
nte_09387.jpg	0.002949	0.5227	0.3645	35.4	25.4	0.7788	854	356
nte_09388.jpg	0.047274	0.4973	0.6128	123.1	116.8	0.8965	854	356
nte_09388.jpg	0.004176	0.5359	0.3776	41.4	30.7	0.7979	854	356
nte_09389.jpg	0.050369	0.5000	0.6297	125.8	121.8	0.8350	854	356
nte_09389.jpg	0.006460	0.5551	0.3973	53.0	37.0	0.8208	854	356
nte_09390.jpg	0.045865	0.4977	0.6110	119.4	116.8	0.8994	854	356
nte_09390.jpg	0.012368	0.5844	0.4339	72.7	51.7	0.8325	854	356
nte_09391.jpg	0.025762	0.6359	0.4854	113.4	69.1	0.8770	854	356
nte_09391.jpg	0.051335	0.4984	0.6231	125.8	124.1	0.8022	854	356
nte_09392.jpg	0.068523	0.7078	0.5810	189.8	109.8	0.8882	854	356
nte_09392.jpg	0.046256	0.4988	0.6138	119.8	117.4	0.8730	854	356
nte_09393.jpg	0.052136	0.4996	0.6185	128.8	123.1	0.7656	854	356
nte_09394.jpg	0.038824	0.5004	0.6381	120.8	97.7	0.8545	854	356
nte_09395.jpg	0.050833	0.4992	0.6175	129.8	119.1	0.8511	854	356
nte_09396.jpg	0.035896	0.5027	0.6372	112.4	97.1	0.7793	854	356
nte_09397.jpg	0.046907	0.5059	0.6166	120.8	118.1	0.7803	854	356
nte_09398.jpg	0.037112	0.5016	0.6419	119.1	94.7	0.8667	854	356
nte_09399.jpg	0.039948	0.5051	0.6438	121.8	99.7	0.8247	854	356
nte_09400.jpg	0.038037	0.5012	0.6241	110.8	104.4	0.7495	854	356
nte_09401.jpg	0.042396	0.5020	0.6438	127.1	101.4	0.7812	854	356
nte_09401.jpg	0.000596	0.3949	0.3720	15.5	11.7	0.3018	854	356
nte_09402.jpg	0.037578	0.5012	0.6372	116.1	98.4	0.7720	854	356
nte_09403.jpg	0.042076	0.5023	0.6484	124.1	103.1	0.8579	854	356
nte_09404.jpg	0.042189	0.5008	0.6222	112.8	113.8	0.7910	854	356
nte_09405.jpg	0.042141	0.5035	0.6438	123.1	104.1	0.8789	854	356
nte_09406.jpg	0.044838	0.5023	0.6147	116.1	117.4	0.8481	854	356
nte_09407.jpg	0.043123	0.4992	0.6400	128.4	102.1	0.8706	854	356
nte_09408.jpg	0.049465	0.5020	0.6194	128.4	117.1	0.8032	854	356
nte_09409.jpg	0.041591	0.5008	0.6391	125.1	101.1	0.8838	854	356
nte_09410.jpg	0.045724	0.5047	0.6316	124.8	111.4	0.7754	854	356
nte_09411.jpg	0.040714	0.5012	0.6335	124.1	99.7	0.8291	854	356
nte_09412.jpg	0.045162	0.5020	0.6400	132.8	103.4	0.7812	854	356
nte_09412.jpg	0.018145	0.4625	0.5444	81.1	68.1	0.2529	854	356
nte_09413.jpg	0.040905	0.5004	0.6372	125.1	99.4	0.8491	854	356
nte_09414.jpg	0.043190	0.5004	0.6344	130.8	100.4	0.7910	854	356
nte_09415.jpg	0.049055	0.4984	0.6100	128.1	116.4	0.8354	854	356
nte_09416.jpg	0.053384	0.5004	0.6203	130.4	124.4	0.8408	854	356
nte_09417.jpg	0.039761	0.4992	0.6363	124.1	97.4	0.7974	854	356
nte_09418.jpg	0.046842	0.5027	0.6269	127.4	111.8	0.7251	854	356
nte_09419.jpg	0.040823	0.5004	0.6353	124.4	99.7	0.8486	854	356
nte_09420.jpg	0.044814	0.5023	0.6297	128.4	106.1	0.7578	854	356
nte_09421.jpg	0.047835	0.4992	0.6194	127.1	114.4	0.8403	854	356
nte_09422.jpg	0.047544	0.5000	0.6250	132.1	109.4	0.6729	854	356
nte_09423.jpg	0.048878	0.4965	0.6194	133.8	111.1	0.7749	854	356
nte_09424.jpg	0.048585	0.4988	0.6203	133.8	110.4	0.7021	854	356
nte_09425.jpg	0.043317	0.5004	0.6381	129.4	101.7	0.8926	854	356
nte_09426.jpg	0.048226	0.5023	0.6231	127.8	114.8	0.8369	854	356
nte_09427.jpg	0.044301	0.5012	0.6381	127.8	105.4	0.8354	854	356
nte_09428.jpg	0.041199	0.5008	0.6156	112.8	111.1	0.8403	854	356
nte_09429.jpg	0.044507	0.5008	0.6428	128.8	105.1	0.8623	854	356
nte_09429.jpg	0.000446	0.3551	0.3908	14.0	9.7	0.3308	854	356
nte_09430.jpg	0.045073	0.4992	0.6138	119.8	114.4	0.8457	854	356
nte_09431.jpg	0.045342	0.5016	0.6363	130.8	105.4	0.7383	854	356
nte_09432.jpg	0.040786	0.4996	0.6363	126.4	98.1	0.8447	854	356
nte_09433.jpg	0.045263	0.5043	0.6203	125.8	109.4	0.7729	854	356
nte_09434.jpg	0.045242	0.4930	0.6428	137.4	100.1	0.8569	854	356
nte_09435.jpg	0.043409	0.5004	0.6250	118.1	111.8	0.7998	854	356
nte_09436.jpg	0.042198	0.5000	0.6428	127.8	100.4	0.8584	854	356
nte_09437.jpg	0.041447	0.4961	0.6166	112.1	112.4	0.7803	854	356
nte_09438.jpg	0.041641	0.4941	0.6438	120.1	105.4	0.6978	854	356
nte_09439.jpg	0.039829	0.5016	0.6250	117.1	103.4	0.8086	854	356
nte_09440.jpg	0.043152	0.5000	0.6335	128.1	102.4	0.7300	854	356
nte_09441.jpg	0.039654	0.4996	0.6409	123.8	97.4	0.8442	854	356
nte_09441.jpg	0.001407	0.3623	0.4067	24.2	17.7	0.6328	854	356
nte_09442.jpg	0.044722	0.5008	0.6335	127.8	106.4	0.7876	854	356
nte_09443.jpg	0.042278	0.5020	0.6391	128.4	100.1	0.8608	854	356
nte_09443.jpg	0.002951	0.3682	0.4264	35.9	25.0	0.3760	854	356
nte_09444.jpg	0.042174	0.5016	0.6082	115.4	111.1	0.8696	854	356
nte_09444.jpg	0.007207	0.3266	0.4554	59.7	36.7	0.8130	854	356
nte_09444.jpg	0.000732	0.3854	0.4170	16.7	13.3	0.3408	854	356
nte_09445.jpg	0.033381	0.2438	0.5257	140.2	72.4	0.8970	854	356
nte_09445.jpg	0.044600	0.4992	0.6110	122.4	110.8	0.8862	854	356
nte_09445.jpg	0.000876	0.3820	0.4179	19.0	14.0	0.2666	854	356
nte_09446.jpg	0.042098	0.5000	0.6156	123.8	103.4	0.8750	854	356
nte_09446.jpg	0.043085	0.0502	0.7824	85.7	152.8	0.8018	854	356
nte_09446.jpg	0.000395	0.4434	0.3992	12.0	10.0	0.3589	854	356
nte_09447.jpg	0.041531	0.4984	0.6128	122.1	103.4	0.8501	854	356
nte_09447.jpg	0.002498	0.3693	0.4423	32.5	23.4	0.7354	854	356
nte_09447.jpg	0.000395	0.4418	0.4001	12.0	10.0	0.4126	854	356
nte_09447.jpg	0.000748	0.3994	0.4198	15.8	14.3	0.4043	854	356
nte_09448.jpg	0.041323	0.4984	0.6147	121.1	103.7	0.8618	854	356
nte_09448.jpg	0.004630	0.3482	0.4601	45.9	30.7	0.8237	854	356
nte_09448.jpg	0.001107	0.3934	0.4189	20.2	16.7	0.6152	854	356
nte_09448.jpg	0.000480	0.4410	0.4001	13.7	10.7	0.3508	854	356
nte_09449.jpg	0.041623	0.4988	0.6147	122.8	103.1	0.8950	854	356
nte_09449.jpg	0.014732	0.2924	0.4995	86.1	52.0	0.8887	854	356
nte_09449.jpg	0.001741	0.3869	0.4236	25.2	21.0	0.7715	854	356
nte_09449.jpg	0.000523	0.4414	0.4020	14.0	11.3	0.2649	854	356
nte_09450.jpg	0.096656	0.1274	0.6400	217.5	135.1	0.9019	854	356
nte_09450.jpg	0.040885	0.4961	0.6128	119.4	104.1	0.8838	854	356
nte_09450.jpg	0.003189	0.3828	0.4217	34.2	28.4	0.7949	854	356
nte_09450.jpg	0.009925	0.2551	0.4863	71.2	42.4	0.4365	854	356
nte_09451.jpg	0.039837	0.4965	0.6156	119.4	101.4	0.8613	854	356
nte_09451.jpg	0.006238	0.3535	0.4329	49.9	38.0	0.7910	854	356
nte_09452.jpg	0.017926	0.2869	0.4629	86.9	62.7	0.8921	854	356
nte_09452.jpg	0.043154	0.4996	0.6138	121.8	107.8	0.8413	854	356
nte_09453.jpg	0.096967	0.1331	0.5632	227.2	129.8	0.9243	854	356
nte_09453.jpg	0.045703	0.5004	0.6100	127.8	108.8	0.8779	854	356
nte_09454.jpg	0.047368	0.4988	0.6138	128.1	112.4	0.8496	854	356
nte_09455.jpg	0.044928	0.4988	0.6110	126.8	107.8	0.8496	854	356
nte_09456.jpg	0.044830	0.4988	0.6119	126.1	108.1	0.8276	854	356
nte_09456.jpg	0.001400	0.3695	0.3983	25.5	16.7	0.6860	854	356
nte_09457.jpg	0.041816	0.4984	0.6082	119.1	106.8	0.8506	854	356
nte_09457.jpg	0.002657	0.3463	0.4142	36.7	22.0	0.8071	854	356
nte_09458.jpg	0.007942	0.2881	0.4526	64.0	37.7	0.8545	854	356
nte_09458.jpg	0.043745	0.5000	0.6091	125.8	105.7	0.8403	854	356
nte_09458.jpg	0.000772	0.5629	0.3149	20.7	11.3	0.3193	854	356
nte_09459.jpg	0.035572	0.1707	0.5397	152.2	71.1	0.8784	854	356
nte_09459.jpg	0.047210	0.5004	0.6128	128.4	111.8	0.7993	854	356
nte_09459.jpg	0.001085	0.5598	0.3130	25.4	13.0	0.4780	854	356
nte_09459.jpg	0.000400	0.6012	0.2999	13.0	9.3	0.3003	854	356
nte_09460.jpg	0.044224	0.5004	0.6156	128.8	104.4	0.8276	854	356
nte_09460.jpg	0.001111	0.5895	0.3036	24.7	13.7	0.2861	854	356
nte_09461.jpg	0.046442	0.4996	0.6100	129.4	109.1	0.8711	854	356
nte_09461.jpg	0.000597	0.5543	0.3092	17.0	10.7	0.3337	854	356
nte_09462.jpg	0.046385	0.4973	0.6100	128.1	110.1	0.8589	854	356
nte_09463.jpg	0.043492	0.4992	0.6091	123.1	107.4	0.8433	854	356
nte_09464.jpg	0.047693	0.4992	0.5997	122.1	118.8	0.7954	854	356
nte_09465.jpg	0.047768	0.4992	0.6091	125.1	116.1	0.8120	854	356
nte_09466.jpg	0.048774	0.4973	0.6100	128.1	115.8	0.7446	854	356
nte_09467.jpg	0.046787	0.4980	0.6025	128.4	110.8	0.8452	854	356
nte_09468.jpg	0.045953	0.4969	0.6016	125.8	111.1	0.7988	854	356
nte_09469.jpg	0.047821	0.4961	0.6016	127.4	114.1	0.8125	854	356
nte_09470.jpg	0.047835	0.4988	0.6007	127.1	114.4	0.8804	854	356
nte_09471.jpg	0.048811	0.5016	0.6007	127.1	116.8	0.8555	854	356
nte_09472.jpg	0.049388	0.5016	0.6007	126.4	118.8	0.8594	854	356
nte_09472.jpg	0.000646	0.5453	0.5041	14.0	14.0	0.2603	854	356
nte_09473.jpg	0.048555	0.5016	0.5969	126.4	116.8	0.8477	854	356
nte_09474.jpg	0.048951	0.5012	0.5978	127.1	117.1	0.8169	854	356
nte_09474.jpg	0.001384	0.4375	0.4835	20.0	21.0	0.2607	854	356
nte_09475.jpg	0.048694	0.5004	0.5978	126.4	117.1	0.8555	854	356
nte_09476.jpg	0.047802	0.5008	0.5978	123.8	117.4	0.8481	854	356
nte_09477.jpg	0.047915	0.5004	0.5978	124.8	116.8	0.8545	854	356
nte_09478.jpg	0.048171	0.5016	0.5969	125.4	116.8	0.8716	854	356
nte_09478.jpg	0.001687	0.4691	0.2427	32.0	16.0	0.4331	854	356
nte_09479.jpg	0.047356	0.5012	0.5950	125.1	115.1	0.8916	854	356
nte_09479.jpg	0.001548	0.4684	0.2422	30.0	15.7	0.3777	854	356
nte_09480.jpg	0.049909	0.5023	0.6016	127.8	118.8	0.8896	854	356
nte_09480.jpg	0.001812	0.4699	0.2427	33.0	16.7	0.5352	854	356
nte_09481.jpg	0.054639	0.5035	0.6110	132.4	125.4	0.8857	854	356
nte_09481.jpg	0.002017	0.4723	0.2432	35.7	17.2	0.6011	854	356
nte_09482.jpg	0.056388	0.5047	0.6222	131.8	130.1	0.8833	854	356
nte_09482.jpg	0.002114	0.4719	0.2427	36.7	17.5	0.5337	854	356
nte_09483.jpg	0.056667	0.5039	0.6194	133.1	129.4	0.8662	854	356
nte_09483.jpg	0.046234	0.5570	0.1757	113.4	123.9	0.4878	854	356
nte_09484.jpg	0.056652	0.5000	0.6203	134.1	128.4	0.8496	854	356
nte_09484.jpg	0.054033	0.5688	0.1780	130.1	126.3	0.4895	854	356
nte_09484.jpg	0.001998	0.4707	0.2422	35.4	17.2	0.4048	854	356
nte_09484.jpg	0.001183	0.4504	0.5182	17.7	20.3	0.3379	854	356
nte_09485.jpg	0.057661	0.4957	0.6241	135.4	129.4	0.8804	854	356
nte_09485.jpg	0.002095	0.4715	0.2427	36.4	17.5	0.3103	854	356
nte_09485.jpg	0.068562	0.5855	0.1823	161.5	129.1	0.2964	854	356
nte_09486.jpg	0.059296	0.4949	0.6269	135.4	133.1	0.8530	854	356
nte_09486.jpg	0.073357	0.5891	0.1837	169.5	131.6	0.5576	854	356
nte_09486.jpg	0.001830	0.4668	0.2432	33.7	16.5	0.4170	854	356
nte_09487.jpg	0.060763	0.4961	0.6241	138.4	133.4	0.8750	854	356
nte_09487.jpg	0.001736	0.4641	0.2455	34.0	15.5	0.2812	854	356
nte_09488.jpg	0.059707	0.4957	0.6297	138.1	131.4	0.8433	854	356
nte_09488.jpg	0.002123	0.4598	0.2436	38.7	16.7	0.4060	854	356
nte_09489.jpg	0.058557	0.4969	0.6353	131.8	135.1	0.8628	854	356
nte_09489.jpg	0.002214	0.4184	0.2399	37.0	18.2	0.3772	854	356
nte_09490.jpg	0.061518	0.5070	0.6400	138.8	134.8	0.8853	854	356
nte_09490.jpg	0.003086	0.3367	0.2352	46.9	20.0	0.5684	854	356
nte_09491.jpg	0.003249	0.2326	0.2333	47.4	20.8	0.2700	854	356
nte_09491.jpg	0.001193	0.2879	0.2375	22.2	16.3	0.2615	854	356
nte_09492.jpg	0.107340	0.4754	0.6353	210.8	154.8	0.8604	854	356
nte_09492.jpg	0.001865	0.0136	0.2516	23.3	24.4	0.4016	854	356
nte_09493.jpg	0.105535	0.4559	0.6484	248.5	129.1	0.8735	854	356
nte_09494.jpg	0.123871	0.4602	0.6812	247.0	152.5	0.8721	854	356
nte_09495.jpg	0.134170	0.4590	0.6869	246.5	165.5	0.9111	854	356
nte_09496.jpg	0.130039	0.4680	0.6869	242.4	163.1	0.9175	854	356
nte_09497.jpg	0.125585	0.4797	0.6812	235.0	162.5	0.9155	854	356
nte_09498.jpg	0.122355	0.4844	0.6803	231.3	160.8	0.9209	854	356
nte_09499.jpg	0.121283	0.4852	0.6812	228.8	161.1	0.9150	854	356
nte_09500.jpg	0.122229	0.4852	0.6784	229.7	161.8	0.9165	854	356
nte_09501.jpg	0.114552	0.4910	0.6728	238.4	146.1	0.9170	854	356
nte_09502.jpg	0.103567	0.4930	0.6597	250.4	125.8	0.8896	854	356
nte_09502.jpg	0.003310	0.5816	0.5070	45.7	22.0	0.2556	854	356
nte_09503.jpg	0.099483	0.4906	0.6653	239.9	126.1	0.9014	854	356
nte_09504.jpg	0.100647	0.4934	0.6691	237.0	129.1	0.9048	854	356
nte_09505.jpg	0.100837	0.4934	0.6681	236.9	129.4	0.9058	854	356
nte_09506.jpg	0.100127	0.4934	0.6691	237.0	128.4	0.9062	854	356
nte_09507.jpg	0.100718	0.4934	0.6691	237.2	129.1	0.9067	854	356
nte_09508.jpg	0.100506	0.4930	0.6691	236.7	129.1	0.9082	854	356
nte_09509.jpg	0.100246	0.4926	0.6681	236.7	128.8	0.9072	854	356
nte_09510.jpg	0.100078	0.4926	0.6672	237.5	128.1	0.9067	854	356
nte_09511.jpg	0.098268	0.4941	0.6569	250.9	119.1	0.8994	854	356
nte_09512.jpg	0.105929	0.4922	0.6672	245.0	131.4	0.9136	854	356
nte_09513.jpg	0.107469	0.4922	0.6691	244.9	133.4	0.9116	854	356
nte_09514.jpg	0.107542	0.4922	0.6691	245.0	133.4	0.9116	854	356
nte_09515.jpg	0.107811	0.4922	0.6691	245.0	133.8	0.9097	854	356
nte_09516.jpg	0.108275	0.4922	0.6700	244.9	134.4	0.9092	854	356
nte_09517.jpg	0.107738	0.4922	0.6700	244.9	133.8	0.9082	854	356
nte_09518.jpg	0.107464	0.4922	0.6700	243.0	134.4	0.9106	854	356
nte_09519.jpg	0.102397	0.4906	0.6578	250.9	124.1	0.9043	854	356
nte_09520.jpg	0.091987	0.4937	0.6288	248.0	112.8	0.9072	854	356
nte_09521.jpg	0.090496	0.4938	0.6269	246.2	111.8	0.9077	854	356
nte_09522.jpg	0.091538	0.4922	0.6269	249.0	111.8	0.9097	854	356
nte_09523.jpg	0.092825	0.4910	0.6269	251.0	112.4	0.9092	854	356
nte_09524.jpg	0.097599	0.4906	0.6363	254.9	116.4	0.9058	854	356
nte_09525.jpg	0.097260	0.4832	0.6447	244.9	120.8	0.9229	854	356
nte_09526.jpg	0.097732	0.4824	0.6475	244.0	121.8	0.9150	854	356
nte_09527.jpg	0.098800	0.4816	0.6513	243.4	123.4	0.9155	854	356
nte_09528.jpg	0.097659	0.4828	0.6503	241.9	122.8	0.9146	854	356
nte_09529.jpg	0.098265	0.4820	0.6503	243.4	122.8	0.9155	854	356
nte_09530.jpg	0.098063	0.4824	0.6503	242.9	122.8	0.9160	854	356
nte_09531.jpg	0.097798	0.4824	0.6494	243.5	122.1	0.9116	854	356
nte_09532.jpg	0.097530	0.4828	0.6484	242.9	122.1	0.9106	854	356
nte_09533.jpg	0.097197	0.4828	0.6503	242.7	121.8	0.9102	854	356
nte_09534.jpg	0.097331	0.4828	0.6494	243.0	121.8	0.9102	854	356
nte_09535.jpg	0.097929	0.4840	0.6494	242.5	122.8	0.9165	854	356
nte_09536.jpg	0.096938	0.4918	0.6550	253.9	116.1	0.9102	854	356
nte_09536.jpg	0.052263	0.9055	0.6025	161.5	98.4	0.2939	854	356
nte_09537.jpg	0.101444	0.5121	0.6784	198.8	155.1	0.8804	854	356
nte_09537.jpg	0.000786	0.2301	0.3186	18.8	12.7	0.3718	854	356
nte_09537.jpg	0.000223	0.2676	0.3139	9.7	7.0	0.2637	854	356
nte_09537.jpg	0.000351	0.2418	0.3139	10.7	10.0	0.2556	854	356
nte_09538.jpg	0.076942	0.5000	0.6841	154.5	151.5	0.8584	854	356
nte_09538.jpg	0.000915	0.4906	0.2633	20.3	13.7	0.4529	854	356
nte_09539.jpg	0.075273	0.4887	0.6906	149.8	152.8	0.8384	854	356
nte_09539.jpg	0.000987	0.5344	0.2553	21.7	13.8	0.3523	854	356
nte_09540.jpg	0.075530	0.4883	0.6916	151.3	151.8	0.8472	854	356
nte_09540.jpg	0.001023	0.5355	0.2582	21.7	14.3	0.3030	854	356
nte_09541.jpg	0.076857	0.4879	0.6934	151.3	154.5	0.8579	854	356
nte_09541.jpg	0.000758	0.5332	0.2661	20.0	11.5	0.3118	854	356
nte_09542.jpg	0.076196	0.4883	0.6916	152.0	152.5	0.8496	854	356
nte_09542.jpg	0.000703	0.5316	0.2671	20.3	10.5	0.3145	854	356
nte_09543.jpg	0.076111	0.4887	0.6878	152.8	151.5	0.8579	854	356
nte_09543.jpg	0.000846	0.5305	0.2671	22.7	11.3	0.3577	854	356
nte_09544.jpg	0.076361	0.4883	0.6887	153.3	151.5	0.8530	854	356
nte_09544.jpg	0.000897	0.5316	0.2680	23.4	11.7	0.2915	854	356
nte_09545.jpg	0.076029	0.4883	0.6897	152.3	151.8	0.8516	854	356
nte_09545.jpg	0.000934	0.5320	0.2671	23.0	12.3	0.3794	854	356
nte_09546.jpg	0.074618	0.4891	0.6878	150.8	150.5	0.8530	854	356
nte_09546.jpg	0.001040	0.5316	0.2643	23.7	13.3	0.3098	854	356
nte_09547.jpg	0.076279	0.4914	0.6916	152.8	151.8	0.8105	854	356
nte_09547.jpg	0.001564	0.5223	0.2539	29.7	16.0	0.4094	854	356
nte_09548.jpg	0.075778	0.4918	0.6916	152.5	151.1	0.8130	854	356
nte_09548.jpg	0.001611	0.5227	0.2539	29.4	16.7	0.4336	854	356
nte_09549.jpg	0.076279	0.4918	0.6916	152.8	151.8	0.8228	854	356
nte_09549.jpg	0.001592	0.5230	0.2539	29.0	16.7	0.4177	854	356
nte_09550.jpg	0.077114	0.4922	0.6925	152.1	154.1	0.8164	854	356
nte_09550.jpg	0.000799	0.5281	0.2549	17.3	14.0	0.2764	854	356
nte_09551.jpg	0.076581	0.4941	0.6859	155.8	149.4	0.8188	854	356
nte_09552.jpg	0.001186	0.7211	0.3017	26.4	13.7	0.2546	854	356
nte_09553.jpg	0.104032	0.4965	0.6962	229.0	138.1	0.6792	854	356
nte_09554.jpg	0.105344	0.4973	0.6934	229.7	139.4	0.6235	854	356
nte_09555.jpg	0.106439	0.4988	0.6916	231.5	139.8	0.6494	854	356
nte_09556.jpg	0.106109	0.4988	0.6916	231.3	139.4	0.5093	854	356
nte_09557.jpg	0.106185	0.4984	0.6906	231.5	139.4	0.8804	854	356
nte_09558.jpg	0.103077	0.5008	0.6944	233.7	134.1	0.8828	854	356
nte_09559.jpg	0.108382	0.5047	0.6625	242.7	135.8	0.5112	854	356
nte_09559.jpg	0.015767	0.1266	0.3158	103.7	46.2	0.2732	854	356
nte_09560.jpg	0.104636	0.5184	0.6653	226.5	140.4	0.4675	854	356
nte_09561.jpg	0.000883	0.3834	0.3177	21.2	12.7	0.2822	854	356
nte_09561.jpg	0.004397	0.4680	0.3017	52.0	25.7	0.2566	854	356
nte_09564.jpg	0.002713	0.3574	0.3533	36.4	22.7	0.5186	854	356
nte_09564.jpg	0.001684	0.5715	0.3158	30.7	16.7	0.2947	854	356
nte_09565.jpg	0.002614	0.3730	0.3598	34.5	23.0	0.5498	854	356
nte_09565.jpg	0.001650	0.5711	0.3158	30.7	16.3	0.2671	854	356
nte_09566.jpg	0.003895	0.3816	0.3655	46.7	25.4	0.7485	854	356
nte_09566.jpg	0.001581	0.5715	0.3149	30.0	16.0	0.3169	854	356
nte_09567.jpg	0.004879	0.4004	0.3720	51.7	28.7	0.8232	854	356
nte_09567.jpg	0.001546	0.5719	0.3158	29.4	16.0	0.3220	854	356
nte_09568.jpg	0.005590	0.4199	0.3814	55.4	30.7	0.5073	854	356
nte_09568.jpg	0.001647	0.5719	0.3158	30.0	16.7	0.2644	854	356
nte_09569.jpg	0.006987	0.4430	0.3908	63.0	33.7	0.8408	854	356
nte_09569.jpg	0.126626	0.5234	0.6944	214.5	179.5	0.2791	854	356
nte_09569.jpg	0.001560	0.5727	0.3158	29.0	16.3	0.2661	854	356
nte_09570.jpg	0.008976	0.4734	0.4048	72.4	37.7	0.8257	854	356
nte_09570.jpg	0.000945	0.3908	0.3008	20.5	14.0	0.2964	854	356
nte_09571.jpg	0.011211	0.5066	0.4179	82.4	41.4	0.8564	854	356
nte_09571.jpg	0.117592	0.5238	0.7140	216.5	165.1	0.2510	854	356
nte_09572.jpg	0.018333	0.5512	0.4460	105.1	53.0	0.7905	854	356
nte_09573.jpg	0.027613	0.6168	0.4779	127.1	66.1	0.8550	854	356
nte_09573.jpg	0.001892	0.5727	0.3167	31.4	18.3	0.2683	854	356
nte_09574.jpg	0.048215	0.6855	0.5238	176.5	83.1	0.8818	854	356
nte_09575.jpg	0.026838	0.7285	0.5266	107.8	75.7	0.3130	854	356
nte_09576.jpg	0.045235	0.9352	0.6550	111.4	123.4	0.4890	854	356
nte_09581.jpg	0.001432	0.0968	0.2488	30.4	14.3	0.2769	854	356
nte_09582.jpg	0.001686	0.0563	0.2497	35.3	14.5	0.2625	854	356
nte_09583.jpg	0.009265	0.3406	0.2896	75.4	37.4	0.3362	854	356
nte_09584.jpg	0.098663	0.5258	0.6784	247.0	121.4	0.6611	854	356
nte_09584.jpg	0.523548	0.6910	0.4376	533.4	298.4	0.3113	854	356
nte_09585.jpg	0.022446	0.8242	0.4207	146.1	46.7	0.8311	854	356
nte_09585.jpg	0.076743	0.5164	0.6672	226.3	103.1	0.7808	854	356
nte_09585.jpg	0.003193	0.0756	0.3064	41.0	23.7	0.5791	854	356
nte_09586.jpg	0.011379	0.5926	0.3870	89.4	38.7	0.8389	854	356
nte_09586.jpg	0.092350	0.5098	0.6831	223.8	125.4	0.8252	854	356
nte_09587.jpg	0.016926	0.4227	0.3954	113.4	45.4	0.8594	854	356
nte_09587.jpg	0.003334	0.8539	0.3139	46.0	22.0	0.7119	854	356
nte_09587.jpg	0.005541	0.9008	0.3411	58.0	29.0	0.6489	854	356
nte_09588.jpg	0.032233	0.2543	0.4460	158.8	61.7	0.8945	854	356
nte_09588.jpg	0.003056	0.7961	0.3223	40.4	23.0	0.7637	854	356
nte_09588.jpg	0.000849	0.8781	0.2671	19.3	13.3	0.5957	854	356
nte_09588.jpg	0.002996	0.7281	0.3111	44.0	20.7	0.3672	854	356
nte_09589.jpg	0.048212	0.1145	0.4920	196.2	74.7	0.8555	854	356
nte_09589.jpg	0.002962	0.8094	0.3186	39.7	22.7	0.8203	854	356
nte_09589.jpg	0.000944	0.8773	0.2671	20.0	14.3	0.6567	854	356
nte_09589.jpg	0.002562	0.7238	0.3149	33.4	23.4	0.2883	854	356
nte_09590.jpg	0.062417	0.4957	0.6541	140.1	135.4	0.6353	854	356
nte_09590.jpg	0.002736	0.6145	0.3177	38.4	21.7	0.4128	854	356
nte_09591.jpg	0.058127	0.5035	0.6494	132.4	133.4	0.8311	854	356
nte_09591.jpg	0.002883	0.5074	0.3233	35.0	25.0	0.7651	854	356
nte_09591.jpg	0.000966	0.6035	0.3102	22.0	13.3	0.6313	854	356
nte_09591.jpg	0.000428	0.6137	0.2671	13.0	10.0	0.4934	854	356
nte_09592.jpg	0.054390	0.5035	0.6400	130.1	127.1	0.8418	854	356
nte_09592.jpg	0.003778	0.4879	0.3373	43.0	26.7	0.7993	854	356
nte_09592.jpg	0.000993	0.6047	0.3064	19.7	15.3	0.7329	854	356
nte_09593.jpg	0.005752	0.4656	0.3570	54.0	32.4	0.8228	854	356
nte_09593.jpg	0.052001	0.4996	0.6288	128.4	123.1	0.8105	854	356
nte_09593.jpg	0.001038	0.6094	0.3074	21.0	15.0	0.6479	854	356
nte_09594.jpg	0.048254	0.4984	0.6203	127.1	115.4	0.8384	854	356
nte_09594.jpg	0.008876	0.4309	0.3833	68.6	39.4	0.7871	854	356
nte_09594.jpg	0.000943	0.6059	0.3055	18.7	15.3	0.5117	854	356
nte_09594.jpg	0.000460	0.5957	0.2736	12.3	11.3	0.3364	854	356
nte_09594.jpg	0.000264	0.6414	0.2783	10.0	8.0	0.2546	854	356
nte_09595.jpg	0.021737	0.3596	0.4498	107.1	61.7	0.8730	854	356
nte_09595.jpg	0.043690	0.4977	0.6203	124.4	106.8	0.8076	854	356
nte_09595.jpg	0.000644	0.5922	0.2764	14.7	13.3	0.5586	854	356
nte_09595.jpg	0.001135	0.6082	0.3064	20.7	16.7	0.5566	854	356
nte_09596.jpg	0.101209	0.2076	0.5913	258.4	119.1	0.8989	854	356
nte_09596.jpg	0.045364	0.4980	0.6166	126.4	109.1	0.8140	854	356
nte_09596.jpg	0.001481	0.6129	0.3036	23.7	19.0	0.4199	854	356
nte_09596.jpg	0.000781	0.5938	0.2746	14.7	16.2	0.4026	854	356
nte_09597.jpg	0.042749	0.5008	0.6316	129.4	100.4	0.7739	854	356
nte_09597.jpg	0.001027	0.6172	0.3111	20.3	15.3	0.6406	854	356
nte_09597.jpg	0.000700	0.5930	0.2792	14.0	15.2	0.4282	854	356
nte_09597.jpg	0.033211	0.0420	0.7909	71.7	140.8	0.4182	854	356
nte_09598.jpg	0.046294	0.5016	0.6297	131.4	107.1	0.7632	854	356
nte_09598.jpg	0.000870	0.6168	0.3167	19.3	13.7	0.6289	854	356
nte_09598.jpg	0.001968	0.5340	0.3383	28.0	21.3	0.3220	854	356
nte_09598.jpg	0.000757	0.5891	0.2867	15.7	14.7	0.3103	854	356
nte_09599.jpg	0.046439	0.5023	0.6241	131.4	107.4	0.7329	854	356
nte_09599.jpg	0.002790	0.5109	0.3589	34.4	24.7	0.4482	854	356
nte_09599.jpg	0.000842	0.6090	0.3195	19.7	13.0	0.4404	854	356
nte_09599.jpg	0.000677	0.5770	0.3008	16.7	12.3	0.3083	854	356
nte_09600.jpg	0.050508	0.5020	0.6053	130.8	117.4	0.7725	854	356
nte_09600.jpg	0.006395	0.4621	0.3954	56.0	34.7	0.7329	854	356
nte_09600.jpg	0.000993	0.5902	0.3205	19.7	15.3	0.6064	854	356
nte_09600.jpg	0.000960	0.5531	0.3064	19.0	15.3	0.2957	854	356
nte_09601.jpg	0.020927	0.3688	0.4582	100.9	63.0	0.8208	854	356
nte_09601.jpg	0.040444	0.4996	0.6325	127.1	96.7	0.7881	854	356
nte_09601.jpg	0.001098	0.5531	0.3214	20.0	16.7	0.7041	854	356
nte_09601.jpg	0.000892	0.5117	0.3167	19.3	14.0	0.3459	854	356
nte_09602.jpg	0.042787	0.4973	0.6213	127.4	102.1	0.8140	854	356
nte_09602.jpg	0.159254	0.1609	0.7393	274.9	176.1	0.7964	854	356
nte_09602.jpg	0.001067	0.5340	0.3317	20.7	15.7	0.6738	854	356
nte_09602.jpg	0.001190	0.4875	0.3195	21.7	16.7	0.3289	854	356
nte_09603.jpg	0.042325	0.4996	0.6166	124.4	103.4	0.8071	854	356
nte_09603.jpg	0.001058	0.5258	0.3345	19.7	16.3	0.7554	854	356
nte_09603.jpg	0.001563	0.4707	0.3289	23.4	20.3	0.6978	854	356
nte_09604.jpg	0.002240	0.4609	0.3355	28.4	24.0	0.8213	854	356
nte_09604.jpg	0.044081	0.4988	0.6119	124.8	107.4	0.7939	854	356
nte_09604.jpg	0.001135	0.5250	0.3355	20.7	16.7	0.7432	854	356
nte_09605.jpg	0.046244	0.4988	0.6053	125.4	112.1	0.7866	854	356
nte_09605.jpg	0.003157	0.4469	0.3476	32.7	29.4	0.7627	854	356
nte_09605.jpg	0.001190	0.5246	0.3383	21.7	16.7	0.7339	854	356
nte_09605.jpg	0.000362	0.7059	0.3092	14.3	7.7	0.2539	854	356
nte_09606.jpg	0.043767	0.4992	0.6110	125.4	106.1	0.7979	854	356
nte_09606.jpg	0.006808	0.4211	0.3692	50.0	41.4	0.7959	854	356
nte_09606.jpg	0.001256	0.5238	0.3392	22.0	17.3	0.7246	854	356
nte_09607.jpg	0.020469	0.3615	0.4217	93.7	66.4	0.8398	854	356
nte_09607.jpg	0.041241	0.4996	0.6203	122.4	102.4	0.7832	854	356
nte_09607.jpg	0.001512	0.5230	0.3420	23.4	19.7	0.7197	854	356
nte_09607.jpg	0.000448	0.6152	0.3111	16.3	8.3	0.2861	854	356
nte_09608.jpg	0.102988	0.2137	0.5491	231.2	135.4	0.8979	854	356
nte_09608.jpg	0.042390	0.5004	0.6156	117.4	109.8	0.8066	854	356
nte_09608.jpg	0.001364	0.5230	0.3448	23.0	18.0	0.7593	854	356
nte_09609.jpg	0.037558	0.5031	0.6288	116.4	98.1	0.7822	854	356
nte_09609.jpg	0.001577	0.5234	0.3476	24.4	19.7	0.7764	854	356
nte_09610.jpg	0.001770	0.5246	0.3495	26.0	20.7	0.7759	854	356
nte_09610.jpg	0.041553	0.5004	0.6091	114.8	110.1	0.6245	854	356
nte_09610.jpg	0.000794	0.7695	0.3252	23.4	10.3	0.2874	854	356
nte_09611.jpg	0.039708	0.5016	0.6156	113.1	106.8	0.7812	854	356
nte_09611.jpg	0.002147	0.5281	0.3533	28.4	23.0	0.7568	854	356
nte_09612.jpg	0.040560	0.5004	0.6203	114.1	108.1	0.8086	854	356
nte_09612.jpg	0.002190	0.5344	0.3739	29.4	22.7	0.7144	854	356
nte_09613.jpg	0.038267	0.5012	0.6372	117.4	99.1	0.8159	854	356
nte_09613.jpg	0.002678	0.5418	0.3954	31.7	25.7	0.7505	854	356
nte_09614.jpg	0.003337	0.5508	0.4151	35.4	28.7	0.8110	854	356
nte_09614.jpg	0.038581	0.5012	0.6297	113.4	103.4	0.8066	854	356
nte_09614.jpg	0.022346	0.9484	0.3139	88.7	76.6	0.2695	854	356
nte_09615.jpg	0.037336	0.5020	0.6409	113.4	100.1	0.8159	854	356
nte_09615.jpg	0.004017	0.5613	0.4329	39.4	31.0	0.8149	854	356
nte_09616.jpg	0.047550	0.4980	0.6288	122.8	117.8	0.8169	854	356
nte_09616.jpg	0.005516	0.5824	0.4357	45.7	36.7	0.7964	854	356
nte_09616.jpg	0.001801	0.8609	0.4563	40.0	13.7	0.3979	854	356
nte_09617.jpg	0.008387	0.5996	0.4329	57.0	44.7	0.8677	854	356
nte_09617.jpg	0.049831	0.4977	0.6194	124.8	121.4	0.8325	854	356
nte_09618.jpg	0.013547	0.6195	0.4582	73.1	56.4	0.8579	854	356
nte_09618.jpg	0.045912	0.4973	0.6306	123.4	113.1	0.7598	854	356
nte_09619.jpg	0.024283	0.6492	0.4995	103.4	71.4	0.8662	854	356
nte_09619.jpg	0.049722	0.4977	0.6222	129.1	117.1	0.8008	854	356
nte_09620.jpg	0.061799	0.7012	0.5922	169.1	111.1	0.8599	854	356
nte_09620.jpg	0.050198	0.4996	0.6166	127.4	119.8	0.8066	854	356
nte_09621.jpg	0.048462	0.4988	0.6175	124.8	118.1	0.8076	854	356
nte_09622.jpg	0.052352	0.4984	0.6185	131.4	121.1	0.9004	854	356
nte_09623.jpg	0.053786	0.4996	0.6213	131.8	124.1	0.8657	854	356
nte_09624.jpg	0.047438	0.5008	0.6147	119.8	120.4	0.8916	854	356
nte_09625.jpg	0.052856	0.5000	0.6091	127.1	126.4	0.7505	854	356
nte_09626.jpg	0.043723	0.5008	0.6466	126.1	105.4	0.8164	854	356
nte_09627.jpg	0.046734	0.5008	0.6213	115.4	123.1	0.8691	854	356
nte_09628.jpg	0.055645	0.4988	0.6260	133.1	127.1	0.7295	854	356
nte_09629.jpg	0.046580	0.4984	0.6316	123.8	114.4	0.7910	854	356
nte_09630.jpg	0.052391	0.4984	0.6185	130.1	122.4	0.8335	854	356
nte_09631.jpg	0.052115	0.4980	0.6325	129.8	122.1	0.7900	854	356
nte_09632.jpg	0.046778	0.5008	0.6110	120.4	118.1	0.8813	854	356
nte_09633.jpg	0.054203	0.5020	0.6241	132.4	124.4	0.6143	854	356
nte_09634.jpg	0.043105	0.5000	0.6316	122.8	106.8	0.7935	854	356
nte_09635.jpg	0.048762	0.4984	0.6147	122.8	120.8	0.8442	854	356
nte_09636.jpg	0.044903	0.5016	0.6428	132.4	103.1	0.8359	854	356
nte_09637.jpg	0.045345	0.4984	0.6269	126.8	108.8	0.8218	854	356
nte_09638.jpg	0.047439	0.5008	0.6503	133.4	108.1	0.8569	854	356
nte_09639.jpg	0.040728	0.4984	0.6241	117.1	105.7	0.7954	854	356
nte_09640.jpg	0.041791	0.5000	0.6372	130.4	97.4	0.8232	854	356
nte_09641.jpg	0.040264	0.4988	0.6344	126.1	97.1	0.8179	854	356
nte_09642.jpg	0.047262	0.5016	0.6194	127.4	112.8	0.8374	854	356
nte_09643.jpg	0.042308	0.5012	0.6372	128.1	100.4	0.8525	854	356
nte_09643.jpg	0.001497	0.3912	0.3795	29.0	15.7	0.3237	854	356
nte_09644.jpg	0.041107	0.5051	0.6250	122.4	102.1	0.8330	854	356
nte_09644.jpg	0.001429	0.3973	0.3833	22.9	19.0	0.6113	854	356
nte_09645.jpg	0.041419	0.5020	0.6400	123.8	101.7	0.8687	854	356
nte_09645.jpg	0.002357	0.3828	0.4067	30.7	23.4	0.7407	854	356
nte_09645.jpg	0.000585	0.4031	0.3598	15.7	11.3	0.4338	854	356
nte_09646.jpg	0.040605	0.5039	0.6269	119.8	103.1	0.8647	854	356
nte_09646.jpg	0.007198	0.3641	0.4423	57.0	38.4	0.7266	854	356
nte_09646.jpg	0.000857	0.4285	0.3580	20.0	13.0	0.4138	854	356
nte_09647.jpg	0.072813	0.2143	0.5754	210.0	105.4	0.8735	854	356
nte_09647.jpg	0.043031	0.4992	0.6344	126.1	103.7	0.8491	854	356
nte_09647.jpg	0.001054	0.4523	0.3580	21.4	15.0	0.4077	854	356
nte_09648.jpg	0.040739	0.4980	0.6306	125.4	98.7	0.8486	854	356
nte_09648.jpg	0.000465	0.4699	0.3701	13.7	10.3	0.3655	854	356
nte_09648.jpg	0.000527	0.4473	0.3758	15.0	10.7	0.3611	854	356
nte_09648.jpg	0.000469	0.4527	0.3730	13.3	10.7	0.3286	854	356
nte_09649.jpg	0.042072	0.4996	0.6306	129.1	99.1	0.8511	854	356
nte_09649.jpg	0.001406	0.4688	0.3767	26.7	16.0	0.3472	854	356
nte_09650.jpg	0.043826	0.4996	0.6288	130.1	102.4	0.8184	854	356
nte_09650.jpg	0.000704	0.4723	0.3870	17.3	12.3	0.3887	854	356
nte_09650.jpg	0.000570	0.4547	0.3851	13.7	12.7	0.3374	854	356
nte_09651.jpg	0.043743	0.4996	0.6250	129.4	102.7	0.8042	854	356
nte_09651.jpg	0.000712	0.4680	0.3851	18.0	12.0	0.4160	854	356
nte_09651.jpg	0.000448	0.4523	0.3879	12.0	11.3	0.3013	854	356
nte_09652.jpg	0.041311	0.5000	0.6269	126.8	99.1	0.8320	854	356
nte_09652.jpg	0.000623	0.4652	0.3776	15.3	12.3	0.2815	854	356
nte_09653.jpg	0.039185	0.4977	0.6306	124.4	95.7	0.8657	854	356
nte_09653.jpg	0.000572	0.4348	0.3851	15.3	11.3	0.3914	854	356
nte_09653.jpg	0.000487	0.4664	0.3786	12.7	11.7	0.3247	854	356
nte_09654.jpg	0.039153	0.4980	0.6306	124.8	95.4	0.8701	854	356
nte_09654.jpg	0.000641	0.4324	0.3879	16.7	11.7	0.3765	854	356
nte_09654.jpg	0.000512	0.4656	0.3776	13.3	11.7	0.3289	854	356
nte_09655.jpg	0.039290	0.4980	0.6316	124.8	95.7	0.8687	854	356
nte_09656.jpg	0.039225	0.4984	0.6316	125.4	95.1	0.8804	854	356
nte_09657.jpg	0.037810	0.4965	0.6316	121.8	94.4	0.8745	854	356
nte_09657.jpg	0.000688	0.4301	0.3870	15.7	13.3	0.4436	854	356
nte_09658.jpg	0.040059	0.4992	0.6316	126.8	96.1	0.8838	854	356
nte_09658.jpg	0.001226	0.4570	0.3983	22.4	16.7	0.4099	854	356
nte_09658.jpg	0.000657	0.4500	0.3879	15.3	13.0	0.2893	854	356
nte_09659.jpg	0.039778	0.4996	0.6306	128.1	94.4	0.8833	854	356
nte_09659.jpg	0.004421	0.8914	0.5191	66.1	20.3	0.3047	854	356
nte_09660.jpg	0.038777	0.4984	0.6325	125.8	93.7	0.8804	854	356
nte_09661.jpg	0.038639	0.4988	0.6325	125.8	93.4	0.8823	854	356
nte_09661.jpg	0.000664	0.4441	0.3908	16.3	12.3	0.3445	854	356
nte_09662.jpg	0.038469	0.4988	0.6316	124.8	93.7	0.9058	854	356
nte_09663.jpg	0.037102	0.4984	0.6325	120.8	93.4	0.8662	854	356
nte_09663.jpg	0.007830	0.3602	0.4695	62.0	38.4	0.8369	854	356
nte_09663.jpg	0.001455	0.4305	0.4104	23.7	18.7	0.3655	854	356
nte_09664.jpg	0.037512	0.4988	0.6316	122.1	93.4	0.8652	854	356
nte_09664.jpg	0.056032	0.2057	0.5650	195.7	87.1	0.8452	854	356
nte_09664.jpg	0.000567	0.4461	0.3786	14.3	12.0	0.2549	854	356
nte_09665.jpg	0.035846	0.4996	0.6344	117.1	93.1	0.8599	854	356
nte_09665.jpg	0.004780	0.3850	0.4526	47.9	30.4	0.4656	854	356
nte_09665.jpg	0.000535	0.4457	0.3879	14.3	11.3	0.3665	854	356
nte_09666.jpg	0.036567	0.4980	0.6344	117.8	94.4	0.8643	854	356
nte_09666.jpg	0.021085	0.3043	0.5060	105.6	60.7	0.8232	854	356
nte_09666.jpg	0.000906	0.4457	0.3879	18.3	15.0	0.3923	854	356
nte_09667.jpg	0.036254	0.4973	0.6353	118.4	93.1	0.8457	854	356
nte_09667.jpg	0.001761	0.4371	0.3879	24.7	21.7	0.7490	854	356
nte_09668.jpg	0.036430	0.4973	0.6353	119.4	92.7	0.8247	854	356
nte_09668.jpg	0.004473	0.4082	0.3992	40.4	33.7	0.8213	854	356
nte_09668.jpg	0.000709	0.4313	0.3608	14.7	14.7	0.3411	854	356
nte_09669.jpg	0.013037	0.3512	0.4273	74.7	53.0	0.8770	854	356
nte_09669.jpg	0.035790	0.4977	0.6353	112.1	97.1	0.8110	854	356
nte_09669.jpg	0.001384	0.4187	0.3645	20.7	20.3	0.5454	854	356
nte_09670.jpg	0.107989	0.1454	0.5538	248.5	132.1	0.8999	854	356
nte_09670.jpg	0.042903	0.5008	0.6241	121.4	107.4	0.8018	854	356
nte_09670.jpg	0.002270	0.3992	0.3692	26.2	26.4	0.7095	854	356
nte_09670.jpg	0.000445	0.4180	0.3439	12.7	10.7	0.2642	854	356
nte_09671.jpg	0.004521	0.3648	0.4142	43.4	31.7	0.8457	854	356
nte_09671.jpg	0.038083	0.4988	0.6391	120.1	96.4	0.8354	854	356
nte_09672.jpg	0.025110	0.2811	0.5013	114.4	66.7	0.8838	854	356
nte_09672.jpg	0.044417	0.5027	0.6447	128.1	105.4	0.8652	854	356
nte_09672.jpg	0.001016	0.4223	0.3439	25.0	12.3	0.2817	854	356
nte_09673.jpg	0.037740	0.5023	0.6344	119.4	96.1	0.7935	854	356
nte_09673.jpg	0.000772	0.4438	0.3430	20.7	11.3	0.3164	854	356
nte_09674.jpg	0.041509	0.5000	0.6391	126.1	100.1	0.8984	854	356
nte_09674.jpg	0.000604	0.4363	0.3420	18.3	10.0	0.3005	854	356
nte_09675.jpg	0.045861	0.4996	0.6091	119.8	116.4	0.8662	854	356
nte_09675.jpg	0.000870	0.4426	0.3448	22.0	12.0	0.3521	854	356
nte_09676.jpg	0.042675	0.5008	0.6353	127.1	102.1	0.8862	854	356
nte_09676.jpg	0.000640	0.4766	0.3598	17.7	11.0	0.3711	854	356
nte_09677.jpg	0.041916	0.5016	0.6372	124.4	102.4	0.8560	854	356
nte_09677.jpg	0.000956	0.4859	0.3589	22.4	13.0	0.4199	854	356
nte_09677.jpg	0.001263	0.5152	0.3692	25.0	15.3	0.3704	854	356
nte_09677.jpg	0.000389	0.3486	0.3027	14.2	8.3	0.3674	854	356
nte_09678.jpg	0.042652	0.4996	0.6250	121.1	107.1	0.8193	854	356
nte_09678.jpg	0.000343	0.4031	0.3036	12.0	8.7	0.3577	854	356
nte_09678.jpg	0.000793	0.5352	0.3655	19.0	12.7	0.3455	854	356
nte_09678.jpg	0.000952	0.5555	0.3720	21.7	13.3	0.2566	854	356
nte_09679.jpg	0.042237	0.4965	0.6269	121.4	105.7	0.8271	854	356
nte_09679.jpg	0.004002	0.6168	0.3954	47.4	25.7	0.5801	854	356
nte_09679.jpg	0.000395	0.4074	0.3055	13.3	9.0	0.2820	854	356
nte_09679.jpg	0.001848	0.5609	0.3767	33.0	17.0	0.2534	854	356
nte_09680.jpg	0.041779	0.4984	0.6372	122.4	103.7	0.8701	854	356
nte_09680.jpg	0.000531	0.4098	0.3045	14.7	11.0	0.4233	854	356
nte_09680.jpg	0.000507	0.3820	0.3045	16.5	9.3	0.3398	854	356
nte_09681.jpg	0.042189	0.5000	0.6325	124.4	103.1	0.8184	854	356
nte_09681.jpg	0.000560	0.4094	0.3036	15.0	11.3	0.4204	854	356
nte_09681.jpg	0.000577	0.3787	0.3045	17.5	10.0	0.2996	854	356
nte_09682.jpg	0.044224	0.4988	0.6306	128.8	104.4	0.7817	854	356
nte_09683.jpg	0.039685	0.5016	0.6344	119.8	100.7	0.8584	854	356
nte_09684.jpg	0.037813	0.4992	0.6325	116.4	98.7	0.8647	854	356
nte_09684.jpg	0.000456	0.4914	0.3055	14.3	9.7	0.3652	854	356
nte_09685.jpg	0.040876	0.5008	0.6335	123.8	100.4	0.8643	854	356
nte_09685.jpg	0.001176	0.6313	0.3420	24.4	14.7	0.3120	854	356
nte_09686.jpg	0.041754	0.4992	0.6335	124.8	101.7	0.8408	854	356
nte_09686.jpg	0.000897	0.6121	0.3542	23.4	11.7	0.2803	854	356
nte_09687.jpg	0.040901	0.4988	0.6288	123.4	100.7	0.8579	854	356
nte_09688.jpg	0.040197	0.4969	0.6344	123.8	98.7	0.8208	854	356
nte_09689.jpg	0.037537	0.4996	0.6381	116.8	97.7	0.8496	854	356
nte_09690.jpg	0.038355	0.4992	0.6372	118.1	98.7	0.8477	854	356
nte_09690.jpg	0.000562	0.5836	0.2867	16.0	10.7	0.2539	854	356
nte_09691.jpg	0.039518	0.4980	0.6335	123.8	97.1	0.8564	854	356
nte_09692.jpg	0.041109	0.4988	0.6335	127.4	98.1	0.8735	854	356
nte_09693.jpg	0.041778	0.4984	0.6316	127.8	99.4	0.8364	854	356
nte_09693.jpg	0.005159	0.8805	0.3139	58.0	27.0	0.4402	854	356
nte_09693.jpg	0.000692	0.6484	0.3317	18.0	11.7	0.2620	854	356
nte_09694.jpg	0.055389	0.5023	0.6053	130.1	129.4	0.3691	854	356
nte_09695.jpg	0.042387	0.5008	0.6325	128.8	100.1	0.8242	854	356
nte_09696.jpg	0.046297	0.5039	0.6260	124.1	113.4	0.7974	854	356
nte_09696.jpg	0.000791	0.5191	0.3505	18.0	13.3	0.3042	854	356
nte_09696.jpg	0.003448	0.3059	0.3467	52.4	20.0	0.2583	854	356
nte_09697.jpg	0.045540	0.5027	0.6110	122.4	113.1	0.8550	854	356
nte_09697.jpg	0.057081	0.9195	0.2043	137.4	126.3	0.6592	854	356
nte_09697.jpg	0.002296	0.4465	0.3523	37.4	18.7	0.6279	854	356
nte_09698.jpg	0.047693	0.4977	0.6100	118.8	122.1	0.8599	854	356
nte_09698.jpg	0.001165	0.4004	0.3270	24.7	14.3	0.3474	854	356
nte_09698.jpg	0.001394	0.3174	0.3664	22.7	18.7	0.3438	854	356
nte_09698.jpg	0.005210	0.3428	0.3467	57.2	27.7	0.2651	854	356
nte_09699.jpg	0.046130	0.4977	0.6072	118.1	118.8	0.8662	854	356
nte_09699.jpg	0.002969	0.3902	0.3289	34.7	26.0	0.7886	854	356
nte_09699.jpg	0.015925	0.2729	0.3908	104.4	46.4	0.7656	854	356
nte_09700.jpg	0.044441	0.4992	0.6016	114.1	118.4	0.8716	854	356
nte_09700.jpg	0.006845	0.3678	0.3655	55.2	37.7	0.7866	854	356
nte_09700.jpg	0.058827	0.1047	0.5351	179.3	99.7	0.6147	854	356
nte_09700.jpg	0.001453	0.4098	0.3402	24.5	18.0	0.3782	854	356
nte_09701.jpg	0.043506	0.4953	0.6091	119.4	110.8	0.8564	854	356
nte_09701.jpg	0.040386	0.2428	0.4835	149.6	82.1	0.8403	854	356
nte_09701.jpg	0.005291	0.3738	0.3758	48.7	33.0	0.8057	854	356
nte_09701.jpg	0.001997	0.4363	0.3617	29.4	20.7	0.4937	854	356
nte_09701.jpg	0.001429	0.4141	0.3636	20.3	21.3	0.4866	854	356
nte_09701.jpg	0.001901	0.2934	0.3392	32.7	17.7	0.3186	854	356
nte_09702.jpg	0.019309	0.2908	0.4554	104.7	56.0	0.8613	854	356
nte_09702.jpg	0.038307	0.4984	0.6250	114.1	102.1	0.8311	854	356
nte_09702.jpg	0.004551	0.3795	0.4086	43.2	32.0	0.7651	854	356
nte_09702.jpg	0.000551	0.4961	0.3870	14.3	11.7	0.4077	854	356
nte_09702.jpg	0.000778	0.4074	0.3664	18.2	13.0	0.3787	854	356
nte_09703.jpg	0.014871	0.3002	0.4863	91.6	49.4	0.8418	854	356
nte_09703.jpg	0.042982	0.4988	0.6306	119.4	109.4	0.8115	854	356
nte_09703.jpg	0.071932	0.0967	0.6962	165.5	132.1	0.7378	854	356
nte_09703.jpg	0.000805	0.4949	0.3954	16.7	14.7	0.6099	854	356
nte_09703.jpg	0.003881	0.3699	0.4348	38.9	30.4	0.5381	854	356
nte_09704.jpg	0.019599	0.2746	0.4920	108.3	55.0	0.8198	854	356
nte_09704.jpg	0.039521	0.4961	0.6278	118.1	101.7	0.8071	854	356
nte_09704.jpg	0.047007	0.0733	0.6522	125.3	114.1	0.7705	854	356
nte_09704.jpg	0.001362	0.4910	0.3992	20.0	20.7	0.6011	854	356
nte_09704.jpg	0.003947	0.3537	0.4498	37.9	31.7	0.5264	854	356
nte_09705.jpg	0.036408	0.4934	0.6231	116.4	95.1	0.8413	854	356
nte_09705.jpg	0.006072	0.3477	0.4489	52.2	35.4	0.7437	854	356
nte_09705.jpg	0.030949	0.2416	0.4910	135.6	69.4	0.7119	854	356
nte_09705.jpg	0.001377	0.4855	0.3936	22.0	19.0	0.4397	854	356
nte_09705.jpg	0.000563	0.4148	0.3327	19.0	9.0	0.3120	854	356
nte_09705.jpg	0.000357	0.4938	0.3083	13.0	8.3	0.2922	854	356
nte_09706.jpg	0.040326	0.4984	0.6297	125.4	97.7	0.8203	854	356
nte_09706.jpg	0.024155	0.2201	0.5032	126.5	58.0	0.7139	854	356
nte_09706.jpg	0.000311	0.5055	0.3111	12.3	7.7	0.2710	854	356
nte_09706.jpg	0.001130	0.4715	0.3889	21.0	16.3	0.2529	854	356
nte_09707.jpg	0.039329	0.4984	0.6260	125.8	95.1	0.8516	854	356
nte_09707.jpg	0.001175	0.3160	0.3402	28.2	12.7	0.2993	854	356
nte_09708.jpg	0.038002	0.4969	0.6260	119.4	96.7	0.8276	854	356
nte_09708.jpg	0.003171	0.7145	0.3804	40.7	23.7	0.5586	854	356
nte_09708.jpg	0.000488	0.4719	0.2830	15.3	9.7	0.3350	854	356
nte_09709.jpg	0.039651	0.5004	0.6269	118.1	102.1	0.8110	854	356
nte_09709.jpg	0.334252	0.1745	0.4845	298.1	340.9	0.3960	854	356
nte_09709.jpg	0.000562	0.4598	0.2764	16.0	10.7	0.2937	854	356
nte_09710.jpg	0.044707	0.5023	0.6110	115.4	117.8	0.7759	854	356
nte_09711.jpg	0.048345	0.4984	0.6072	118.8	123.8	0.8809	854	356
nte_09712.jpg	0.045606	0.5008	0.6053	119.1	116.4	0.8281	854	356
nte_09713.jpg	0.047430	0.5008	0.6025	121.8	118.4	0.8511	854	356
nte_09714.jpg	0.047281	0.5016	0.6072	122.8	117.1	0.7666	854	356
nte_09714.jpg	0.000366	0.5160	0.3392	12.3	9.0	0.4429	854	356
nte_09715.jpg	0.042526	0.5012	0.6231	123.4	104.7	0.7598	854	356
nte_09715.jpg	0.000918	0.5117	0.3505	25.4	11.0	0.3633	854	356
nte_09716.jpg	0.042219	0.5020	0.6288	121.8	105.4	0.7954	854	356
nte_09716.jpg	0.001081	0.4699	0.3580	27.4	12.0	0.2957	854	356
nte_09717.jpg	0.041952	0.5008	0.6391	121.8	104.7	0.8145	854	356
nte_09717.jpg	0.000814	0.4438	0.3626	19.0	13.0	0.3618	854	356
nte_09718.jpg	0.037995	0.4992	0.6203	115.4	100.1	0.8286	854	356
nte_09718.jpg	0.001826	0.4004	0.3730	29.2	19.0	0.4565	854	356
nte_09719.jpg	0.038846	0.4977	0.6250	125.1	94.4	0.8765	854	356
nte_09719.jpg	0.003387	0.3457	0.3908	42.9	24.0	0.8281	854	356
nte_09720.jpg	0.038224	0.4984	0.6194	123.1	94.4	0.8789	854	356
nte_09720.jpg	0.005912	0.2941	0.4011	59.2	30.4	0.8232	854	356
nte_09720.jpg	0.002629	0.3445	0.3823	38.0	21.0	0.5713	854	356
nte_09721.jpg	0.038469	0.4984	0.6175	124.8	93.7	0.8740	854	356
nte_09721.jpg	0.016260	0.1798	0.4451	110.6	44.7	0.8633	854	356
nte_09721.jpg	0.005962	0.2844	0.4086	61.0	29.7	0.8184	854	356
nte_09722.jpg	0.023090	0.1404	0.4535	138.4	50.7	0.8433	854	356
nte_09722.jpg	0.039258	0.4988	0.6213	125.1	95.4	0.8369	854	356
nte_09723.jpg	0.040593	0.4996	0.6166	122.1	101.1	0.7822	854	356
nte_09724.jpg	0.040657	0.4961	0.6138	118.8	104.1	0.8057	854	356
nte_09725.jpg	0.041510	0.4977	0.6147	122.4	103.1	0.7778	854	356
nte_09726.jpg	0.043029	0.4992	0.6082	124.1	105.4	0.7920	854	356
nte_09726.jpg	0.003393	0.4602	0.3420	34.4	30.0	0.4495	854	356
nte_09727.jpg	0.045086	0.4984	0.6007	123.8	110.8	0.7783	854	356
nte_09727.jpg	0.005542	0.3941	0.3842	51.5	32.7	0.7656	854	356
nte_09728.jpg	0.021060	0.2777	0.4442	111.6	57.4	0.8452	854	356
nte_09728.jpg	0.050750	0.5020	0.6053	131.8	117.1	0.7969	854	356
nte_09729.jpg	0.050236	0.5000	0.6072	130.4	117.1	0.8354	854	356
nte_09730.jpg	0.046297	0.4965	0.6072	124.1	113.4	0.8198	854	356
nte_09731.jpg	0.045831	0.4984	0.6063	125.4	111.1	0.8618	854	356
nte_09731.jpg	0.001096	0.4941	0.3083	24.4	13.7	0.3860	854	356
nte_09732.jpg	0.045357	0.4973	0.6044	123.8	111.4	0.8853	854	356
nte_09733.jpg	0.045158	0.4980	0.6063	121.8	112.8	0.7788	854	356
nte_09734.jpg	0.044390	0.4984	0.6072	120.8	111.8	0.8418	854	356
nte_09735.jpg	0.001973	0.4926	0.3177	32.7	18.3	0.7349	854	356
nte_09735.jpg	0.046819	0.4977	0.6128	124.8	114.1	0.7324	854	356
nte_09736.jpg	0.042117	0.4992	0.6269	127.1	100.7	0.7827	854	356
nte_09736.jpg	0.002488	0.4840	0.3289	34.4	22.0	0.7715	854	356
nte_09737.jpg	0.039039	0.4988	0.6363	121.4	97.7	0.8394	854	356
nte_09737.jpg	0.003382	0.4684	0.3448	40.0	25.7	0.7700	854	356
nte_09738.jpg	0.045185	0.5000	0.6082	120.8	113.8	0.8193	854	356
nte_09738.jpg	0.005122	0.4344	0.3626	53.0	29.4	0.7695	854	356
nte_09738.jpg	0.000761	0.5043	0.2970	17.3	13.3	0.2874	854	356
nte_09739.jpg	0.047281	0.5008	0.6082	122.8	117.1	0.8555	854	356
nte_09739.jpg	0.012595	0.3857	0.4076	84.4	45.4	0.8555	854	356
nte_09739.jpg	0.000909	0.4992	0.3083	18.0	15.3	0.5791	854	356
nte_09739.jpg	0.000498	0.5527	0.3083	13.3	11.3	0.3064	854	356
nte_09740.jpg	0.047485	0.2760	0.5219	176.6	81.7	0.8096	854	356
nte_09740.jpg	0.046657	0.4988	0.6166	125.4	113.1	0.7979	854	356
nte_09740.jpg	0.001698	0.4914	0.3045	26.7	19.3	0.3071	854	356
nte_09741.jpg	0.044161	0.5012	0.6222	119.4	112.4	0.7959	854	356
nte_09741.jpg	0.000597	0.5477	0.3177	16.0	11.3	0.3140	854	356
nte_09742.jpg	0.041805	0.4980	0.6166	114.8	110.8	0.8281	854	356
nte_09742.jpg	0.002128	0.4535	0.3430	34.0	19.0	0.5171	854	356
nte_09742.jpg	0.000582	0.5461	0.3270	17.7	10.0	0.3816	854	356
nte_09743.jpg	0.045235	0.4969	0.6072	123.4	111.4	0.8330	854	356
nte_09743.jpg	0.004140	0.4207	0.3570	48.4	26.0	0.8154	854	356
nte_09743.jpg	0.000715	0.5457	0.3308	21.0	10.3	0.6206	854	356
nte_09744.jpg	0.049297	0.5051	0.6072	129.1	116.1	0.8413	854	356
nte_09744.jpg	0.013019	0.3254	0.3992	90.6	43.7	0.8306	854	356
nte_09744.jpg	0.000857	0.5375	0.3327	21.7	12.0	0.3386	854	356
nte_09744.jpg	0.000751	0.4824	0.2933	19.0	12.0	0.2864	854	356
nte_09745.jpg	0.053016	0.5039	0.6082	133.1	121.1	0.8193	854	356
nte_09745.jpg	0.069437	0.0938	0.4554	160.2	131.8	0.4683	854	356
nte_09746.jpg	0.045934	0.4988	0.6053	122.8	113.8	0.8691	854	356
nte_09746.jpg	0.002411	0.4453	0.3392	36.0	20.3	0.7524	854	356
nte_09747.jpg	0.047292	0.4996	0.6025	122.1	117.8	0.8740	854	356
nte_09747.jpg	0.005022	0.4008	0.3533	57.2	26.7	0.5933	854	356
nte_09747.jpg	0.000843	0.3703	0.2736	18.5	13.8	0.3147	854	356
nte_09748.jpg	0.046319	0.4984	0.6035	123.4	114.1	0.8833	854	356
nte_09748.jpg	0.018970	0.3084	0.4170	109.4	52.7	0.8379	854	356
nte_09749.jpg	0.045540	0.4996	0.6035	122.4	113.1	0.8677	854	356
nte_09749.jpg	0.058317	0.0944	0.5838	161.5	109.8	0.5859	854	356
nte_09750.jpg	0.047710	0.5016	0.6063	126.8	114.4	0.8657	854	356
nte_09750.jpg	0.003422	0.2389	0.2802	50.7	20.5	0.3408	854	356
nte_09751.jpg	0.045943	0.4996	0.6063	122.4	114.1	0.8398	854	356
nte_09752.jpg	0.046622	0.4992	0.6091	122.1	116.1	0.8677	854	356
nte_09753.jpg	0.046024	0.4988	0.6063	124.1	112.8	0.8555	854	356
nte_09754.jpg	0.040149	0.4977	0.6231	120.8	101.1	0.8130	854	356
nte_09755.jpg	0.042270	0.4969	0.6166	120.8	106.4	0.8159	854	356
nte_09755.jpg	0.007946	0.5199	0.4807	67.1	36.0	0.2930	854	356
nte_09756.jpg	0.042237	0.4965	0.6128	121.4	105.7	0.8374	854	356
nte_09757.jpg	0.038666	0.4961	0.6194	121.1	97.1	0.8369	854	356
nte_09757.jpg	0.001182	0.5414	0.3177	28.4	12.7	0.3069	854	356
nte_09758.jpg	0.040850	0.4984	0.6203	124.1	100.1	0.8276	854	356
nte_09758.jpg	0.001539	0.2658	0.3505	24.2	19.3	0.3972	854	356
nte_09759.jpg	0.045870	0.4984	0.6110	118.4	117.8	0.8447	854	356
nte_09759.jpg	0.003238	0.2771	0.2699	48.4	20.3	0.4207	854	356
nte_09760.jpg	0.050093	0.4992	0.6128	121.1	125.8	0.8657	854	356
nte_09761.jpg	0.047944	0.4996	0.6100	123.4	118.1	0.8745	854	356
nte_09762.jpg	0.049561	0.4996	0.6082	124.4	121.1	0.8701	854	356
nte_09762.jpg	0.012171	0.5277	0.3730	83.4	44.4	0.2869	854	356
nte_09763.jpg	0.049569	0.4996	0.6119	123.4	122.1	0.8315	854	356
nte_09763.jpg	0.012483	0.5375	0.3823	77.4	49.0	0.3381	854	356
nte_09764.jpg	0.050507	0.4992	0.6222	125.8	122.1	0.8726	854	356
nte_09765.jpg	0.049796	0.4988	0.6363	126.8	119.4	0.8682	854	356
nte_09766.jpg	0.041443	0.4996	0.6231	123.4	102.1	0.8730	854	356
nte_09767.jpg	0.040690	0.4984	0.6175	127.4	97.1	0.8887	854	356
nte_09768.jpg	0.042146	0.4992	0.6203	126.8	101.1	0.8696	854	356
nte_09769.jpg	0.035874	0.4977	0.6231	119.8	91.1	0.8750	854	356
nte_09770.jpg	0.037244	0.4988	0.6185	122.1	92.7	0.8540	854	356
nte_09770.jpg	0.001770	0.4555	0.4414	26.0	20.7	0.4705	854	356
nte_09770.jpg	0.008668	0.5285	0.4948	61.7	42.7	0.2512	854	356
nte_09771.jpg	0.037647	0.4996	0.6194	124.8	91.7	0.9014	854	356
nte_09771.jpg	0.003494	0.4191	0.4507	43.0	24.7	0.7832	854	356
nte_09771.jpg	0.000900	0.4648	0.4301	20.0	13.7	0.3188	854	356
nte_09772.jpg	0.012206	0.3338	0.4807	86.2	43.0	0.8633	854	356
nte_09772.jpg	0.037189	0.4977	0.6203	119.8	94.4	0.8442	854	356
nte_09772.jpg	0.001363	0.4422	0.4357	24.4	17.0	0.7705	854	356
nte_09773.jpg	0.057778	0.0912	0.6147	155.8	112.8	0.8564	854	356
nte_09773.jpg	0.036850	0.4953	0.6288	117.4	95.4	0.8545	854	356
nte_09773.jpg	0.003440	0.4039	0.4489	40.2	26.0	0.7954	854	356
nte_09774.jpg	0.036924	0.4996	0.6222	125.1	89.7	0.8784	854	356
nte_09774.jpg	0.011795	0.3285	0.4760	77.9	46.0	0.8340	854	356
nte_09774.jpg	0.001118	0.4668	0.4292	21.7	15.7	0.2566	854	356
nte_09775.jpg	0.036787	0.5000	0.6194	125.1	89.4	0.8911	854	356
nte_09775.jpg	0.069974	0.1075	0.6016	184.3	115.4	0.8320	854	356
nte_09776.jpg	0.039258	0.5004	0.6147	125.1	95.4	0.8535	854	356
nte_09776.jpg	0.009390	0.3537	0.4816	70.7	40.4	0.8384	854	356
nte_09776.jpg	0.005592	0.6926	0.5041	44.7	38.0	0.4255	854	356
nte_09777.jpg	0.082191	0.1417	0.5913	240.9	103.7	0.8994	854	356
nte_09777.jpg	0.034747	0.4969	0.6203	116.4	90.7	0.8667	854	356
nte_09777.jpg	0.002600	0.4277	0.4348	35.4	22.4	0.6260	854	356
nte_09778.jpg	0.033851	0.4984	0.6288	113.4	90.7	0.8462	854	356
nte_09778.jpg	0.009623	0.3662	0.4667	69.1	42.4	0.8213	854	356
nte_09778.jpg	0.000784	0.4676	0.4179	17.0	14.0	0.3828	854	356
nte_09779.jpg	0.103838	0.1548	0.6082	262.9	120.1	0.8774	854	356
nte_09779.jpg	0.040509	0.4996	0.6278	126.4	97.4	0.8384	854	356
nte_09779.jpg	0.007324	0.3828	0.4592	57.5	38.7	0.7026	854	356
nte_09779.jpg	0.001139	0.4574	0.4292	20.3	17.0	0.3560	854	356
nte_09780.jpg	0.063568	0.1896	0.5679	201.2	96.1	0.8530	854	356
nte_09780.jpg	0.041838	0.4992	0.6166	127.1	100.1	0.7017	854	356
nte_09780.jpg	0.002485	0.4418	0.4385	32.4	23.4	0.4597	854	356
nte_09781.jpg	0.037130	0.4984	0.6138	112.4	100.4	0.8345	854	356
nte_09782.jpg	0.042893	0.4988	0.6241	126.1	103.4	0.8745	854	356
nte_09782.jpg	0.034475	0.2781	0.5238	151.8	69.1	0.8325	854	356
nte_09783.jpg	0.042035	0.4992	0.6250	126.4	101.1	0.8716	854	356
nte_09784.jpg	0.036808	0.4973	0.6203	122.4	91.4	0.8359	854	356
nte_09785.jpg	0.035643	0.4961	0.6278	119.4	90.7	0.8555	854	356
nte_09786.jpg	0.047696	0.5000	0.5932	127.1	114.1	0.8403	854	356
nte_09787.jpg	0.043512	0.5000	0.6297	127.1	104.1	0.8223	854	356
nte_09788.jpg	0.039191	0.4996	0.6316	125.8	94.7	0.8809	854	356
nte_09789.jpg	0.043039	0.4996	0.6110	127.8	102.4	0.8545	854	356
nte_09790.jpg	0.042552	0.4996	0.6053	125.1	103.4	0.8594	854	356
nte_09790.jpg	0.005115	0.7621	0.4348	52.4	29.7	0.3240	854	356
nte_09790.jpg	0.000692	0.4070	0.3917	22.5	9.3	0.2549	854	356
nte_09791.jpg	0.039987	0.4996	0.6306	126.1	96.4	0.8862	854	356
nte_09791.jpg	0.002094	0.6270	0.3926	34.7	18.3	0.3655	854	356
nte_09791.jpg	0.006272	0.8539	0.4573	68.1	28.0	0.2759	854	356
nte_09792.jpg	0.037556	0.4961	0.6213	120.1	95.1	0.8521	854	356
nte_09792.jpg	0.003980	0.6516	0.3842	43.7	27.7	0.3381	854	356
nte_09792.jpg	0.000647	0.3111	0.4011	16.8	11.7	0.3271	854	356
nte_09792.jpg	0.000641	0.3789	0.3945	18.8	10.3	0.3076	854	356
nte_09792.jpg	0.003624	0.6867	0.3889	44.0	25.0	0.2844	854	356
nte_09793.jpg	0.042370	0.4973	0.6100	121.4	106.1	0.8706	854	356
nte_09794.jpg	0.041369	0.4984	0.6278	124.4	101.1	0.8496	854	356
nte_09795.jpg	0.039838	0.4969	0.6325	124.8	97.1	0.8809	854	356
nte_09796.jpg	0.048602	0.4984	0.6269	131.4	112.4	0.8633	854	356
nte_09797.jpg	0.048870	0.4984	0.6297	131.8	112.8	0.8496	854	356
nte_09798.jpg	0.047110	0.5000	0.6456	135.4	105.7	0.8662	854	356
nte_09798.jpg	0.013009	0.1765	0.3917	101.3	39.0	0.2688	854	356
nte_09799.jpg	0.049722	0.4977	0.6231	129.1	117.1	0.7856	854	356
nte_09800.jpg	0.049095	0.4988	0.6222	132.8	112.4	0.8486	854	356
nte_09801.jpg	0.044852	0.4992	0.6381	131.4	103.7	0.7832	854	356
nte_09802.jpg	0.041861	0.5000	0.6419	131.1	97.1	0.8579	854	356
nte_09803.jpg	0.048479	0.4996	0.6203	131.1	112.4	0.8120	854	356
nte_09803.jpg	0.001036	0.2744	0.3673	23.0	13.7	0.2747	854	356
nte_09804.jpg	0.046609	0.5000	0.6128	131.1	108.1	0.8330	854	356
nte_09805.jpg	0.045083	0.4996	0.6344	130.4	105.1	0.8154	854	356
nte_09806.jpg	0.048305	0.4996	0.6175	129.1	113.8	0.8379	854	356
nte_09807.jpg	0.047131	0.5004	0.6166	129.8	110.4	0.8525	854	356
nte_09808.jpg	0.047210	0.5004	0.6175	128.4	111.8	0.8286	854	356
nte_09809.jpg	0.042903	0.5012	0.6344	130.8	99.7	0.8672	854	356
nte_09810.jpg	0.044161	0.4996	0.6166	127.8	105.1	0.8496	854	356
nte_09811.jpg	0.042922	0.5008	0.6278	129.1	101.1	0.8257	854	356
nte_09812.jpg	0.043320	0.5000	0.6316	127.8	103.1	0.7842	854	356
nte_09813.jpg	0.041280	0.4984	0.6325	127.1	98.7	0.8418	854	356
nte_09814.jpg	0.045189	0.5004	0.6110	129.1	106.4	0.8125	854	356
nte_09815.jpg	0.045563	0.5008	0.6138	127.8	108.4	0.8267	854	356
nte_09815.jpg	0.000340	0.4711	0.3111	9.7	10.7	0.2827	854	356
nte_09816.jpg	0.044224	0.5004	0.6325	128.8	104.4	0.8213	854	356
nte_09816.jpg	0.000398	0.4695	0.3102	11.3	10.7	0.3411	854	356
nte_09817.jpg	0.040402	0.4984	0.6372	126.1	97.4	0.8716	854	356
nte_09818.jpg	0.044255	0.4992	0.6241	126.4	106.4	0.7749	854	356
nte_09819.jpg	0.046404	0.5004	0.6147	127.8	110.4	0.8291	854	356
nte_09820.jpg	0.049836	0.5012	0.6175	129.8	116.8	0.8013	854	356
nte_09820.jpg	0.000750	0.4500	0.3083	16.7	13.7	0.3904	854	356
nte_09820.jpg	0.009798	0.5039	0.3664	79.7	37.4	0.3025	854	356
nte_09820.jpg	0.000448	0.4625	0.2867	12.0	11.3	0.2666	854	356
nte_09821.jpg	0.040019	0.4992	0.6419	125.8	96.7	0.8916	854	356
nte_09821.jpg	0.001123	0.4418	0.3083	19.7	17.3	0.6162	854	356
nte_09821.jpg	0.000540	0.4566	0.2849	13.7	12.0	0.3035	854	356
nte_09822.jpg	0.001698	0.4262	0.3345	26.7	19.3	0.7939	854	356
nte_09822.jpg	0.049788	0.4977	0.6260	127.1	119.1	0.5684	854	356
nte_09822.jpg	0.000685	0.4523	0.3017	16.0	13.0	0.4065	854	356
nte_09823.jpg	0.003858	0.4020	0.3673	41.4	28.4	0.8188	854	356
nte_09823.jpg	0.051328	0.5016	0.6203	131.8	118.4	0.7935	854	356
nte_09823.jpg	0.000850	0.4457	0.3186	18.0	14.3	0.5591	854	356
nte_09823.jpg	0.000585	0.4590	0.3083	13.0	13.7	0.2566	854	356
nte_09824.jpg	0.012075	0.3428	0.4254	75.9	48.4	0.8843	854	356
nte_09824.jpg	0.054309	0.5004	0.6288	133.8	123.4	0.8242	854	356
nte_09824.jpg	0.001247	0.4359	0.3373	23.7	16.0	0.6216	854	356
nte_09824.jpg	0.000738	0.4527	0.3149	16.0	14.0	0.3191	854	356
nte_09825.jpg	0.048237	0.4992	0.6691	134.4	109.1	0.8647	854	356
nte_09825.jpg	0.111437	0.1123	0.7272	192.0	176.5	0.7544	854	356
nte_09825.jpg	0.001022	0.4484	0.3270	19.0	16.3	0.6973	854	356
nte_09825.jpg	0.002741	0.4203	0.3523	34.7	24.0	0.6802	854	356
nte_09825.jpg	0.004892	0.8266	0.4151	55.0	27.0	0.2996	854	356
nte_09826.jpg	0.043489	0.4965	0.6559	129.1	102.4	0.7588	854	356
nte_09826.jpg	0.006131	0.3799	0.3917	55.9	33.4	0.7310	854	356
nte_09826.jpg	0.001416	0.4383	0.3392	24.4	17.7	0.6636	854	356
nte_09826.jpg	0.000915	0.4523	0.3289	17.0	16.3	0.4504	854	356
nte_09827.jpg	0.002530	0.4191	0.3476	32.0	24.0	0.7275	854	356
nte_09827.jpg	0.056817	0.5008	0.6381	132.8	130.1	0.6689	854	356
nte_09827.jpg	0.001107	0.4434	0.3308	18.7	18.0	0.6123	854	356
nte_09827.jpg	0.001466	0.7090	0.3523	30.4	14.7	0.3982	854	356
nte_09828.jpg	0.055052	0.4996	0.6306	133.4	125.4	0.8071	854	356
nte_09828.jpg	0.001794	0.4254	0.3448	28.7	19.0	0.7861	854	356
nte_09828.jpg	0.006124	0.3803	0.3748	51.2	36.4	0.7598	854	356
nte_09828.jpg	0.002678	0.2311	0.3336	39.4	20.7	0.3250	854	356
nte_09829.jpg	0.024207	0.2814	0.4554	111.4	66.1	0.8838	854	356
nte_09829.jpg	0.003640	0.4004	0.3608	42.5	26.0	0.8140	854	356
nte_09829.jpg	0.052108	0.5008	0.6438	133.8	118.4	0.8130	854	356
nte_09830.jpg	0.010031	0.3506	0.3983	73.7	41.4	0.8320	854	356
nte_09830.jpg	0.048254	0.4977	0.6231	127.1	115.4	0.8174	854	356
nte_09830.jpg	0.005955	0.8352	0.4273	55.4	32.7	0.2781	854	356
nte_09831.jpg	0.054049	0.5016	0.6222	132.8	123.8	0.8101	854	356
nte_09831.jpg	0.265024	0.1639	0.4161	279.6	288.2	0.4365	854	356
nte_09832.jpg	0.051631	0.5016	0.6166	131.4	119.4	0.8564	854	356
nte_09833.jpg	0.055813	0.5008	0.6372	131.4	129.1	0.8618	854	356
nte_09834.jpg	0.043046	0.5012	0.6447	130.8	100.1	0.8394	854	356
nte_09835.jpg	0.041641	0.5008	0.6456	131.8	96.1	0.7896	854	356
nte_09837.jpg	0.062434	0.4996	0.6503	138.4	137.1	0.8569	854	356
nte_09837.jpg	0.000384	0.4555	0.3158	11.7	10.0	0.2815	854	356
nte_09838.jpg	0.055866	0.5008	0.6634	139.1	122.1	0.8438	854	356
nte_09839.jpg	0.051533	0.4988	0.6653	139.8	112.1	0.6592	854	356
nte_09840.jpg	0.064548	0.4973	0.6550	150.5	130.4	0.7515	854	356
nte_09840.jpg	0.000642	0.4469	0.3364	15.0	13.0	0.4331	854	356
nte_09841.jpg	0.066839	0.5000	0.6672	146.8	138.4	0.8403	854	356
nte_09841.jpg	0.000837	0.4406	0.3439	17.3	14.7	0.5371	854	356
nte_09841.jpg	0.001480	0.2629	0.3448	27.5	16.3	0.3413	854	356
nte_09842.jpg	0.068754	0.5008	0.6709	147.8	141.4	0.7881	854	356
nte_09842.jpg	0.001021	0.4328	0.3570	20.7	15.0	0.7051	854	356
nte_09843.jpg	0.001831	0.4199	0.3711	27.4	20.3	0.7559	854	356
nte_09843.jpg	0.057890	0.5008	0.6681	147.8	119.1	0.7490	854	356
nte_09843.jpg	0.001113	0.6316	0.3195	25.4	13.3	0.4062	854	356
nte_09844.jpg	0.003439	0.3941	0.3964	38.7	27.0	0.7563	854	356
nte_09844.jpg	0.056729	0.4961	0.6381	140.1	123.1	0.6914	854	356
nte_09845.jpg	0.017998	0.3113	0.4648	99.4	55.0	0.8667	854	356
nte_09845.jpg	0.057117	0.4969	0.6391	138.4	125.4	0.8096	854	356
nte_09845.jpg	0.000998	0.4539	0.3383	19.3	15.7	0.5723	854	356
nte_09846.jpg	0.054027	0.4969	0.6503	136.8	120.1	0.7866	854	356
nte_09846.jpg	0.001171	0.4414	0.3486	21.4	16.7	0.5928	854	356
nte_09847.jpg	0.051906	0.4992	0.6494	134.8	117.1	0.8047	854	356
nte_09847.jpg	0.001888	0.4211	0.3617	25.7	22.4	0.7070	854	356
nte_09847.jpg	0.000408	0.4414	0.3308	12.0	10.3	0.2539	854	356
nte_09848.jpg	0.004378	0.3879	0.3879	43.4	30.7	0.7925	854	356
nte_09848.jpg	0.041377	0.4996	0.6466	120.1	104.7	0.7227	854	356
nte_09848.jpg	0.000445	0.4340	0.3383	12.7	10.7	0.3135	854	356
nte_09849.jpg	0.048358	0.5012	0.6231	122.8	119.8	0.7793	854	356
nte_09849.jpg	0.026652	0.3027	0.4507	111.4	72.7	0.7783	854	356
nte_09849.jpg	0.000685	0.4281	0.3402	16.0	13.0	0.6016	854	356
nte_09849.jpg	0.000952	0.5902	0.3252	21.7	13.3	0.4065	854	356
nte_09850.jpg	0.054808	0.5020	0.6344	131.1	127.1	0.8872	854	356
nte_09850.jpg	0.077439	0.0859	0.7459	147.0	160.1	0.7275	854	356
nte_09850.jpg	0.000876	0.4246	0.3458	19.0	14.0	0.7085	854	356
nte_09851.jpg	0.047466	0.5020	0.6550	133.1	108.4	0.8882	854	356
nte_09851.jpg	0.001307	0.4172	0.3533	23.4	17.0	0.7300	854	356
nte_09852.jpg	0.043809	0.5012	0.6513	131.8	101.1	0.8696	854	356
nte_09852.jpg	0.002383	0.4059	0.3758	31.0	23.4	0.7881	854	356
nte_09853.jpg	0.006370	0.3703	0.4123	51.4	37.7	0.8101	854	356
nte_09853.jpg	0.050067	0.5051	0.6325	127.1	119.8	0.7632	854	356
nte_09854.jpg	0.046868	0.5035	0.6363	129.4	110.1	0.7651	854	356
nte_09854.jpg	0.055897	0.2654	0.5576	158.2	107.4	0.6011	854	356
nte_09855.jpg	0.054364	0.5027	0.6306	131.8	125.4	0.8945	854	356
nte_09856.jpg	0.051270	0.5004	0.6269	129.4	120.4	0.8613	854	356
nte_09857.jpg	0.045611	0.4980	0.6203	117.4	118.1	0.8809	854	356
nte_09858.jpg	0.051237	0.5008	0.6241	130.4	119.4	0.9014	854	356
nte_09859.jpg	0.046124	0.5012	0.6335	127.8	109.8	0.8442	854	356
nte_09860.jpg	0.049117	0.4996	0.6372	132.4	112.8	0.8755	854	356
nte_09861.jpg	0.042977	0.5004	0.6306	131.4	99.4	0.8335	854	356
nte_09862.jpg	0.047823	0.5004	0.6156	130.1	111.8	0.8218	854	356
nte_09863.jpg	0.046764	0.5000	0.6419	132.8	107.1	0.8330	854	356
nte_09864.jpg	0.049992	0.4992	0.6194	129.4	117.4	0.8540	854	356
nte_09865.jpg	0.048289	0.4977	0.6166	126.1	116.4	0.8745	854	356
nte_09866.jpg	0.045755	0.4988	0.6344	129.1	107.8	0.8003	854	356
nte_09867.jpg	0.056364	0.5004	0.6353	133.8	128.1	0.8115	854	356
nte_09868.jpg	0.050121	0.4996	0.6156	129.8	117.4	0.8618	854	356
nte_09869.jpg	0.049013	0.5004	0.6231	129.1	115.4	0.8281	854	356
nte_09870.jpg	0.049216	0.4984	0.6222	130.8	114.4	0.8042	854	356
nte_09871.jpg	0.049836	0.5000	0.6147	129.8	116.8	0.8721	854	356
nte_09872.jpg	0.049850	0.4988	0.6185	129.4	117.1	0.8628	854	356
nte_09873.jpg	0.048076	0.5000	0.6381	132.8	110.1	0.8081	854	356
nte_09874.jpg	0.046777	0.4988	0.6222	130.8	108.8	0.7358	854	356
nte_09875.jpg	0.049091	0.4996	0.6082	130.4	114.4	0.8657	854	356
nte_09876.jpg	0.048827	0.5008	0.6306	132.4	112.1	0.7593	854	356
nte_09877.jpg	0.052662	0.4996	0.6588	134.4	119.1	0.7939	854	356
nte_09878.jpg	0.041896	0.4984	0.6288	126.4	100.7	0.7817	854	356
nte_09879.jpg	0.050298	0.4996	0.6035	132.1	115.8	0.8193	854	356
nte_09880.jpg	0.049196	0.4992	0.6231	128.1	116.8	0.7275	854	356
nte_09881.jpg	0.051212	0.4996	0.6147	131.1	118.8	0.7866	854	356
nte_09882.jpg	0.048481	0.4961	0.6156	123.8	119.1	0.7939	854	356
nte_09883.jpg	0.042970	0.4953	0.6428	122.8	106.4	0.8721	854	356
nte_09884.jpg	0.048227	0.4953	0.6185	122.4	119.8	0.8584	854	356
nte_09885.jpg	0.043627	0.4965	0.6391	123.1	107.8	0.8413	854	356
nte_09886.jpg	0.047170	0.4969	0.6166	118.4	121.1	0.8481	854	356
nte_09887.jpg	0.048232	0.4938	0.6166	120.8	121.4	0.8604	854	356
nte_09887.jpg	0.000439	0.4773	0.3898	13.3	10.0	0.2544	854	356
nte_09888.jpg	0.040547	0.4938	0.6419	120.8	102.1	0.8433	854	356
nte_09889.jpg	0.038634	0.4953	0.6409	119.8	98.1	0.8853	854	356
nte_09889.jpg	0.003012	0.4090	0.4339	35.2	26.0	0.6147	854	356
nte_09890.jpg	0.046124	0.4980	0.6194	127.8	109.8	0.8105	854	356
nte_09890.jpg	0.006740	0.3465	0.4704	62.0	33.0	0.5806	854	356
nte_09890.jpg	0.000395	0.4422	0.4264	13.3	9.0	0.2893	854	356
nte_09891.jpg	0.046059	0.4996	0.6241	130.8	107.1	0.8340	854	356
nte_09891.jpg	0.000485	0.4559	0.5088	13.0	11.3	0.3132	854	356
nte_09892.jpg	0.040463	0.4996	0.6288	130.8	94.1	0.8901	854	356
nte_09892.jpg	0.004715	0.5254	0.4976	46.7	30.7	0.5532	854	356
nte_09893.jpg	0.039075	0.4992	0.6306	128.1	92.7	0.8809	854	356
nte_09893.jpg	0.004202	0.5230	0.4966	46.7	27.4	0.3171	854	356
nte_09894.jpg	0.042815	0.5012	0.6503	127.1	102.4	0.8350	854	356
nte_09895.jpg	0.052440	0.4988	0.6353	135.8	117.4	0.8066	854	356
nte_09895.jpg	0.003508	0.3018	0.4563	43.2	24.7	0.7290	854	356
nte_09896.jpg	0.044948	0.5047	0.6466	126.4	108.1	0.8374	854	356
nte_09896.jpg	0.013303	0.1472	0.4901	108.3	37.4	0.7173	854	356
nte_09897.jpg	0.052728	0.4973	0.6606	143.4	111.8	0.8188	854	356
nte_09898.jpg	0.055454	0.5000	0.6419	140.8	119.8	0.7891	854	356
nte_09898.jpg	0.000405	0.4434	0.4320	13.7	9.0	0.2822	854	356
nte_09899.jpg	0.049582	0.5039	0.6588	136.1	110.8	0.8174	854	356
nte_09900.jpg	0.065187	0.4992	0.6634	147.8	134.1	0.7812	854	356
nte_09901.jpg	0.056626	0.4965	0.6681	151.8	113.4	0.8286	854	356
nte_09901.jpg	0.000502	0.4184	0.4348	16.3	9.3	0.3203	854	356
nte_09902.jpg	0.065905	0.4988	0.6588	149.8	133.8	0.7764	854	356
nte_09902.jpg	0.000622	0.4082	0.4489	17.2	11.0	0.4900	854	356
nte_09903.jpg	0.055345	0.4984	0.6719	150.1	112.1	0.8369	854	356
nte_09903.jpg	0.000858	0.3873	0.4385	18.2	14.3	0.5156	854	356
nte_09904.jpg	0.058052	0.5008	0.6756	147.8	119.4	0.8159	854	356
nte_09904.jpg	0.001643	0.3611	0.4526	29.4	17.0	0.4973	854	356
nte_09905.jpg	0.059050	0.4996	0.6728	152.5	117.8	0.8315	854	356
nte_09905.jpg	0.003470	0.3193	0.4610	44.5	23.7	0.4272	854	356
nte_09905.jpg	0.000764	0.3932	0.4470	17.8	13.0	0.2952	854	356
nte_09906.jpg	0.054456	0.5020	0.6822	145.1	114.1	0.8579	854	356
nte_09906.jpg	0.008765	0.2240	0.4826	76.8	34.7	0.7905	854	356
nte_09906.jpg	0.001516	0.3686	0.4479	28.2	16.3	0.5352	854	356
nte_09906.jpg	0.005991	0.5285	0.5191	58.7	31.0	0.4968	854	356
nte_09906.jpg	0.000785	0.3975	0.4526	22.4	10.7	0.3640	854	356
nte_09907.jpg	0.061218	0.4996	0.6841	154.1	120.8	0.8423	854	356
nte_09907.jpg	0.002127	0.3309	0.4573	32.9	19.7	0.7295	854	356
nte_09907.jpg	0.002183	0.3586	0.4620	35.5	18.7	0.7100	854	356
nte_09908.jpg	0.063839	0.4992	0.6634	151.1	128.4	0.7725	854	356
nte_09908.jpg	0.021832	0.2080	0.5088	131.8	50.4	0.7100	854	356
nte_09909.jpg	0.057359	0.5027	0.6831	149.8	116.4	0.8701	854	356
nte_09910.jpg	0.068659	0.4988	0.6503	154.1	135.4	0.8301	854	356
nte_09911.jpg	0.055820	0.5059	0.6794	144.1	117.8	0.8599	854	356
nte_09912.jpg	0.060671	0.4977	0.6606	141.8	130.1	0.7681	854	356
nte_09913.jpg	0.059044	0.4957	0.6653	143.1	125.4	0.7871	854	356
nte_09914.jpg	0.064101	0.4961	0.6513	146.8	132.8	0.7822	854	356
nte_09914.jpg	0.000633	0.4551	0.4517	21.4	9.0	0.3206	854	356
nte_09915.jpg	0.068979	0.5000	0.6578	151.1	138.8	0.7988	854	356
nte_09916.jpg	0.058020	0.4957	0.6756	148.1	119.1	0.8477	854	356
nte_09916.jpg	0.005830	0.5285	0.5201	60.4	29.4	0.2930	854	356
nte_09917.jpg	0.060372	0.4965	0.6663	147.1	124.8	0.7822	854	356
nte_09918.jpg	0.057858	0.4969	0.6756	148.1	118.8	0.8184	854	356
nte_09918.jpg	0.001271	0.4121	0.4498	25.2	15.3	0.3984	854	356
nte_09919.jpg	0.070921	0.4980	0.6953	156.1	138.1	0.7349	854	356
nte_09920.jpg	0.057305	0.4977	0.6737	147.1	118.4	0.8257	854	356
nte_09920.jpg	0.014561	0.3041	0.4723	86.7	51.0	0.8101	854	356
nte_09921.jpg	0.072177	0.1219	0.5397	208.2	105.4	0.8472	854	356
nte_09921.jpg	0.058903	0.4973	0.6728	149.1	120.1	0.8296	854	356
nte_09922.jpg	0.058519	0.4918	0.6644	146.1	121.8	0.7827	854	356
nte_09923.jpg	0.054831	0.4930	0.6653	146.1	114.1	0.8247	854	356
nte_09923.jpg	0.008783	0.5281	0.5032	62.0	43.0	0.3779	854	356
nte_09924.jpg	0.053672	0.4941	0.6531	143.4	113.8	0.8042	854	356
nte_09925.jpg	0.052426	0.4945	0.6494	141.8	112.4	0.8135	854	356
nte_09926.jpg	0.050766	0.4949	0.6438	139.8	110.4	0.7905	854	356
nte_09927.jpg	0.051287	0.4961	0.6456	139.1	112.1	0.8042	854	356
nte_09928.jpg	0.047458	0.4969	0.6419	136.4	105.7	0.7827	854	356
nte_09929.jpg	0.045048	0.4965	0.6400	132.4	103.4	0.7710	854	356
nte_09930.jpg	0.044420	0.4965	0.6428	131.4	102.7	0.7783	854	356
nte_09931.jpg	0.047903	0.4973	0.6344	131.1	111.1	0.7710	854	356
nte_09932.jpg	0.049532	0.4965	0.6353	132.8	113.4	0.7661	854	356
nte_09933.jpg	0.051145	0.4961	0.6419	135.1	115.1	0.8066	854	356
nte_09934.jpg	0.052977	0.5000	0.6456	136.8	117.8	0.8311	854	356
nte_09935.jpg	0.046970	0.4980	0.6475	133.8	106.7	0.8262	854	356
nte_09936.jpg	0.049218	0.4980	0.6419	135.1	110.8	0.8247	854	356
nte_09936.jpg	0.000502	0.3826	0.4357	16.3	9.3	0.3682	854	356
nte_09937.jpg	0.047204	0.4984	0.6363	134.4	106.8	0.8286	854	356
nte_09937.jpg	0.000682	0.3752	0.4385	18.8	11.0	0.3879	854	356
nte_09938.jpg	0.047612	0.4953	0.6278	133.1	108.8	0.8164	854	356
nte_09939.jpg	0.046944	0.4953	0.6260	130.4	109.4	0.8218	854	356
nte_09940.jpg	0.047858	0.5000	0.6335	131.8	110.4	0.8491	854	356
nte_09941.jpg	0.047615	0.4988	0.6269	128.8	112.4	0.8423	854	356
nte_09941.jpg	0.000703	0.6527	0.3973	21.3	10.0	0.2732	854	356
nte_09942.jpg	0.047525	0.4988	0.6231	127.8	113.1	0.8687	854	356
nte_09942.jpg	0.003624	0.2846	0.4217	44.0	25.0	0.7896	854	356
nte_09942.jpg	0.001362	0.3566	0.4020	25.9	16.0	0.4617	854	356
nte_09943.jpg	0.048043	0.4965	0.6241	125.1	116.8	0.8550	854	356
nte_09944.jpg	0.046819	0.4961	0.6222	124.8	114.1	0.8472	854	356
nte_09944.jpg	0.006173	0.2799	0.4198	63.2	29.7	0.2732	854	356
nte_09945.jpg	0.047494	0.4973	0.6203	125.1	115.4	0.8545	854	356
nte_09945.jpg	0.003041	0.3162	0.4132	41.4	22.4	0.7749	854	356
nte_09945.jpg	0.019194	0.1540	0.4563	127.7	45.7	0.6328	854	356
nte_09946.jpg	0.045616	0.4969	0.6213	124.1	111.8	0.8564	854	356
nte_09946.jpg	0.006040	0.2533	0.4292	62.5	29.4	0.7773	854	356
nte_09947.jpg	0.043592	0.4969	0.6231	123.8	107.1	0.8501	854	356
nte_09947.jpg	0.004048	0.3119	0.4189	50.5	24.4	0.7720	854	356
nte_09947.jpg	0.011707	0.1540	0.4545	97.0	36.7	0.3347	854	356
nte_09948.jpg	0.045245	0.4969	0.6325	126.1	109.1	0.8013	854	356
nte_09948.jpg	0.010097	0.2238	0.4432	82.9	37.0	0.7837	854	356
nte_09949.jpg	0.040469	0.4965	0.6306	123.8	99.4	0.8306	854	356
nte_09949.jpg	0.022725	0.0686	0.4995	117.0	59.0	0.6094	854	356
nte_09950.jpg	0.042620	0.4973	0.6241	124.1	104.4	0.8398	854	356
nte_09951.jpg	0.042234	0.4969	0.6222	123.8	103.7	0.8379	854	356
nte_09952.jpg	0.042701	0.4965	0.6213	122.8	105.7	0.8496	854	356
nte_09953.jpg	0.045708	0.4980	0.6185	121.1	114.8	0.8560	854	356
nte_09953.jpg	0.000915	0.3799	0.3373	20.3	13.7	0.2812	854	356
nte_09954.jpg	0.041888	0.5004	0.6222	120.4	105.7	0.8564	854	356
nte_09955.jpg	0.041617	0.4992	0.6278	124.8	101.4	0.7959	854	356
nte_09956.jpg	0.008479	0.3080	0.4432	68.4	37.7	0.8193	854	356
nte_09956.jpg	0.037430	0.4988	0.6353	116.4	97.7	0.7607	854	356
nte_09957.jpg	0.063056	0.1269	0.5407	218.5	87.7	0.8262	854	356
nte_09957.jpg	0.040593	0.4973	0.6269	122.1	101.1	0.7407	854	356
nte_09957.jpg	0.003340	0.4203	0.3336	38.5	26.4	0.3767	854	356
nte_09958.jpg	0.041617	0.4996	0.6250	117.4	107.8	0.7715	854	356
nte_09958.jpg	0.003789	0.4176	0.3308	38.4	30.0	0.4880	854	356
nte_09959.jpg	0.046558	0.4984	0.6185	124.4	113.8	0.8364	854	356
nte_09959.jpg	0.003242	0.3711	0.4086	41.0	24.0	0.7603	854	356
nte_09959.jpg	0.001999	0.3980	0.3842	28.0	21.7	0.4478	854	356
nte_09959.jpg	0.004847	0.4125	0.3270	48.5	30.4	0.3923	854	356
nte_09960.jpg	0.007994	0.3186	0.4385	69.4	35.0	0.8477	854	356
nte_09960.jpg	0.041109	0.5008	0.6363	127.4	98.1	0.8389	854	356
nte_09960.jpg	0.004283	0.3676	0.3973	43.4	30.0	0.7720	854	356
nte_09961.jpg	0.029163	0.2100	0.4938	146.0	60.7	0.8838	854	356
nte_09961.jpg	0.010010	0.3188	0.4189	70.7	43.0	0.8550	854	356
nte_09961.jpg	0.043055	0.4988	0.6278	125.8	104.1	0.8052	854	356
nte_09962.jpg	0.038373	0.2031	0.4657	149.5	78.1	0.9067	854	356
nte_09962.jpg	0.045875	0.4973	0.6091	124.4	112.1	0.8042	854	356
nte_09962.jpg	0.027314	0.0490	0.5885	83.8	99.1	0.6597	854	356
nte_09963.jpg	0.041582	0.4984	0.6147	118.4	106.7	0.8066	854	356
nte_09963.jpg	0.018253	0.0269	0.5847	46.0	120.8	0.6440	854	356
nte_09964.jpg	0.040831	0.4980	0.6231	117.8	105.4	0.5547	854	356
nte_09965.jpg	0.041746	0.5000	0.6185	128.1	99.1	0.7749	854	356
nte_09966.jpg	0.043954	0.4984	0.6353	126.8	105.4	0.7920	854	356
nte_09967.jpg	0.039354	0.5043	0.6231	118.8	100.7	0.7979	854	356
nte_09967.jpg	0.014066	0.2748	0.4582	93.6	45.7	0.2888	854	356
nte_09968.jpg	0.040917	0.5012	0.6194	118.8	104.7	0.8525	854	356
nte_09969.jpg	0.037881	0.5000	0.6316	117.4	98.1	0.8442	854	356
nte_09969.jpg	0.007802	0.2117	0.4273	73.3	32.4	0.4785	854	356
nte_09970.jpg	0.041802	0.5004	0.6278	119.4	106.4	0.7666	854	356
nte_09971.jpg	0.045177	0.5035	0.6203	124.8	110.1	0.8149	854	356
nte_09972.jpg	0.042753	0.5012	0.6250	121.8	106.8	0.8135	854	356
nte_09972.jpg	0.006996	0.1845	0.4217	69.3	30.7	0.7915	854	356
nte_09973.jpg	0.047292	0.5000	0.6231	126.8	113.4	0.6846	854	356
nte_09974.jpg	0.047988	0.5027	0.6306	126.8	115.1	0.8330	854	356
nte_09975.jpg	0.045206	0.5023	0.6522	126.8	108.4	0.7969	854	356
nte_09976.jpg	0.050005	0.5035	0.6466	129.1	117.8	0.7817	854	356
nte_09977.jpg	0.052019	0.5043	0.6419	127.1	124.4	0.7617	854	356
nte_09978.jpg	0.050477	0.5070	0.6503	131.4	116.8	0.7964	854	356
nte_09979.jpg	0.051080	0.5094	0.6550	133.8	116.1	0.8135	854	356
nte_09980.jpg	0.048890	0.5086	0.6588	131.4	113.1	0.8198	854	356
nte_09981.jpg	0.054706	0.5082	0.6663	138.1	120.4	0.7891	854	356
nte_09982.jpg	0.052885	0.5102	0.6681	140.1	114.8	0.8457	854	356
nte_09983.jpg	0.054911	0.5121	0.6569	137.1	121.8	0.7720	854	356
nte_09984.jpg	0.062732	0.5090	0.6381	139.4	136.8	0.7627	854	356
nte_09985.jpg	0.056377	0.5031	0.6606	151.1	113.4	0.6558	854	356
nte_09986.jpg	0.050822	0.5008	0.6634	137.4	112.4	0.8350	854	356
nte_09987.jpg	0.051908	0.4988	0.6634	145.1	108.8	0.8364	854	356
nte_09988.jpg	0.053259	0.5000	0.6438	129.4	125.1	0.7905	854	356
nte_09989.jpg	0.043938	0.5047	0.6541	130.4	102.4	0.8281	854	356
nte_09990.jpg	0.045002	0.5059	0.6522	127.8	107.1	0.8242	854	356
nte_09991.jpg	0.042675	0.5039	0.6513	127.1	102.1	0.8354	854	356
nte_09992.jpg	0.045773	0.5023	0.6484	130.8	106.4	0.8096	854	356
nte_09993.jpg	0.042058	0.5020	0.6409	127.8	100.1	0.8613	854	356
nte_09994.jpg	0.045251	0.4988	0.6438	134.8	102.1	0.8506	854	356
nte_09995.jpg	0.041951	0.5031	0.6335	125.8	101.4	0.8564	854	356
nte_09996.jpg	0.045629	0.5039	0.6260	130.8	106.1	0.8545	854	356
nte_09996.jpg	0.000723	0.3750	0.3964	17.3	12.7	0.3665	854	356
nte_09997.jpg	0.038077	0.5008	0.6363	121.8	95.1	0.8369	854	356
nte_09997.jpg	0.000922	0.4352	0.4029	18.7	15.0	0.5210	854	356
nte_09998.jpg	0.047904	0.4984	0.6447	133.1	109.4	0.7773	854	356
nte_09998.jpg	0.000960	0.4137	0.4076	20.3	14.3	0.3879	854	356
nte_09999.jpg	0.037765	0.5008	0.6353	119.1	96.4	0.8340	854	356
nte_09999.jpg	0.003119	0.3729	0.4310	40.0	23.7	0.6455	854	356
nte_10000.jpg	0.048581	0.4988	0.6269	131.8	112.1	0.7842	854	356
nte_10000.jpg	0.012635	0.2787	0.4770	87.2	44.0	0.2988	854	356
